release_time,source_timezone,source_date,source_local_time,currency,impact,event,bias,actual,forecast,previous
2025-09-07 23:00:00+00:00,Etc/GMT,2025-09-07,23:00:00,EUR,LOW,German Industrial Production m/m,1,1.3%,1.1%,-0.1%
2025-09-08 01:30:00+00:00,Etc/GMT,2025-09-08,01:30:00,EUR,LOW,Sentix Investor Confidence,-1,-9.2,-2.2,-3.7
2025-09-08 12:00:00+00:00,Etc/GMT,2025-09-08,12:00:00,USD,LOW,Consumer Credit m/m,-1,16.0B,10.4B,9.6B
2025-09-08 23:45:00+00:00,Etc/GMT,2025-09-08,23:45:00,EUR,LOW,French Industrial Production m/m,1,-1.1%,-1.4%,3.7%
2025-09-09 02:31:00+00:00,Etc/GMT,2025-09-09,02:31:00,EUR,LOW,German 10-y Bond Auction,0,2.61|1.9,,2.77|1.4
2025-09-09 03:00:00+00:00,Etc/GMT,2025-09-09,03:00:00,USD,LOW,NFIB Small Business Index,-1,100.8,100.5,100.3
2025-09-09 04:30:00+00:00,Etc/GMT,2025-09-09,04:30:00,EUR,LOW,German Buba President Nagel Speaks,0,,,
2025-09-09 07:00:00+00:00,Etc/GMT,2025-09-09,07:00:00,USD,HIGH,Prelim Benchmark Payrolls Revision,0,-911K,,-818K
2025-09-09 13:30:00+00:00,Etc/GMT,2025-09-09,13:30:00,USD,LOW,API Weekly Statistical Bulletin,0,,,
2025-09-10 01:00:00+00:00,Etc/GMT,2025-09-10,01:00:00,EUR,LOW,Italian Industrial Production m/m,1,0.4%,0.1%,0.2%
2025-09-10 05:30:00+00:00,Etc/GMT,2025-09-10,05:30:00,USD,HIGH,Core PPI m/m,1,-0.1%,0.3%,0.7%
2025-09-10 07:00:00+00:00,Etc/GMT,2025-09-10,07:00:00,USD,LOW,Final Wholesale Inventories m/m,1,0.1%,0.2%,0.2%
2025-09-10 07:30:00+00:00,Etc/GMT,2025-09-10,07:30:00,USD,LOW,Crude Oil Inventories,-1,3.9M,-1.9M,2.4M
2025-09-10 10:01:00+00:00,Etc/GMT,2025-09-10,10:01:00,USD,LOW,10-y Bond Auction,0,4.03|2.7,,4.26|2.4
2025-09-11 05:15:00+00:00,Etc/GMT,2025-09-11,05:15:00,EUR,HIGH,Main Refinancing Rate,0,2.15%,2.15%,2.15%
2025-09-11 05:30:00+00:00,Etc/GMT,2025-09-11,05:30:00,USD,HIGH,Core CPI m/m,0,0.3%,0.3%,0.3%
2025-09-11 05:45:00+00:00,Etc/GMT,2025-09-11,05:45:00,EUR,HIGH,ECB Press Conference,0,,,
2025-09-11 07:30:00+00:00,Etc/GMT,2025-09-11,07:30:00,USD,LOW,Natural Gas Storage,-1,71B,69B,55B
2025-09-11 10:01:00+00:00,Etc/GMT,2025-09-11,10:01:00,USD,LOW,30-y Bond Auction,0,4.65|2.4,,4.81|2.3
2025-09-11 11:00:00+00:00,Etc/GMT,2025-09-11,11:00:00,USD,LOW,Federal Budget Balance,1,-344.8B,-305.7B,-291.1B
2025-09-11 23:00:00+00:00,Etc/GMT,2025-09-11,23:00:00,EUR,LOW,German Final CPI m/m,0,0.1%,0.1%,0.1%
2025-09-11 23:45:00+00:00,Etc/GMT,2025-09-11,23:45:00,EUR,LOW,French Final CPI m/m,0,0.4%,0.4%,0.4%
2025-09-12 01:00:00+00:00,Etc/GMT,2025-09-12,01:00:00,EUR,LOW,Italian Quarterly Unemployment Rate,-1,6.3%,6.1%,6.1%
2025-09-12 01:15:00+00:00,Etc/GMT,2025-09-12,01:15:00,EUR,LOW,German Buba President Nagel Speaks,0,,,
2025-09-12 07:00:00+00:00,Etc/GMT,2025-09-12,07:00:00,USD,HIGH,Prelim UoM Consumer Sentiment,1,55.4,58.2,58.2
2025-09-14 23:00:00+00:00,Etc/GMT,2025-09-14,23:00:00,EUR,LOW,German WPI m/m,-1,-0.6%,0.2%,-0.1%
2025-09-15 01:00:00+00:00,Etc/GMT,2025-09-15,01:00:00,EUR,LOW,Italian Trade Balance,1,7.91B,5.50B,5.38B
2025-09-15 02:00:00+00:00,Etc/GMT,2025-09-15,02:00:00,EUR,LOW,Trade Balance,-1,5.3B,11.7B,3.7B
2025-09-15 11:30:00+00:00,Etc/GMT,2025-09-15,11:30:00,EUR,LOW,ECB President Lagarde Speaks,0,,,
2025-09-16 02:00:00+00:00,Etc/GMT,2025-09-16,02:00:00,EUR,LOW,German ZEW Economic Sentiment,1,37.3,25.3,34.7
2025-09-16 06:15:00+00:00,Etc/GMT,2025-09-16,06:15:00,USD,LOW,Capacity Utilization Rate,0,77.4%,77.4%,77.4%
2025-09-16 07:00:00+00:00,Etc/GMT,2025-09-16,07:00:00,USD,LOW,Business Inventories m/m,0,0.2%,0.2%,0.2%
2025-09-16 13:30:00+00:00,Etc/GMT,2025-09-16,13:30:00,USD,LOW,API Weekly Statistical Bulletin,0,,,
2025-09-17 00:30:00+00:00,Etc/GMT,2025-09-17,00:30:00,EUR,LOW,ECB President Lagarde Speaks,0,,,
2025-09-17 02:00:00+00:00,Etc/GMT,2025-09-17,02:00:00,EUR,LOW,Final Core CPI y/y,0,2.3%,2.3%,2.3%
2025-09-17 02:34:00+00:00,Etc/GMT,2025-09-17,02:34:00,EUR,LOW,German 30-y Bond Auction,0,3.25|1.8,,3.28|1.0
2025-09-17 10:00:00+00:00,Etc/GMT,2025-09-17,10:00:00,EUR,LOW,German Buba President Nagel Speaks,0,,,
2025-09-17 11:00:00+00:00,Etc/GMT,2025-09-17,11:00:00,USD,HIGH,Federal Funds Rate,0,4.25%,4.25%,4.50%
2025-09-17 11:30:00+00:00,Etc/GMT,2025-09-17,11:30:00,USD,HIGH,FOMC Press Conference,0,,,
2025-09-18 00:10:00+00:00,Etc/GMT,2025-09-18,00:10:00,EUR,LOW,ECB President Lagarde Speaks,0,,,
2025-09-18 01:00:00+00:00,Etc/GMT,2025-09-18,01:00:00,EUR,LOW,Current Account,-1,27.7B,34.6B,35.8B
2025-09-18 01:41:00+00:00,Etc/GMT,2025-09-18,01:41:00,EUR,LOW,Spanish 10-y Bond Auction,0,3.23|1.9,,3.20|2.1
2025-09-18 03:00:00+00:00,Etc/GMT,2025-09-18,03:00:00,EUR,LOW,German Buba Monthly Report,0,,,
2025-09-18 05:30:00+00:00,Etc/GMT,2025-09-18,05:30:00,USD,HIGH,Unemployment Claims,1,231K,241K,264K
2025-09-18 07:00:00+00:00,Etc/GMT,2025-09-18,07:00:00,EUR,LOW,German Buba President Nagel Speaks,0,,,
2025-09-18 07:30:00+00:00,Etc/GMT,2025-09-18,07:30:00,USD,LOW,Natural Gas Storage,-1,90B,80B,71B
2025-09-18 13:00:00+00:00,Etc/GMT,2025-09-18,13:00:00,USD,LOW,TIC Long-Term Purchases,1,49.2B,97.2B,151.0B
2025-09-18 23:00:00+00:00,Etc/GMT,2025-09-18,23:00:00,EUR,LOW,German PPI m/m,-1,-0.5%,-0.1%,-0.1%
2025-09-19 11:30:00+00:00,Etc/GMT,2025-09-19,11:30:00,USD,LOW,FOMC Member Daly Speaks,0,,,
2025-09-22 07:00:00+00:00,Etc/GMT,2025-09-22,07:00:00,EUR,LOW,Consumer Confidence,0,-15,-15,-16
2025-09-22 09:00:00+00:00,Etc/GMT,2025-09-22,09:00:00,EUR,LOW,German Buba President Nagel Speaks,0,,,
2025-09-23 00:15:00+00:00,Etc/GMT,2025-09-23,00:15:00,EUR,LOW,French Flash Manufacturing PMI,-1,48.1,50.2,50.4
2025-09-23 00:30:00+00:00,Etc/GMT,2025-09-23,00:30:00,EUR,HIGH,German Flash Manufacturing PMI,-1,48.5,50.0,48.8
2025-09-23 01:00:00+00:00,Etc/GMT,2025-09-23,01:00:00,EUR,LOW,Flash Manufacturing PMI,-1,49.5,50.7,50.7
2025-09-23 06:00:00+00:00,Etc/GMT,2025-09-23,06:00:00,USD,LOW,FOMC Member Bowman Speaks,0,,,
2025-09-23 06:45:00+00:00,Etc/GMT,2025-09-23,06:45:00,USD,HIGH,Flash Manufacturing PMI,1,52.0,52.2,53.0
2025-09-23 06:50:00+00:00,Etc/GMT,2025-09-23,06:50:00,USD,LOW,President Trump Speaks,0,,,
2025-09-23 07:00:00+00:00,Etc/GMT,2025-09-23,07:00:00,USD,LOW,FOMC Member Bostic Speaks,0,,,
2025-09-23 07:05:00+00:00,Etc/GMT,2025-09-23,07:05:00,USD,LOW,Richmond Manufacturing Index,1,-17,-5,-7
2025-09-23 09:35:00+00:00,Etc/GMT,2025-09-23,09:35:00,USD,HIGH,FOMC Member Powell Speaks,0,,,
2025-09-23 12:10:00+00:00,Etc/GMT,2025-09-23,12:10:00,USD,LOW,FOMC Member Goolsbee Speaks,0,,,
2025-09-23 13:30:00+00:00,Etc/GMT,2025-09-23,13:30:00,USD,LOW,API Weekly Statistical Bulletin,0,,,
2025-09-23 16:20:00+00:00,Etc/GMT,2025-09-23,16:20:00,USD,LOW,President Trump Speaks,0,,,
2025-09-24 05:43:00+00:00,Etc/GMT,2025-09-24,05:43:00,EUR,LOW,Belgian NBB Business Climate,1,-7.9,-8.7,-8.9
2025-09-24 07:00:00+00:00,Etc/GMT,2025-09-24,07:00:00,USD,LOW,New Home Sales,-1,800K,650K,664K
2025-09-24 07:30:00+00:00,Etc/GMT,2025-09-24,07:30:00,USD,LOW,Crude Oil Inventories,1,-0.6M,0.8M,-9.3M
2025-09-24 13:10:00+00:00,Etc/GMT,2025-09-24,13:10:00,USD,LOW,FOMC Member Daly Speaks,0,,,
2025-09-24 23:00:00+00:00,Etc/GMT,2025-09-24,23:00:00,EUR,LOW,German GfK Consumer Climate,1,-22.3,-23.3,-23.5
2025-09-25 05:15:00+00:00,Etc/GMT,2025-09-25,05:15:00,USD,LOW,FOMC Member Miran Speaks,0,,,
2025-09-25 05:20:00+00:00,Etc/GMT,2025-09-25,05:20:00,USD,LOW,FOMC Member Goolsbee Speaks,0,,,
2025-09-25 05:30:00+00:00,Etc/GMT,2025-09-25,05:30:00,USD,HIGH,Final GDP q/q,-1,3.8%,3.3%,3.3%
2025-09-25 06:00:00+00:00,Etc/GMT,2025-09-25,06:00:00,USD,LOW,FOMC Member Schmid Speaks,0,,,
2025-09-25 07:00:00+00:00,Etc/GMT,2025-09-25,07:00:00,USD,LOW,Existing Home Sales,-1,4.00M,3.96M,4.01M
2025-09-25 07:30:00+00:00,Etc/GMT,2025-09-25,07:30:00,USD,LOW,Natural Gas Storage,1,75B,76B,90B
2025-09-25 10:00:00+00:00,Etc/GMT,2025-09-25,10:00:00,USD,LOW,FOMC Member Barr Speaks,0,,,
2025-09-25 10:40:00+00:00,Etc/GMT,2025-09-25,10:40:00,USD,LOW,FOMC Member Logan Speaks,0,,,
2025-09-25 12:30:00+00:00,Etc/GMT,2025-09-25,12:30:00,USD,LOW,FOMC Member Daly Speaks,0,,,
2025-09-26 02:07:00+00:00,Etc/GMT,2025-09-26,02:07:00,EUR,LOW,Italian 10-y Bond Auction,0,3.62|1.7,,3.58|1.6
2025-09-26 06:00:00+00:00,Etc/GMT,2025-09-26,06:00:00,USD,LOW,FOMC Member Barkin Speaks,0,,,
2025-09-26 07:00:00+00:00,Etc/GMT,2025-09-26,07:00:00,USD,LOW,Revised UoM Consumer Sentiment,1,55.1,55.5,55.4
2025-09-26 10:00:00+00:00,Etc/GMT,2025-09-26,10:00:00,USD,LOW,FOMC Member Bowman Speaks,0,,,
2025-09-29 00:00:00+00:00,Etc/GMT,2025-09-29,00:00:00,EUR,LOW,Spanish Flash CPI y/y,-1,2.9%,3.1%,2.7%
2025-09-29 02:00:00+00:00,Etc/GMT,2025-09-29,02:00:00,EUR,LOW,German Buba President Nagel Speaks,0,,,
2025-09-29 04:30:00+00:00,Etc/GMT,2025-09-29,04:30:00,USD,LOW,FOMC Member Waller Speaks,0,,,
2025-09-29 07:00:00+00:00,Etc/GMT,2025-09-29,07:00:00,USD,LOW,Pending Home Sales m/m,-1,4.0%,0.2%,-0.3%
2025-09-29 10:15:00+00:00,Etc/GMT,2025-09-29,10:15:00,USD,LOW,President Trump Speaks,0,,,
2025-09-29 10:30:00+00:00,Etc/GMT,2025-09-29,10:30:00,USD,LOW,FOMC Member Musalem Speaks,0,,,
2025-09-29 15:00:00+00:00,Etc/GMT,2025-09-29,15:00:00,USD,LOW,FOMC Member Bostic Speaks,0,,,
2025-09-29 23:00:00+00:00,Etc/GMT,2025-09-29,23:00:00,EUR,LOW,German Import Prices m/m,-1,-0.5%,-0.2%,-0.4%
2025-09-29 23:45:00+00:00,Etc/GMT,2025-09-29,23:45:00,EUR,LOW,French Consumer Spending m/m,-1,0.1%,0.3%,-0.6%
2025-09-30 00:55:00+00:00,Etc/GMT,2025-09-30,00:55:00,EUR,LOW,German Unemployment Change,-1,14K,8K,-7K
2025-09-30 02:00:00+00:00,Etc/GMT,2025-09-30,02:00:00,EUR,LOW,Italian Prelim CPI m/m,-1,-0.2%,-0.1%,0.1%
2025-09-30 03:00:00+00:00,Etc/GMT,2025-09-30,03:00:00,USD,LOW,FOMC Member Jefferson Speaks,0,,,
2025-09-30 05:50:00+00:00,Etc/GMT,2025-09-30,05:50:00,EUR,LOW,ECB President Lagarde Speaks,0,,,
2025-09-30 06:00:00+00:00,Etc/GMT,2025-09-30,06:00:00,USD,LOW,FOMC Member Collins Speaks,0,,,
2025-09-30 06:45:00+00:00,Etc/GMT,2025-09-30,06:45:00,USD,LOW,Chicago PMI,1,40.6,43.4,41.5
2025-09-30 07:00:00+00:00,Etc/GMT,2025-09-30,07:00:00,USD,HIGH,JOLTS Job Openings,-1,7.23M,7.19M,7.21M
2025-09-30 08:00:00+00:00,Etc/GMT,2025-09-30,08:00:00,USD,LOW,President Trump Speaks,0,,,
2025-09-30 10:00:00+00:00,Etc/GMT,2025-09-30,10:00:00,EUR,LOW,German Buba President Nagel Speaks,0,,,
2025-09-30 10:30:00+00:00,Etc/GMT,2025-09-30,10:30:00,USD,LOW,FOMC Member Goolsbee Speaks,0,,,
2025-09-30 12:30:00+00:00,Etc/GMT,2025-09-30,12:30:00,USD,LOW,FOMC Member Goolsbee Speaks,0,,,
2025-09-30 13:30:00+00:00,Etc/GMT,2025-09-30,13:30:00,USD,LOW,API Weekly Statistical Bulletin,0,,,
2025-09-30 16:10:00+00:00,Etc/GMT,2025-09-30,16:10:00,USD,LOW,FOMC Member Logan Speaks,0,,,
2025-10-01 00:15:00+00:00,Etc/GMT,2025-10-01,00:15:00,EUR,LOW,Spanish Manufacturing PMI,-1,51.5,53.8,54.3
2025-10-01 00:45:00+00:00,Etc/GMT,2025-10-01,00:45:00,EUR,LOW,Italian Manufacturing PMI,-1,49.0,49.9,50.4
2025-10-01 00:50:00+00:00,Etc/GMT,2025-10-01,00:50:00,EUR,LOW,French Final Manufacturing PMI,1,48.2,48.1,48.1
2025-10-01 00:55:00+00:00,Etc/GMT,2025-10-01,00:55:00,EUR,LOW,German Final Manufacturing PMI,1,49.5,48.5,48.5
2025-10-01 01:00:00+00:00,Etc/GMT,2025-10-01,01:00:00,EUR,LOW,Final Manufacturing PMI,1,49.8,49.5,49.5
2025-10-01 02:00:00+00:00,Etc/GMT,2025-10-01,02:00:00,EUR,LOW,Core CPI Flash Estimate y/y,0,2.3%,2.3%,2.3%
2025-10-01 02:32:00+00:00,Etc/GMT,2025-10-01,02:32:00,EUR,LOW,German 10-y Bond Auction,0,2.72|1.2,,2.61|1.9
2025-10-01 04:00:00+00:00,Etc/GMT,2025-10-01,04:00:00,EUR,LOW,German Buba President Nagel Speaks,0,,,
2025-10-01 05:15:00+00:00,Etc/GMT,2025-10-01,05:15:00,USD,HIGH,ADP Non-Farm Employment Change,1,-32K,52K,-3K
2025-10-01 06:45:00+00:00,Etc/GMT,2025-10-01,06:45:00,USD,LOW,Final Manufacturing PMI,0,52.0,52.0,52.0
2025-10-01 07:00:00+00:00,Etc/GMT,2025-10-01,07:00:00,USD,HIGH,ISM Manufacturing PMI,-1,49.1,49.0,48.7
2025-10-01 07:30:00+00:00,Etc/GMT,2025-10-01,07:30:00,USD,LOW,Crude Oil Inventories,-1,1.8M,1.5M,-0.6M
2025-10-01 09:15:00+00:00,Etc/GMT,2025-10-01,09:15:00,USD,LOW,FOMC Member Barkin Speaks,0,,,
2025-10-01 14:00:00+00:00,Etc/GMT,2025-10-01,14:00:00,USD,LOW,FOMC Member Goolsbee Speaks,0,,,
2025-10-01 23:45:00+00:00,Etc/GMT,2025-10-01,23:45:00,EUR,LOW,French Gov Budget Balance,0,-157.5B,,-142.0B
2025-10-02 00:00:00+00:00,Etc/GMT,2025-10-02,00:00:00,EUR,LOW,Spanish Unemployment Change,1,-4.8K,15.4K,21.9K
2025-10-02 01:00:00+00:00,Etc/GMT,2025-10-02,01:00:00,EUR,LOW,Italian Monthly Unemployment Rate,0,6.0%,6.0%,5.9%
2025-10-02 01:55:00+00:00,Etc/GMT,2025-10-02,01:55:00,EUR,LOW,French 10-y Bond Auction,0,3.51|2.5,,3.57|2.2
2025-10-02 02:00:00+00:00,Etc/GMT,2025-10-02,02:00:00,EUR,LOW,Unemployment Rate,-1,6.3%,6.2%,6.2%
2025-10-02 03:10:00+00:00,Etc/GMT,2025-10-02,03:10:00,USD,LOW,Challenger Job Cuts y/y,0,-25.8%,,13.3%
2025-10-02 07:30:00+00:00,Etc/GMT,2025-10-02,07:30:00,USD,LOW,FOMC Member Logan Speaks,0,,,
2025-10-02 11:30:00+00:00,Etc/GMT,2025-10-02,11:30:00,USD,LOW,FOMC Member Goolsbee Speaks,0,,,
2025-10-02 23:45:00+00:00,Etc/GMT,2025-10-02,23:45:00,EUR,LOW,French Industrial Production m/m,-1,-0.7%,0.3%,-1.1%
2025-10-03 00:15:00+00:00,Etc/GMT,2025-10-03,00:15:00,EUR,LOW,Spanish Services PMI,1,54.3,53.3,53.2
2025-10-03 00:45:00+00:00,Etc/GMT,2025-10-03,00:45:00,EUR,LOW,Italian Services PMI,1,52.5,51.5,51.5
2025-10-03 00:50:00+00:00,Etc/GMT,2025-10-03,00:50:00,EUR,LOW,French Final Services PMI,-1,48.5,48.9,48.9
2025-10-03 00:55:00+00:00,Etc/GMT,2025-10-03,00:55:00,EUR,LOW,German Final Services PMI,-1,51.5,52.5,52.5
2025-10-03 01:00:00+00:00,Etc/GMT,2025-10-03,01:00:00,EUR,LOW,Final Services PMI,-1,51.3,51.4,51.4
2025-10-03 02:00:00+00:00,Etc/GMT,2025-10-03,02:00:00,EUR,LOW,PPI m/m,-1,-0.3%,-0.1%,0.3%
2025-10-03 02:40:00+00:00,Etc/GMT,2025-10-03,02:40:00,EUR,LOW,ECB President Lagarde Speaks,0,,,
2025-10-03 03:05:00+00:00,Etc/GMT,2025-10-03,03:05:00,USD,LOW,FOMC Member Williams Speaks,0,,,
2025-10-03 05:30:00+00:00,Etc/GMT,2025-10-03,05:30:00,USD,LOW,FOMC Member Goolsbee Speaks,0,,,
2025-10-03 06:35:00+00:00,Etc/GMT,2025-10-03,06:35:00,USD,LOW,FOMC Member Miran Speaks,0,,,
2025-10-03 06:45:00+00:00,Etc/GMT,2025-10-03,06:45:00,USD,LOW,Final Services PMI,-1,54.2,53.9,53.9
2025-10-03 07:00:00+00:00,Etc/GMT,2025-10-03,07:00:00,USD,HIGH,ISM Services PMI,1,50.0,51.8,52.0
2025-10-03 10:30:00+00:00,Etc/GMT,2025-10-03,10:30:00,USD,LOW,FOMC Member Logan Speaks,0,,,
2025-10-03 10:40:00+00:00,Etc/GMT,2025-10-03,10:40:00,USD,LOW,FOMC Member Jefferson Speaks,0,,,
2025-10-03 12:30:00+00:00,Etc/GMT,2025-10-03,12:30:00,USD,LOW,FOMC Member Miran Speaks,0,,,
2025-10-06 01:30:00+00:00,Etc/GMT,2025-10-06,01:30:00,EUR,LOW,Sentix Investor Confidence,1,-5.4,-7.5,-9.2
2025-10-06 02:00:00+00:00,Etc/GMT,2025-10-06,02:00:00,EUR,LOW,Retail Sales m/m,0,0.1%,0.1%,-0.4%
2025-10-06 10:00:00+00:00,Etc/GMT,2025-10-06,10:00:00,EUR,HIGH,ECB President Lagarde Speaks,0,,,
2025-10-06 23:00:00+00:00,Etc/GMT,2025-10-06,23:00:00,EUR,LOW,German Factory Orders m/m,-1,-0.8%,1.2%,-2.7%
2025-10-06 23:45:00+00:00,Etc/GMT,2025-10-06,23:45:00,EUR,LOW,French Trade Balance,-1,-5.5B,-5.2B,-5.7B
2025-10-07 07:02:00+00:00,Etc/GMT,2025-10-07,07:02:00,USD,LOW,RCM/TIPP Economic Optimism,1,48.3,49.3,48.7
2025-10-07 07:05:00+00:00,Etc/GMT,2025-10-07,07:05:00,USD,LOW,FOMC Member Bowman Speaks,0,,,
2025-10-07 07:45:00+00:00,Etc/GMT,2025-10-07,07:45:00,USD,LOW,FOMC Member Miran Speaks,0,,,
2025-10-07 08:30:00+00:00,Etc/GMT,2025-10-07,08:30:00,USD,LOW,FOMC Member Kashkari Speaks,0,,,
2025-10-07 09:00:00+00:00,Etc/GMT,2025-10-07,09:00:00,EUR,LOW,German Buba President Nagel Speaks,0,,,
2025-10-07 09:10:00+00:00,Etc/GMT,2025-10-07,09:10:00,EUR,LOW,ECB President Lagarde Speaks,0,,,
2025-10-07 12:00:00+00:00,Etc/GMT,2025-10-07,12:00:00,USD,LOW,Consumer Credit m/m,1,0.4B,12.9B,18.1B
2025-10-07 13:05:00+00:00,Etc/GMT,2025-10-07,13:05:00,USD,LOW,FOMC Member Miran Speaks,0,,,
2025-10-07 13:30:00+00:00,Etc/GMT,2025-10-07,13:30:00,USD,LOW,API Weekly Statistical Bulletin,0,,,
2025-10-07 23:00:00+00:00,Etc/GMT,2025-10-07,23:00:00,EUR,LOW,German Industrial Production m/m,-1,-4.3%,-1.0%,1.3%
2025-10-08 06:20:00+00:00,Etc/GMT,2025-10-08,06:20:00,USD,LOW,FOMC Member Musalem Speaks,0,,,
2025-10-08 06:30:00+00:00,Etc/GMT,2025-10-08,06:30:00,USD,LOW,FOMC Member Barr Speaks,0,,,
2025-10-08 07:00:00+00:00,Etc/GMT,2025-10-08,07:00:00,USD,LOW,FOMC Member Goolsbee Speaks,0,,,
2025-10-08 07:30:00+00:00,Etc/GMT,2025-10-08,07:30:00,USD,LOW,Crude Oil Inventories,-1,3.7M,0.4M,1.8M
2025-10-08 09:00:00+00:00,Etc/GMT,2025-10-08,09:00:00,EUR,LOW,ECB President Lagarde Speaks,0,,,
2025-10-08 10:01:00+00:00,Etc/GMT,2025-10-08,10:01:00,USD,LOW,10-y Bond Auction,0,4.12|2.5,,4.03|2.7
2025-10-08 10:15:00+00:00,Etc/GMT,2025-10-08,10:15:00,USD,LOW,FOMC Member Logan Speaks,0,,,
2025-10-08 11:00:00+00:00,Etc/GMT,2025-10-08,11:00:00,USD,HIGH,FOMC Meeting Minutes,0,,,
2025-10-08 12:15:00+00:00,Etc/GMT,2025-10-08,12:15:00,USD,LOW,FOMC Member Kashkari Speaks,0,,,
2025-10-08 14:45:00+00:00,Etc/GMT,2025-10-08,14:45:00,USD,LOW,FOMC Member Barr Speaks,0,,,
2025-10-08 23:00:00+00:00,Etc/GMT,2025-10-08,23:00:00,EUR,LOW,German Trade Balance,1,17.2B,15.1B,16.3B
2025-10-09 04:30:00+00:00,Etc/GMT,2025-10-09,04:30:00,EUR,LOW,ECB Monetary Policy Meeting Accounts,0,,,
2025-10-09 05:30:00+00:00,Etc/GMT,2025-10-09,05:30:00,USD,LOW,FOMC Member Powell Speaks,0,,,
2025-10-09 05:35:00+00:00,Etc/GMT,2025-10-09,05:35:00,USD,LOW,FOMC Member Bowman Speaks,0,,,
2025-10-09 07:30:00+00:00,Etc/GMT,2025-10-09,07:30:00,USD,LOW,Natural Gas Storage,-1,80B,76B,53B
2025-10-09 09:45:00+00:00,Etc/GMT,2025-10-09,09:45:00,USD,LOW,FOMC Member Barr Speaks,0,,,
2025-10-09 10:01:00+00:00,Etc/GMT,2025-10-09,10:01:00,USD,LOW,30-y Bond Auction,0,4.73|2.4,,4.65|2.4
2025-10-09 12:45:00+00:00,Etc/GMT,2025-10-09,12:45:00,USD,LOW,FOMC Member Bowman Speaks,0,,,
2025-10-09 18:40:00+00:00,Etc/GMT,2025-10-09,18:40:00,USD,LOW,FOMC Member Daly Speaks,0,,,
2025-10-10 01:00:00+00:00,Etc/GMT,2025-10-10,01:00:00,EUR,LOW,Italian Industrial Production m/m,-1,-2.4%,-0.3%,0.4%
2025-10-10 06:45:00+00:00,Etc/GMT,2025-10-10,06:45:00,USD,LOW,FOMC Member Goolsbee Speaks,0,,,
2025-10-10 07:00:00+00:00,Etc/GMT,2025-10-10,07:00:00,USD,HIGH,Prelim UoM Consumer Sentiment,-1,55.0,54.1,55.1
2025-10-10 10:00:00+00:00,Etc/GMT,2025-10-10,10:00:00,USD,LOW,FOMC Member Musalem Speaks,0,,,
2025-10-12 23:00:00+00:00,Etc/GMT,2025-10-12,23:00:00,EUR,LOW,German WPI m/m,0,0.2%,0.2%,-0.6%
2025-10-13 09:55:00+00:00,Etc/GMT,2025-10-13,09:55:00,USD,LOW,FOMC Member Paulson Speaks,0,,,
2025-10-13 23:00:00+00:00,Etc/GMT,2025-10-13,23:00:00,EUR,LOW,German Final CPI m/m,0,0.2%,0.2%,0.2%
2025-10-14 02:00:00+00:00,Etc/GMT,2025-10-14,02:00:00,EUR,LOW,German ZEW Economic Sentiment,-1,39.3,41.2,37.3
2025-10-14 03:00:00+00:00,Etc/GMT,2025-10-14,03:00:00,USD,LOW,NFIB Small Business Index,1,98.8,100.6,100.8
2025-10-14 05:45:00+00:00,Etc/GMT,2025-10-14,05:45:00,USD,LOW,FOMC Member Bowman Speaks,0,,,
2025-10-14 09:20:00+00:00,Etc/GMT,2025-10-14,09:20:00,USD,HIGH,FOMC Member Powell Speaks,0,,,
2025-10-14 12:25:00+00:00,Etc/GMT,2025-10-14,12:25:00,USD,LOW,FOMC Member Waller Speaks,0,,,
2025-10-14 12:30:00+00:00,Etc/GMT,2025-10-14,12:30:00,USD,LOW,FOMC Member Collins Speaks,0,,,
2025-10-14 23:45:00+00:00,Etc/GMT,2025-10-14,23:45:00,EUR,LOW,French Final CPI m/m,0,-1.0%,-1.0%,-1.0%
2025-10-15 02:00:00+00:00,Etc/GMT,2025-10-15,02:00:00,EUR,LOW,Industrial Production m/m,1,-1.2%,-1.6%,0.5%
2025-10-15 02:32:00+00:00,Etc/GMT,2025-10-15,02:32:00,EUR,LOW,German 30-y Bond Auction,0,3.17|1.4,,3.25|1.8
2025-10-15 06:30:00+00:00,Etc/GMT,2025-10-15,06:30:00,USD,LOW,FOMC Member Miran Speaks,0,,,
2025-10-15 09:30:00+00:00,Etc/GMT,2025-10-15,09:30:00,USD,LOW,FOMC Member Miran Speaks,0,,,
2025-10-15 10:00:00+00:00,Etc/GMT,2025-10-15,10:00:00,USD,LOW,FOMC Member Waller Speaks,0,,,
2025-10-15 11:00:00+00:00,Etc/GMT,2025-10-15,11:00:00,USD,LOW,Beige Book,0,,,
2025-10-15 11:30:00+00:00,Etc/GMT,2025-10-15,11:30:00,USD,LOW,FOMC Member Schmid Speaks,0,,,
2025-10-15 13:30:00+00:00,Etc/GMT,2025-10-15,13:30:00,USD,LOW,API Weekly Statistical Bulletin,0,,,
2025-10-16 01:39:00+00:00,Etc/GMT,2025-10-16,01:39:00,EUR,LOW,Spanish 10-y Bond Auction,0,3.09|1.7,,3.23|1.9
2025-10-16 02:00:00+00:00,Etc/GMT,2025-10-16,02:00:00,EUR,LOW,Italian Trade Balance,-1,2.05B,8.94B,7.83B
2025-10-16 03:00:00+00:00,Etc/GMT,2025-10-16,03:00:00,EUR,LOW,German Buba Monthly Report,0,,,
2025-10-16 05:30:00+00:00,Etc/GMT,2025-10-16,05:30:00,USD,LOW,Philly Fed Manufacturing Index,1,-12.8,8.6,23.2
2025-10-16 07:00:00+00:00,Etc/GMT,2025-10-16,07:00:00,USD,LOW,FOMC Member Bowman Speaks,0,,,
2025-10-16 07:30:00+00:00,Etc/GMT,2025-10-16,07:30:00,USD,LOW,Natural Gas Storage,-1,80B,76B,80B
2025-10-16 09:00:00+00:00,Etc/GMT,2025-10-16,09:00:00,EUR,LOW,ECB President Lagarde Speaks,0,,,
2025-10-16 11:00:00+00:00,Etc/GMT,2025-10-16,11:00:00,USD,LOW,Federal Budget Balance,-1,198.0B,42.3B,-344.8B
2025-10-16 13:15:00+00:00,Etc/GMT,2025-10-16,13:15:00,USD,LOW,FOMC Member Miran Speaks,0,,,
2025-10-16 15:00:00+00:00,Etc/GMT,2025-10-16,15:00:00,USD,LOW,FOMC Member Kashkari Speaks,0,,,
2025-10-17 02:00:00+00:00,Etc/GMT,2025-10-17,02:00:00,EUR,LOW,Final Core CPI y/y,1,2.4%,2.3%,2.3%
2025-10-17 05:45:00+00:00,Etc/GMT,2025-10-17,05:45:00,EUR,LOW,German Buba President Nagel Speaks,0,,,
2025-10-17 09:15:00+00:00,Etc/GMT,2025-10-17,09:15:00,USD,LOW,FOMC Member Musalem Speaks,0,,,
2025-10-18 05:00:00+00:00,Etc/GMT,2025-10-18,05:00:00,EUR,LOW,German Buba President Nagel Speaks,0,,,
2025-10-18 06:00:00+00:00,Etc/GMT,2025-10-18,06:00:00,EUR,LOW,ECB President Lagarde Speaks,0,,,
2025-10-19 23:00:00+00:00,Etc/GMT,2025-10-19,23:00:00,EUR,LOW,German PPI m/m,-1,-0.1%,0.1%,-0.5%
2025-10-20 01:00:00+00:00,Etc/GMT,2025-10-20,01:00:00,EUR,LOW,Current Account,-1,11.9B,22.5B,29.8B
2025-10-20 12:00:00+00:00,Etc/GMT,2025-10-20,12:00:00,EUR,LOW,German Buba President Nagel Speaks,0,,,
2025-10-20 15:00:00+00:00,Etc/GMT,2025-10-20,15:00:00,EUR,LOW,German Buba President Nagel Speaks,0,,,
2025-10-21 04:00:00+00:00,Etc/GMT,2025-10-21,04:00:00,EUR,LOW,ECB President Lagarde Speaks,0,,,
2025-10-21 06:00:00+00:00,Etc/GMT,2025-10-21,06:00:00,USD,LOW,FOMC Member Waller Speaks,0,,,
2025-10-21 12:30:00+00:00,Etc/GMT,2025-10-21,12:30:00,USD,LOW,FOMC Member Waller Speaks,0,,,
2025-10-21 13:30:00+00:00,Etc/GMT,2025-10-21,13:30:00,USD,LOW,API Weekly Statistical Bulletin,0,,,
2025-10-22 05:25:00+00:00,Etc/GMT,2025-10-22,05:25:00,EUR,LOW,ECB President Lagarde Speaks,0,,,
2025-10-22 07:30:00+00:00,Etc/GMT,2025-10-22,07:30:00,USD,LOW,Crude Oil Inventories,1,-1.0M,2.2M,3.5M
2025-10-22 13:00:00+00:00,Etc/GMT,2025-10-22,13:00:00,USD,LOW,FOMC Member Barr Speaks,0,,,
2025-10-23 07:00:00+00:00,Etc/GMT,2025-10-23,07:00:00,EUR,LOW,Consumer Confidence,1,-14,-15,-15
2025-10-23 07:25:00+00:00,Etc/GMT,2025-10-23,07:25:00,USD,LOW,FOMC Member Barr Speaks,0,,,
2025-10-23 07:30:00+00:00,Etc/GMT,2025-10-23,07:30:00,USD,LOW,Natural Gas Storage,-1,87B,78B,80B
2025-10-23 12:00:00+00:00,Etc/GMT,2025-10-23,12:00:00,USD,LOW,President Trump Speaks,0,,,
2025-10-24 00:00:00+00:00,Etc/GMT,2025-10-24,00:00:00,EUR,LOW,Spanish Unemployment Rate,-1,10.5%,10.1%,10.3%
2025-10-24 00:15:00+00:00,Etc/GMT,2025-10-24,00:15:00,EUR,LOW,French Flash Manufacturing PMI,1,48.3,48.2,48.2
2025-10-24 00:30:00+00:00,Etc/GMT,2025-10-24,00:30:00,EUR,HIGH,German Flash Manufacturing PMI,1,49.6,49.5,49.5
2025-10-24 01:00:00+00:00,Etc/GMT,2025-10-24,01:00:00,EUR,LOW,Flash Manufacturing PMI,1,50.0,49.8,49.8
2025-10-24 05:45:00+00:00,Etc/GMT,2025-10-24,05:45:00,EUR,LOW,German Buba President Nagel Speaks,0,,,
2025-10-24 05:51:00+00:00,Etc/GMT,2025-10-24,05:51:00,EUR,LOW,Belgian NBB Business Climate,-1,-9.1,-7.8,-7.9
2025-10-24 06:45:00+00:00,Etc/GMT,2025-10-24,06:45:00,USD,HIGH,Flash Manufacturing PMI,-1,52.2,51.9,52.0
2025-10-24 07:00:00+00:00,Etc/GMT,2025-10-24,07:00:00,USD,LOW,Revised UoM Consumer Sentiment,1,53.6,54.6,55.0
2025-10-27 02:00:00+00:00,Etc/GMT,2025-10-27,02:00:00,EUR,LOW,German ifo Business Climate,1,88.4,88.1,87.7
2025-10-28 00:00:00+00:00,Etc/GMT,2025-10-28,00:00:00,EUR,LOW,German GfK Consumer Climate,-1,-24.1,-22.0,-22.5
2025-10-28 05:15:00+00:00,Etc/GMT,2025-10-28,05:15:00,USD,LOW,ADP Weekly Employment Change,0,14.3K,,
2025-10-28 06:00:00+00:00,Etc/GMT,2025-10-28,06:00:00,USD,LOW,HPI m/m,-1,0.4%,-0.1%,0.0%
2025-10-28 06:59:00+00:00,Etc/GMT,2025-10-28,06:59:00,USD,LOW,Richmond Manufacturing Index,-1,-4,-11,-17
2025-10-28 07:00:00+00:00,Etc/GMT,2025-10-28,07:00:00,USD,LOW,CB Consumer Confidence,-1,94.6,93.4,95.6
2025-10-28 13:30:00+00:00,Etc/GMT,2025-10-28,13:30:00,USD,LOW,API Weekly Statistical Bulletin,0,,,
2025-10-29 01:00:00+00:00,Etc/GMT,2025-10-29,01:00:00,EUR,LOW,Spanish Flash GDP q/q,0,0.6%,0.6%,0.8%
2025-10-29 03:32:00+00:00,Etc/GMT,2025-10-29,03:32:00,EUR,LOW,German 10-y Bond Auction,0,2.62|1.3,,2.72|1.2
2025-10-29 07:00:00+00:00,Etc/GMT,2025-10-29,07:00:00,USD,LOW,Pending Home Sales m/m,1,0.0%,1.6%,4.2%
2025-10-29 11:00:00+00:00,Etc/GMT,2025-10-29,11:00:00,USD,HIGH,Federal Funds Rate,0,4.00%,4.00%,4.25%
2025-10-29 11:30:00+00:00,Etc/GMT,2025-10-29,11:30:00,USD,HIGH,FOMC Press Conference,0,,,
2025-10-29 23:30:00+00:00,Etc/GMT,2025-10-29,23:30:00,EUR,LOW,French Consumer Spending m/m,1,0.3%,0.0%,0.2%
2025-10-30 01:55:00+00:00,Etc/GMT,2025-10-30,01:55:00,EUR,LOW,German Unemployment Change,1,-1K,8K,13K
2025-10-30 02:00:00+00:00,Etc/GMT,2025-10-30,02:00:00,EUR,LOW,German Prelim GDP q/q,0,0.0%,0.0%,-0.3%
2025-10-30 03:00:00+00:00,Etc/GMT,2025-10-30,03:00:00,EUR,LOW,Italian Monthly Unemployment Rate,-1,6.1%,6.0%,6.0%
2025-10-30 03:06:00+00:00,Etc/GMT,2025-10-30,03:06:00,EUR,LOW,Italian 10-y Bond Auction,0,3.46|1.5,,3.62|1.7
2025-10-30 06:15:00+00:00,Etc/GMT,2025-10-30,06:15:00,EUR,HIGH,Main Refinancing Rate,0,2.15%,2.15%,2.15%
2025-10-30 06:45:00+00:00,Etc/GMT,2025-10-30,06:45:00,EUR,HIGH,ECB Press Conference,0,,,
2025-10-30 06:55:00+00:00,Etc/GMT,2025-10-30,06:55:00,USD,LOW,FOMC Member Bowman Speaks,0,,,
2025-10-30 07:30:00+00:00,Etc/GMT,2025-10-30,07:30:00,USD,LOW,Natural Gas Storage,-1,74B,71B,87B
2025-10-30 10:20:00+00:00,Etc/GMT,2025-10-30,10:20:00,USD,LOW,FOMC Member Logan Speaks,0,,,
2025-10-31 00:00:00+00:00,Etc/GMT,2025-10-31,00:00:00,EUR,LOW,German Import Prices m/m,1,0.2%,-0.2%,-0.5%
2025-10-31 00:45:00+00:00,Etc/GMT,2025-10-31,00:45:00,EUR,LOW,French Prelim CPI m/m,0,0.1%,0.1%,-1.0%
2025-10-31 03:00:00+00:00,Etc/GMT,2025-10-31,03:00:00,EUR,LOW,Core CPI Flash Estimate y/y,1,2.4%,2.3%,2.4%
2025-10-31 06:45:00+00:00,Etc/GMT,2025-10-31,06:45:00,USD,LOW,Chicago PMI,-1,43.8,42.3,40.6
2025-10-31 09:00:00+00:00,Etc/GMT,2025-10-31,09:00:00,USD,LOW,FOMC Member Bostic Speaks,0,,,
2025-11-03 00:15:00+00:00,Etc/GMT,2025-11-03,00:15:00,EUR,LOW,Spanish Manufacturing PMI,1,52.1,51.8,51.5
2025-11-03 00:45:00+00:00,Etc/GMT,2025-11-03,00:45:00,EUR,LOW,Italian Manufacturing PMI,1,49.9,49.3,49.0
2025-11-03 00:50:00+00:00,Etc/GMT,2025-11-03,00:50:00,EUR,LOW,French Final Manufacturing PMI,1,48.8,48.3,48.3
2025-11-03 00:55:00+00:00,Etc/GMT,2025-11-03,00:55:00,EUR,LOW,German Final Manufacturing PMI,0,49.6,49.6,49.6
2025-11-03 01:00:00+00:00,Etc/GMT,2025-11-03,01:00:00,EUR,LOW,Final Manufacturing PMI,0,50.0,50.0,50.0
2025-11-03 06:45:00+00:00,Etc/GMT,2025-11-03,06:45:00,USD,LOW,Final Manufacturing PMI,-1,52.5,52.2,52.2
2025-11-03 07:00:00+00:00,Etc/GMT,2025-11-03,07:00:00,USD,HIGH,ISM Manufacturing PMI,1,48.7,49.4,49.1
2025-11-03 09:00:00+00:00,Etc/GMT,2025-11-03,09:00:00,USD,LOW,FOMC Member Daly Speaks,0,,,
2025-11-03 11:00:00+00:00,Etc/GMT,2025-11-03,11:00:00,USD,LOW,FOMC Member Cook Speaks,0,,,
2025-11-03 23:40:00+00:00,Etc/GMT,2025-11-03,23:40:00,EUR,LOW,ECB President Lagarde Speaks,0,,,
2025-11-03 23:45:00+00:00,Etc/GMT,2025-11-03,23:45:00,EUR,LOW,French Gov Budget Balance,0,-155.4B,,-157.5B
2025-11-04 00:00:00+00:00,Etc/GMT,2025-11-04,00:00:00,EUR,LOW,Spanish Unemployment Change,-1,22.1K,5.2K,-4.8K
2025-11-04 02:00:00+00:00,Etc/GMT,2025-11-04,02:00:00,EUR,LOW,ECB President Lagarde Speaks,0,,,
2025-11-04 03:35:00+00:00,Etc/GMT,2025-11-04,03:35:00,USD,LOW,FOMC Member Bowman Speaks,0,,,
2025-11-04 07:01:00+00:00,Etc/GMT,2025-11-04,07:01:00,USD,LOW,RCM/TIPP Economic Optimism,1,43.9,48.1,48.3
2025-11-04 09:00:00+00:00,Etc/GMT,2025-11-04,09:00:00,EUR,LOW,German Buba President Nagel Speaks,0,,,
2025-11-04 13:30:00+00:00,Etc/GMT,2025-11-04,13:30:00,USD,LOW,API Weekly Statistical Bulletin,0,,,
2025-11-04 23:00:00+00:00,Etc/GMT,2025-11-04,23:00:00,EUR,LOW,German Factory Orders m/m,1,1.1%,0.9%,-0.4%
2025-11-04 23:45:00+00:00,Etc/GMT,2025-11-04,23:45:00,EUR,LOW,French Industrial Production m/m,1,0.8%,0.1%,-0.9%
2025-11-05 00:15:00+00:00,Etc/GMT,2025-11-05,00:15:00,EUR,LOW,Spanish Services PMI,1,56.6,54.8,54.3
2025-11-05 00:45:00+00:00,Etc/GMT,2025-11-05,00:45:00,EUR,LOW,Italian Services PMI,1,54.0,53.0,52.5
2025-11-05 00:50:00+00:00,Etc/GMT,2025-11-05,00:50:00,EUR,LOW,French Final Services PMI,1,48.0,47.1,47.1
2025-11-05 00:55:00+00:00,Etc/GMT,2025-11-05,00:55:00,EUR,LOW,German Final Services PMI,1,54.6,54.5,54.5
2025-11-05 01:00:00+00:00,Etc/GMT,2025-11-05,01:00:00,EUR,LOW,Final Services PMI,1,53.0,52.6,52.6
2025-11-05 02:00:00+00:00,Etc/GMT,2025-11-05,02:00:00,EUR,LOW,German Buba President Nagel Speaks,0,,,
2025-11-05 05:15:00+00:00,Etc/GMT,2025-11-05,05:15:00,USD,HIGH,ADP Non-Farm Employment Change,-1,42K,32K,-29K
2025-11-05 06:45:00+00:00,Etc/GMT,2025-11-05,06:45:00,USD,LOW,Final Services PMI,1,54.8,55.2,55.2
2025-11-05 07:00:00+00:00,Etc/GMT,2025-11-05,07:00:00,USD,HIGH,ISM Services PMI,-1,52.4,50.7,50.0
2025-11-05 07:30:00+00:00,Etc/GMT,2025-11-05,07:30:00,USD,LOW,Crude Oil Inventories,-1,5.2M,-2.5M,-6.9M
2025-11-05 10:00:00+00:00,Etc/GMT,2025-11-05,10:00:00,USD,LOW,President Trump Speaks,0,,,
2025-11-05 23:00:00+00:00,Etc/GMT,2025-11-05,23:00:00,EUR,LOW,German Industrial Production m/m,-1,1.3%,3.0%,-3.7%
2025-11-05 23:45:00+00:00,Etc/GMT,2025-11-05,23:45:00,EUR,LOW,French Prelim Private Payrolls q/q,-1,-0.3%,-0.1%,0.2%
2025-11-06 00:57:00+00:00,Etc/GMT,2025-11-06,00:57:00,USD,LOW,Challenger Job Cuts y/y,0,175.3%,,-25.8%
2025-11-06 01:47:00+00:00,Etc/GMT,2025-11-06,01:47:00,EUR,LOW,Spanish 10-y Bond Auction,0,3.11|2.6,,3.09|1.7
2025-11-06 01:59:00+00:00,Etc/GMT,2025-11-06,01:59:00,EUR,LOW,French 10-y Bond Auction,0,3.43|2.1,,3.51|2.5
2025-11-06 02:00:00+00:00,Etc/GMT,2025-11-06,02:00:00,EUR,LOW,Retail Sales m/m,-1,-0.1%,0.2%,0.1%
2025-11-06 04:30:00+00:00,Etc/GMT,2025-11-06,04:30:00,EUR,LOW,German Buba President Nagel Speaks,0,,,
2025-11-06 06:00:00+00:00,Etc/GMT,2025-11-06,06:00:00,EUR,LOW,German Buba President Nagel Speaks,0,,,
2025-11-06 08:00:00+00:00,Etc/GMT,2025-11-06,08:00:00,USD,LOW,President Trump Speaks,0,,,
2025-11-06 09:00:00+00:00,Etc/GMT,2025-11-06,09:00:00,USD,LOW,FOMC Member Hammack Speaks,0,,,
2025-11-06 12:30:00+00:00,Etc/GMT,2025-11-06,12:30:00,USD,LOW,FOMC Member Waller Speaks,0,,,
2025-11-06 13:30:00+00:00,Etc/GMT,2025-11-06,13:30:00,USD,LOW,FOMC Member Paulson Speaks,0,,,
2025-11-06 14:30:00+00:00,Etc/GMT,2025-11-06,14:30:00,USD,LOW,FOMC Member Musalem Speaks,0,,,
2025-11-06 23:00:00+00:00,Etc/GMT,2025-11-06,23:00:00,EUR,LOW,German Trade Balance,-1,15.3B,16.7B,16.9B
2025-11-06 23:45:00+00:00,Etc/GMT,2025-11-06,23:45:00,EUR,LOW,French Trade Balance,-1,-6.6B,-5.9B,-5.2B
2025-11-07 04:00:00+00:00,Etc/GMT,2025-11-07,04:00:00,EUR,LOW,German Buba President Nagel Speaks,0,,,
2025-11-07 07:00:00+00:00,Etc/GMT,2025-11-07,07:00:00,USD,LOW,Prelim UoM Consumer Sentiment,1,50.3,53.0,53.6
2025-11-07 12:00:00+00:00,Etc/GMT,2025-11-07,12:00:00,USD,LOW,Consumer Credit m/m,-1,13.1B,10.4B,3.1B
2025-11-07 13:01:00+00:00,Etc/GMT,2025-11-07,13:01:00,USD,LOW,FOMC Financial Stability Report,0,,,
2025-11-10 01:30:00+00:00,Etc/GMT,2025-11-10,01:30:00,EUR,LOW,Sentix Investor Confidence,-1,-7.4,-3.9,-5.4
2025-11-10 05:30:00+00:00,Etc/GMT,2025-11-10,05:30:00,USD,LOW,FOMC Member Daly Speaks,0,,,
2025-11-10 06:45:00+00:00,Etc/GMT,2025-11-10,06:45:00,USD,LOW,Cleveland Fed Inflation Expectations,0,3.3%,,3.5%
2025-11-11 02:00:00+00:00,Etc/GMT,2025-11-11,02:00:00,EUR,LOW,German ZEW Economic Sentiment,-1,38.5,41.0,39.3
2025-11-11 03:00:00+00:00,Etc/GMT,2025-11-11,03:00:00,USD,LOW,NFIB Small Business Index,1,98.2,98.5,98.8
2025-11-11 05:26:00+00:00,Etc/GMT,2025-11-11,05:26:00,USD,LOW,ADP Weekly Employment Change,0,-11.3K,,14.3K
2025-11-11 19:25:00+00:00,Etc/GMT,2025-11-11,19:25:00,USD,LOW,FOMC Member Barr Speaks,0,,,
2025-11-11 23:00:00+00:00,Etc/GMT,2025-11-11,23:00:00,EUR,LOW,German Final CPI m/m,0,0.3%,0.3%,0.3%
2025-11-12 01:00:00+00:00,Etc/GMT,2025-11-12,01:00:00,EUR,LOW,Italian Industrial Production m/m,1,2.8%,1.5%,-2.7%
2025-11-12 02:32:00+00:00,Etc/GMT,2025-11-12,02:32:00,EUR,LOW,German 30-y Bond Auction,0,3.26|1.3,,3.17|1.4
2025-11-12 06:20:00+00:00,Etc/GMT,2025-11-12,06:20:00,USD,LOW,FOMC Member Williams Speaks,0,,,
2025-11-12 07:00:00+00:00,Etc/GMT,2025-11-12,07:00:00,USD,LOW,FOMC Member Paulson Speaks,0,,,
2025-11-12 07:20:00+00:00,Etc/GMT,2025-11-12,07:20:00,USD,LOW,FOMC Member Waller Speaks,0,,,
2025-11-12 09:15:00+00:00,Etc/GMT,2025-11-12,09:15:00,USD,LOW,FOMC Member Bostic Speaks,0,,,
2025-11-12 09:30:00+00:00,Etc/GMT,2025-11-12,09:30:00,USD,LOW,FOMC Member Miran Speaks,0,,,
2025-11-12 10:01:00+00:00,Etc/GMT,2025-11-12,10:01:00,USD,LOW,10-y Bond Auction,0,4.07|2.4,,4.12|2.5
2025-11-12 13:00:00+00:00,Etc/GMT,2025-11-12,13:00:00,USD,LOW,FOMC Member Collins Speaks,0,,,
2025-11-12 13:30:00+00:00,Etc/GMT,2025-11-12,13:30:00,USD,LOW,API Weekly Statistical Bulletin,0,,,
2025-11-13 01:00:00+00:00,Etc/GMT,2025-11-13,01:00:00,EUR,LOW,ECB Economic Bulletin,0,,,
2025-11-13 02:00:00+00:00,Etc/GMT,2025-11-13,02:00:00,EUR,LOW,Industrial Production m/m,-1,0.2%,0.7%,-1.1%
2025-11-13 05:00:00+00:00,Etc/GMT,2025-11-13,05:00:00,USD,LOW,FOMC Member Daly Speaks,0,,,
2025-11-13 07:30:00+00:00,Etc/GMT,2025-11-13,07:30:00,USD,LOW,FOMC Member Kashkari Speaks,0,,,
2025-11-13 09:00:00+00:00,Etc/GMT,2025-11-13,09:00:00,USD,LOW,Crude Oil Inventories,-1,6.4M,1.0M,5.2M
2025-11-13 09:15:00+00:00,Etc/GMT,2025-11-13,09:15:00,USD,LOW,FOMC Member Musalem Speaks,0,,,
2025-11-13 09:20:00+00:00,Etc/GMT,2025-11-13,09:20:00,USD,LOW,FOMC Member Hammack Speaks,0,,,
2025-11-13 10:01:00+00:00,Etc/GMT,2025-11-13,10:01:00,USD,LOW,30-y Bond Auction,0,4.69|2.3,,4.73|2.4
2025-11-13 23:45:00+00:00,Etc/GMT,2025-11-13,23:45:00,EUR,LOW,French Final CPI m/m,0,0.1%,0.1%,0.1%
2025-11-14 01:00:00+00:00,Etc/GMT,2025-11-14,01:00:00,EUR,LOW,Italian Trade Balance,-1,2.85B,3.18B,1.88B
2025-11-14 02:00:00+00:00,Etc/GMT,2025-11-14,02:00:00,EUR,LOW,Flash Employment Change q/q,0,0.1%,0.1%,0.1%
2025-11-14 07:05:00+00:00,Etc/GMT,2025-11-14,07:05:00,USD,LOW,FOMC Member Schmid Speaks,0,,,
2025-11-14 07:25:00+00:00,Etc/GMT,2025-11-14,07:25:00,USD,LOW,Mortgage Delinquencies,0,3.99%,,3.93%
2025-11-14 07:30:00+00:00,Etc/GMT,2025-11-14,07:30:00,USD,LOW,Natural Gas Storage,-1,45B,34B,33B
2025-11-14 11:30:00+00:00,Etc/GMT,2025-11-14,11:30:00,USD,LOW,FOMC Member Logan Speaks,0,,,
2025-11-14 12:20:00+00:00,Etc/GMT,2025-11-14,12:20:00,USD,LOW,FOMC Member Bostic Speaks,0,,,
2025-11-17 02:00:00+00:00,Etc/GMT,2025-11-17,02:00:00,EUR,LOW,EU Economic Forecasts,0,,,
2025-11-17 06:00:00+00:00,Etc/GMT,2025-11-17,06:00:00,USD,LOW,FOMC Member Williams Speaks,0,,,
2025-11-17 06:30:00+00:00,Etc/GMT,2025-11-17,06:30:00,USD,LOW,FOMC Member Jefferson Speaks,0,,,
2025-11-17 07:00:00+00:00,Etc/GMT,2025-11-17,07:00:00,USD,LOW,Construction Spending m/m,-1,0.2%,-0.2%,0.2%
2025-11-17 12:35:00+00:00,Etc/GMT,2025-11-17,12:35:00,USD,LOW,FOMC Member Waller Speaks,0,,,
2025-11-17 15:00:00+00:00,Etc/GMT,2025-11-17,15:00:00,USD,LOW,President Trump Speaks,0,,,
2025-11-18 00:10:00+00:00,Etc/GMT,2025-11-18,00:10:00,USD,HIGH,Unemployment Claims,0,232K,,220K
2025-11-18 05:29:00+00:00,Etc/GMT,2025-11-18,05:29:00,USD,LOW,ADP Weekly Employment Change,0,-2.5K,,-11.3K
2025-11-18 07:00:00+00:00,Etc/GMT,2025-11-18,07:00:00,USD,LOW,Factory Orders m/m,0,1.4%,1.4%,-1.3%
2025-11-18 07:30:00+00:00,Etc/GMT,2025-11-18,07:30:00,USD,LOW,FOMC Member Barr Speaks,0,,,
2025-11-18 08:00:00+00:00,Etc/GMT,2025-11-18,08:00:00,USD,LOW,FOMC Member Barkin Speaks,0,,,
2025-11-18 13:00:00+00:00,Etc/GMT,2025-11-18,13:00:00,USD,LOW,TIC Long-Term Purchases,0,179.8B,,134.2B
2025-11-18 13:30:00+00:00,Etc/GMT,2025-11-18,13:30:00,USD,LOW,API Weekly Statistical Bulletin,0,,,
2025-11-18 16:55:00+00:00,Etc/GMT,2025-11-18,16:55:00,USD,LOW,FOMC Member Logan Speaks,0,,,
2025-11-19 01:00:00+00:00,Etc/GMT,2025-11-19,01:00:00,EUR,LOW,Current Account,1,23.1B,15.9B,11.9B
2025-11-19 02:00:00+00:00,Etc/GMT,2025-11-19,02:00:00,EUR,LOW,Final Core CPI y/y,0,2.4%,2.4%,2.4%
2025-11-19 05:30:00+00:00,Etc/GMT,2025-11-19,05:30:00,USD,LOW,Trade Balance,-1,-59.6B,-61.3B,-78.2B
2025-11-19 07:00:00+00:00,Etc/GMT,2025-11-19,07:00:00,USD,LOW,FOMC Member Miran Speaks,0,,,
2025-11-19 07:30:00+00:00,Etc/GMT,2025-11-19,07:30:00,USD,LOW,Crude Oil Inventories,1,-3.4M,-1.9M,6.4M
2025-11-19 09:00:00+00:00,Etc/GMT,2025-11-19,09:00:00,USD,LOW,President Trump Speaks,0,,,
2025-11-19 09:45:00+00:00,Etc/GMT,2025-11-19,09:45:00,USD,LOW,FOMC Member Barkin Speaks,0,,,
2025-11-19 11:00:00+00:00,Etc/GMT,2025-11-19,11:00:00,USD,HIGH,FOMC Meeting Minutes,0,,,
2025-11-20 01:38:00+00:00,Etc/GMT,2025-11-20,01:38:00,EUR,LOW,Spanish 10-y Bond Auction,0,3.20|1.9,,3.11|2.6
2025-11-20 03:00:00+00:00,Etc/GMT,2025-11-20,03:00:00,EUR,LOW,German Buba Monthly Report,0,,,
2025-11-20 05:50:00+00:00,Etc/GMT,2025-11-20,05:50:00,USD,LOW,FOMC Member Hammack Speaks,0,,,
2025-11-20 07:00:00+00:00,Etc/GMT,2025-11-20,07:00:00,EUR,LOW,Consumer Confidence,0,-14,-14,-14
2025-11-20 07:30:00+00:00,Etc/GMT,2025-11-20,07:30:00,USD,LOW,Natural Gas Storage,0,-14B,-14B,45B
2025-11-20 08:00:00+00:00,Etc/GMT,2025-11-20,08:00:00,USD,LOW,FOMC Member Cook Speaks,0,,,
2025-11-20 09:40:00+00:00,Etc/GMT,2025-11-20,09:40:00,USD,LOW,FOMC Member Goolsbee Speaks,0,,,
2025-11-20 15:15:00+00:00,Etc/GMT,2025-11-20,15:15:00,USD,LOW,FOMC Member Miran Speaks,0,,,
2025-11-20 15:45:00+00:00,Etc/GMT,2025-11-20,15:45:00,USD,LOW,FOMC Member Paulson Speaks,0,,,
2025-11-21 00:15:00+00:00,Etc/GMT,2025-11-21,00:15:00,EUR,LOW,French Flash Manufacturing PMI,-1,47.8,49.0,48.8
2025-11-21 00:30:00+00:00,Etc/GMT,2025-11-21,00:30:00,EUR,HIGH,German Flash Manufacturing PMI,-1,48.4,49.8,49.6
2025-11-21 01:00:00+00:00,Etc/GMT,2025-11-21,01:00:00,EUR,LOW,Flash Manufacturing PMI,-1,49.7,50.1,50.0
2025-11-21 04:30:00+00:00,Etc/GMT,2025-11-21,04:30:00,USD,LOW,FOMC Member Williams Speaks,0,,,
2025-11-21 05:00:00+00:00,Etc/GMT,2025-11-21,05:00:00,EUR,LOW,German Buba President Nagel Speaks,0,,,
2025-11-21 05:45:00+00:00,Etc/GMT,2025-11-21,05:45:00,USD,LOW,FOMC Member Jefferson Speaks,0,,,
2025-11-21 06:00:00+00:00,Etc/GMT,2025-11-21,06:00:00,USD,LOW,FOMC Member Logan Speaks,0,,,
2025-11-21 06:45:00+00:00,Etc/GMT,2025-11-21,06:45:00,USD,HIGH,Flash Manufacturing PMI,1,51.9,52.0,52.5
2025-11-21 07:00:00+00:00,Etc/GMT,2025-11-21,07:00:00,USD,LOW,Revised UoM Consumer Sentiment,-1,51.0,50.6,50.3
2025-11-22 03:00:00+00:00,Etc/GMT,2025-11-22,03:00:00,EUR,LOW,ECB President Lagarde Speaks,0,,,
2025-11-24 01:00:00+00:00,Etc/GMT,2025-11-24,01:00:00,EUR,LOW,German ifo Business Climate,-1,88.1,88.6,88.4
2025-11-24 05:50:00+00:00,Etc/GMT,2025-11-24,05:50:00,EUR,LOW,Belgian NBB Business Climate,1,-8.2,-8.7,-9.1
2025-11-24 06:45:00+00:00,Etc/GMT,2025-11-24,06:45:00,EUR,LOW,ECB President Lagarde Speaks,0,,,
2025-11-24 09:10:00+00:00,Etc/GMT,2025-11-24,09:10:00,EUR,LOW,German Buba President Nagel Speaks,0,,,
2025-11-24 23:00:00+00:00,Etc/GMT,2025-11-24,23:00:00,EUR,LOW,German Final GDP q/q,0,0.0%,0.0%,0.0%
2025-11-25 05:15:00+00:00,Etc/GMT,2025-11-25,05:15:00,USD,LOW,ADP Weekly Employment Change,0,-13.5K,,-7.5K
2025-11-25 05:30:00+00:00,Etc/GMT,2025-11-25,05:30:00,USD,HIGH,Core PPI m/m,1,0.1%,0.2%,-0.1%
2025-11-25 06:00:00+00:00,Etc/GMT,2025-11-25,06:00:00,USD,LOW,HPI m/m,1,0.0%,0.2%,0.4%
2025-11-25 06:59:00+00:00,Etc/GMT,2025-11-25,06:59:00,USD,LOW,Richmond Manufacturing Index,1,-15,-5,-4
2025-11-25 07:00:00+00:00,Etc/GMT,2025-11-25,07:00:00,USD,LOW,CB Consumer Confidence,1,88.7,93.4,95.5
2025-11-25 11:00:00+00:00,Etc/GMT,2025-11-25,11:00:00,USD,LOW,Federal Budget Balance,1,-284.4B,-223.4B,198.0B
2025-11-25 13:30:00+00:00,Etc/GMT,2025-11-25,13:30:00,USD,LOW,API Weekly Statistical Bulletin,0,,,
2025-11-26 02:35:00+00:00,Etc/GMT,2025-11-26,02:35:00,EUR,LOW,German 10-y Bond Auction,0,2.67|2.0,,2.62|1.3
2025-11-26 05:30:00+00:00,Etc/GMT,2025-11-26,05:30:00,USD,HIGH,Unemployment Claims,1,216K,226K,222K
2025-11-26 06:45:00+00:00,Etc/GMT,2025-11-26,06:45:00,USD,LOW,Chicago PMI,1,36.3,43.9,43.8
2025-11-26 07:30:00+00:00,Etc/GMT,2025-11-26,07:30:00,USD,LOW,Crude Oil Inventories,-1,2.8M,-1.3M,-3.4M
2025-11-26 09:00:00+00:00,Etc/GMT,2025-11-26,09:00:00,EUR,LOW,ECB President Lagarde Speaks,0,,,
2025-11-26 11:00:00+00:00,Etc/GMT,2025-11-26,11:00:00,USD,LOW,Beige Book,0,,,
2025-11-26 23:00:00+00:00,Etc/GMT,2025-11-26,23:00:00,EUR,LOW,German GfK Consumer Climate,1,-23.2,-23.6,-24.1
2025-11-27 01:00:00+00:00,Etc/GMT,2025-11-27,01:00:00,EUR,LOW,M3 Money Supply y/y,0,2.8%,2.8%,2.8%
2025-11-27 02:05:00+00:00,Etc/GMT,2025-11-27,02:05:00,EUR,LOW,Italian 10-y Bond Auction,0,3.44|1.6,,3.46|1.5
2025-11-27 04:30:00+00:00,Etc/GMT,2025-11-27,04:30:00,EUR,LOW,ECB Monetary Policy Meeting Accounts,0,,,
2025-11-27 23:00:00+00:00,Etc/GMT,2025-11-27,23:00:00,EUR,LOW,German Import Prices m/m,1,0.2%,0.0%,0.2%
2025-11-27 23:45:00+00:00,Etc/GMT,2025-11-27,23:45:00,EUR,LOW,French Consumer Spending m/m,1,0.4%,0.3%,0.3%
2025-11-28 00:55:00+00:00,Etc/GMT,2025-11-28,00:55:00,EUR,LOW,German Unemployment Change,1,1K,4K,-2K
2025-11-28 02:00:00+00:00,Etc/GMT,2025-11-28,02:00:00,EUR,LOW,German Buba President Nagel Speaks,0,,,
2025-11-30 20:00:00+00:00,Etc/GMT,2025-11-30,20:00:00,EUR,LOW,German Buba President Nagel Speaks,0,,,
2025-12-01 00:15:00+00:00,Etc/GMT,2025-12-01,00:15:00,EUR,LOW,Spanish Manufacturing PMI,-1,51.5,52.3,52.1
2025-12-01 00:45:00+00:00,Etc/GMT,2025-12-01,00:45:00,EUR,LOW,Italian Manufacturing PMI,1,50.6,50.1,49.9
2025-12-01 00:50:00+00:00,Etc/GMT,2025-12-01,00:50:00,EUR,LOW,French Final Manufacturing PMI,0,47.8,47.8,47.8
2025-12-01 00:55:00+00:00,Etc/GMT,2025-12-01,00:55:00,EUR,LOW,German Final Manufacturing PMI,-1,48.2,48.4,48.4
2025-12-01 01:00:00+00:00,Etc/GMT,2025-12-01,01:00:00,EUR,LOW,Final Manufacturing PMI,-1,49.6,49.8,49.7
2025-12-01 06:45:00+00:00,Etc/GMT,2025-12-01,06:45:00,USD,LOW,Final Manufacturing PMI,-1,52.2,51.9,51.9
2025-12-01 07:00:00+00:00,Etc/GMT,2025-12-01,07:00:00,USD,HIGH,ISM Manufacturing PMI,1,48.2,49.0,48.7
2025-12-01 17:00:00+00:00,Etc/GMT,2025-12-01,17:00:00,USD,LOW,FOMC Member Powell Speaks,0,,,
2025-12-01 23:45:00+00:00,Etc/GMT,2025-12-01,23:45:00,EUR,LOW,French Gov Budget Balance,0,-136.2B,,-155.4B
2025-12-02 00:00:00+00:00,Etc/GMT,2025-12-02,00:00:00,EUR,LOW,Spanish Unemployment Change,1,-18.8K,-12.4K,22.1K
2025-12-02 01:00:00+00:00,Etc/GMT,2025-12-02,01:00:00,EUR,LOW,Italian Monthly Unemployment Rate,1,6.0%,6.1%,6.2%
2025-12-02 02:00:00+00:00,Etc/GMT,2025-12-02,02:00:00,EUR,LOW,Core CPI Flash Estimate y/y,0,2.4%,2.4%,2.4%
2025-12-02 07:00:00+00:00,Etc/GMT,2025-12-02,07:00:00,USD,LOW,FOMC Member Bowman Speaks,0,,,
2025-12-02 11:00:00+00:00,Etc/GMT,2025-12-02,11:00:00,USD,LOW,President Trump Speaks,0,,,
2025-12-02 13:30:00+00:00,Etc/GMT,2025-12-02,13:30:00,USD,LOW,API Weekly Statistical Bulletin,0,,,
2025-12-03 00:15:00+00:00,Etc/GMT,2025-12-03,00:15:00,EUR,LOW,Spanish Services PMI,-1,55.6,56.3,56.6
2025-12-03 00:45:00+00:00,Etc/GMT,2025-12-03,00:45:00,EUR,LOW,Italian Services PMI,1,55.0,53.9,54.0
2025-12-03 00:50:00+00:00,Etc/GMT,2025-12-03,00:50:00,EUR,LOW,French Final Services PMI,1,51.4,50.8,50.8
2025-12-03 00:55:00+00:00,Etc/GMT,2025-12-03,00:55:00,EUR,LOW,German Final Services PMI,1,53.1,52.7,52.7
2025-12-03 01:00:00+00:00,Etc/GMT,2025-12-03,01:00:00,EUR,LOW,Final Services PMI,1,53.6,53.1,53.1
2025-12-03 02:00:00+00:00,Etc/GMT,2025-12-03,02:00:00,EUR,LOW,PPI m/m,0,0.1%,0.1%,-0.1%
2025-12-03 05:15:00+00:00,Etc/GMT,2025-12-03,05:15:00,USD,HIGH,ADP Non-Farm Employment Change,1,-32K,5K,47K
2025-12-03 06:15:00+00:00,Etc/GMT,2025-12-03,06:15:00,USD,LOW,Capacity Utilization Rate,1,75.9%,76.9%,75.9%
2025-12-03 06:45:00+00:00,Etc/GMT,2025-12-03,06:45:00,USD,LOW,Final Services PMI,1,54.1,55.0,55.0
2025-12-03 07:00:00+00:00,Etc/GMT,2025-12-03,07:00:00,USD,HIGH,ISM Services PMI,-1,52.6,52.0,52.4
2025-12-03 07:30:00+00:00,Etc/GMT,2025-12-03,07:30:00,EUR,LOW,ECB President Lagarde Speaks,0,,,
2025-12-03 08:08:00+00:00,Etc/GMT,2025-12-03,08:08:00,USD,LOW,Crude Oil Inventories,-1,0.6M,-1.9M,2.8M
2025-12-03 11:30:00+00:00,Etc/GMT,2025-12-03,11:30:00,USD,LOW,President Trump Speaks,0,,,
2025-12-04 02:00:00+00:00,Etc/GMT,2025-12-04,02:00:00,EUR,LOW,Retail Sales m/m,0,0.0%,0.0%,0.1%
2025-12-04 02:01:00+00:00,Etc/GMT,2025-12-04,02:01:00,EUR,LOW,French 10-y Bond Auction,0,3.38|2.3,,3.43|2.1
2025-12-04 04:30:00+00:00,Etc/GMT,2025-12-04,04:30:00,USD,LOW,Challenger Job Cuts y/y,0,23.5%,,175.3%
2025-12-04 05:30:00+00:00,Etc/GMT,2025-12-04,05:30:00,USD,HIGH,Unemployment Claims,1,191K,219K,218K
2025-12-04 07:30:00+00:00,Etc/GMT,2025-12-04,07:30:00,USD,LOW,Natural Gas Storage,-1,-12B,-18B,-11B
2025-12-04 09:00:00+00:00,Etc/GMT,2025-12-04,09:00:00,USD,LOW,FOMC Member Bowman Speaks,0,,,
2025-12-04 23:00:00+00:00,Etc/GMT,2025-12-04,23:00:00,EUR,LOW,German Factory Orders m/m,1,1.5%,0.3%,1.1%
2025-12-04 23:45:00+00:00,Etc/GMT,2025-12-04,23:45:00,EUR,LOW,French Industrial Production m/m,1,0.2%,-0.1%,0.7%
2025-12-05 01:00:00+00:00,Etc/GMT,2025-12-05,01:00:00,EUR,LOW,Italian Retail Sales m/m,1,0.5%,0.4%,-0.4%
2025-12-05 02:00:00+00:00,Etc/GMT,2025-12-05,02:00:00,EUR,LOW,Final Employment Change q/q,1,0.2%,0.1%,0.1%
2025-12-05 07:00:00+00:00,Etc/GMT,2025-12-05,07:00:00,USD,HIGH,Core PCE Price Index m/m,0,0.2%,0.2%,0.2%
2025-12-05 12:00:00+00:00,Etc/GMT,2025-12-05,12:00:00,USD,LOW,Consumer Credit m/m,1,9.2B,11.8B,11.0B
2025-12-07 23:00:00+00:00,Etc/GMT,2025-12-07,23:00:00,EUR,LOW,German Industrial Production m/m,1,1.8%,0.2%,1.1%
2025-12-08 01:30:00+00:00,Etc/GMT,2025-12-08,01:30:00,EUR,LOW,Sentix Investor Confidence,0,-6.2,-6.2,-7.4
2025-12-08 23:00:00+00:00,Etc/GMT,2025-12-08,23:00:00,EUR,LOW,German Trade Balance,1,16.9B,15.9B,15.3B
2025-12-09 00:00:00+00:00,Etc/GMT,2025-12-09,00:00:00,EUR,LOW,German Buba President Nagel Speaks,0,,,
2025-12-09 03:00:00+00:00,Etc/GMT,2025-12-09,03:00:00,USD,LOW,NFIB Small Business Index,-1,99.0,98.4,98.2
2025-12-09 05:15:00+00:00,Etc/GMT,2025-12-09,05:15:00,USD,HIGH,ADP Weekly Employment Change,0,4.8K,,-8.0K
2025-12-09 07:00:00+00:00,Etc/GMT,2025-12-09,07:00:00,USD,HIGH,JOLTS Job Openings,-1,7.67M,7.14M,7.66M
2025-12-09 10:01:00+00:00,Etc/GMT,2025-12-09,10:01:00,USD,LOW,10-y Bond Auction,0,4.18|2.6,,4.07|2.4
2025-12-09 13:30:00+00:00,Etc/GMT,2025-12-09,13:30:00,USD,LOW,API Weekly Statistical Bulletin,0,,,
2025-12-09 15:10:00+00:00,Etc/GMT,2025-12-09,15:10:00,USD,LOW,President Trump Speaks,0,,,
2025-12-10 01:00:00+00:00,Etc/GMT,2025-12-10,01:00:00,EUR,LOW,Italian Industrial Production m/m,-1,-1.0%,-0.3%,2.7%
2025-12-10 02:55:00+00:00,Etc/GMT,2025-12-10,02:55:00,EUR,LOW,ECB President Lagarde Speaks,0,,,
2025-12-10 05:30:00+00:00,Etc/GMT,2025-12-10,05:30:00,USD,HIGH,Employment Cost Index q/q,1,0.8%,0.9%,0.9%
2025-12-10 11:00:00+00:00,Etc/GMT,2025-12-10,11:00:00,USD,HIGH,Federal Funds Rate,0,3.75%,3.75%,4.00%
2025-12-10 11:19:00+00:00,Etc/GMT,2025-12-10,11:19:00,USD,LOW,Federal Budget Balance,-1,-173.3B,-186.5B,-284.4B
2025-12-10 11:30:00+00:00,Etc/GMT,2025-12-10,11:30:00,USD,HIGH,FOMC Press Conference,0,,,
2025-12-11 01:03:00+00:00,Etc/GMT,2025-12-11,01:03:00,EUR,LOW,Italian Quarterly Unemployment Rate,1,6.1%,6.3%,6.3%
2025-12-11 07:00:00+00:00,Etc/GMT,2025-12-11,07:00:00,USD,LOW,Final Wholesale Inventories m/m,-1,0.5%,0.1%,0.0%
2025-12-11 07:30:00+00:00,Etc/GMT,2025-12-11,07:30:00,USD,LOW,Natural Gas Storage,1,-177B,-170B,-12B
2025-12-11 10:01:00+00:00,Etc/GMT,2025-12-11,10:01:00,USD,LOW,30-y Bond Auction,0,4.77|2.4,,4.69|2.3
2025-12-11 17:15:00+00:00,Etc/GMT,2025-12-11,17:15:00,USD,LOW,President Trump Speaks,0,,,
2025-12-11 23:00:00+00:00,Etc/GMT,2025-12-11,23:00:00,EUR,LOW,German Final CPI m/m,0,-0.2%,-0.2%,-0.2%
2025-12-11 23:45:00+00:00,Etc/GMT,2025-12-11,23:45:00,EUR,LOW,French Final CPI m/m,-1,-0.2%,-0.1%,-0.1%
2025-12-12 05:00:00+00:00,Etc/GMT,2025-12-12,05:00:00,USD,LOW,FOMC Member Paulson Speaks,0,,,
2025-12-12 07:35:00+00:00,Etc/GMT,2025-12-12,07:35:00,USD,LOW,FOMC Member Goolsbee Speaks,0,,,
2025-12-14 23:00:00+00:00,Etc/GMT,2025-12-14,23:00:00,EUR,LOW,German WPI m/m,1,0.3%,0.2%,0.3%
2025-12-15 02:00:00+00:00,Etc/GMT,2025-12-15,02:00:00,EUR,LOW,Industrial Production m/m,1,0.8%,0.7%,0.2%
2025-12-15 07:00:00+00:00,Etc/GMT,2025-12-15,07:00:00,USD,LOW,NAHB Housing Market Index,0,39,39,38
2025-12-15 07:30:00+00:00,Etc/GMT,2025-12-15,07:30:00,USD,LOW,FOMC Member Williams Speaks,0,,,
2025-12-15 08:00:00+00:00,Etc/GMT,2025-12-15,08:00:00,USD,LOW,FOMC Member Miran Speaks,0,,,
2025-12-16 00:15:00+00:00,Etc/GMT,2025-12-16,00:15:00,EUR,LOW,French Flash Manufacturing PMI,1,50.6,48.1,47.8
2025-12-16 00:30:00+00:00,Etc/GMT,2025-12-16,00:30:00,EUR,HIGH,German Flash Manufacturing PMI,-1,47.7,48.6,48.2
2025-12-16 01:00:00+00:00,Etc/GMT,2025-12-16,01:00:00,EUR,LOW,Flash Manufacturing PMI,-1,49.2,49.9,49.6
2025-12-16 02:00:00+00:00,Etc/GMT,2025-12-16,02:00:00,EUR,LOW,Italian Trade Balance,1,4.16B,3.21B,2.97B
2025-12-16 05:15:00+00:00,Etc/GMT,2025-12-16,05:15:00,USD,HIGH,ADP Weekly Employment Change,0,16.3K,,2.8K
2025-12-16 05:30:00+00:00,Etc/GMT,2025-12-16,05:30:00,USD,HIGH,Average Hourly Earnings m/m,1,0.1%,0.3%,0.4%
2025-12-16 06:45:00+00:00,Etc/GMT,2025-12-16,06:45:00,USD,HIGH,Flash Manufacturing PMI,1,51.8,52.0,52.2
2025-12-16 07:00:00+00:00,Etc/GMT,2025-12-16,07:00:00,USD,LOW,Business Inventories m/m,-1,0.2%,0.1%,0.0%
2025-12-16 13:30:00+00:00,Etc/GMT,2025-12-16,13:30:00,USD,LOW,API Weekly Statistical Bulletin,0,,,
2025-12-16 16:00:00+00:00,Etc/GMT,2025-12-16,16:00:00,USD,LOW,FOMC Member Goolsbee Speaks,0,,,
2025-12-17 01:00:00+00:00,Etc/GMT,2025-12-17,01:00:00,EUR,LOW,German ifo Business Climate,-1,87.6,88.2,88.0
2025-12-17 02:00:00+00:00,Etc/GMT,2025-12-17,02:00:00,EUR,LOW,Final Core CPI y/y,0,2.4%,2.4%,2.4%
2025-12-17 05:15:00+00:00,Etc/GMT,2025-12-17,05:15:00,USD,LOW,FOMC Member Waller Speaks,0,,,
2025-12-17 06:05:00+00:00,Etc/GMT,2025-12-17,06:05:00,USD,LOW,FOMC Member Williams Speaks,0,,,
2025-12-17 07:30:00+00:00,Etc/GMT,2025-12-17,07:30:00,USD,LOW,Crude Oil Inventories,-1,-1.3M,-2.4M,-1.8M
2025-12-17 09:30:00+00:00,Etc/GMT,2025-12-17,09:30:00,USD,LOW,FOMC Member Bostic Speaks,0,,,
2025-12-17 18:00:00+00:00,Etc/GMT,2025-12-17,18:00:00,USD,LOW,President Trump Speaks,0,,,
2025-12-18 05:15:00+00:00,Etc/GMT,2025-12-18,05:15:00,EUR,HIGH,Main Refinancing Rate,0,2.15%,2.15%,2.15%
2025-12-18 05:30:00+00:00,Etc/GMT,2025-12-18,05:30:00,USD,HIGH,Core CPI y/y,1,2.6%,3.0%,3.0%
2025-12-18 05:45:00+00:00,Etc/GMT,2025-12-18,05:45:00,EUR,HIGH,ECB Press Conference,0,,,
2025-12-18 07:30:00+00:00,Etc/GMT,2025-12-18,07:30:00,USD,LOW,Natural Gas Storage,-1,-167B,-176B,-177B
2025-12-18 13:00:00+00:00,Etc/GMT,2025-12-18,13:00:00,USD,LOW,TIC Long-Term Purchases,1,17.5B,122.7B,173.2B
2025-12-18 23:00:00+00:00,Etc/GMT,2025-12-18,23:00:00,EUR,LOW,German GfK Consumer Climate,-1,-26.9,-23.0,-23.4
2025-12-19 01:00:00+00:00,Etc/GMT,2025-12-19,01:00:00,EUR,LOW,Current Account,1,25.7B,19.6B,23.6B
2025-12-19 03:00:00+00:00,Etc/GMT,2025-12-19,03:00:00,EUR,LOW,German Buba Monthly Report,0,,,
2025-12-19 05:43:00+00:00,Etc/GMT,2025-12-19,05:43:00,EUR,LOW,Belgian NBB Business Climate,-1,-11.9,-7.8,-8.2
2025-12-19 07:00:00+00:00,Etc/GMT,2025-12-19,07:00:00,EUR,LOW,Consumer Confidence,-1,-15,-14,-14
2025-12-19 18:00:00+00:00,Etc/GMT,2025-12-19,18:00:00,USD,LOW,President Trump Speaks,0,,,
2025-12-21 03:00:00+00:00,Etc/GMT,2025-12-21,03:00:00,USD,LOW,FOMC Member Hammack Speaks,0,,,
2025-12-22 23:00:00+00:00,Etc/GMT,2025-12-22,23:00:00,EUR,LOW,German Import Prices m/m,1,0.5%,0.2%,0.2%
2025-12-23 05:15:00+00:00,Etc/GMT,2025-12-23,05:15:00,USD,LOW,ADP Weekly Employment Change,0,11.5K,,17.5K
2025-12-23 06:15:00+00:00,Etc/GMT,2025-12-23,06:15:00,USD,LOW,Capacity Utilization Rate,-1,76.0%,75.9%,75.9%
2025-12-23 07:00:00+00:00,Etc/GMT,2025-12-23,07:00:00,USD,LOW,CB Consumer Confidence,1,89.1,91.7,92.9
2025-12-23 13:30:00+00:00,Etc/GMT,2025-12-23,13:30:00,USD,LOW,API Weekly Statistical Bulletin,0,,,
2025-12-24 05:30:00+00:00,Etc/GMT,2025-12-24,05:30:00,USD,HIGH,Unemployment Claims,1,214K,224K,224K
2025-12-29 07:00:00+00:00,Etc/GMT,2025-12-29,07:00:00,USD,LOW,Pending Home Sales m/m,-1,3.3%,1.0%,2.4%
2025-12-29 09:00:00+00:00,Etc/GMT,2025-12-29,09:00:00,USD,LOW,Natural Gas Storage,-1,-166B,-169B,-167B
2025-12-29 14:00:00+00:00,Etc/GMT,2025-12-29,14:00:00,USD,LOW,Crude Oil Inventories,-1,0.4M,-2.0M,-1.3M
2025-12-30 06:00:00+00:00,Etc/GMT,2025-12-30,06:00:00,USD,LOW,HPI m/m,-1,0.4%,0.1%,-0.1%
2025-12-30 06:45:00+00:00,Etc/GMT,2025-12-30,06:45:00,USD,LOW,Chicago PMI,-1,43.5,39.8,36.3
2025-12-30 11:00:00+00:00,Etc/GMT,2025-12-30,11:00:00,USD,HIGH,FOMC Meeting Minutes,0,,,
2025-12-30 13:30:00+00:00,Etc/GMT,2025-12-30,13:30:00,USD,LOW,API Weekly Statistical Bulletin,0,,,
2025-12-31 05:30:00+00:00,Etc/GMT,2025-12-31,05:30:00,USD,HIGH,Unemployment Claims,1,199K,219K,215K
2025-12-31 07:30:00+00:00,Etc/GMT,2025-12-31,07:30:00,USD,LOW,Crude Oil Inventories,1,-1.9M,0.5M,0.4M
2025-12-31 09:00:00+00:00,Etc/GMT,2025-12-31,09:00:00,USD,LOW,Natural Gas Storage,-1,-38B,-51B,-166B
2026-01-02 00:15:00+00:00,Etc/GMT,2026-01-02,00:15:00,EUR,LOW,Spanish Manufacturing PMI,-1,49.6,51.2,51.5
2026-01-02 00:45:00+00:00,Etc/GMT,2026-01-02,00:45:00,EUR,LOW,Italian Manufacturing PMI,-1,47.9,50.0,50.6
2026-01-02 00:50:00+00:00,Etc/GMT,2026-01-02,00:50:00,EUR,LOW,French Final Manufacturing PMI,1,50.7,50.6,50.6
2026-01-02 00:55:00+00:00,Etc/GMT,2026-01-02,00:55:00,EUR,LOW,German Final Manufacturing PMI,-1,47.0,47.7,47.7
2026-01-02 01:00:00+00:00,Etc/GMT,2026-01-02,01:00:00,EUR,LOW,Final Manufacturing PMI,-1,48.8,49.2,49.2
2026-01-02 06:45:00+00:00,Etc/GMT,2026-01-02,06:45:00,USD,LOW,Final Manufacturing PMI,0,51.8,51.8,51.8
2026-01-03 07:15:00+00:00,Etc/GMT,2026-01-03,07:15:00,USD,LOW,FOMC Member Paulson Speaks,0,,,
2026-01-03 11:30:00+00:00,Etc/GMT,2026-01-03,11:30:00,USD,LOW,FOMC Member Paulson Speaks,0,,,
2026-01-04 09:30:00+00:00,Etc/GMT,2026-01-04,09:30:00,USD,LOW,FOMC Member Kashkari Speaks,0,,,
2026-01-05 00:00:00+00:00,Etc/GMT,2026-01-05,00:00:00,EUR,LOW,Spanish Unemployment Change,1,-16.3K,5.7K,-18.8K
2026-01-05 07:00:00+00:00,Etc/GMT,2026-01-05,07:00:00,USD,HIGH,ISM Manufacturing PMI,1,47.9,48.3,48.2
2026-01-05 23:45:00+00:00,Etc/GMT,2026-01-05,23:45:00,EUR,LOW,French Prelim CPI m/m,-1,0.1%,0.2%,-0.2%
2026-01-06 00:15:00+00:00,Etc/GMT,2026-01-06,00:15:00,EUR,LOW,Spanish Services PMI,1,57.1,54.8,55.6
2026-01-06 00:45:00+00:00,Etc/GMT,2026-01-06,00:45:00,EUR,LOW,Italian Services PMI,-1,51.5,54.2,55.0
2026-01-06 00:50:00+00:00,Etc/GMT,2026-01-06,00:50:00,EUR,LOW,French Final Services PMI,-1,50.1,50.3,50.2
2026-01-06 00:55:00+00:00,Etc/GMT,2026-01-06,00:55:00,EUR,LOW,German Final Services PMI,1,52.7,52.6,52.6
2026-01-06 01:00:00+00:00,Etc/GMT,2026-01-06,01:00:00,EUR,LOW,Final Services PMI,-1,52.4,52.6,52.6
2026-01-06 05:00:00+00:00,Etc/GMT,2026-01-06,05:00:00,USD,LOW,FOMC Member Barkin Speaks,0,,,
2026-01-06 06:45:00+00:00,Etc/GMT,2026-01-06,06:45:00,USD,LOW,Final Services PMI,1,52.5,52.9,52.9
2026-01-06 11:00:00+00:00,Etc/GMT,2026-01-06,11:00:00,USD,LOW,President Trump Speaks,0,,,
2026-01-06 13:30:00+00:00,Etc/GMT,2026-01-06,13:30:00,USD,LOW,API Weekly Statistical Bulletin,0,,,
2026-01-06 23:00:00+00:00,Etc/GMT,2026-01-06,23:00:00,EUR,LOW,German Retail Sales m/m,-1,-0.6%,0.2%,0.3%
2026-01-07 00:55:00+00:00,Etc/GMT,2026-01-07,00:55:00,EUR,LOW,German Unemployment Change,1,3K,5K,1K
2026-01-07 02:00:00+00:00,Etc/GMT,2026-01-07,02:00:00,EUR,LOW,Core CPI Flash Estimate y/y,-1,2.3%,2.4%,2.4%
2026-01-07 02:34:00+00:00,Etc/GMT,2026-01-07,02:34:00,EUR,LOW,German 10-y Bond Auction,0,2.83|1.3,,2.67|2.0
2026-01-07 05:15:00+00:00,Etc/GMT,2026-01-07,05:15:00,USD,HIGH,ADP Non-Farm Employment Change,1,41K,49K,-29K
2026-01-07 07:30:00+00:00,Etc/GMT,2026-01-07,07:30:00,USD,LOW,Crude Oil Inventories,1,-3.8M,-1.2M,-1.9M
2026-01-07 13:10:00+00:00,Etc/GMT,2026-01-07,13:10:00,USD,LOW,FOMC Member Bowman Speaks,0,,,
2026-01-07 23:00:00+00:00,Etc/GMT,2026-01-07,23:00:00,EUR,LOW,German Factory Orders m/m,1,5.6%,-0.9%,1.6%
2026-01-07 23:45:00+00:00,Etc/GMT,2026-01-07,23:45:00,EUR,LOW,French Trade Balance,1,-4.2B,-4.3B,-3.5B
2026-01-08 01:00:00+00:00,Etc/GMT,2026-01-08,01:00:00,EUR,LOW,Italian Monthly Unemployment Rate,1,5.7%,6.0%,5.8%
2026-01-08 01:59:00+00:00,Etc/GMT,2026-01-08,01:59:00,EUR,LOW,French 10-y Bond Auction,0,3.53|2.0,,3.38|2.3
2026-01-08 02:00:00+00:00,Etc/GMT,2026-01-08,02:00:00,EUR,LOW,PPI m/m,1,0.5%,0.4%,0.1%
2026-01-08 02:30:00+00:00,Etc/GMT,2026-01-08,02:30:00,USD,LOW,Challenger Job Cuts y/y,0,-8.3%,,23.5%
2026-01-08 05:00:00+00:00,Etc/GMT,2026-01-08,05:00:00,USD,LOW,FOMC Member Miran Speaks,0,,,
2026-01-08 07:00:00+00:00,Etc/GMT,2026-01-08,07:00:00,USD,LOW,Final Wholesale Inventories m/m,0,0.2%,0.2%,0.5%
2026-01-08 07:30:00+00:00,Etc/GMT,2026-01-08,07:30:00,USD,LOW,Natural Gas Storage,1,-119B,-109B,-38B
2026-01-08 12:00:00+00:00,Etc/GMT,2026-01-08,12:00:00,USD,LOW,Consumer Credit m/m,1,4.2B,10.1B,9.2B
2026-01-08 23:00:00+00:00,Etc/GMT,2026-01-08,23:00:00,EUR,LOW,German Industrial Production m/m,1,0.8%,-0.6%,2.0%
2026-01-08 23:45:00+00:00,Etc/GMT,2026-01-08,23:45:00,EUR,LOW,French Consumer Spending m/m,-1,-0.3%,-0.1%,0.5%
2026-01-09 01:00:00+00:00,Etc/GMT,2026-01-09,01:00:00,EUR,LOW,Italian Retail Sales m/m,1,0.5%,0.3%,0.5%
2026-01-09 02:00:00+00:00,Etc/GMT,2026-01-09,02:00:00,EUR,LOW,Retail Sales m/m,1,0.2%,0.1%,0.0%
2026-01-09 07:00:00+00:00,Etc/GMT,2026-01-09,07:00:00,USD,HIGH,Prelim UoM Consumer Sentiment,-1,54.0,53.5,52.9
2026-01-09 10:35:00+00:00,Etc/GMT,2026-01-09,10:35:00,USD,LOW,FOMC Member Barkin Speaks,0,,,
2026-01-12 01:30:00+00:00,Etc/GMT,2026-01-12,01:30:00,EUR,LOW,Sentix Investor Confidence,1,-1.8,-5.1,-6.2
2026-01-12 09:45:00+00:00,Etc/GMT,2026-01-12,09:45:00,USD,LOW,FOMC Member Barkin Speaks,0,,,
2026-01-12 10:01:00+00:00,Etc/GMT,2026-01-12,10:01:00,USD,LOW,10-y Bond Auction,0,4.17|2.6,,4.18|2.6
2026-01-12 15:00:00+00:00,Etc/GMT,2026-01-12,15:00:00,USD,LOW,FOMC Member Williams Speaks,0,,,
2026-01-13 00:36:00+00:00,Etc/GMT,2026-01-13,00:36:00,EUR,LOW,French Gov Budget Balance,0,-155.4B,,-136.2B
2026-01-13 03:00:00+00:00,Etc/GMT,2026-01-13,03:00:00,USD,LOW,NFIB Small Business Index,0,99.5,99.5,99.0
2026-01-13 05:15:00+00:00,Etc/GMT,2026-01-13,05:15:00,USD,LOW,ADP Weekly Employment Change,0,11.8K,,11.0K
2026-01-13 07:00:00+00:00,Etc/GMT,2026-01-13,07:00:00,USD,LOW,New Home Sales,-1,737K,716K,738K
2026-01-13 07:03:00+00:00,Etc/GMT,2026-01-13,07:03:00,USD,LOW,RCM/TIPP Economic Optimism,1,47.2,48.2,47.9
2026-01-13 10:01:00+00:00,Etc/GMT,2026-01-13,10:01:00,USD,LOW,30-y Bond Auction,0,4.83|2.4,,4.77|2.4
2026-01-13 11:00:00+00:00,Etc/GMT,2026-01-13,11:00:00,USD,LOW,President Trump Speaks,0,,,
2026-01-13 13:00:00+00:00,Etc/GMT,2026-01-13,13:00:00,USD,LOW,FOMC Member Barkin Speaks,0,,,
2026-01-13 13:30:00+00:00,Etc/GMT,2026-01-13,13:30:00,USD,LOW,API Weekly Statistical Bulletin,0,,,
2026-01-14 02:36:00+00:00,Etc/GMT,2026-01-14,02:36:00,EUR,LOW,German 30-y Bond Auction,0,3.45|2.1,,3.26|1.3
2026-01-14 05:30:00+00:00,Etc/GMT,2026-01-14,05:30:00,USD,HIGH,Core PPI m/m,1,0.0%,0.2%,0.3%
2026-01-14 06:50:00+00:00,Etc/GMT,2026-01-14,06:50:00,USD,LOW,FOMC Member Paulson Speaks,0,,,
2026-01-14 07:00:00+00:00,Etc/GMT,2026-01-14,07:00:00,USD,LOW,Business Inventories m/m,-1,0.3%,0.1%,0.3%
2026-01-14 09:00:00+00:00,Etc/GMT,2026-01-14,09:00:00,USD,LOW,FOMC Member Bostic Speaks,0,,,
2026-01-14 11:00:00+00:00,Etc/GMT,2026-01-14,11:00:00,USD,LOW,Beige Book,0,,,
2026-01-14 11:10:00+00:00,Etc/GMT,2026-01-14,11:10:00,USD,LOW,FOMC Member Williams Speaks,0,,,
2026-01-14 23:00:00+00:00,Etc/GMT,2026-01-14,23:00:00,EUR,LOW,German WPI m/m,-1,-0.2%,0.2%,0.3%
2026-01-14 23:45:00+00:00,Etc/GMT,2026-01-14,23:45:00,EUR,LOW,French Final CPI m/m,0,0.1%,0.1%,0.1%
2026-01-15 01:00:00+00:00,Etc/GMT,2026-01-15,01:00:00,EUR,LOW,ECB Economic Bulletin,0,,,
2026-01-15 02:00:00+00:00,Etc/GMT,2026-01-15,02:00:00,EUR,LOW,Industrial Production m/m,1,0.7%,0.5%,0.7%
2026-01-15 03:00:00+00:00,Etc/GMT,2026-01-15,03:00:00,EUR,LOW,Italian Trade Balance,-1,5.08B,5.22B,4.18B
2026-01-15 05:35:00+00:00,Etc/GMT,2026-01-15,05:35:00,USD,LOW,FOMC Member Bostic Speaks,0,,,
2026-01-15 06:15:00+00:00,Etc/GMT,2026-01-15,06:15:00,USD,LOW,FOMC Member Barr Speaks,0,,,
2026-01-15 07:30:00+00:00,Etc/GMT,2026-01-15,07:30:00,USD,LOW,Natural Gas Storage,-1,-71B,-89B,-119B
2026-01-15 09:40:00+00:00,Etc/GMT,2026-01-15,09:40:00,USD,LOW,FOMC Member Barkin Speaks,0,,,
2026-01-15 10:30:00+00:00,Etc/GMT,2026-01-15,10:30:00,USD,LOW,FOMC Member Schmid Speaks,0,,,
2026-01-15 13:00:00+00:00,Etc/GMT,2026-01-15,13:00:00,USD,LOW,TIC Long-Term Purchases,-1,220.2B,48.7B,30.9B
2026-01-15 23:00:00+00:00,Etc/GMT,2026-01-15,23:00:00,EUR,LOW,German Final CPI m/m,0,0.0%,0.0%,0.0%
2026-01-16 06:15:00+00:00,Etc/GMT,2026-01-16,06:15:00,USD,LOW,Capacity Utilization Rate,-1,76.3%,76.0%,76.1%
2026-01-16 07:00:00+00:00,Etc/GMT,2026-01-16,07:00:00,USD,LOW,NAHB Housing Market Index,1,37,40,39
2026-01-16 07:50:00+00:00,Etc/GMT,2026-01-16,07:50:00,USD,LOW,FOMC Member Collins Speaks,0,,,
2026-01-16 08:00:00+00:00,Etc/GMT,2026-01-16,08:00:00,USD,LOW,FOMC Member Bowman Speaks,0,,,
2026-01-16 12:30:00+00:00,Etc/GMT,2026-01-16,12:30:00,USD,LOW,FOMC Member Jefferson Speaks,0,,,
2026-01-19 02:00:00+00:00,Etc/GMT,2026-01-19,02:00:00,EUR,LOW,Final Core CPI y/y,0,2.3%,2.3%,2.3%
2026-01-19 23:00:00+00:00,Etc/GMT,2026-01-19,23:00:00,EUR,LOW,German PPI m/m,0,-0.2%,-0.2%,0.0%
2026-01-20 01:00:00+00:00,Etc/GMT,2026-01-20,01:00:00,EUR,LOW,Current Account,-1,8.6B,20.3B,26.7B
2026-01-20 02:00:00+00:00,Etc/GMT,2026-01-20,02:00:00,EUR,LOW,German ZEW Economic Sentiment,1,59.6,50.0,45.8
2026-01-20 05:15:00+00:00,Etc/GMT,2026-01-20,05:15:00,USD,LOW,ADP Weekly Employment Change,0,8.0K,,11.3K
2026-01-20 10:00:00+00:00,Etc/GMT,2026-01-20,10:00:00,USD,LOW,President Trump Speaks,0,,,
2026-01-20 23:30:00+00:00,Etc/GMT,2026-01-20,23:30:00,EUR,LOW,ECB President Lagarde Speaks,0,,,
2026-01-21 02:34:00+00:00,Etc/GMT,2026-01-21,02:34:00,EUR,LOW,German 30-y Bond Auction,0,3.49|2.4,,3.45|2.1
2026-01-21 07:00:00+00:00,Etc/GMT,2026-01-21,07:00:00,USD,LOW,Pending Home Sales m/m,1,-9.3%,-0.3%,3.3%
2026-01-21 08:45:00+00:00,Etc/GMT,2026-01-21,08:45:00,EUR,LOW,ECB President Lagarde Speaks,0,,,
2026-01-21 10:00:00+00:00,Etc/GMT,2026-01-21,10:00:00,USD,LOW,President Trump Speaks,0,,,
2026-01-21 10:30:00+00:00,Etc/GMT,2026-01-21,10:30:00,EUR,LOW,German Buba President Nagel Speaks,0,,,
2026-01-21 13:30:00+00:00,Etc/GMT,2026-01-21,13:30:00,USD,LOW,API Weekly Statistical Bulletin,0,,,
2026-01-22 03:00:00+00:00,Etc/GMT,2026-01-22,03:00:00,EUR,LOW,German Buba Monthly Report,0,,,
2026-01-22 04:30:00+00:00,Etc/GMT,2026-01-22,04:30:00,EUR,LOW,ECB Monetary Policy Meeting Accounts,0,,,
2026-01-22 07:00:00+00:00,Etc/GMT,2026-01-22,07:00:00,EUR,LOW,Consumer Confidence,1,-12,-13,-15
2026-01-22 07:30:00+00:00,Etc/GMT,2026-01-22,07:30:00,USD,LOW,Natural Gas Storage,1,-120B,-90B,-71B
2026-01-22 09:00:00+00:00,Etc/GMT,2026-01-22,09:00:00,USD,LOW,Crude Oil Inventories,-1,3.6M,-1.0M,3.4M
2026-01-23 00:15:00+00:00,Etc/GMT,2026-01-23,00:15:00,EUR,LOW,French Flash Manufacturing PMI,1,51.0,50.4,50.7
2026-01-23 00:30:00+00:00,Etc/GMT,2026-01-23,00:30:00,EUR,HIGH,German Flash Manufacturing PMI,1,48.7,47.8,47.0
2026-01-23 01:00:00+00:00,Etc/GMT,2026-01-23,01:00:00,EUR,LOW,Flash Manufacturing PMI,1,49.4,49.1,48.8
2026-01-23 02:00:00+00:00,Etc/GMT,2026-01-23,02:00:00,EUR,LOW,ECB President Lagarde Speaks,0,,,
2026-01-23 06:45:00+00:00,Etc/GMT,2026-01-23,06:45:00,USD,HIGH,Flash Manufacturing PMI,0,51.9,51.9,51.8
2026-01-23 07:00:00+00:00,Etc/GMT,2026-01-23,07:00:00,USD,LOW,Revised UoM Consumer Sentiment,-1,56.4,54.0,54.0
2026-01-23 07:54:00+00:00,Etc/GMT,2026-01-23,07:54:00,USD,LOW,CB Leading Index m/m,1,-0.3%,-0.2%,-0.1%
2026-01-26 01:00:00+00:00,Etc/GMT,2026-01-26,01:00:00,EUR,LOW,German ifo Business Climate,-1,87.6,88.3,87.6
2026-01-26 03:00:00+00:00,Etc/GMT,2026-01-26,03:00:00,EUR,LOW,German Buba President Nagel Speaks,0,,,
2026-01-26 05:30:00+00:00,Etc/GMT,2026-01-26,05:30:00,EUR,LOW,German Buba President Nagel Speaks,0,,,
2026-01-26 05:33:00+00:00,Etc/GMT,2026-01-26,05:33:00,EUR,LOW,Belgian NBB Business Climate,1,-8.8,-10.2,-11.9
2026-01-27 00:00:00+00:00,Etc/GMT,2026-01-27,00:00:00,EUR,LOW,Spanish Unemployment Rate,1,9.9%,10.2%,10.5%
2026-01-27 05:15:00+00:00,Etc/GMT,2026-01-27,05:15:00,USD,LOW,ADP Weekly Employment Change,0,7.8K,,8.0K
2026-01-27 06:00:00+00:00,Etc/GMT,2026-01-27,06:00:00,USD,LOW,HPI m/m,-1,0.6%,0.3%,0.4%
2026-01-27 07:00:00+00:00,Etc/GMT,2026-01-27,07:00:00,USD,LOW,CB Consumer Confidence,1,84.5,90.6,94.2
2026-01-27 09:00:00+00:00,Etc/GMT,2026-01-27,09:00:00,EUR,LOW,German Buba President Nagel Speaks,0,,,
2026-01-27 13:00:00+00:00,Etc/GMT,2026-01-27,13:00:00,USD,LOW,President Trump Speaks,0,,,
2026-01-27 13:30:00+00:00,Etc/GMT,2026-01-27,13:30:00,USD,LOW,API Weekly Statistical Bulletin,0,,,
2026-01-27 23:00:00+00:00,Etc/GMT,2026-01-27,23:00:00,EUR,LOW,German GfK Consumer Climate,1,-24.1,-25.5,-26.9
2026-01-28 02:34:00+00:00,Etc/GMT,2026-01-28,02:34:00,EUR,LOW,German 10-y Bond Auction,0,2.85|1.7,,2.83|1.3
2026-01-28 11:00:00+00:00,Etc/GMT,2026-01-28,11:00:00,USD,HIGH,Federal Funds Rate,0,3.75%,3.75%,3.75%
2026-01-28 11:30:00+00:00,Etc/GMT,2026-01-28,11:30:00,USD,HIGH,FOMC Press Conference,0,,,
2026-01-29 01:00:00+00:00,Etc/GMT,2026-01-29,01:00:00,EUR,LOW,M3 Money Supply y/y,-1,2.8%,3.0%,3.0%
2026-01-29 07:00:00+00:00,Etc/GMT,2026-01-29,07:00:00,USD,LOW,Factory Orders m/m,-1,2.7%,1.7%,-1.2%
2026-01-29 07:30:00+00:00,Etc/GMT,2026-01-29,07:30:00,USD,LOW,Natural Gas Storage,1,-242B,-237B,-120B
2026-01-29 13:00:00+00:00,Etc/GMT,2026-01-29,13:00:00,USD,LOW,Treasury Currency Report,0,,,
2026-01-29 13:30:00+00:00,Etc/GMT,2026-01-29,13:30:00,USD,LOW,President Trump Speaks,0,,,
2026-01-29 22:30:00+00:00,Etc/GMT,2026-01-29,22:30:00,EUR,LOW,French Consumer Spending m/m,-1,-0.6%,-0.4%,-0.3%
2026-01-29 23:00:00+00:00,Etc/GMT,2026-01-29,23:00:00,EUR,LOW,German Import Prices m/m,1,-0.1%,-0.4%,0.5%
2026-01-29 23:45:00+00:00,Etc/GMT,2026-01-29,23:45:00,EUR,LOW,French Prelim Private Payrolls q/q,-1,-0.1%,0.1%,-0.1%
2026-01-30 00:55:00+00:00,Etc/GMT,2026-01-30,00:55:00,EUR,LOW,German Unemployment Change,1,0K,4K,3K
2026-01-30 01:00:00+00:00,Etc/GMT,2026-01-30,01:00:00,EUR,LOW,German Prelim GDP q/q,1,0.3%,0.2%,0.0%
2026-01-30 02:00:00+00:00,Etc/GMT,2026-01-30,02:00:00,EUR,LOW,Italian Monthly Unemployment Rate,1,5.6%,5.8%,5.6%
2026-01-30 06:45:00+00:00,Etc/GMT,2026-01-30,06:45:00,USD,LOW,Chicago PMI,-1,54.0,43.5,43.5
2026-01-30 10:30:00+00:00,Etc/GMT,2026-01-30,10:30:00,USD,LOW,FOMC Member Musalem Speaks,0,,,
2026-01-30 14:00:00+00:00,Etc/GMT,2026-01-30,14:00:00,USD,LOW,FOMC Member Bowman Speaks,0,,,
2026-02-01 23:00:00+00:00,Etc/GMT,2026-02-01,23:00:00,EUR,LOW,German Retail Sales m/m,1,0.1%,-0.1%,-0.5%
2026-02-02 00:15:00+00:00,Etc/GMT,2026-02-02,00:15:00,EUR,LOW,Spanish Manufacturing PMI,-1,49.2,49.9,49.6
2026-02-02 00:45:00+00:00,Etc/GMT,2026-02-02,00:45:00,EUR,LOW,Italian Manufacturing PMI,-1,48.1,48.5,47.9
2026-02-02 00:50:00+00:00,Etc/GMT,2026-02-02,00:50:00,EUR,LOW,French Final Manufacturing PMI,1,51.2,51.0,51.0
2026-02-02 00:55:00+00:00,Etc/GMT,2026-02-02,00:55:00,EUR,LOW,German Final Manufacturing PMI,1,49.1,48.7,48.7
2026-02-02 01:00:00+00:00,Etc/GMT,2026-02-02,01:00:00,EUR,LOW,Final Manufacturing PMI,1,49.5,49.4,49.4
2026-02-02 06:45:00+00:00,Etc/GMT,2026-02-02,06:45:00,USD,LOW,Final Manufacturing PMI,-1,52.4,51.9,51.9
2026-02-02 07:00:00+00:00,Etc/GMT,2026-02-02,07:00:00,USD,HIGH,ISM Manufacturing PMI,-1,52.6,48.5,47.9
2026-02-02 09:30:00+00:00,Etc/GMT,2026-02-02,09:30:00,USD,LOW,FOMC Member Bostic Speaks,0,,,
2026-02-02 11:00:00+00:00,Etc/GMT,2026-02-02,11:00:00,USD,LOW,Loan Officer Survey,0,,,
2026-02-02 23:45:00+00:00,Etc/GMT,2026-02-02,23:45:00,EUR,LOW,French Gov Budget Balance,0,-124.7B,,-155.4B
2026-02-03 00:00:00+00:00,Etc/GMT,2026-02-03,00:00:00,EUR,LOW,Spanish Unemployment Change,-1,30.4K,13.4K,-16.3K
2026-02-03 05:00:00+00:00,Etc/GMT,2026-02-03,05:00:00,USD,LOW,FOMC Member Barkin Speaks,0,,,
2026-02-03 06:40:00+00:00,Etc/GMT,2026-02-03,06:40:00,USD,LOW,FOMC Member Bowman Speaks,0,,,
2026-02-03 07:01:00+00:00,Etc/GMT,2026-02-03,07:01:00,USD,LOW,RCM/TIPP Economic Optimism,-1,48.8,47.9,47.2
2026-02-03 13:30:00+00:00,Etc/GMT,2026-02-03,13:30:00,USD,LOW,API Weekly Statistical Bulletin,0,,,
2026-02-04 00:15:00+00:00,Etc/GMT,2026-02-04,00:15:00,EUR,LOW,Spanish Services PMI,-1,53.5,56.6,57.1
2026-02-04 00:45:00+00:00,Etc/GMT,2026-02-04,00:45:00,EUR,LOW,Italian Services PMI,1,52.9,51.3,51.5
2026-02-04 00:50:00+00:00,Etc/GMT,2026-02-04,00:50:00,EUR,LOW,French Final Services PMI,1,48.4,47.9,47.9
2026-02-04 00:55:00+00:00,Etc/GMT,2026-02-04,00:55:00,EUR,LOW,German Final Services PMI,-1,52.4,53.3,53.3
2026-02-04 01:00:00+00:00,Etc/GMT,2026-02-04,01:00:00,EUR,LOW,Final Services PMI,-1,51.6,51.9,51.9
2026-02-04 02:00:00+00:00,Etc/GMT,2026-02-04,02:00:00,EUR,LOW,Core CPI Flash Estimate y/y,-1,2.2%,2.3%,2.3%
2026-02-04 05:15:00+00:00,Etc/GMT,2026-02-04,05:15:00,USD,HIGH,ADP Non-Farm Employment Change,1,22K,46K,37K
2026-02-04 06:45:00+00:00,Etc/GMT,2026-02-04,06:45:00,USD,LOW,Final Services PMI,-1,52.7,52.5,52.5
2026-02-04 07:00:00+00:00,Etc/GMT,2026-02-04,07:00:00,USD,HIGH,ISM Services PMI,-1,53.8,53.5,54.4
2026-02-04 07:30:00+00:00,Etc/GMT,2026-02-04,07:30:00,USD,LOW,Crude Oil Inventories,1,-3.5M,-2.0M,-2.3M
2026-02-04 15:30:00+00:00,Etc/GMT,2026-02-04,15:30:00,USD,LOW,FOMC Member Cook Speaks,0,,,
2026-02-04 23:00:00+00:00,Etc/GMT,2026-02-04,23:00:00,EUR,LOW,German Factory Orders m/m,1,7.8%,-1.8%,5.7%
2026-02-04 23:45:00+00:00,Etc/GMT,2026-02-04,23:45:00,EUR,LOW,French Industrial Production m/m,-1,-0.7%,0.2%,0.1%
2026-02-05 01:00:00+00:00,Etc/GMT,2026-02-05,01:00:00,EUR,LOW,Italian Retail Sales m/m,-1,-0.8%,-0.4%,0.5%
2026-02-05 01:43:00+00:00,Etc/GMT,2026-02-05,01:43:00,EUR,LOW,Spanish 10-y Bond Auction,0,3.22|2.4,,3.20|1.9
2026-02-05 02:00:00+00:00,Etc/GMT,2026-02-05,02:00:00,EUR,LOW,Retail Sales m/m,-1,-0.5%,-0.2%,0.1%
2026-02-05 02:01:00+00:00,Etc/GMT,2026-02-05,02:01:00,EUR,LOW,French 10-y Bond Auction,0,3.45|2.4,,3.53|2.0
2026-02-05 05:15:00+00:00,Etc/GMT,2026-02-05,05:15:00,EUR,HIGH,Main Refinancing Rate,0,2.15%,2.15%,2.15%
2026-02-05 05:30:00+00:00,Etc/GMT,2026-02-05,05:30:00,USD,HIGH,Unemployment Claims,-1,231K,212K,209K
2026-02-05 05:45:00+00:00,Etc/GMT,2026-02-05,05:45:00,EUR,HIGH,ECB Press Conference,0,,,
2026-02-05 07:00:00+00:00,Etc/GMT,2026-02-05,07:00:00,USD,HIGH,JOLTS Job Openings,1,6.54M,7.25M,6.93M
2026-02-05 07:30:00+00:00,Etc/GMT,2026-02-05,07:30:00,USD,LOW,Natural Gas Storage,-1,-360B,-379B,-242B
2026-02-05 07:50:00+00:00,Etc/GMT,2026-02-05,07:50:00,USD,LOW,FOMC Member Bostic Speaks,0,,,
2026-02-05 16:00:00+00:00,Etc/GMT,2026-02-05,16:00:00,USD,LOW,President Trump Speaks,0,,,
2026-02-05 23:00:00+00:00,Etc/GMT,2026-02-05,23:00:00,EUR,LOW,German Industrial Production m/m,-1,-1.9%,-0.2%,0.2%
2026-02-05 23:45:00+00:00,Etc/GMT,2026-02-05,23:45:00,EUR,LOW,French Trade Balance,-1,-4.8B,-3.8B,-4.0B
2026-02-06 09:00:00+00:00,Etc/GMT,2026-02-06,09:00:00,USD,LOW,FOMC Member Jefferson Speaks,0,,,
2026-02-06 12:00:00+00:00,Etc/GMT,2026-02-06,12:00:00,USD,LOW,Consumer Credit m/m,-1,24.0B,9.0B,4.7B
2026-02-09 01:30:00+00:00,Etc/GMT,2026-02-09,01:30:00,EUR,LOW,Sentix Investor Confidence,1,4.2,-0.2,-1.8
2026-02-09 08:00:00+00:00,Etc/GMT,2026-02-09,08:00:00,EUR,LOW,German Buba President Nagel Speaks,0,,,
2026-02-09 09:00:00+00:00,Etc/GMT,2026-02-09,09:00:00,EUR,LOW,ECB President Lagarde Speaks,0,,,
2026-02-09 10:30:00+00:00,Etc/GMT,2026-02-09,10:30:00,USD,LOW,FOMC Member Waller Speaks,0,,,
2026-02-09 12:15:00+00:00,Etc/GMT,2026-02-09,12:15:00,USD,LOW,FOMC Member Bostic Speaks,0,,,
2026-02-09 14:00:00+00:00,Etc/GMT,2026-02-09,14:00:00,USD,LOW,FOMC Member Miran Speaks,0,,,
2026-02-10 03:00:00+00:00,Etc/GMT,2026-02-10,03:00:00,USD,LOW,NFIB Small Business Index,1,99.3,99.8,99.5
2026-02-10 05:15:00+00:00,Etc/GMT,2026-02-10,05:15:00,USD,LOW,ADP Weekly Employment Change,0,6.5K,,5.0K
2026-02-10 05:30:00+00:00,Etc/GMT,2026-02-10,05:30:00,USD,HIGH,Core Retail Sales m/m,1,0.0%,0.3%,0.4%
2026-02-10 07:00:00+00:00,Etc/GMT,2026-02-10,07:00:00,USD,LOW,Business Inventories m/m,1,0.1%,0.2%,0.2%
2026-02-10 09:00:00+00:00,Etc/GMT,2026-02-10,09:00:00,USD,LOW,FOMC Member Hammack Speaks,0,,,
2026-02-10 10:00:00+00:00,Etc/GMT,2026-02-10,10:00:00,USD,LOW,FOMC Member Logan Speaks,0,,,
2026-02-10 13:30:00+00:00,Etc/GMT,2026-02-10,13:30:00,USD,LOW,API Weekly Statistical Bulletin,0,,,
2026-02-11 01:00:00+00:00,Etc/GMT,2026-02-11,01:00:00,EUR,LOW,Italian Industrial Production m/m,1,-0.4%,-0.6%,1.5%
2026-02-11 02:33:00+00:00,Etc/GMT,2026-02-11,02:33:00,EUR,LOW,German 30-y Bond Auction,0,3.47|1.6,,3.49|2.4
2026-02-11 07:00:00+00:00,Etc/GMT,2026-02-11,07:00:00,USD,LOW,FOMC Member Schmid Speaks,0,,,
2026-02-11 07:15:00+00:00,Etc/GMT,2026-02-11,07:15:00,USD,LOW,FOMC Member Bowman Speaks,0,,,
2026-02-11 07:30:00+00:00,Etc/GMT,2026-02-11,07:30:00,USD,LOW,Crude Oil Inventories,-1,8.5M,-0.2M,-3.5M
2026-02-11 10:01:00+00:00,Etc/GMT,2026-02-11,10:01:00,USD,LOW,10-y Bond Auction,0,4.18|2.4,,4.17|2.6
2026-02-11 11:00:00+00:00,Etc/GMT,2026-02-11,11:00:00,USD,LOW,Federal Budget Balance,0,-94.6B,-94.6B,-144.7B
2026-02-11 13:00:00+00:00,Etc/GMT,2026-02-11,13:00:00,USD,LOW,FOMC Member Hammack Speaks,0,,,
2026-02-12 05:30:00+00:00,Etc/GMT,2026-02-12,05:30:00,USD,HIGH,Unemployment Claims,-1,227K,222K,232K
2026-02-12 07:00:00+00:00,Etc/GMT,2026-02-12,07:00:00,USD,LOW,Existing Home Sales,1,3.91M,4.16M,4.27M
2026-02-12 09:40:00+00:00,Etc/GMT,2026-02-12,09:40:00,USD,LOW,Mortgage Delinquencies,0,4.26%,,3.99%
2026-02-12 10:01:00+00:00,Etc/GMT,2026-02-12,10:01:00,USD,LOW,30-y Bond Auction,0,4.75|2.7,,4.83|2.4
2026-02-12 12:30:00+00:00,Etc/GMT,2026-02-12,12:30:00,EUR,LOW,German Buba President Nagel Speaks,0,,,
2026-02-12 16:00:00+00:00,Etc/GMT,2026-02-12,16:00:00,USD,LOW,FOMC Member Logan Speaks,0,,,
2026-02-12 16:05:00+00:00,Etc/GMT,2026-02-12,16:05:00,USD,LOW,FOMC Member Miran Speaks,0,,,
2026-02-12 23:00:00+00:00,Etc/GMT,2026-02-12,23:00:00,EUR,LOW,German WPI m/m,1,0.9%,0.1%,-0.2%
2026-02-13 02:00:00+00:00,Etc/GMT,2026-02-13,02:00:00,EUR,LOW,Flash Employment Change q/q,1,0.2%,0.1%,0.2%
2026-02-13 05:30:00+00:00,Etc/GMT,2026-02-13,05:30:00,USD,HIGH,Core CPI m/m,0,0.3%,0.3%,0.2%
2026-02-14 08:30:00+00:00,Etc/GMT,2026-02-14,08:30:00,EUR,LOW,ECB President Lagarde Speaks,0,,,
2026-02-15 01:30:00+00:00,Etc/GMT,2026-02-15,01:30:00,EUR,LOW,ECB President Lagarde Speaks,0,,,
2026-02-16 02:00:00+00:00,Etc/GMT,2026-02-16,02:00:00,EUR,LOW,Industrial Production m/m,1,-1.4%,-1.5%,0.3%
2026-02-16 05:25:00+00:00,Etc/GMT,2026-02-16,05:25:00,USD,LOW,FOMC Member Bowman Speaks,0,,,
2026-02-16 09:40:00+00:00,Etc/GMT,2026-02-16,09:40:00,EUR,LOW,German Buba President Nagel Speaks,0,,,
2026-02-16 23:00:00+00:00,Etc/GMT,2026-02-16,23:00:00,EUR,LOW,German Final CPI m/m,0,0.1%,0.1%,0.1%
2026-02-17 01:00:00+00:00,Etc/GMT,2026-02-17,01:00:00,EUR,LOW,Italian Trade Balance,1,6.04B,4.75B,5.06B
2026-02-17 02:00:00+00:00,Etc/GMT,2026-02-17,02:00:00,EUR,LOW,ZEW Economic Sentiment,-1,39.4,45.7,40.8
2026-02-17 05:15:00+00:00,Etc/GMT,2026-02-17,05:15:00,USD,LOW,ADP Weekly Employment Change,0,10.3K,,7.8K
2026-02-17 06:45:00+00:00,Etc/GMT,2026-02-17,06:45:00,USD,LOW,Cleveland Fed Inflation Expectations,0,3.1%,,3.3%
2026-02-17 07:00:00+00:00,Etc/GMT,2026-02-17,07:00:00,USD,LOW,NAHB Housing Market Index,1,36,38,37
2026-02-17 09:45:00+00:00,Etc/GMT,2026-02-17,09:45:00,USD,LOW,FOMC Member Barr Speaks,0,,,
2026-02-17 11:30:00+00:00,Etc/GMT,2026-02-17,11:30:00,USD,LOW,FOMC Member Daly Speaks,0,,,
2026-02-17 23:45:00+00:00,Etc/GMT,2026-02-17,23:45:00,EUR,LOW,French Final CPI m/m,0,-0.3%,-0.3%,-0.3%
2026-02-18 02:32:00+00:00,Etc/GMT,2026-02-18,02:32:00,EUR,LOW,German 10-y Bond Auction,0,2.73|1.5,,2.85|1.7
2026-02-18 05:30:00+00:00,Etc/GMT,2026-02-18,05:30:00,USD,LOW,Core Durable Goods Orders m/m,-1,0.9%,0.3%,0.4%
2026-02-18 06:15:00+00:00,Etc/GMT,2026-02-18,06:15:00,USD,LOW,Capacity Utilization Rate,1,76.2%,76.6%,75.7%
2026-02-18 10:00:00+00:00,Etc/GMT,2026-02-18,10:00:00,USD,LOW,FOMC Member Bowman Speaks,0,,,
2026-02-18 11:00:00+00:00,Etc/GMT,2026-02-18,11:00:00,USD,HIGH,FOMC Meeting Minutes,0,,,
2026-02-18 13:00:00+00:00,Etc/GMT,2026-02-18,13:00:00,USD,LOW,TIC Long-Term Purchases,1,28.0B,128.6B,206.6B
2026-02-18 13:30:00+00:00,Etc/GMT,2026-02-18,13:30:00,USD,LOW,API Weekly Statistical Bulletin,0,,,
2026-02-19 01:00:00+00:00,Etc/GMT,2026-02-19,01:00:00,EUR,LOW,Current Account,1,14.6B,9.8B,8.9B
2026-02-19 01:43:00+00:00,Etc/GMT,2026-02-19,01:43:00,EUR,LOW,Spanish 10-y Bond Auction,0,3.17|2.5,,3.22|2.4
2026-02-19 03:00:00+00:00,Etc/GMT,2026-02-19,03:00:00,EUR,LOW,German Buba Monthly Report,0,,,
2026-02-19 05:20:00+00:00,Etc/GMT,2026-02-19,05:20:00,USD,LOW,FOMC Member Bostic Speaks,0,,,
2026-02-19 06:00:00+00:00,Etc/GMT,2026-02-19,06:00:00,USD,LOW,FOMC Member Kashkari Speaks,0,,,
2026-02-19 07:00:00+00:00,Etc/GMT,2026-02-19,07:00:00,USD,LOW,Pending Home Sales m/m,1,-0.8%,1.4%,-7.4%
2026-02-19 07:10:00+00:00,Etc/GMT,2026-02-19,07:10:00,EUR,LOW,Consumer Confidence,0,-12,-12,-12
2026-02-19 07:30:00+00:00,Etc/GMT,2026-02-19,07:30:00,USD,LOW,FOMC Member Goolsbee Speaks,0,,,
2026-02-19 09:00:00+00:00,Etc/GMT,2026-02-19,09:00:00,USD,LOW,Crude Oil Inventories,1,-9.0M,1.7M,8.5M
2026-02-19 13:00:00+00:00,Etc/GMT,2026-02-19,13:00:00,USD,LOW,President Trump Speaks,0,,,
2026-02-19 16:00:00+00:00,Etc/GMT,2026-02-19,16:00:00,EUR,LOW,ECB President Lagarde Speaks,0,,,
2026-02-19 23:00:00+00:00,Etc/GMT,2026-02-19,23:00:00,EUR,LOW,German PPI m/m,-1,-0.6%,0.3%,-0.2%
2026-02-20 00:15:00+00:00,Etc/GMT,2026-02-20,00:15:00,EUR,LOW,French Flash Manufacturing PMI,-1,49.9,50.9,51.2
2026-02-20 00:30:00+00:00,Etc/GMT,2026-02-20,00:30:00,EUR,HIGH,German Flash Manufacturing PMI,1,50.7,49.6,49.1
2026-02-20 01:00:00+00:00,Etc/GMT,2026-02-20,01:00:00,EUR,LOW,Flash Manufacturing PMI,1,50.8,49.9,49.5
2026-02-20 06:45:00+00:00,Etc/GMT,2026-02-20,06:45:00,USD,HIGH,Flash Manufacturing PMI,1,51.2,52.4,52.4
2026-02-20 07:00:00+00:00,Etc/GMT,2026-02-20,07:00:00,USD,LOW,New Home Sales,-1,745K,732K,758K
2026-02-20 09:45:00+00:00,Etc/GMT,2026-02-20,09:45:00,USD,HIGH,President Trump Speaks,0,,,
2026-02-20 12:30:00+00:00,Etc/GMT,2026-02-20,12:30:00,USD,LOW,FOMC Member Musalem Speaks,0,,,
2026-02-23 01:00:00+00:00,Etc/GMT,2026-02-23,01:00:00,EUR,LOW,German ifo Business Climate,1,88.6,88.4,87.6
2026-02-23 05:00:00+00:00,Etc/GMT,2026-02-23,05:00:00,USD,LOW,FOMC Member Waller Speaks,0,,,
2026-02-23 05:26:00+00:00,Etc/GMT,2026-02-23,05:26:00,EUR,LOW,Belgian NBB Business Climate,-1,-13.7,-7.5,-8.8
2026-02-23 07:00:00+00:00,Etc/GMT,2026-02-23,07:00:00,USD,LOW,Factory Orders m/m,1,-0.7%,-0.4%,2.7%
2026-02-23 09:30:00+00:00,Etc/GMT,2026-02-23,09:30:00,EUR,LOW,ECB President Lagarde Speaks,0,,,
2026-02-24 05:00:00+00:00,Etc/GMT,2026-02-24,05:00:00,USD,LOW,FOMC Member Goolsbee Speaks,0,,,
2026-02-24 05:15:00+00:00,Etc/GMT,2026-02-24,05:15:00,USD,LOW,ADP Weekly Employment Change,0,12.8K,,11.5K
2026-02-24 06:00:00+00:00,Etc/GMT,2026-02-24,06:00:00,USD,LOW,FOMC Member Bostic Speaks,0,,,
2026-02-24 06:30:00+00:00,Etc/GMT,2026-02-24,06:30:00,USD,LOW,FOMC Member Cook Speaks,0,,,
2026-02-24 07:00:00+00:00,Etc/GMT,2026-02-24,07:00:00,USD,LOW,CB Consumer Confidence,-1,91.2,87.4,89.0
2026-02-24 12:20:00+00:00,Etc/GMT,2026-02-24,12:20:00,USD,LOW,FOMC Member Barkin Speaks,0,,,
2026-02-24 13:30:00+00:00,Etc/GMT,2026-02-24,13:30:00,USD,LOW,API Weekly Statistical Bulletin,0,,,
2026-02-24 18:00:00+00:00,Etc/GMT,2026-02-24,18:00:00,USD,HIGH,President Trump Speaks,0,,,
2026-02-24 23:00:00+00:00,Etc/GMT,2026-02-24,23:00:00,EUR,LOW,German Final GDP q/q,0,0.3%,0.3%,0.3%
2026-02-25 02:00:00+00:00,Etc/GMT,2026-02-25,02:00:00,EUR,LOW,Final Core CPI y/y,0,2.2%,2.2%,2.2%
2026-02-25 06:30:00+00:00,Etc/GMT,2026-02-25,06:30:00,USD,LOW,FOMC Member Barkin Speaks,0,,,
2026-02-25 07:30:00+00:00,Etc/GMT,2026-02-25,07:30:00,USD,LOW,Crude Oil Inventories,-1,16.0M,1.8M,-9.0M
2026-02-25 08:00:00+00:00,Etc/GMT,2026-02-25,08:00:00,USD,LOW,FOMC Member Schmid Speaks,0,,,
2026-02-25 10:20:00+00:00,Etc/GMT,2026-02-25,10:20:00,USD,LOW,FOMC Member Musalem Speaks,0,,,
2026-02-26 00:30:00+00:00,Etc/GMT,2026-02-26,00:30:00,EUR,LOW,ECB President Lagarde Speaks,0,,,
2026-02-26 01:00:00+00:00,Etc/GMT,2026-02-26,01:00:00,EUR,LOW,M3 Money Supply y/y,1,3.3%,2.9%,2.8%
2026-02-26 02:06:00+00:00,Etc/GMT,2026-02-26,02:06:00,EUR,LOW,Italian 10-y Bond Auction,0,3.31|1.5,,3.44|1.6
2026-02-26 07:00:00+00:00,Etc/GMT,2026-02-26,07:00:00,USD,LOW,FOMC Member Bowman Speaks,0,,,
2026-02-26 07:30:00+00:00,Etc/GMT,2026-02-26,07:30:00,USD,LOW,Natural Gas Storage,1,-52B,-36B,-144B
2026-02-26 23:00:00+00:00,Etc/GMT,2026-02-26,23:00:00,EUR,LOW,German Import Prices m/m,1,1.1%,0.6%,-0.1%
2026-02-26 23:45:00+00:00,Etc/GMT,2026-02-26,23:45:00,EUR,LOW,French Consumer Spending m/m,1,0.5%,0.4%,-0.5%
2026-02-26 23:48:00+00:00,Etc/GMT,2026-02-26,23:48:00,EUR,LOW,French Final Private Payrolls q/q,0,-0.1%,-0.1%,-0.1%
2026-02-27 00:55:00+00:00,Etc/GMT,2026-02-27,00:55:00,EUR,LOW,German Unemployment Change,1,1K,2K,1K
2026-02-27 06:45:00+00:00,Etc/GMT,2026-02-27,06:45:00,USD,LOW,Chicago PMI,-1,57.7,52.0,54.0
2026-02-27 07:00:00+00:00,Etc/GMT,2026-02-27,07:00:00,USD,LOW,Construction Spending m/m,-1,0.3%,0.2%,-0.2%
2026-03-01 07:00:00+00:00,Etc/GMT,2026-03-01,07:00:00,EUR,LOW,German Buba President Nagel Speaks,0,,,
2026-03-01 23:00:00+00:00,Etc/GMT,2026-03-01,23:00:00,EUR,LOW,German Retail Sales m/m,-1,-0.9%,0.0%,1.2%
2026-03-02 00:15:00+00:00,Etc/GMT,2026-03-02,00:15:00,EUR,LOW,Spanish Manufacturing PMI,1,50.0,49.9,49.2
2026-03-02 00:45:00+00:00,Etc/GMT,2026-03-02,00:45:00,EUR,LOW,Italian Manufacturing PMI,1,50.6,49.1,48.1
2026-03-02 00:50:00+00:00,Etc/GMT,2026-03-02,00:50:00,EUR,LOW,French Final Manufacturing PMI,1,50.1,49.9,49.9
2026-03-02 00:55:00+00:00,Etc/GMT,2026-03-02,00:55:00,EUR,LOW,German Final Manufacturing PMI,1,50.9,50.7,50.7
2026-03-02 01:00:00+00:00,Etc/GMT,2026-03-02,01:00:00,EUR,LOW,Final Manufacturing PMI,0,50.8,50.8,50.8
2026-03-02 06:10:00+00:00,Etc/GMT,2026-03-02,06:10:00,EUR,LOW,German Buba President Nagel Speaks,0,,,
2026-03-02 06:45:00+00:00,Etc/GMT,2026-03-02,06:45:00,USD,LOW,Final Manufacturing PMI,-1,51.6,51.2,51.2
2026-03-02 07:00:00+00:00,Etc/GMT,2026-03-02,07:00:00,USD,HIGH,ISM Manufacturing PMI,-1,52.4,51.7,52.6
2026-03-02 08:00:00+00:00,Etc/GMT,2026-03-02,08:00:00,USD,LOW,President Trump Speaks,0,,,
2026-03-02 23:45:00+00:00,Etc/GMT,2026-03-02,23:45:00,EUR,LOW,French Gov Budget Balance,0,-9.7B,,-124.7B
2026-03-03 00:00:00+00:00,Etc/GMT,2026-03-03,00:00:00,EUR,LOW,Spanish Unemployment Change,1,3.6K,26.7K,30.4K
2026-03-03 02:00:00+00:00,Etc/GMT,2026-03-03,02:00:00,EUR,LOW,Core CPI Flash Estimate y/y,1,2.4%,2.2%,2.2%
2026-03-03 05:30:00+00:00,Etc/GMT,2026-03-03,05:30:00,USD,LOW,FOMC Member Bowman Speaks,0,,,
2026-03-03 06:55:00+00:00,Etc/GMT,2026-03-03,06:55:00,USD,LOW,FOMC Member Williams Speaks,0,,,
2026-03-03 07:01:00+00:00,Etc/GMT,2026-03-03,07:01:00,USD,LOW,RCM/TIPP Economic Optimism,1,47.5,50.1,48.8
2026-03-03 07:10:00+00:00,Etc/GMT,2026-03-03,07:10:00,USD,LOW,FOMC Member Schmid Speaks,0,,,
2026-03-03 08:45:00+00:00,Etc/GMT,2026-03-03,08:45:00,USD,LOW,FOMC Member Kashkari Speaks,0,,,
2026-03-03 13:30:00+00:00,Etc/GMT,2026-03-03,13:30:00,USD,LOW,API Weekly Statistical Bulletin,0,,,
2026-03-04 00:15:00+00:00,Etc/GMT,2026-03-04,00:15:00,EUR,LOW,Spanish Services PMI,-1,51.9,52.9,53.5
2026-03-04 00:45:00+00:00,Etc/GMT,2026-03-04,00:45:00,EUR,LOW,Italian Services PMI,-1,52.3,52.6,52.9
2026-03-04 00:50:00+00:00,Etc/GMT,2026-03-04,00:50:00,EUR,LOW,French Final Services PMI,0,49.6,49.6,49.6
2026-03-04 00:55:00+00:00,Etc/GMT,2026-03-04,00:55:00,EUR,LOW,German Final Services PMI,1,53.5,53.4,53.4
2026-03-04 02:00:00+00:00,Etc/GMT,2026-03-04,02:00:00,EUR,LOW,PPI m/m,1,0.7%,0.2%,-0.3%
2026-03-04 05:15:00+00:00,Etc/GMT,2026-03-04,05:15:00,USD,HIGH,ADP Non-Farm Employment Change,-1,63K,50K,11K
2026-03-04 06:45:00+00:00,Etc/GMT,2026-03-04,06:45:00,USD,LOW,Final Services PMI,1,51.7,52.4,52.3
2026-03-04 07:00:00+00:00,Etc/GMT,2026-03-04,07:00:00,USD,HIGH,ISM Services PMI,-1,56.1,53.5,53.8
2026-03-04 11:00:00+00:00,Etc/GMT,2026-03-04,11:00:00,USD,LOW,Beige Book,0,,,
2026-03-04 23:45:00+00:00,Etc/GMT,2026-03-04,23:45:00,EUR,LOW,French Industrial Production m/m,1,0.5%,0.4%,-0.5%
2026-03-05 01:00:00+00:00,Etc/GMT,2026-03-05,01:00:00,EUR,LOW,Italian Retail Sales m/m,1,0.6%,-0.1%,-0.7%
2026-03-05 01:59:00+00:00,Etc/GMT,2026-03-05,01:59:00,EUR,LOW,French 10-y Bond Auction,0,3.39|2.2,,3.45|2.4
2026-03-05 02:00:00+00:00,Etc/GMT,2026-03-05,02:00:00,EUR,LOW,German Buba President Nagel Speaks,0,,,
2026-03-05 04:30:00+00:00,Etc/GMT,2026-03-05,04:30:00,EUR,LOW,ECB Monetary Policy Meeting Accounts,0,,,
2026-03-05 05:30:00+00:00,Etc/GMT,2026-03-05,05:30:00,USD,HIGH,Unemployment Claims,1,213K,215K,213K
2026-03-05 07:30:00+00:00,Etc/GMT,2026-03-05,07:30:00,USD,LOW,Natural Gas Storage,1,-132B,-122B,-52B
2026-03-05 09:00:00+00:00,Etc/GMT,2026-03-05,09:00:00,EUR,LOW,ECB President Lagarde Speaks,0,,,
2026-03-05 10:00:00+00:00,Etc/GMT,2026-03-05,10:00:00,USD,LOW,FOMC Member Bowman Speaks,0,,,
2026-03-05 16:00:00+00:00,Etc/GMT,2026-03-05,16:00:00,USD,LOW,FOMC Member Goolsbee Speaks,0,,,
2026-03-06 02:00:00+00:00,Etc/GMT,2026-03-06,02:00:00,EUR,LOW,Final Employment Change q/q,0,0.2%,0.2%,0.2%
2026-03-06 04:30:00+00:00,Etc/GMT,2026-03-06,04:30:00,USD,LOW,FOMC Member Waller Speaks,0,,,
2026-03-06 05:30:00+00:00,Etc/GMT,2026-03-06,05:30:00,USD,HIGH,Average Hourly Earnings m/m,-1,0.4%,0.3%,0.4%
2026-03-06 06:50:00+00:00,Etc/GMT,2026-03-06,06:50:00,USD,LOW,FOMC Member Goolsbee Speaks,0,,,
2026-03-06 07:15:00+00:00,Etc/GMT,2026-03-06,07:15:00,USD,LOW,FOMC Member Daly Speaks,0,,,
2026-03-06 08:30:00+00:00,Etc/GMT,2026-03-06,08:30:00,USD,LOW,FOMC Member Miran Speaks,0,,,
2026-03-06 10:20:00+00:00,Etc/GMT,2026-03-06,10:20:00,USD,LOW,FOMC Member Collins Speaks,0,,,
2026-03-06 12:00:00+00:00,Etc/GMT,2026-03-06,12:00:00,USD,LOW,Consumer Credit m/m,1,8.0B,12.4B,25.2B
2026-03-06 12:10:00+00:00,Etc/GMT,2026-03-06,12:10:00,USD,LOW,FOMC Member Hammack Speaks,0,,,
2026-03-09 00:00:00+00:00,Etc/GMT,2026-03-09,00:00:00,EUR,LOW,German Factory Orders m/m,-1,-11.1%,-4.2%,6.4%
2026-03-09 02:30:00+00:00,Etc/GMT,2026-03-09,02:30:00,EUR,LOW,Sentix Investor Confidence,0,-3.1,-3.1,4.2
2026-03-09 14:30:00+00:00,Etc/GMT,2026-03-09,14:30:00,USD,LOW,President Trump Speaks,0,,,
2026-03-10 00:00:00+00:00,Etc/GMT,2026-03-10,00:00:00,EUR,LOW,German Trade Balance,1,21.2B,15.4B,17.4B
2026-03-10 00:45:00+00:00,Etc/GMT,2026-03-10,00:45:00,EUR,LOW,French Trade Balance,1,-1.8B,-5.2B,-4.3B
2026-03-10 03:00:00+00:00,Etc/GMT,2026-03-10,03:00:00,USD,LOW,NFIB Small Business Index,1,98.8,99.6,99.3
2026-03-10 05:15:00+00:00,Etc/GMT,2026-03-10,05:15:00,USD,LOW,ADP Weekly Employment Change,0,15.5K,,15.5K
2026-03-10 07:00:00+00:00,Etc/GMT,2026-03-10,07:00:00,USD,LOW,Existing Home Sales,-1,4.09M,3.89M,4.02M
2026-03-10 13:30:00+00:00,Etc/GMT,2026-03-10,13:30:00,USD,LOW,API Weekly Statistical Bulletin,0,,,
2026-03-11 00:00:00+00:00,Etc/GMT,2026-03-11,00:00:00,EUR,LOW,German Final CPI m/m,0,0.2%,0.2%,0.2%
2026-03-11 03:33:00+00:00,Etc/GMT,2026-03-11,03:33:00,EUR,LOW,German 10-y Bond Auction,0,2.89|1.2,,2.73|1.5
2026-03-11 05:30:00+00:00,Etc/GMT,2026-03-11,05:30:00,USD,HIGH,Core CPI m/m,0,0.2%,0.2%,0.3%
2026-03-11 07:30:00+00:00,Etc/GMT,2026-03-11,07:30:00,USD,LOW,Crude Oil Inventories,-1,3.8M,2.8M,3.5M
2026-03-11 10:01:00+00:00,Etc/GMT,2026-03-11,10:01:00,USD,LOW,10-y Bond Auction,0,4.22|2.4,,4.18|2.4
2026-03-11 11:00:00+00:00,Etc/GMT,2026-03-11,11:00:00,USD,LOW,Federal Budget Balance,1,-307.5B,-304.4B,-94.6B
2026-03-11 13:25:00+00:00,Etc/GMT,2026-03-11,13:25:00,USD,LOW,President Trump Speaks,0,,,
2026-03-12 02:00:00+00:00,Etc/GMT,2026-03-12,02:00:00,EUR,LOW,Italian Quarterly Unemployment Rate,1,5.6%,6.1%,6.0%
2026-03-12 07:30:00+00:00,Etc/GMT,2026-03-12,07:30:00,USD,LOW,Natural Gas Storage,-1,-38B,-42B,-132B
2026-03-12 08:00:00+00:00,Etc/GMT,2026-03-12,08:00:00,USD,LOW,FOMC Member Bowman Speaks,0,,,
2026-03-12 10:01:00+00:00,Etc/GMT,2026-03-12,10:01:00,USD,LOW,30-y Bond Auction,0,4.87|2.5,,4.75|2.7
2026-03-13 00:00:00+00:00,Etc/GMT,2026-03-13,00:00:00,EUR,LOW,German WPI m/m,1,0.6%,0.3%,0.9%
2026-03-13 00:45:00+00:00,Etc/GMT,2026-03-13,00:45:00,EUR,LOW,French Final CPI m/m,-1,0.6%,0.7%,0.7%
2026-03-13 02:00:00+00:00,Etc/GMT,2026-03-13,02:00:00,EUR,LOW,Italian Industrial Production m/m,-1,-0.6%,0.4%,-0.5%
2026-03-13 03:00:00+00:00,Etc/GMT,2026-03-13,03:00:00,EUR,LOW,Industrial Production m/m,-1,-1.5%,0.6%,-0.5%
2026-03-13 07:00:00+00:00,Etc/GMT,2026-03-13,07:00:00,USD,HIGH,JOLTS Job Openings,-1,6.95M,6.76M,6.55M
2026-03-16 06:15:00+00:00,Etc/GMT,2026-03-16,06:15:00,USD,LOW,Capacity Utilization Rate,-1,76.3%,76.2%,76.3%
2026-03-16 07:00:00+00:00,Etc/GMT,2026-03-16,07:00:00,USD,LOW,NAHB Housing Market Index,-1,38,37,37
2026-03-16 08:30:00+00:00,Etc/GMT,2026-03-16,08:30:00,USD,LOW,President Trump Speaks,0,,,
2026-03-17 03:00:00+00:00,Etc/GMT,2026-03-17,03:00:00,EUR,LOW,German ZEW Economic Sentiment,-1,-0.5,39.0,58.3
2026-03-17 05:15:00+00:00,Etc/GMT,2026-03-17,05:15:00,USD,LOW,ADP Weekly Employment Change,0,9.0K,,14.8K
2026-03-17 07:00:00+00:00,Etc/GMT,2026-03-17,07:00:00,USD,LOW,Pending Home Sales m/m,-1,1.8%,-0.6%,-1.0%
2026-03-17 08:15:00+00:00,Etc/GMT,2026-03-17,08:15:00,EUR,LOW,German Buba President Nagel Speaks,0,,,
2026-03-17 13:30:00+00:00,Etc/GMT,2026-03-17,13:30:00,USD,LOW,API Weekly Statistical Bulletin,0,,,
2026-03-18 03:00:00+00:00,Etc/GMT,2026-03-18,03:00:00,EUR,LOW,Final Core CPI y/y,0,2.4%,2.4%,2.4%
2026-03-18 03:34:00+00:00,Etc/GMT,2026-03-18,03:34:00,EUR,LOW,German 30-y Bond Auction,0,3.45|1.7,,3.47|1.6
2026-03-18 07:00:00+00:00,Etc/GMT,2026-03-18,07:00:00,USD,LOW,Factory Orders m/m,0,0.1%,0.1%,-0.7%
2026-03-18 11:00:00+00:00,Etc/GMT,2026-03-18,11:00:00,USD,HIGH,Federal Funds Rate,0,3.75%,3.75%,3.75%
2026-03-18 11:30:00+00:00,Etc/GMT,2026-03-18,11:30:00,USD,HIGH,FOMC Press Conference,0,,,
2026-03-18 13:00:00+00:00,Etc/GMT,2026-03-18,13:00:00,USD,LOW,TIC Long-Term Purchases,1,15.5B,71.6B,96.5B
2026-03-19 02:44:00+00:00,Etc/GMT,2026-03-19,02:44:00,EUR,LOW,Spanish 10-y Bond Auction,0,3.48|2.3,,3.17|2.5
2026-03-19 05:30:00+00:00,Etc/GMT,2026-03-19,05:30:00,USD,HIGH,Unemployment Claims,1,205K,215K,213K
2026-03-19 06:15:00+00:00,Etc/GMT,2026-03-19,06:15:00,EUR,HIGH,Main Refinancing Rate,0,2.15%,2.15%,2.15%
2026-03-19 06:45:00+00:00,Etc/GMT,2026-03-19,06:45:00,EUR,HIGH,ECB Press Conference,0,,,
2026-03-19 07:00:00+00:00,Etc/GMT,2026-03-19,07:00:00,USD,LOW,New Home Sales,1,587K,722K,712K
2026-03-19 07:30:00+00:00,Etc/GMT,2026-03-19,07:30:00,USD,LOW,Natural Gas Storage,1,35B,39B,-38B
2026-03-20 00:00:00+00:00,Etc/GMT,2026-03-20,00:00:00,EUR,LOW,German PPI m/m,-1,-0.5%,0.3%,-0.6%
2026-03-20 02:00:00+00:00,Etc/GMT,2026-03-20,02:00:00,EUR,LOW,Current Account,1,37.9B,17.2B,13.3B
2026-03-20 03:00:00+00:00,Etc/GMT,2026-03-20,03:00:00,EUR,LOW,Trade Balance,-1,12.1B,12.8B,10.3B
2026-03-20 10:30:00+00:00,Etc/GMT,2026-03-20,10:30:00,EUR,LOW,German Buba President Nagel Speaks,0,,,
2026-03-21 10:30:00+00:00,Etc/GMT,2026-03-21,10:30:00,USD,LOW,FOMC Member Powell Speaks,0,,,
2026-03-23 05:45:00+00:00,Etc/GMT,2026-03-23,05:45:00,USD,LOW,FOMC Member Miran Speaks,0,,,
2026-03-23 07:00:00+00:00,Etc/GMT,2026-03-23,07:00:00,USD,LOW,Construction Spending m/m,1,-0.3%,0.1%,0.8%
2026-03-23 08:00:00+00:00,Etc/GMT,2026-03-23,08:00:00,EUR,LOW,Consumer Confidence,-1,-16,-15,-12
2026-03-24 01:15:00+00:00,Etc/GMT,2026-03-24,01:15:00,EUR,LOW,French Flash Manufacturing PMI,1,50.2,49.4,50.1
2026-03-24 01:30:00+00:00,Etc/GMT,2026-03-24,01:30:00,EUR,HIGH,German Flash Manufacturing PMI,1,51.7,49.6,50.9
2026-03-24 02:00:00+00:00,Etc/GMT,2026-03-24,02:00:00,EUR,LOW,Flash Manufacturing PMI,1,51.4,49.4,50.8
2026-03-24 05:15:00+00:00,Etc/GMT,2026-03-24,05:15:00,USD,LOW,ADP Weekly Employment Change,0,10.0K,,9.0K
2026-03-24 05:30:00+00:00,Etc/GMT,2026-03-24,05:30:00,USD,LOW,Revised Nonfarm Productivity q/q,1,1.8%,1.9%,2.8%
2026-03-24 06:45:00+00:00,Etc/GMT,2026-03-24,06:45:00,USD,HIGH,Flash Manufacturing PMI,-1,52.4,51.5,51.6
2026-03-24 07:00:00+00:00,Etc/GMT,2026-03-24,07:00:00,USD,LOW,Richmond Manufacturing Index,-1,0,-8,-10
2026-03-24 08:00:00+00:00,Etc/GMT,2026-03-24,08:00:00,EUR,LOW,German Buba President Nagel Speaks,0,,,
2026-03-24 13:30:00+00:00,Etc/GMT,2026-03-24,13:30:00,USD,LOW,API Weekly Statistical Bulletin,0,,,
2026-03-24 15:00:00+00:00,Etc/GMT,2026-03-24,15:00:00,USD,LOW,FOMC Member Goolsbee Speaks,0,,,
2026-03-24 15:30:00+00:00,Etc/GMT,2026-03-24,15:30:00,USD,LOW,FOMC Member Barr Speaks,0,,,
2026-03-25 01:45:00+00:00,Etc/GMT,2026-03-25,01:45:00,EUR,LOW,ECB President Lagarde Speaks,0,,,
2026-03-25 05:30:00+00:00,Etc/GMT,2026-03-25,05:30:00,USD,LOW,Current Account,-1,-191B,-211B,-239B
2026-03-25 06:28:00+00:00,Etc/GMT,2026-03-25,06:28:00,EUR,LOW,Belgian NBB Business Climate,1,-13.7,-14.8,-13.7
2026-03-25 07:30:00+00:00,Etc/GMT,2026-03-25,07:30:00,USD,LOW,Crude Oil Inventories,-1,6.9M,-1.3M,6.2M
2026-03-25 13:10:00+00:00,Etc/GMT,2026-03-25,13:10:00,USD,LOW,FOMC Member Miran Speaks,0,,,
2026-03-25 16:20:00+00:00,Etc/GMT,2026-03-25,16:20:00,USD,LOW,President Trump Speaks,0,,,
2026-03-26 00:00:00+00:00,Etc/GMT,2026-03-26,00:00:00,EUR,LOW,German GfK Consumer Climate,-1,-28.0,-27.3,-24.8
2026-03-26 02:00:00+00:00,Etc/GMT,2026-03-26,02:00:00,EUR,LOW,M3 Money Supply y/y,-1,3.0%,3.3%,3.2%
2026-03-26 04:00:00+00:00,Etc/GMT,2026-03-26,04:00:00,EUR,LOW,German Buba Monthly Report,0,,,
2026-03-26 05:30:00+00:00,Etc/GMT,2026-03-26,05:30:00,USD,HIGH,Unemployment Claims,1,210K,211K,205K
2026-03-26 07:30:00+00:00,Etc/GMT,2026-03-26,07:30:00,USD,LOW,Natural Gas Storage,1,-54B,-49B,35B
2026-03-26 13:00:00+00:00,Etc/GMT,2026-03-26,13:00:00,USD,LOW,President Trump Speaks,0,,,
2026-03-26 15:30:00+00:00,Etc/GMT,2026-03-26,15:30:00,USD,LOW,FOMC Member Miran Speaks,0,,,
2026-03-26 16:00:00+00:00,Etc/GMT,2026-03-26,16:00:00,USD,LOW,FOMC Member Jefferson Speaks,0,,,
2026-03-26 16:10:00+00:00,Etc/GMT,2026-03-26,16:10:00,USD,LOW,FOMC Member Barr Speaks,0,,,
2026-03-27 01:00:00+00:00,Etc/GMT,2026-03-27,01:00:00,EUR,LOW,Spanish Flash CPI y/y,-1,3.3%,3.6%,2.3%
2026-03-27 03:04:00+00:00,Etc/GMT,2026-03-27,03:04:00,EUR,LOW,Italian 10-y Bond Auction,0,4.09|1.7,,3.31|1.5
2026-03-27 07:00:00+00:00,Etc/GMT,2026-03-27,07:00:00,USD,LOW,Revised UoM Consumer Sentiment,1,53.3,53.9,55.5
2026-03-27 08:00:00+00:00,Etc/GMT,2026-03-27,08:00:00,USD,LOW,FOMC Member Barkin Speaks,0,,,
2026-03-27 08:30:00+00:00,Etc/GMT,2026-03-27,08:30:00,USD,LOW,FOMC Member Daly Speaks,0,,,
2026-03-27 14:30:00+00:00,Etc/GMT,2026-03-27,14:30:00,USD,LOW,President Trump Speaks,0,,,
2026-03-30 07:30:00+00:00,Etc/GMT,2026-03-30,07:30:00,USD,HIGH,FOMC Member Powell Speaks,0,,,
2026-03-30 13:00:00+00:00,Etc/GMT,2026-03-30,13:00:00,USD,LOW,FOMC Member Williams Speaks,0,,,
2026-03-30 23:00:00+00:00,Etc/GMT,2026-03-30,23:00:00,EUR,LOW,German Import Prices m/m,-1,0.3%,0.7%,1.1%
2026-03-30 23:45:00+00:00,Etc/GMT,2026-03-30,23:45:00,EUR,LOW,French Consumer Spending m/m,-1,-1.4%,-0.3%,0.4%
2026-03-31 00:55:00+00:00,Etc/GMT,2026-03-31,00:55:00,EUR,LOW,German Unemployment Change,1,0K,2K,1K
2026-03-31 02:00:00+00:00,Etc/GMT,2026-03-31,02:00:00,EUR,LOW,Core CPI Flash Estimate y/y,-1,2.3%,2.4%,2.4%
2026-03-31 06:00:00+00:00,Etc/GMT,2026-03-31,06:00:00,USD,LOW,HPI m/m,0,0.1%,0.1%,0.3%
2026-03-31 06:45:00+00:00,Etc/GMT,2026-03-31,06:45:00,USD,LOW,Chicago PMI,1,52.8,54.8,57.7
2026-03-31 07:00:00+00:00,Etc/GMT,2026-03-31,07:00:00,USD,HIGH,JOLTS Job Openings,1,6.88M,6.89M,7.24M
2026-03-31 09:00:00+00:00,Etc/GMT,2026-03-31,09:00:00,USD,LOW,FOMC Member Goolsbee Speaks,0,,,
2026-03-31 10:10:00+00:00,Etc/GMT,2026-03-31,10:10:00,USD,LOW,FOMC Member Schmid Speaks,0,,,
2026-03-31 12:00:00+00:00,Etc/GMT,2026-03-31,12:00:00,USD,LOW,FOMC Member Barr Speaks,0,,,
2026-03-31 13:30:00+00:00,Etc/GMT,2026-03-31,13:30:00,USD,LOW,API Weekly Statistical Bulletin,0,,,
2026-03-31 14:10:00+00:00,Etc/GMT,2026-03-31,14:10:00,USD,LOW,FOMC Member Bowman Speaks,0,,,
2026-04-01 00:15:00+00:00,Etc/GMT,2026-04-01,00:15:00,EUR,LOW,Spanish Manufacturing PMI,-1,48.7,50.5,50.0
2026-04-01 00:45:00+00:00,Etc/GMT,2026-04-01,00:45:00,EUR,LOW,Italian Manufacturing PMI,1,51.3,50.9,50.6
2026-04-01 00:50:00+00:00,Etc/GMT,2026-04-01,00:50:00,EUR,LOW,French Final Manufacturing PMI,-1,50.0,50.2,50.2
2026-04-01 00:55:00+00:00,Etc/GMT,2026-04-01,00:55:00,EUR,LOW,German Final Manufacturing PMI,1,52.2,51.7,51.7
2026-04-01 01:00:00+00:00,Etc/GMT,2026-04-01,01:00:00,EUR,LOW,Final Manufacturing PMI,1,51.6,51.4,51.4
2026-04-01 02:00:00+00:00,Etc/GMT,2026-04-01,02:00:00,EUR,LOW,Unemployment Rate,-1,6.2%,6.1%,6.1%
2026-04-01 05:15:00+00:00,Etc/GMT,2026-04-01,05:15:00,USD,HIGH,ADP Non-Farm Employment Change,-1,62K,41K,66K
2026-04-01 05:30:00+00:00,Etc/GMT,2026-04-01,05:30:00,USD,HIGH,Core Retail Sales m/m,-1,0.5%,0.3%,0.0%
2026-04-01 06:05:00+00:00,Etc/GMT,2026-04-01,06:05:00,USD,LOW,FOMC Member Musalem Speaks,0,,,
2026-04-01 06:10:00+00:00,Etc/GMT,2026-04-01,06:10:00,USD,LOW,FOMC Member Barr Speaks,0,,,
2026-04-01 06:45:00+00:00,Etc/GMT,2026-04-01,06:45:00,USD,LOW,Final Manufacturing PMI,0,52.3,52.3,52.4
2026-04-01 07:00:00+00:00,Etc/GMT,2026-04-01,07:00:00,USD,HIGH,ISM Manufacturing PMI,-1,52.7,52.3,52.4
2026-04-01 07:30:00+00:00,Etc/GMT,2026-04-01,07:30:00,USD,LOW,Crude Oil Inventories,-1,5.5M,1.8M,6.9M
2026-04-01 18:00:00+00:00,Etc/GMT,2026-04-01,18:00:00,USD,HIGH,President Trump Speaks,0,,,
2026-04-01 23:45:00+00:00,Etc/GMT,2026-04-01,23:45:00,EUR,LOW,French Gov Budget Balance,0,-32.1B,,-9.7B
2026-04-02 01:00:00+00:00,Etc/GMT,2026-04-02,01:00:00,EUR,LOW,ECB Economic Bulletin,0,,,
2026-04-02 01:55:00+00:00,Etc/GMT,2026-04-02,01:55:00,EUR,LOW,French 10-y Bond Auction,0,3.73|1.9,,3.39|2.2
2026-04-02 02:06:00+00:00,Etc/GMT,2026-04-02,02:06:00,EUR,LOW,Italian Retail Sales m/m,-1,0.0%,0.3%,0.6%
2026-04-02 04:30:00+00:00,Etc/GMT,2026-04-02,04:30:00,USD,LOW,Challenger Job Cuts y/y,0,-78.0%,,-71.9%
2026-04-02 07:15:00+00:00,Etc/GMT,2026-04-02,07:15:00,USD,LOW,FOMC Member Logan Speaks,0,,,
2026-04-02 07:30:00+00:00,Etc/GMT,2026-04-02,07:30:00,USD,LOW,Natural Gas Storage,1,36B,38B,-54B
2026-04-02 09:45:00+00:00,Etc/GMT,2026-04-02,09:45:00,USD,LOW,FOMC Member Bowman Speaks,0,,,
2026-04-02 23:45:00+00:00,Etc/GMT,2026-04-02,23:45:00,EUR,LOW,French Industrial Production m/m,-1,-0.7%,-0.1%,0.2%
2026-04-03 05:30:00+00:00,Etc/GMT,2026-04-03,05:30:00,USD,HIGH,Average Hourly Earnings m/m,1,0.2%,0.3%,0.4%
2026-04-03 06:45:00+00:00,Etc/GMT,2026-04-03,06:45:00,USD,LOW,Final Services PMI,1,49.8,51.1,51.1
2026-04-06 00:00:00+00:00,Etc/GMT,2026-04-06,00:00:00,EUR,LOW,Spanish Unemployment Change,1,-22.9K,10.3K,3.6K
2026-04-06 07:00:00+00:00,Etc/GMT,2026-04-06,07:00:00,USD,HIGH,ISM Services PMI,1,54.0,54.8,56.1
2026-04-06 10:00:00+00:00,Etc/GMT,2026-04-06,10:00:00,USD,HIGH,President Trump Speaks,0,,,
2026-04-07 00:15:00+00:00,Etc/GMT,2026-04-07,00:15:00,EUR,LOW,Spanish Services PMI,1,53.3,50.7,51.9
2026-04-07 00:45:00+00:00,Etc/GMT,2026-04-07,00:45:00,EUR,LOW,Italian Services PMI,-1,48.8,51.0,52.3
2026-04-07 00:50:00+00:00,Etc/GMT,2026-04-07,00:50:00,EUR,LOW,French Final Services PMI,1,48.8,48.3,48.3
2026-04-07 00:55:00+00:00,Etc/GMT,2026-04-07,00:55:00,EUR,LOW,German Final Services PMI,-1,50.9,51.2,51.2
2026-04-07 01:00:00+00:00,Etc/GMT,2026-04-07,01:00:00,EUR,LOW,Final Services PMI,1,50.2,50.1,50.1
2026-04-07 01:30:00+00:00,Etc/GMT,2026-04-07,01:30:00,EUR,LOW,Sentix Investor Confidence,-1,-19.2,-7.8,-3.1
2026-04-07 05:15:00+00:00,Etc/GMT,2026-04-07,05:15:00,USD,LOW,ADP Weekly Employment Change,0,26.0K,,15.3K
2026-04-07 05:30:00+00:00,Etc/GMT,2026-04-07,05:30:00,USD,LOW,Core Durable Goods Orders m/m,-1,0.8%,0.5%,0.3%
2026-04-07 07:01:00+00:00,Etc/GMT,2026-04-07,07:01:00,USD,LOW,RCM/TIPP Economic Optimism,1,42.8,48.1,47.5
2026-04-07 09:35:00+00:00,Etc/GMT,2026-04-07,09:35:00,USD,LOW,FOMC Member Goolsbee Speaks,0,,,
2026-04-07 12:00:00+00:00,Etc/GMT,2026-04-07,12:00:00,USD,LOW,Consumer Credit m/m,1,9.5B,10.3B,7.7B
2026-04-07 13:30:00+00:00,Etc/GMT,2026-04-07,13:30:00,USD,LOW,API Weekly Statistical Bulletin,0,,,
2026-04-07 14:50:00+00:00,Etc/GMT,2026-04-07,14:50:00,USD,LOW,FOMC Member Jefferson Speaks,0,,,
2026-04-07 23:00:00+00:00,Etc/GMT,2026-04-07,23:00:00,EUR,LOW,German Factory Orders m/m,-1,0.9%,3.0%,-11.1%
2026-04-07 23:45:00+00:00,Etc/GMT,2026-04-07,23:45:00,EUR,LOW,French Trade Balance,-1,-5.8B,-2.4B,-2.0B
2026-04-08 02:00:00+00:00,Etc/GMT,2026-04-08,02:00:00,EUR,LOW,PPI m/m,-1,-0.7%,-0.6%,0.8%
2026-04-08 02:32:00+00:00,Etc/GMT,2026-04-08,02:32:00,EUR,LOW,German 10-y Bond Auction,0,2.92|1.2,,2.89|1.2
2026-04-08 07:30:00+00:00,Etc/GMT,2026-04-08,07:30:00,USD,LOW,Crude Oil Inventories,-1,3.1M,-1.0M,5.5M
2026-04-08 10:01:00+00:00,Etc/GMT,2026-04-08,10:01:00,USD,LOW,10-y Bond Auction,0,4.28|2.4,,4.22|2.4
2026-04-08 10:05:00+00:00,Etc/GMT,2026-04-08,10:05:00,USD,LOW,FOMC Member Daly Speaks,0,,,
2026-04-08 11:00:00+00:00,Etc/GMT,2026-04-08,11:00:00,USD,HIGH,FOMC Meeting Minutes,0,,,
2026-04-08 23:00:00+00:00,Etc/GMT,2026-04-08,23:00:00,EUR,LOW,German Industrial Production m/m,-1,-0.3%,0.6%,0.0%
2026-04-09 01:40:00+00:00,Etc/GMT,2026-04-09,01:40:00,EUR,LOW,Spanish 10-y Bond Auction,0,3.44|2.0,,3.48|2.3
2026-04-09 05:30:00+00:00,Etc/GMT,2026-04-09,05:30:00,USD,HIGH,Core PCE Price Index m/m,0,0.4%,0.4%,0.4%
2026-04-09 05:33:00+00:00,Etc/GMT,2026-04-09,05:33:00,USD,LOW,Final GDP Price Index q/q,1,3.7%,3.8%,3.8%
2026-04-09 07:00:00+00:00,Etc/GMT,2026-04-09,07:00:00,USD,LOW,Final Wholesale Inventories m/m,-1,0.8%,-0.1%,-0.5%
2026-04-09 07:30:00+00:00,Etc/GMT,2026-04-09,07:30:00,USD,LOW,Natural Gas Storage,-1,50B,41B,36B
2026-04-09 10:01:00+00:00,Etc/GMT,2026-04-09,10:01:00,USD,LOW,30-y Bond Auction,0,4.88|2.4,,4.87|2.5
2026-04-09 23:00:00+00:00,Etc/GMT,2026-04-09,23:00:00,EUR,LOW,German Final CPI m/m,0,1.1%,1.1%,1.1%
2026-04-10 01:00:00+00:00,Etc/GMT,2026-04-10,01:00:00,EUR,LOW,Italian Industrial Production m/m,-1,0.1%,0.5%,-0.6%
2026-04-10 07:00:00+00:00,Etc/GMT,2026-04-10,07:00:00,USD,LOW,Prelim UoM Consumer Sentiment,1,47.6,51.6,53.3
2026-04-10 10:58:00+00:00,Etc/GMT,2026-04-10,10:58:00,USD,LOW,Federal Budget Balance,1,-164.1B,-157.8B,-307.5B
2026-04-13 07:00:00+00:00,Etc/GMT,2026-04-13,07:00:00,USD,LOW,Existing Home Sales,1,3.98M,4.07M,4.13M
2026-04-13 15:20:00+00:00,Etc/GMT,2026-04-13,15:20:00,USD,LOW,FOMC Member Miran Speaks,0,,,
2026-04-13 23:00:00+00:00,Etc/GMT,2026-04-13,23:00:00,EUR,LOW,German WPI m/m,1,2.7%,0.4%,0.6%
2026-04-14 03:00:00+00:00,Etc/GMT,2026-04-14,03:00:00,USD,LOW,NFIB Small Business Index,1,95.8,97.8,98.8
2026-04-14 05:15:00+00:00,Etc/GMT,2026-04-14,05:15:00,USD,LOW,ADP Weekly Employment Change,0,39.3K,,26.0K
2026-04-14 05:30:00+00:00,Etc/GMT,2026-04-14,05:30:00,USD,HIGH,Core PPI m/m,1,0.1%,0.4%,0.3%
2026-04-14 06:45:00+00:00,Etc/GMT,2026-04-14,06:45:00,USD,LOW,FOMC Member Goolsbee Speaks,0,,,
2026-04-14 07:00:00+00:00,Etc/GMT,2026-04-14,07:00:00,EUR,LOW,ECB President Lagarde Speaks,0,,,
2026-04-14 07:15:00+00:00,Etc/GMT,2026-04-14,07:15:00,USD,LOW,FOMC Member Goolsbee Speaks,0,,,
2026-04-14 09:10:00+00:00,Etc/GMT,2026-04-14,09:10:00,USD,LOW,FOMC Member Goolsbee Speaks,0,,,
2026-04-14 09:45:00+00:00,Etc/GMT,2026-04-14,09:45:00,USD,LOW,FOMC Member Barr Speaks,0,,,
2026-04-14 10:00:00+00:00,Etc/GMT,2026-04-14,10:00:00,USD,LOW,FOMC Member Barkin Speaks,0,,,
2026-04-14 13:30:00+00:00,Etc/GMT,2026-04-14,13:30:00,USD,LOW,API Weekly Statistical Bulletin,0,,,
2026-04-14 14:00:00+00:00,Etc/GMT,2026-04-14,14:00:00,EUR,LOW,ECB President Lagarde Speaks,0,,,
2026-04-14 23:45:00+00:00,Etc/GMT,2026-04-14,23:45:00,EUR,LOW,French Final CPI m/m,1,1.0%,0.9%,0.9%
2026-04-15 02:00:00+00:00,Etc/GMT,2026-04-15,02:00:00,EUR,LOW,Industrial Production m/m,1,0.4%,0.3%,-0.8%
2026-04-15 02:34:00+00:00,Etc/GMT,2026-04-15,02:34:00,EUR,LOW,German 30-y Bond Auction,0,3.58|1.4,,3.45|1.7
2026-04-15 03:00:00+00:00,Etc/GMT,2026-04-15,03:00:00,USD,LOW,President Trump Speaks,0,,,
2026-04-15 07:00:00+00:00,Etc/GMT,2026-04-15,07:00:00,USD,LOW,NAHB Housing Market Index,1,34,37,38
2026-04-15 10:45:00+00:00,Etc/GMT,2026-04-15,10:45:00,USD,LOW,FOMC Member Bowman Speaks,0,,,
2026-04-15 12:30:00+00:00,Etc/GMT,2026-04-15,12:30:00,EUR,LOW,ECB President Lagarde Speaks,0,,,
2026-04-15 13:04:00+00:00,Etc/GMT,2026-04-15,13:04:00,USD,LOW,TIC Long-Term Purchases,-1,58.6B,36.6B,2.4B
2026-04-16 02:00:00+00:00,Etc/GMT,2026-04-16,02:00:00,EUR,LOW,Final Core CPI y/y,0,2.3%,2.3%,2.3%
2026-04-16 04:30:00+00:00,Etc/GMT,2026-04-16,04:30:00,EUR,LOW,ECB Monetary Policy Meeting Accounts,0,,,
2026-04-16 05:30:00+00:00,Etc/GMT,2026-04-16,05:30:00,USD,LOW,Philly Fed Manufacturing Index,-1,26.7,10.3,18.1
2026-04-16 05:35:00+00:00,Etc/GMT,2026-04-16,05:35:00,USD,LOW,FOMC Member Williams Speaks,0,,,
2026-04-16 06:15:00+00:00,Etc/GMT,2026-04-16,06:15:00,USD,LOW,Capacity Utilization Rate,1,75.7%,76.3%,76.1%
2026-04-16 07:30:00+00:00,Etc/GMT,2026-04-16,07:30:00,USD,LOW,Natural Gas Storage,-1,59B,55B,50B
2026-04-16 07:35:00+00:00,Etc/GMT,2026-04-16,07:35:00,USD,LOW,FOMC Member Miran Speaks,0,,,
2026-04-16 09:45:00+00:00,Etc/GMT,2026-04-16,09:45:00,EUR,LOW,German Buba President Nagel Speaks,0,,,
2026-04-16 16:00:00+00:00,Etc/GMT,2026-04-16,16:00:00,USD,LOW,President Trump Speaks,0,,,
2026-04-17 01:00:00+00:00,Etc/GMT,2026-04-17,01:00:00,EUR,LOW,Current Account,-1,24.9B,29.8B,40.4B
2026-04-17 02:00:00+00:00,Etc/GMT,2026-04-17,02:00:00,EUR,LOW,Trade Balance,-1,7.0B,11.7B,12.8B
2026-04-17 08:30:00+00:00,Etc/GMT,2026-04-17,08:30:00,USD,LOW,FOMC Member Daly Speaks,0,,,
2026-04-17 09:15:00+00:00,Etc/GMT,2026-04-17,09:15:00,USD,LOW,FOMC Member Barkin Speaks,0,,,
2026-04-17 11:00:00+00:00,Etc/GMT,2026-04-17,11:00:00,USD,LOW,FOMC Member Waller Speaks,0,,,
2026-04-17 14:00:00+00:00,Etc/GMT,2026-04-17,14:00:00,USD,LOW,President Trump Speaks,0,,,
2026-04-19 23:00:00+00:00,Etc/GMT,2026-04-19,23:00:00,EUR,LOW,German PPI m/m,1,2.5%,1.4%,-0.5%
2026-04-20 09:40:00+00:00,Etc/GMT,2026-04-20,09:40:00,EUR,LOW,ECB President Lagarde Speaks,0,,,
2026-04-20 23:30:00+00:00,Etc/GMT,2026-04-20,23:30:00,EUR,LOW,German Buba President Nagel Speaks,0,,,
2026-04-21 02:00:00+00:00,Etc/GMT,2026-04-21,02:00:00,EUR,LOW,German ZEW Economic Sentiment,-1,-17.2,-5.9,-0.5
2026-04-21 05:15:00+00:00,Etc/GMT,2026-04-21,05:15:00,USD,LOW,ADP Weekly Employment Change,0,54.8K,,40.3K
2026-04-21 05:30:00+00:00,Etc/GMT,2026-04-21,05:30:00,USD,HIGH,Core Retail Sales m/m,-1,1.9%,1.4%,0.7%
2026-04-21 07:00:00+00:00,Etc/GMT,2026-04-21,07:00:00,USD,HIGH,Fed Chairman Warsh Testifies,0,,,
2026-04-21 11:30:00+00:00,Etc/GMT,2026-04-21,11:30:00,USD,LOW,FOMC Member Waller Speaks,0,,,
2026-04-21 13:30:00+00:00,Etc/GMT,2026-04-21,13:30:00,USD,LOW,API Weekly Statistical Bulletin,0,,,
2026-04-22 03:00:00+00:00,Etc/GMT,2026-04-22,03:00:00,EUR,LOW,German Buba Monthly Report,0,,,
2026-04-22 07:00:00+00:00,Etc/GMT,2026-04-22,07:00:00,EUR,LOW,Consumer Confidence,-1,-21,-18,-16
2026-04-22 07:30:00+00:00,Etc/GMT,2026-04-22,07:30:00,USD,LOW,Crude Oil Inventories,-1,1.9M,-1.9M,-0.9M
2026-04-22 10:00:00+00:00,Etc/GMT,2026-04-22,10:00:00,EUR,LOW,German Buba President Nagel Speaks,0,,,
2026-04-22 10:30:00+00:00,Etc/GMT,2026-04-22,10:30:00,EUR,LOW,ECB President Lagarde Speaks,0,,,
2026-04-23 00:15:00+00:00,Etc/GMT,2026-04-23,00:15:00,EUR,LOW,French Flash Manufacturing PMI,1,52.8,49.5,50.0
2026-04-23 00:30:00+00:00,Etc/GMT,2026-04-23,00:30:00,EUR,HIGH,German Flash Manufacturing PMI,-1,51.2,51.4,52.2
2026-04-23 01:00:00+00:00,Etc/GMT,2026-04-23,01:00:00,EUR,LOW,Flash Manufacturing PMI,1,52.2,50.9,51.6
2026-04-23 06:45:00+00:00,Etc/GMT,2026-04-23,06:45:00,USD,LOW,Flash Manufacturing PMI,-1,54.0,52.5,52.3
2026-04-23 07:30:00+00:00,Etc/GMT,2026-04-23,07:30:00,USD,LOW,Natural Gas Storage,-1,103B,96B,59B
2026-04-23 08:00:00+00:00,Etc/GMT,2026-04-23,08:00:00,EUR,LOW,German Buba President Nagel Speaks,0,,,
2026-04-24 05:32:00+00:00,Etc/GMT,2026-04-24,05:32:00,EUR,LOW,Belgian NBB Business Climate,1,-14.2,-14.8,-13.7
2026-04-24 07:00:00+00:00,Etc/GMT,2026-04-24,07:00:00,USD,LOW,Revised UoM Consumer Sentiment,-1,49.8,48.5,47.6
2026-04-25 09:00:00+00:00,Etc/GMT,2026-04-25,09:00:00,USD,LOW,President Trump Speaks,0,,,
2026-04-25 19:45:00+00:00,Etc/GMT,2026-04-25,19:45:00,USD,LOW,President Trump Speaks,0,,,
2026-04-26 16:00:00+00:00,Etc/GMT,2026-04-26,16:00:00,USD,LOW,President Trump Speaks,0,,,
2026-04-26 23:00:00+00:00,Etc/GMT,2026-04-26,23:00:00,EUR,LOW,German GfK Consumer Climate,-1,-33.3,-30.2,-28.1
2026-04-28 00:00:00+00:00,Etc/GMT,2026-04-28,00:00:00,EUR,LOW,Spanish Unemployment Rate,-1,10.8%,9.8%,9.9%
2026-04-28 05:15:00+00:00,Etc/GMT,2026-04-28,05:15:00,USD,LOW,ADP Weekly Employment Change,0,39.3K,,40.3K
2026-04-28 06:00:00+00:00,Etc/GMT,2026-04-28,06:00:00,USD,LOW,HPI m/m,1,0.0%,0.1%,0.2%
2026-04-28 07:00:00+00:00,Etc/GMT,2026-04-28,07:00:00,USD,LOW,CB Consumer Confidence,-1,92.8,89.0,92.2
2026-04-28 13:30:00+00:00,Etc/GMT,2026-04-28,13:30:00,USD,LOW,API Weekly Statistical Bulletin,0,,,
2026-04-29 00:00:00+00:00,Etc/GMT,2026-04-29,00:00:00,EUR,LOW,Spanish Flash CPI y/y,-1,3.2%,3.5%,3.3%
2026-04-29 02:17:00+00:00,Etc/GMT,2026-04-29,02:17:00,EUR,LOW,Italian 10-y Bond Auction,0,3.77|1.7,,4.09|1.7
2026-04-29 02:32:00+00:00,Etc/GMT,2026-04-29,02:32:00,EUR,LOW,German 10-y Bond Auction,0,3.08|1.5,,2.92|1.2
2026-04-29 05:30:00+00:00,Etc/GMT,2026-04-29,05:30:00,USD,LOW,Building Permits,1,1.37M,1.39M,1.54M
2026-04-29 11:00:00+00:00,Etc/GMT,2026-04-29,11:00:00,USD,HIGH,Federal Funds Rate,0,3.75%,3.75%,3.75%
2026-04-29 11:30:00+00:00,Etc/GMT,2026-04-29,11:30:00,USD,HIGH,FOMC Press Conference,0,,,
2026-04-29 22:30:00+00:00,Etc/GMT,2026-04-29,22:30:00,EUR,LOW,French Consumer Spending m/m,0,0.7%,0.7%,-1.4%
2026-04-29 23:00:00+00:00,Etc/GMT,2026-04-29,23:00:00,EUR,LOW,German Import Prices m/m,0,3.6%,3.6%,0.3%
2026-04-29 23:45:00+00:00,Etc/GMT,2026-04-29,23:45:00,EUR,LOW,French Prelim CPI m/m,1,1.0%,0.9%,1.0%
2026-04-30 00:55:00+00:00,Etc/GMT,2026-04-30,00:55:00,EUR,LOW,German Unemployment Change,-1,20K,4K,3K
2026-04-30 01:00:00+00:00,Etc/GMT,2026-04-30,01:00:00,EUR,LOW,German Prelim GDP q/q,1,0.3%,0.1%,0.3%
2026-04-30 01:30:00+00:00,Etc/GMT,2026-04-30,01:30:00,EUR,LOW,Italian Monthly Unemployment Rate,1,5.2%,5.3%,5.4%
2026-04-30 02:00:00+00:00,Etc/GMT,2026-04-30,02:00:00,EUR,LOW,Core CPI Flash Estimate y/y,0,2.2%,2.2%,2.3%
2026-04-30 05:15:00+00:00,Etc/GMT,2026-04-30,05:15:00,EUR,HIGH,Main Refinancing Rate,0,2.15%,2.15%,2.15%
2026-04-30 05:45:00+00:00,Etc/GMT,2026-04-30,05:45:00,EUR,HIGH,ECB Press Conference,0,,,
2026-04-30 06:45:00+00:00,Etc/GMT,2026-04-30,06:45:00,USD,LOW,Chicago PMI,1,49.2,54.8,52.8
2026-04-30 07:00:00+00:00,Etc/GMT,2026-04-30,07:00:00,USD,LOW,CB Leading Index m/m,1,-0.6%,-0.2%,0.3%
2026-04-30 07:30:00+00:00,Etc/GMT,2026-04-30,07:30:00,USD,LOW,Natural Gas Storage,1,79B,83B,103B
2026-05-01 06:45:00+00:00,Etc/GMT,2026-05-01,06:45:00,USD,LOW,Final Manufacturing PMI,-1,54.5,54.0,54.0
2026-05-01 07:00:00+00:00,Etc/GMT,2026-05-01,07:00:00,USD,LOW,ISM Manufacturing PMI,1,52.7,53.1,52.7
2026-05-01 12:00:00+00:00,Etc/GMT,2026-05-01,12:00:00,USD,LOW,President Trump Speaks,0,,,
2026-05-04 00:15:00+00:00,Etc/GMT,2026-05-04,00:15:00,EUR,LOW,Spanish Manufacturing PMI,1,51.7,49.5,48.7
2026-05-04 00:45:00+00:00,Etc/GMT,2026-05-04,00:45:00,EUR,LOW,Italian Manufacturing PMI,1,52.1,51.6,51.3
2026-05-04 00:50:00+00:00,Etc/GMT,2026-05-04,00:50:00,EUR,LOW,French Final Manufacturing PMI,0,52.8,52.8,52.8
2026-05-04 00:55:00+00:00,Etc/GMT,2026-05-04,00:55:00,EUR,LOW,German Final Manufacturing PMI,1,51.4,51.2,51.2
2026-05-04 01:00:00+00:00,Etc/GMT,2026-05-04,01:00:00,EUR,LOW,Final Manufacturing PMI,0,52.2,52.2,52.2
2026-05-04 01:30:00+00:00,Etc/GMT,2026-05-04,01:30:00,EUR,LOW,Sentix Investor Confidence,1,-16.4,-20.9,-19.2
2026-05-04 07:00:00+00:00,Etc/GMT,2026-05-04,07:00:00,USD,LOW,Factory Orders m/m,-1,1.5%,0.5%,0.3%
2026-05-04 09:50:00+00:00,Etc/GMT,2026-05-04,09:50:00,USD,LOW,FOMC Member Williams Speaks,0,,,
2026-05-04 10:05:00+00:00,Etc/GMT,2026-05-04,10:05:00,EUR,LOW,German Buba President Nagel Speaks,0,,,
2026-05-04 11:00:00+00:00,Etc/GMT,2026-05-04,11:00:00,USD,LOW,Loan Officer Survey,0,,,
2026-05-05 00:00:00+00:00,Etc/GMT,2026-05-05,00:00:00,EUR,LOW,Spanish Unemployment Change,1,-62.7K,-18.6K,-22.9K
2026-05-05 06:31:00+00:00,Etc/GMT,2026-05-05,06:31:00,EUR,LOW,French Gov Budget Balance,0,-42.9B,,-32.1B
2026-05-05 06:45:00+00:00,Etc/GMT,2026-05-05,06:45:00,USD,LOW,Final Services PMI,1,51.0,51.3,51.3
2026-05-05 07:00:00+00:00,Etc/GMT,2026-05-05,07:00:00,USD,HIGH,ISM Services PMI,1,53.6,53.7,54.0
2026-05-05 07:03:00+00:00,Etc/GMT,2026-05-05,07:03:00,USD,LOW,RCM/TIPP Economic Optimism,-1,42.6,42.0,42.8
2026-05-05 09:30:00+00:00,Etc/GMT,2026-05-05,09:30:00,USD,LOW,FOMC Member Barr Speaks,0,,,
2026-05-05 13:30:00+00:00,Etc/GMT,2026-05-05,13:30:00,USD,LOW,API Weekly Statistical Bulletin,0,,,
2026-05-05 23:45:00+00:00,Etc/GMT,2026-05-05,23:45:00,EUR,LOW,French Industrial Production m/m,1,1.0%,0.5%,-0.9%
2026-05-06 00:15:00+00:00,Etc/GMT,2026-05-06,00:15:00,EUR,LOW,Spanish Services PMI,-1,47.9,51.9,53.3
2026-05-06 00:45:00+00:00,Etc/GMT,2026-05-06,00:45:00,EUR,LOW,Italian Services PMI,1,49.8,47.9,48.8
2026-05-06 00:50:00+00:00,Etc/GMT,2026-05-06,00:50:00,EUR,LOW,French Final Services PMI,0,46.5,46.5,46.5
2026-05-06 00:55:00+00:00,Etc/GMT,2026-05-06,00:55:00,EUR,LOW,German Final Services PMI,0,46.9,46.9,46.9
2026-05-06 01:00:00+00:00,Etc/GMT,2026-05-06,01:00:00,EUR,LOW,Final Services PMI,1,47.6,47.4,47.4
2026-05-06 02:00:00+00:00,Etc/GMT,2026-05-06,02:00:00,EUR,LOW,PPI m/m,1,3.4%,3.3%,-0.6%
2026-05-06 05:15:00+00:00,Etc/GMT,2026-05-06,05:15:00,USD,LOW,ADP Non-Farm Employment Change,1,109K,118K,61K
2026-05-06 06:30:00+00:00,Etc/GMT,2026-05-06,06:30:00,USD,LOW,FOMC Member Musalem Speaks,0,,,
2026-05-06 07:30:00+00:00,Etc/GMT,2026-05-06,07:30:00,USD,LOW,Crude Oil Inventories,-1,-2.3M,-3.4M,-6.2M
2026-05-06 10:00:00+00:00,Etc/GMT,2026-05-06,10:00:00,USD,LOW,FOMC Member Goolsbee Speaks,0,,,
2026-05-06 23:00:00+00:00,Etc/GMT,2026-05-06,23:00:00,EUR,LOW,German Factory Orders m/m,1,5.0%,1.0%,1.4%
2026-05-06 23:45:00+00:00,Etc/GMT,2026-05-06,23:45:00,EUR,LOW,French Trade Balance,-1,-6.9B,-6.7B,-5.5B
2026-05-07 01:46:00+00:00,Etc/GMT,2026-05-07,01:46:00,EUR,LOW,Spanish 10-y Bond Auction,0,3.39|2.1,,3.44|2.0
2026-05-07 01:57:00+00:00,Etc/GMT,2026-05-07,01:57:00,EUR,LOW,French 10-y Bond Auction,0,3.61|2.0,,3.73|1.9
2026-05-07 02:00:00+00:00,Etc/GMT,2026-05-07,02:00:00,EUR,LOW,Retail Sales m/m,1,-0.1%,-0.3%,-0.3%
2026-05-07 02:30:00+00:00,Etc/GMT,2026-05-07,02:30:00,USD,LOW,Challenger Job Cuts y/y,0,-20.9%,,-78.0%
2026-05-07 05:30:00+00:00,Etc/GMT,2026-05-07,05:30:00,USD,LOW,Unemployment Claims,1,200K,205K,190K
2026-05-07 07:00:00+00:00,Etc/GMT,2026-05-07,07:00:00,USD,LOW,Construction Spending m/m,-1,0.6%,0.3%,-0.2%
2026-05-07 07:30:00+00:00,Etc/GMT,2026-05-07,07:30:00,USD,LOW,Natural Gas Storage,1,63B,72B,79B
2026-05-07 10:00:00+00:00,Etc/GMT,2026-05-07,10:00:00,USD,LOW,FOMC Member Kashkari Speaks,0,,,
2026-05-07 11:05:00+00:00,Etc/GMT,2026-05-07,11:05:00,USD,LOW,FOMC Member Hammack Speaks,0,,,
2026-05-07 12:00:00+00:00,Etc/GMT,2026-05-07,12:00:00,USD,LOW,Consumer Credit m/m,-1,24.9B,12.5B,8.8B
2026-05-07 12:30:00+00:00,Etc/GMT,2026-05-07,12:30:00,USD,LOW,FOMC Member Williams Speaks,0,,,
2026-05-07 23:00:00+00:00,Etc/GMT,2026-05-07,23:00:00,EUR,LOW,German Industrial Production m/m,-1,-0.7%,0.4%,-0.5%
2026-05-08 02:45:00+00:00,Etc/GMT,2026-05-08,02:45:00,USD,LOW,FOMC Member Cook Speaks,0,,,
2026-05-08 07:00:00+00:00,Etc/GMT,2026-05-08,07:00:00,USD,LOW,Prelim UoM Consumer Sentiment,1,48.2,49.7,49.8
2026-05-08 08:05:00+00:00,Etc/GMT,2026-05-08,08:05:00,USD,LOW,FOMC Member Goolsbee Speaks,0,,,
2026-05-08 09:00:00+00:00,Etc/GMT,2026-05-08,09:00:00,USD,LOW,President Trump Speaks,0,,,
2026-05-08 09:15:00+00:00,Etc/GMT,2026-05-08,09:15:00,EUR,LOW,German Buba President Nagel Speaks,0,,,
2026-05-08 11:20:00+00:00,Etc/GMT,2026-05-08,11:20:00,USD,LOW,FOMC Member Goolsbee Speaks,0,,,
2026-05-08 13:00:00+00:00,Etc/GMT,2026-05-08,13:00:00,USD,LOW,FOMC Financial Stability Report,0,,,
2026-05-08 16:30:00+00:00,Etc/GMT,2026-05-08,16:30:00,USD,LOW,FOMC Member Bowman Speaks,0,,,
2026-05-11 06:45:00+00:00,Etc/GMT,2026-05-11,06:45:00,USD,LOW,Cleveland Fed Inflation Expectations,0,3.7%,,3.1%
2026-05-11 07:00:00+00:00,Etc/GMT,2026-05-11,07:00:00,USD,LOW,Existing Home Sales,1,4.02M,4.05M,4.01M
2026-05-11 23:00:00+00:00,Etc/GMT,2026-05-11,23:00:00,EUR,LOW,German Final CPI m/m,0,0.6%,0.6%,0.6%
2026-05-12 00:15:00+00:00,Etc/GMT,2026-05-12,00:15:00,EUR,LOW,German Buba President Nagel Speaks,0,,,
2026-05-12 01:00:00+00:00,Etc/GMT,2026-05-12,01:00:00,EUR,LOW,Italian Industrial Production m/m,1,0.7%,0.2%,0.2%
2026-05-12 02:00:00+00:00,Etc/GMT,2026-05-12,02:00:00,EUR,LOW,German ZEW Economic Sentiment,1,-10.2,-19.2,-17.2
2026-05-12 03:00:00+00:00,Etc/GMT,2026-05-12,03:00:00,USD,LOW,NFIB Small Business Index,1,95.9,96.1,95.8
2026-05-12 05:15:00+00:00,Etc/GMT,2026-05-12,05:15:00,USD,LOW,ADP Weekly Employment Change,0,33.0K,,30.3K
2026-05-12 05:30:00+00:00,Etc/GMT,2026-05-12,05:30:00,USD,HIGH,Core CPI m/m,-1,0.4%,0.3%,0.2%
2026-05-12 06:10:00+00:00,Etc/GMT,2026-05-12,06:10:00,USD,LOW,FOMC Member Goolsbee Speaks,0,,,
2026-05-12 10:00:00+00:00,Etc/GMT,2026-05-12,10:00:00,USD,LOW,FOMC Member Goolsbee Speaks,0,,,
2026-05-12 10:01:00+00:00,Etc/GMT,2026-05-12,10:01:00,USD,LOW,10-y Bond Auction,0,4.47|2.4,,4.28|2.4
2026-05-12 11:00:00+00:00,Etc/GMT,2026-05-12,11:00:00,USD,LOW,Federal Budget Balance,-1,215.0B,157.2B,-164.1B
2026-05-12 13:30:00+00:00,Etc/GMT,2026-05-12,13:30:00,USD,LOW,API Weekly Statistical Bulletin,0,,,
2026-05-12 23:00:00+00:00,Etc/GMT,2026-05-12,23:00:00,EUR,LOW,German WPI m/m,1,2.0%,1.7%,2.7%
2026-05-12 23:45:00+00:00,Etc/GMT,2026-05-12,23:45:00,EUR,LOW,French Final CPI m/m,0,1.0%,1.0%,1.0%
2026-05-13 02:00:00+00:00,Etc/GMT,2026-05-13,02:00:00,EUR,LOW,Flash Employment Change q/q,1,0.1%,0.0%,0.2%
2026-05-13 02:35:00+00:00,Etc/GMT,2026-05-13,02:35:00,EUR,LOW,German 30-y Bond Auction,0,3.62|1.3,,3.58|1.4
2026-05-13 05:30:00+00:00,Etc/GMT,2026-05-13,05:30:00,USD,HIGH,Core PPI m/m,-1,1.0%,0.3%,0.2%
2026-05-13 07:30:00+00:00,Etc/GMT,2026-05-13,07:30:00,USD,LOW,Crude Oil Inventories,1,-4.3M,-2.0M,-2.3M
2026-05-13 08:30:00+00:00,Etc/GMT,2026-05-13,08:30:00,USD,LOW,FOMC Member Collins Speaks,0,,,
2026-05-13 10:01:00+00:00,Etc/GMT,2026-05-13,10:01:00,USD,LOW,30-y Bond Auction,0,5.05|2.3,,4.88|2.4
2026-05-13 10:15:00+00:00,Etc/GMT,2026-05-13,10:15:00,USD,LOW,FOMC Member Kashkari Speaks,0,,,
2026-05-13 11:40:00+00:00,Etc/GMT,2026-05-13,11:40:00,USD,HIGH,Fed Chair Nomination Vote,0,Pass,Pass,
2026-05-13 12:15:00+00:00,Etc/GMT,2026-05-13,12:15:00,EUR,LOW,ECB President Lagarde Speaks,0,,,
2026-05-14 07:00:00+00:00,Etc/GMT,2026-05-14,07:00:00,USD,LOW,Business Inventories m/m,-1,0.9%,0.8%,0.4%
2026-05-14 07:13:00+00:00,Etc/GMT,2026-05-14,07:13:00,USD,LOW,Mortgage Delinquencies,0,4.44%,,4.26%
2026-05-14 07:15:00+00:00,Etc/GMT,2026-05-14,07:15:00,USD,LOW,FOMC Member Schmid Speaks,0,,,
2026-05-14 07:30:00+00:00,Etc/GMT,2026-05-14,07:30:00,USD,LOW,Natural Gas Storage,1,85B,86B,63B
2026-05-14 10:00:00+00:00,Etc/GMT,2026-05-14,10:00:00,USD,LOW,FOMC Member Hammack Speaks,0,,,
2026-05-14 14:45:00+00:00,Etc/GMT,2026-05-14,14:45:00,USD,LOW,FOMC Member Williams Speaks,0,,,
2026-05-14 16:00:00+00:00,Etc/GMT,2026-05-14,16:00:00,USD,LOW,FOMC Member Barr Speaks,0,,,
2026-05-15 01:00:00+00:00,Etc/GMT,2026-05-15,01:00:00,EUR,LOW,ECB Economic Bulletin,0,,,
2026-05-15 06:15:00+00:00,Etc/GMT,2026-05-15,06:15:00,USD,LOW,Capacity Utilization Rate,-1,76.1%,75.8%,75.7%
2026-05-18 01:00:00+00:00,Etc/GMT,2026-05-18,01:00:00,EUR,LOW,Italian Trade Balance,-1,4.71B,5.25B,4.98B
2026-05-18 07:00:00+00:00,Etc/GMT,2026-05-18,07:00:00,USD,LOW,NAHB Housing Market Index,-1,37,34,34
2026-05-18 12:35:00+00:00,Etc/GMT,2026-05-18,12:35:00,USD,LOW,FOMC Member Goolsbee Speaks,0,,,
2026-05-18 13:00:00+00:00,Etc/GMT,2026-05-18,13:00:00,USD,LOW,TIC Long-Term Purchases,1,81.3B,87.2B,57.0B
2026-05-19 02:00:00+00:00,Etc/GMT,2026-05-19,02:00:00,EUR,LOW,Trade Balance,-1,3.5B,5.4B,6.5B
2026-05-19 05:00:00+00:00,Etc/GMT,2026-05-19,05:00:00,USD,LOW,FOMC Member Waller Speaks,0,,,
2026-05-19 05:15:00+00:00,Etc/GMT,2026-05-19,05:15:00,USD,LOW,ADP Weekly Employment Change,0,42.3K,,33.0K
2026-05-19 07:00:00+00:00,Etc/GMT,2026-05-19,07:00:00,USD,LOW,Pending Home Sales m/m,-1,1.4%,1.0%,1.7%
2026-05-19 13:30:00+00:00,Etc/GMT,2026-05-19,13:30:00,USD,LOW,API Weekly Statistical Bulletin,0,,,
2026-05-19 16:00:00+00:00,Etc/GMT,2026-05-19,16:00:00,USD,LOW,FOMC Member Paulson Speaks,0,,,
2026-05-19 23:00:00+00:00,Etc/GMT,2026-05-19,23:00:00,EUR,LOW,German PPI m/m,-1,1.2%,2.0%,2.5%
2026-05-20 02:00:00+00:00,Etc/GMT,2026-05-20,02:00:00,EUR,LOW,Final Core CPI y/y,0,2.2%,2.2%,2.2%
2026-05-20 02:32:00+00:00,Etc/GMT,2026-05-20,02:32:00,EUR,LOW,German 10-y Bond Auction,0,3.16|1.5,,3.08|1.5
2026-05-20 07:30:00+00:00,Etc/GMT,2026-05-20,07:30:00,USD,LOW,Crude Oil Inventories,1,-7.9M,-2.5M,-4.3M
2026-05-20 11:00:00+00:00,Etc/GMT,2026-05-20,11:00:00,USD,HIGH,FOMC Meeting Minutes,0,,,
2026-05-21 00:15:00+00:00,Etc/GMT,2026-05-21,00:15:00,EUR,LOW,French Flash Manufacturing PMI,-1,48.9,52.1,52.8
2026-05-21 00:30:00+00:00,Etc/GMT,2026-05-21,00:30:00,EUR,LOW,German Flash Manufacturing PMI,-1,49.9,51.0,51.4
2026-05-21 01:00:00+00:00,Etc/GMT,2026-05-21,01:00:00,EUR,LOW,Current Account,-1,14.9B,26.3B,25.6B
2026-05-21 02:30:00+00:00,Etc/GMT,2026-05-21,02:30:00,EUR,LOW,EU Economic Forecasts,0,,,
2026-05-21 03:00:00+00:00,Etc/GMT,2026-05-21,03:00:00,EUR,LOW,German Buba Monthly Report,0,,,
2026-05-21 05:30:00+00:00,Etc/GMT,2026-05-21,05:30:00,USD,LOW,Philly Fed Manufacturing Index,1,-0.4,17.6,26.7
2026-05-21 06:45:00+00:00,Etc/GMT,2026-05-21,06:45:00,USD,LOW,Flash Manufacturing PMI,-1,55.3,53.8,54.5
2026-05-21 07:02:00+00:00,Etc/GMT,2026-05-21,07:02:00,EUR,LOW,Consumer Confidence,1,-19,-21,-21
2026-05-21 07:30:00+00:00,Etc/GMT,2026-05-21,07:30:00,USD,LOW,Natural Gas Storage,-1,101B,96B,85B
2026-05-21 09:20:00+00:00,Etc/GMT,2026-05-21,09:20:00,USD,LOW,FOMC Member Barkin Speaks,0,,,
2026-05-21 23:00:00+00:00,Etc/GMT,2026-05-21,23:00:00,EUR,LOW,German Final GDP q/q,0,0.3%,0.3%,0.3%
2026-05-22 01:00:00+00:00,Etc/GMT,2026-05-22,01:00:00,EUR,LOW,German ifo Business Climate,1,84.9,84.2,84.5
2026-05-22 05:40:00+00:00,Etc/GMT,2026-05-22,05:40:00,EUR,LOW,Belgian NBB Business Climate,1,-13.3,-13.5,-14.2
2026-05-22 07:00:00+00:00,Etc/GMT,2026-05-22,07:00:00,USD,LOW,Revised UoM Consumer Sentiment,1,44.8,48.2,48.2
2026-05-26 06:00:00+00:00,Etc/GMT,2026-05-26,06:00:00,USD,LOW,HPI m/m,0,0.1%,0.1%,-0.1%
2026-05-26 07:00:00+00:00,Etc/GMT,2026-05-26,07:00:00,USD,LOW,CB Consumer Confidence,-1,93.1,91.9,93.8
2026-05-27 02:33:00+00:00,Etc/GMT,2026-05-27,02:33:00,EUR,LOW,German 30-y Bond Auction,0,3.50|1.8,,3.62|1.3
2026-05-27 05:15:00+00:00,Etc/GMT,2026-05-27,05:15:00,USD,LOW,ADP Weekly Employment Change,0,35.8K,,40.8K
2026-05-27 07:00:00+00:00,Etc/GMT,2026-05-27,07:00:00,USD,LOW,Richmond Manufacturing Index,-1,13,4,3
2026-05-27 12:55:00+00:00,Etc/GMT,2026-05-27,12:55:00,USD,LOW,FOMC Member Cook Speaks,0,,,
2026-05-27 13:30:00+00:00,Etc/GMT,2026-05-27,13:30:00,USD,LOW,API Weekly Statistical Bulletin,0,,,
2026-05-27 17:00:00+00:00,Etc/GMT,2026-05-27,17:00:00,USD,LOW,FOMC Member Jefferson Speaks,0,,,
2026-05-28 00:10:00+00:00,Etc/GMT,2026-05-28,00:10:00,EUR,LOW,ECB President Lagarde Speaks,0,,,
2026-05-28 02:09:00+00:00,Etc/GMT,2026-05-28,02:09:00,EUR,LOW,Italian 10-y Bond Auction,0,3.77|1.6,,3.77|1.7
2026-05-28 04:30:00+00:00,Etc/GMT,2026-05-28,04:30:00,EUR,LOW,ECB Monetary Policy Meeting Accounts,0,,,
2026-05-28 05:55:00+00:00,Etc/GMT,2026-05-28,05:55:00,USD,LOW,FOMC Member Williams Speaks,0,,,
2026-05-28 07:15:00+00:00,Etc/GMT,2026-05-28,07:15:00,USD,LOW,FOMC Member Musalem Speaks,0,,,
2026-05-28 07:30:00+00:00,Etc/GMT,2026-05-28,07:30:00,USD,LOW,Natural Gas Storage,1,92B,96B,101B
2026-05-28 09:00:00+00:00,Etc/GMT,2026-05-28,09:00:00,USD,LOW,Crude Oil Inventories,-1,-3.3M,-3.8M,-7.9M
2026-05-28 10:10:00+00:00,Etc/GMT,2026-05-28,10:10:00,USD,LOW,FOMC Member Musalem Speaks,0,,,
2026-05-28 11:00:00+00:00,Etc/GMT,2026-05-28,11:00:00,USD,LOW,Treasury Sec Bessent Speaks,0,,,
2026-05-28 12:00:00+00:00,Etc/GMT,2026-05-28,12:00:00,USD,LOW,FOMC Member Barkin Speaks,0,,,
2026-05-28 23:00:00+00:00,Etc/GMT,2026-05-28,23:00:00,EUR,LOW,German Import Prices m/m,0,1.2%,1.2%,3.6%
2026-05-28 23:45:00+00:00,Etc/GMT,2026-05-28,23:45:00,EUR,LOW,French Consumer Spending m/m,-1,-0.5%,-0.1%,0.9%
2026-05-29 00:55:00+00:00,Etc/GMT,2026-05-29,00:55:00,EUR,LOW,German Unemployment Change,1,-12K,11K,19k
2026-05-29 01:00:00+00:00,Etc/GMT,2026-05-29,01:00:00,EUR,LOW,Italian Monthly Unemployment Rate,1,5.1%,5.3%,5.2%
2026-05-29 02:00:00+00:00,Etc/GMT,2026-05-29,02:00:00,EUR,LOW,Italian Prelim CPI m/m,1,0.4%,0.1%,1.2%
2026-05-29 03:50:00+00:00,Etc/GMT,2026-05-29,03:50:00,USD,LOW,FOMC Member Schmid Speaks,0,,,
2026-05-29 06:10:00+00:00,Etc/GMT,2026-05-29,06:10:00,USD,LOW,FOMC Member Bowman Speaks,0,,,
2026-05-29 06:15:00+00:00,Etc/GMT,2026-05-29,06:15:00,USD,LOW,FOMC Member Paulson Speaks,0,,,
2026-05-29 06:45:00+00:00,Etc/GMT,2026-05-29,06:45:00,USD,LOW,Chicago PMI,-1,62.7,50.6,49.2
2026-05-29 09:40:00+00:00,Etc/GMT,2026-05-29,09:40:00,USD,LOW,FOMC Member Daly Speaks,0,,,
2026-05-31 23:00:00+00:00,Etc/GMT,2026-05-31,23:00:00,EUR,LOW,German Retail Sales m/m,1,-0.3%,-0.4%,-0.3%
2026-06-01 00:15:00+00:00,Etc/GMT,2026-06-01,00:15:00,EUR,LOW,Spanish Manufacturing PMI,-1,51.2,53.7,51.7
2026-06-01 00:45:00+00:00,Etc/GMT,2026-06-01,00:45:00,EUR,LOW,Italian Manufacturing PMI,1,52.9,52.0,52.1
2026-06-01 00:50:00+00:00,Etc/GMT,2026-06-01,00:50:00,EUR,LOW,French Final Manufacturing PMI,1,49.7,48.9,48.9
2026-06-01 00:55:00+00:00,Etc/GMT,2026-06-01,00:55:00,EUR,LOW,German Final Manufacturing PMI,1,50.1,49.9,49.9
2026-06-01 01:00:00+00:00,Etc/GMT,2026-06-01,01:00:00,EUR,LOW,Final Manufacturing PMI,1,51.6,51.4,51.4
2026-06-01 02:00:00+00:00,Etc/GMT,2026-06-01,02:00:00,EUR,LOW,Unemployment Rate,-1,6.3%,6.2%,6.3%
2026-06-01 06:45:00+00:00,Etc/GMT,2026-06-01,06:45:00,USD,LOW,Final Manufacturing PMI,1,55.1,55.3,55.3
2026-06-01 07:00:00+00:00,Etc/GMT,2026-06-01,07:00:00,USD,HIGH,ISM Manufacturing PMI,-1,54.0,53.3,52.7
2026-06-01 22:50:00+00:00,Etc/GMT,2026-06-01,22:50:00,USD,LOW,FOMC Member Kashkari Speaks,0,,,
2026-06-01 23:45:00+00:00,Etc/GMT,2026-06-01,23:45:00,EUR,LOW,French Gov Budget Balance,0,-69.6B,,-42.9B
2026-06-02 00:00:00+00:00,Etc/GMT,2026-06-02,00:00:00,EUR,LOW,Spanish Unemployment Change,-1,-36.3K,-56.8K,-62.7K
2026-06-02 02:00:00+00:00,Etc/GMT,2026-06-02,02:00:00,EUR,LOW,Core CPI Flash Estimate y/y,1,2.5%,2.4%,2.2%
2026-06-02 05:30:00+00:00,Etc/GMT,2026-06-02,05:30:00,USD,LOW,FOMC Member Hammack Speaks,0,,,
2026-06-02 07:02:00+00:00,Etc/GMT,2026-06-02,07:02:00,USD,LOW,RCM/TIPP Economic Optimism,1,42.5,44.5,42.6
2026-06-02 13:30:00+00:00,Etc/GMT,2026-06-02,13:30:00,USD,LOW,API Weekly Statistical Bulletin,0,,,
2026-06-02 20:00:00+00:00,Etc/GMT,2026-06-02,20:00:00,USD,LOW,FOMC Member Goolsbee Speaks,0,,,
2026-06-03 00:15:00+00:00,Etc/GMT,2026-06-03,00:15:00,EUR,LOW,Spanish Services PMI,1,50.1,48.2,47.9
2026-06-03 00:45:00+00:00,Etc/GMT,2026-06-03,00:45:00,EUR,LOW,Italian Services PMI,1,49.4,49.2,49.8
2026-06-03 00:50:00+00:00,Etc/GMT,2026-06-03,00:50:00,EUR,LOW,French Final Services PMI,1,44.3,42.9,42.9
2026-06-03 00:55:00+00:00,Etc/GMT,2026-06-03,00:55:00,EUR,LOW,German Final Services PMI,1,48.1,47.8,47.8
2026-06-03 01:00:00+00:00,Etc/GMT,2026-06-03,01:00:00,EUR,LOW,Final Services PMI,1,47.7,46.4,46.4
2026-06-03 02:00:00+00:00,Etc/GMT,2026-06-03,02:00:00,EUR,LOW,PPI m/m,0,0.6%,0.6%,3.4%
2026-06-03 05:15:00+00:00,Etc/GMT,2026-06-03,05:15:00,USD,HIGH,ADP Non-Farm Employment Change,-1,122K,118K,105K
2026-06-03 06:00:00+00:00,Etc/GMT,2026-06-03,06:00:00,USD,LOW,FOMC Member Barr Speaks,0,,,
2026-06-03 06:45:00+00:00,Etc/GMT,2026-06-03,06:45:00,USD,LOW,Final Services PMI,1,50.7,51.0,50.9
2026-06-03 07:00:00+00:00,Etc/GMT,2026-06-03,07:00:00,USD,HIGH,ISM Services PMI,-1,54.5,53.7,53.6
2026-06-03 07:30:00+00:00,Etc/GMT,2026-06-03,07:30:00,USD,LOW,Crude Oil Inventories,1,-8.0M,-2.9M,-3.3M
2026-06-03 11:00:00+00:00,Etc/GMT,2026-06-03,11:00:00,USD,LOW,Beige Book,0,,,
2026-06-03 13:00:00+00:00,Etc/GMT,2026-06-03,13:00:00,USD,LOW,FOMC Member Logan Speaks,0,,,
2026-06-04 01:00:00+00:00,Etc/GMT,2026-06-04,01:00:00,EUR,LOW,ECB President Lagarde Speaks,0,,,
2026-06-04 01:50:00+00:00,Etc/GMT,2026-06-04,01:50:00,EUR,LOW,French 10-y Bond Auction,0,3.80|2.4,,3.61|2.0
2026-06-04 02:00:00+00:00,Etc/GMT,2026-06-04,02:00:00,EUR,LOW,Retail Sales m/m,-1,-0.4%,-0.3%,0.8%
2026-06-04 02:30:00+00:00,Etc/GMT,2026-06-04,02:30:00,USD,LOW,Challenger Job Cuts y/y,0,3.4%,,-20.9%
2026-06-04 05:30:00+00:00,Etc/GMT,2026-06-04,05:30:00,USD,LOW,Unemployment Claims,-1,225K,214K,212K
2026-06-04 07:00:00+00:00,Etc/GMT,2026-06-04,07:00:00,USD,LOW,Treasury Sec Bessent Speaks,0,,,
2026-06-04 07:30:00+00:00,Etc/GMT,2026-06-04,07:30:00,USD,LOW,Natural Gas Storage,1,95B,99B,92B
2026-06-04 10:00:00+00:00,Etc/GMT,2026-06-04,10:00:00,USD,LOW,FOMC Member Schmid Speaks,0,,,
2026-06-04 10:10:00+00:00,Etc/GMT,2026-06-04,10:10:00,USD,LOW,FOMC Member Daly Speaks,0,,,
2026-06-04 12:00:00+00:00,Etc/GMT,2026-06-04,12:00:00,USD,LOW,President Trump Speaks,0,,,
2026-06-04 23:45:00+00:00,Etc/GMT,2026-06-04,23:45:00,EUR,LOW,French Industrial Production m/m,1,0.1%,-0.2%,1.4%
2026-06-05 02:00:00+00:00,Etc/GMT,2026-06-05,02:00:00,EUR,LOW,Final Employment Change q/q,0,0.1%,0.1%,0.1%
2026-06-05 12:00:00+00:00,Etc/GMT,2026-06-05,12:00:00,USD,LOW,Consumer Credit m/m,-1,20.7B,17.8B,22.2B
2026-06-06 09:00:00+00:00,Etc/GMT,2026-06-06,09:00:00,USD,LOW,FOMC Member Barr Speaks,0,,,
2026-06-07 23:00:00+00:00,Etc/GMT,2026-06-07,23:00:00,EUR,LOW,German Factory Orders m/m,-1,-3.8%,-2.2%,4.5%
2026-06-08 01:30:00+00:00,Etc/GMT,2026-06-08,01:30:00,EUR,LOW,Sentix Investor Confidence,1,-13.4,-13.8,-16.4
2026-06-08 23:00:00+00:00,Etc/GMT,2026-06-08,23:00:00,EUR,LOW,German Industrial Production m/m,0,0.4%,0.4%,-0.1%
2026-06-09 03:00:00+00:00,Etc/GMT,2026-06-09,03:00:00,USD,LOW,NFIB Small Business Index,1,95.3,96.0,95.9
2026-06-09 05:15:00+00:00,Etc/GMT,2026-06-09,05:15:00,USD,LOW,ADP Weekly Employment Change,0,29.0K,,30.5K
2026-06-09 07:00:00+00:00,Etc/GMT,2026-06-09,07:00:00,USD,LOW,Existing Home Sales,-1,4.17M,4.07M,4.04M
2026-06-09 13:30:00+00:00,Etc/GMT,2026-06-09,13:30:00,USD,LOW,API Weekly Statistical Bulletin,0,,,
2026-06-10 01:00:00+00:00,Etc/GMT,2026-06-10,01:00:00,EUR,LOW,Italian Industrial Production m/m,1,0.5%,0.0%,0.6%
2026-06-10 02:35:00+00:00,Etc/GMT,2026-06-10,02:35:00,EUR,LOW,German 10-y Bond Auction,0,3.06|1.7,,3.16|1.5
2026-06-10 05:30:00+00:00,Etc/GMT,2026-06-10,05:30:00,USD,HIGH,Core CPI m/m,1,0.2%,0.3%,0.4%
2026-06-10 10:01:00+00:00,Etc/GMT,2026-06-10,10:01:00,USD,LOW,10-y Bond Auction,0,4.54|2.6,,4.47|2.4
2026-06-10 10:59:00+00:00,Etc/GMT,2026-06-10,10:59:00,USD,LOW,Federal Budget Balance,1,-292.6B,-282.9B,215.0B
2026-06-11 05:15:00+00:00,Etc/GMT,2026-06-11,05:15:00,EUR,HIGH,Main Refinancing Rate,0,2.40%,2.40%,2.15%
2026-06-11 05:45:00+00:00,Etc/GMT,2026-06-11,05:45:00,EUR,HIGH,ECB Press Conference,0,,,
2026-06-11 07:30:00+00:00,Etc/GMT,2026-06-11,07:30:00,USD,LOW,Natural Gas Storage,-1,108B,101B,95B
2026-06-11 10:01:00+00:00,Etc/GMT,2026-06-11,10:01:00,USD,LOW,30-y Bond Auction,0,5.02|2.3,,5.05|2.3
2026-06-11 23:00:00+00:00,Etc/GMT,2026-06-11,23:00:00,EUR,LOW,German Final CPI m/m,0,-0.2%,-0.2%,-0.2%
2026-06-11 23:45:00+00:00,Etc/GMT,2026-06-11,23:45:00,EUR,LOW,French Final CPI m/m,0,0.1%,0.1%,0.1%
2026-06-12 01:30:00+00:00,Etc/GMT,2026-06-12,01:30:00,EUR,LOW,Italian Quarterly Unemployment Rate,0,5.3%,,5.7%
2026-06-12 07:00:00+00:00,Etc/GMT,2026-06-12,07:00:00,USD,LOW,Prelim UoM Consumer Sentiment,-1,48.9,46.1,44.8
2026-06-12 07:30:00+00:00,Etc/GMT,2026-06-12,07:30:00,EUR,LOW,German Buba President Nagel Speaks,0,,,
2026-06-14 23:00:00+00:00,Etc/GMT,2026-06-14,23:00:00,EUR,LOW,German WPI m/m,-1,-0.6%,0.8%,2.0%
2026-06-15 00:30:00+00:00,Etc/GMT,2026-06-15,00:30:00,EUR,LOW,ECB President Lagarde Speaks,0,,,
2026-06-15 01:00:00+00:00,Etc/GMT,2026-06-15,01:00:00,EUR,LOW,Italian Trade Balance,-1,4.29B,5.19B,4.81B
2026-06-15 02:00:00+00:00,Etc/GMT,2026-06-15,02:00:00,EUR,LOW,Industrial Production m/m,-1,0.1%,0.2%,0.4%
2026-06-15 06:15:00+00:00,Etc/GMT,2026-06-15,06:15:00,USD,LOW,Capacity Utilization Rate,0,76.2%,76.2%,76.1%
2026-06-15 07:00:00+00:00,Etc/GMT,2026-06-15,07:00:00,USD,LOW,NAHB Housing Market Index,1,35,36,37
2026-06-16 02:00:00+00:00,Etc/GMT,2026-06-16,02:00:00,EUR,LOW,German ZEW Economic Sentiment,1,10.5,-5.8,-10.2
2026-06-16 05:15:00+00:00,Etc/GMT,2026-06-16,05:15:00,USD,LOW,ADP Weekly Employment Change,0,25.5K,,29.0K
2026-06-16 13:30:00+00:00,Etc/GMT,2026-06-16,13:30:00,USD,LOW,API Weekly Statistical Bulletin,0,,,
2026-06-17 02:00:00+00:00,Etc/GMT,2026-06-17,02:00:00,EUR,LOW,Final Core CPI y/y,1,2.6%,2.5%,2.5%
2026-06-17 03:50:00+00:00,Etc/GMT,2026-06-17,03:50:00,EUR,LOW,ECB President Lagarde Speaks,0,,,
2026-06-17 07:00:00+00:00,Etc/GMT,2026-06-17,07:00:00,USD,LOW,Business Inventories m/m,0,0.5%,0.5%,1.0%
2026-06-17 07:30:00+00:00,Etc/GMT,2026-06-17,07:30:00,USD,LOW,Crude Oil Inventories,1,-8.3M,-3.6M,-7.2M
2026-06-17 07:45:00+00:00,Etc/GMT,2026-06-17,07:45:00,USD,LOW,President Trump Speaks,0,,,
2026-06-17 11:00:00+00:00,Etc/GMT,2026-06-17,11:00:00,USD,HIGH,Federal Funds Rate,0,3.75%,3.75%,3.75%
2026-06-17 11:30:00+00:00,Etc/GMT,2026-06-17,11:30:00,USD,HIGH,FOMC Press Conference,0,,,
2026-06-18 01:36:00+00:00,Etc/GMT,2026-06-18,01:36:00,EUR,LOW,Spanish 10-y Bond Auction,0,3.38|1.9,,3.39|2.1
2026-06-18 03:00:00+00:00,Etc/GMT,2026-06-18,03:00:00,EUR,LOW,German Buba Monthly Report,0,,,
2026-06-18 07:00:00+00:00,Etc/GMT,2026-06-18,07:00:00,USD,LOW,CB Leading Index m/m,0,0.1%,0.1%,0.2%
2026-06-18 07:30:00+00:00,Etc/GMT,2026-06-18,07:30:00,USD,LOW,Natural Gas Storage,1,73B,82B,108B
2026-06-18 13:00:00+00:00,Etc/GMT,2026-06-18,13:00:00,USD,LOW,TIC Long-Term Purchases,-1,103.1B,72.5B,79.9B
2026-06-18 23:00:00+00:00,Etc/GMT,2026-06-18,23:00:00,EUR,LOW,German PPI m/m,-1,0.3%,0.7%,1.2%
2026-06-22 04:00:00+00:00,Etc/GMT,2026-06-22,04:00:00,EUR,LOW,German Buba President Nagel Speaks,0,,,
2026-06-22 06:00:00+00:00,Etc/GMT,2026-06-22,06:00:00,EUR,LOW,ECB President Lagarde Speaks,0,,,
2026-06-22 07:04:00+00:00,Etc/GMT,2026-06-22,07:04:00,EUR,LOW,Consumer Confidence,0,-18,-18,-19
2026-06-22 08:25:00+00:00,Etc/GMT,2026-06-22,08:25:00,EUR,LOW,ECB President Lagarde Speaks,0,,,
2026-06-22 14:30:00+00:00,Etc/GMT,2026-06-22,14:30:00,USD,LOW,FOMC Member Goolsbee Speaks,0,,,
2026-06-23 00:15:00+00:00,Etc/GMT,2026-06-23,00:15:00,EUR,LOW,French Flash Manufacturing PMI,1,50.7,50.2,49.7
2026-06-23 00:30:00+00:00,Etc/GMT,2026-06-23,00:30:00,EUR,LOW,German Flash Manufacturing PMI,-1,50.0,50.3,50.1
2026-06-23 01:00:00+00:00,Etc/GMT,2026-06-23,01:00:00,EUR,LOW,Flash Manufacturing PMI,-1,51.3,51.6,51.6
2026-06-23 05:15:00+00:00,Etc/GMT,2026-06-23,05:15:00,USD,LOW,ADP Weekly Employment Change,0,30.8K,,26.5K
2026-06-23 06:45:00+00:00,Etc/GMT,2026-06-23,06:45:00,USD,LOW,Flash Manufacturing PMI,-1,55.7,54.6,55.1
2026-06-23 07:00:00+00:00,Etc/GMT,2026-06-23,07:00:00,USD,LOW,Richmond Manufacturing Index,1,4,8,13
2026-06-23 11:05:00+00:00,Etc/GMT,2026-06-23,11:05:00,USD,LOW,President Trump Speaks,0,,,
2026-06-23 13:30:00+00:00,Etc/GMT,2026-06-23,13:30:00,USD,LOW,API Weekly Statistical Bulletin,0,,,
2026-06-24 02:00:00+00:00,Etc/GMT,2026-06-24,02:00:00,EUR,LOW,German Buba President Nagel Speaks,0,,,
2026-06-24 02:40:00+00:00,Etc/GMT,2026-06-24,02:40:00,EUR,LOW,German 10-y Bond Auction,0,2.96|1.7,,3.06|1.7
2026-06-24 05:30:00+00:00,Etc/GMT,2026-06-24,05:30:00,USD,LOW,Current Account,1,-227B,-212B,-221B
2026-06-24 05:38:00+00:00,Etc/GMT,2026-06-24,05:38:00,EUR,LOW,Belgian NBB Business Climate,-1,-12.4,-12.0,-13.3
2026-06-24 07:00:00+00:00,Etc/GMT,2026-06-24,07:00:00,USD,LOW,New Home Sales,1,580K,638K,626K
2026-06-24 07:30:00+00:00,Etc/GMT,2026-06-24,07:30:00,USD,LOW,Crude Oil Inventories,1,-6.1M,-3.9M,-8.3M
2026-06-24 13:00:00+00:00,Etc/GMT,2026-06-24,13:00:00,USD,LOW,Bank Stress Test Results,0,,,
2026-06-24 17:30:00+00:00,Etc/GMT,2026-06-24,17:30:00,USD,LOW,President Trump Speaks,0,,,
2026-06-24 23:00:00+00:00,Etc/GMT,2026-06-24,23:00:00,EUR,LOW,German GfK Consumer Climate,-1,-29.2,-27.8,-29.7
2026-06-25 01:00:00+00:00,Etc/GMT,2026-06-25,01:00:00,EUR,LOW,ECB Economic Bulletin,0,,,
2026-06-25 05:30:00+00:00,Etc/GMT,2026-06-25,05:30:00,USD,HIGH,Core PCE Price Index m/m,0,0.3%,0.3%,0.3%
2026-06-25 05:45:00+00:00,Etc/GMT,2026-06-25,05:45:00,USD,LOW,FOMC Member Bowman Speaks,0,,,
2026-06-25 07:30:00+00:00,Etc/GMT,2026-06-25,07:30:00,USD,LOW,Natural Gas Storage,-1,76B,67B,73B
2026-06-25 12:40:00+00:00,Etc/GMT,2026-06-25,12:40:00,USD,LOW,FOMC Member Williams Speaks,0,,,
2026-06-25 15:30:00+00:00,Etc/GMT,2026-06-25,15:30:00,USD,LOW,FOMC Member Goolsbee Speaks,0,,,
2026-06-26 01:30:00+00:00,Etc/GMT,2026-06-26,01:30:00,EUR,LOW,German Buba President Nagel Speaks,0,,,
2026-06-26 02:06:00+00:00,Etc/GMT,2026-06-26,02:06:00,EUR,LOW,Italian 10-y Bond Auction,0,3.63|1.7,,3.77|1.6
2026-06-26 05:30:00+00:00,Etc/GMT,2026-06-26,05:30:00,USD,LOW,Goods Trade Balance,1,-105.8B,-85.0B,-83.0B
2026-06-26 07:00:00+00:00,Etc/GMT,2026-06-26,07:00:00,USD,LOW,Revised UoM Consumer Sentiment,1,49.5,50.0,48.9
2026-06-26 08:30:00+00:00,Etc/GMT,2026-06-26,08:30:00,USD,LOW,FOMC Member Kashkari Speaks,0,,,
2026-06-26 10:30:00+00:00,Etc/GMT,2026-06-26,10:30:00,USD,LOW,President Trump Speaks,0,,,
2026-06-28 09:35:00+00:00,Etc/GMT,2026-06-28,09:35:00,USD,LOW,FOMC Member Barkin Speaks,0,,,
2026-06-29 00:00:00+00:00,Etc/GMT,2026-06-29,00:00:00,EUR,LOW,Spanish Flash CPI y/y,0,3.2%,3.2%,3.2%
2026-06-29 01:00:00+00:00,Etc/GMT,2026-06-29,01:00:00,EUR,LOW,M3 Money Supply y/y,1,3.2%,2.7%,2.7%
2026-06-29 12:00:00+00:00,Etc/GMT,2026-06-29,12:00:00,EUR,LOW,ECB President Lagarde Speaks,0,,,
2026-06-29 23:00:00+00:00,Etc/GMT,2026-06-29,23:00:00,EUR,LOW,German Import Prices m/m,1,0.7%,0.4%,1.2%
2026-06-29 23:45:00+00:00,Etc/GMT,2026-06-29,23:45:00,EUR,LOW,French Consumer Spending m/m,1,0.5%,0.2%,-0.5%
2026-06-30 00:55:00+00:00,Etc/GMT,2026-06-30,00:55:00,EUR,LOW,German Unemployment Change,1,-1K,7K,-12K
2026-06-30 02:00:00+00:00,Etc/GMT,2026-06-30,02:00:00,EUR,LOW,Italian Prelim CPI m/m,-1,0.0%,0.2%,0.4%
2026-06-30 06:00:00+00:00,Etc/GMT,2026-06-30,06:00:00,USD,LOW,HPI m/m,1,-0.1%,0.2%,0.2%
2026-06-30 06:45:00+00:00,Etc/GMT,2026-06-30,06:45:00,USD,LOW,Chicago PMI,-1,56.7,55.7,62.7
2026-06-30 07:00:00+00:00,Etc/GMT,2026-06-30,07:00:00,USD,LOW,CB Consumer Confidence,1,91.2,94.4,90.6
2026-06-30 13:30:00+00:00,Etc/GMT,2026-06-30,13:30:00,USD,LOW,API Weekly Statistical Bulletin,0,,,
2026-07-01 00:15:00+00:00,Etc/GMT,2026-07-01,00:15:00,EUR,LOW,Spanish Manufacturing PMI,-1,49.7,51.0,51.2
2026-07-01 00:45:00+00:00,Etc/GMT,2026-07-01,00:45:00,EUR,LOW,Italian Manufacturing PMI,-1,52.2,52.4,52.9
2026-07-01 00:50:00+00:00,Etc/GMT,2026-07-01,00:50:00,EUR,LOW,French Final Manufacturing PMI,1,51.2,50.7,50.7
2026-07-01 00:55:00+00:00,Etc/GMT,2026-07-01,00:55:00,EUR,LOW,German Final Manufacturing PMI,1,50.3,50.0,50.0
2026-07-01 01:00:00+00:00,Etc/GMT,2026-07-01,01:00:00,EUR,LOW,Final Manufacturing PMI,1,51.4,51.3,51.3
2026-07-01 02:00:00+00:00,Etc/GMT,2026-07-01,02:00:00,EUR,LOW,Core CPI Flash Estimate y/y,-1,2.4%,2.5%,2.6%
2026-07-01 02:30:00+00:00,Etc/GMT,2026-07-01,02:30:00,USD,LOW,Challenger Job Cuts y/y,0,-4.5%,,3.4%
2026-07-01 05:15:00+00:00,Etc/GMT,2026-07-01,05:15:00,USD,LOW,ADP Non-Farm Employment Change,1,98K,118K,122K
2026-07-01 06:45:00+00:00,Etc/GMT,2026-07-01,06:45:00,USD,LOW,Final Manufacturing PMI,1,53.9,55.7,55.7
2026-07-01 07:00:00+00:00,Etc/GMT,2026-07-01,07:00:00,EUR,LOW,ECB President Lagarde Speaks,0,,,
2026-07-01 07:30:00+00:00,Etc/GMT,2026-07-01,07:30:00,USD,LOW,Crude Oil Inventories,1,-3.8M,-2.9M,-6.1M
2026-07-01 12:15:00+00:00,Etc/GMT,2026-07-01,12:15:00,USD,LOW,President Trump Speaks,0,,,
2026-07-01 23:45:00+00:00,Etc/GMT,2026-07-01,23:45:00,EUR,LOW,French Gov Budget Balance,0,-93.3B,,-69.6B
2026-07-02 00:00:00+00:00,Etc/GMT,2026-07-02,00:00:00,EUR,LOW,Spanish Unemployment Change,-1,-28.7K,-40.8K,-36.3K
2026-07-02 01:00:00+00:00,Etc/GMT,2026-07-02,01:00:00,EUR,LOW,Italian Monthly Unemployment Rate,1,5.0%,5.1%,5.1%
2026-07-02 01:41:00+00:00,Etc/GMT,2026-07-02,01:41:00,EUR,LOW,Spanish 10-y Bond Auction,0,3.40|1.8,,3.38|1.9
2026-07-02 01:56:00+00:00,Etc/GMT,2026-07-02,01:56:00,EUR,LOW,French 10-y Bond Auction,0,3.68|3.3,,3.80|2.4
2026-07-02 02:00:00+00:00,Etc/GMT,2026-07-02,02:00:00,EUR,LOW,Unemployment Rate,1,6.2%,6.3%,6.2%
2026-07-02 04:45:00+00:00,Etc/GMT,2026-07-02,04:45:00,USD,LOW,FOMC Member Daly Speaks,0,,,
2026-07-02 05:30:00+00:00,Etc/GMT,2026-07-02,05:30:00,USD,HIGH,Average Hourly Earnings m/m,0,0.3%,0.3%,0.3%
2026-07-02 07:00:00+00:00,Etc/GMT,2026-07-02,07:00:00,USD,LOW,Factory Orders m/m,-1,-1.3%,-1.7%,5.3%
2026-07-02 07:30:00+00:00,Etc/GMT,2026-07-02,07:30:00,USD,LOW,Natural Gas Storage,-1,87B,81B,76B
2026-07-02 23:45:00+00:00,Etc/GMT,2026-07-02,23:45:00,EUR,LOW,French Industrial Production m/m,1,-0.1%,-0.3%,0.3%
2026-07-03 00:15:00+00:00,Etc/GMT,2026-07-03,00:15:00,EUR,LOW,Spanish Services PMI,1,54.2,51.0,50.1
2026-07-03 00:45:00+00:00,Etc/GMT,2026-07-03,00:45:00,EUR,LOW,Italian Services PMI,-1,50.2,50.3,49.4
2026-07-03 00:50:00+00:00,Etc/GMT,2026-07-03,00:50:00,EUR,LOW,French Final Services PMI,-1,46.8,47.4,47.4
2026-07-03 00:55:00+00:00,Etc/GMT,2026-07-03,00:55:00,EUR,LOW,German Final Services PMI,1,48.6,46.9,46.8
2026-07-03 01:00:00+00:00,Etc/GMT,2026-07-03,01:00:00,EUR,LOW,ECB President Lagarde Speaks,0,,,
2026-07-03 08:00:00+00:00,Etc/GMT,2026-07-03,08:00:00,EUR,LOW,German Buba President Nagel Speaks,0,,,
2026-07-05 23:00:00+00:00,Etc/GMT,2026-07-05,23:00:00,EUR,LOW,German Factory Orders m/m,1,1.9%,1.1%,-3.2%
2026-07-06 01:30:00+00:00,Etc/GMT,2026-07-06,01:30:00,EUR,LOW,Sentix Investor Confidence,1,-3.1,-8.9,-13.4
2026-07-06 02:00:00+00:00,Etc/GMT,2026-07-06,02:00:00,EUR,LOW,PPI m/m,0,0.2%,0.2%,0.7%
2026-07-06 06:45:00+00:00,Etc/GMT,2026-07-06,06:45:00,USD,LOW,Final Services PMI,1,51.2,51.4,51.3
2026-07-06 07:00:00+00:00,Etc/GMT,2026-07-06,07:00:00,USD,HIGH,ISM Services PMI,1,54.0,54.2,54.5
2026-07-06 08:00:00+00:00,Etc/GMT,2026-07-06,08:00:00,USD,LOW,FOMC Member Waller Speaks,0,,,
2026-07-06 23:00:00+00:00,Etc/GMT,2026-07-06,23:00:00,EUR,LOW,German Industrial Production m/m,1,0.9%,0.1%,0.2%
2026-07-06 23:45:00+00:00,Etc/GMT,2026-07-06,23:45:00,EUR,LOW,French Trade Balance,-1,-6.9B,-5.9B,-5.4B
2026-07-07 04:00:00+00:00,Etc/GMT,2026-07-07,04:00:00,USD,LOW,FOMC Member Bowman Speaks,0,,,
2026-07-07 05:15:00+00:00,Etc/GMT,2026-07-07,05:15:00,USD,LOW,ADP Weekly Employment Change,0,21.0K,,24.3K
2026-07-07 07:04:00+00:00,Etc/GMT,2026-07-07,07:04:00,USD,LOW,RCM/TIPP Economic Optimism,-1,45.5,45.0,42.5
2026-07-07 13:30:00+00:00,Etc/GMT,2026-07-07,13:30:00,USD,LOW,API Weekly Statistical Bulletin,0,,,
2026-07-08 02:41:00+00:00,Etc/GMT,2026-07-08,02:41:00,EUR,LOW,German 10-y Bond Auction,0,3.09|1.0,,2.96|1.7
2026-07-08 04:30:00+00:00,Etc/GMT,2026-07-08,04:30:00,EUR,LOW,German Buba President Nagel Speaks,0,,,
2026-07-08 07:00:00+00:00,Etc/GMT,2026-07-08,07:00:00,USD,LOW,Final Wholesale Inventories m/m,1,0.1%,0.3%,0.3%
2026-07-08 07:30:00+00:00,Etc/GMT,2026-07-08,07:30:00,USD,LOW,Crude Oil Inventories,-1,3.0M,-1.9M,-3.8M
2026-07-08 10:01:00+00:00,Etc/GMT,2026-07-08,10:01:00,USD,LOW,10-y Bond Auction,0,4.58|2.6,,4.54|2.6
2026-07-08 11:00:00+00:00,Etc/GMT,2026-07-08,11:00:00,USD,HIGH,FOMC Meeting Minutes,0,,,
2026-07-08 12:00:00+00:00,Etc/GMT,2026-07-08,12:00:00,USD,LOW,Consumer Credit m/m,1,-0.2B,16.9B,20.8B
2026-07-08 23:00:00+00:00,Etc/GMT,2026-07-08,23:00:00,EUR,LOW,German Trade Balance,1,19.1B,14.9B,14.7B
2026-07-09 04:30:00+00:00,Etc/GMT,2026-07-09,04:30:00,EUR,LOW,ECB Monetary Policy Meeting Accounts,0,,,
2026-07-09 05:30:00+00:00,Etc/GMT,2026-07-09,05:30:00,USD,LOW,Unemployment Claims,1,215K,218K,217K
2026-07-09 06:00:00+00:00,Etc/GMT,2026-07-09,06:00:00,USD,LOW,FOMC Member Williams Speaks,0,,,
2026-07-09 07:00:00+00:00,Etc/GMT,2026-07-09,07:00:00,USD,LOW,Existing Home Sales,1,4.09M,4.19M,4.19M
2026-07-09 07:30:00+00:00,Etc/GMT,2026-07-09,07:30:00,USD,LOW,Natural Gas Storage,-1,61B,60B,87B
2026-07-09 10:01:00+00:00,Etc/GMT,2026-07-09,10:01:00,USD,LOW,30-y Bond Auction,0,5.06|2.4,,5.02|2.3
2026-07-09 23:00:00+00:00,Etc/GMT,2026-07-09,23:00:00,EUR,LOW,German Final CPI m/m,0,-0.3%,-0.3%,-0.3%
2026-07-09 23:45:00+00:00,Etc/GMT,2026-07-09,23:45:00,EUR,LOW,French Final CPI m/m,-1,-0.3%,-0.2%,-0.2%
2026-07-10 01:00:00+00:00,Etc/GMT,2026-07-10,01:00:00,EUR,LOW,Italian Industrial Production m/m,-1,-0.3%,-0.1%,0.4%
2026-07-10 08:00:00+00:00,Etc/GMT,2026-07-10,08:00:00,USD,LOW,Fed Monetary Policy Report,0,,,
2026-07-13 02:25:00+00:00,Etc/GMT,2026-07-13,02:25:00,USD,LOW,FOMC Member Bowman Speaks,0,,,
2026-07-13 09:30:00+00:00,Etc/GMT,2026-07-13,09:30:00,USD,LOW,FOMC Member Waller Speaks,0,,,
2026-07-13 10:59:00+00:00,Etc/GMT,2026-07-13,10:59:00,USD,LOW,Federal Budget Balance,-1,-120.3B,-135.8B,-292.6B
2026-07-13 23:00:00+00:00,Etc/GMT,2026-07-13,23:00:00,EUR,LOW,German WPI m/m,-1,-0.7%,0.5%,-0.6%
2026-07-14 03:00:00+00:00,Etc/GMT,2026-07-14,03:00:00,USD,LOW,NFIB Small Business Index,-1,97.4,95.8,95.3
2026-07-14 05:15:00+00:00,Etc/GMT,2026-07-14,05:15:00,USD,LOW,ADP Weekly Employment Change,0,19.8K,,21.0K
2026-07-14 05:30:00+00:00,Etc/GMT,2026-07-14,05:30:00,USD,HIGH,Core CPI m/m,1,0.0%,0.2%,0.2%
2026-07-14 07:00:00+00:00,Etc/GMT,2026-07-14,07:00:00,USD,HIGH,Fed Chairman Warsh Testifies,0,,,
2026-07-14 09:40:00+00:00,Etc/GMT,2026-07-14,09:40:00,USD,LOW,FOMC Member Barr Speaks,0,,,
2026-07-14 10:00:00+00:00,Etc/GMT,2026-07-14,10:00:00,USD,LOW,FOMC Member Goolsbee Speaks,0,,,
2026-07-14 11:55:00+00:00,Etc/GMT,2026-07-14,11:55:00,USD,LOW,FOMC Member Bowman Speaks,0,,,
2026-07-14 13:30:00+00:00,Etc/GMT,2026-07-14,13:30:00,USD,LOW,API Weekly Statistical Bulletin,0,,,
2026-07-15 02:00:00+00:00,Etc/GMT,2026-07-15,02:00:00,EUR,LOW,Industrial Production m/m,-1,-0.2%,0.3%,0.3%
2026-07-15 02:34:00+00:00,Etc/GMT,2026-07-15,02:34:00,EUR,LOW,German 30-y Bond Auction,0,3.64|2.9,,3.50|1.8
2026-07-15 05:45:00+00:00,Etc/GMT,2026-07-15,05:45:00,USD,LOW,FOMC Member Williams Speaks,0,,,
2026-07-15 07:00:00+00:00,Etc/GMT,2026-07-15,07:00:00,USD,HIGH,Fed Chairman Warsh Testifies,0,,,
2026-07-15 07:30:00+00:00,Etc/GMT,2026-07-15,07:30:00,USD,LOW,Crude Oil Inventories,-1,-1.7M,-1.8M,3.0M
2026-07-15 09:00:00+00:00,Etc/GMT,2026-07-15,09:00:00,EUR,LOW,German Buba President Nagel Speaks,0,,,
2026-07-15 10:00:00+00:00,Etc/GMT,2026-07-15,10:00:00,USD,LOW,FOMC Member Cook Speaks,0,,,
2026-07-15 11:00:00+00:00,Etc/GMT,2026-07-15,11:00:00,USD,LOW,Beige Book,0,,,
2026-07-15 15:30:00+00:00,Etc/GMT,2026-07-15,15:30:00,USD,LOW,FOMC Member Musalem Speaks,0,,,
2026-07-16 02:00:00+00:00,Etc/GMT,2026-07-16,02:00:00,EUR,LOW,Italian Trade Balance,-1,4.79B,4.83B,4.42B
2026-07-16 05:30:00+00:00,Etc/GMT,2026-07-16,05:30:00,USD,LOW,Core Retail Sales m/m,1,-0.2%,0.0%,1.0%
2026-07-16 07:00:00+00:00,Etc/GMT,2026-07-16,07:00:00,USD,LOW,Business Inventories m/m,0,0.3%,0.3%,0.6%
2026-07-16 07:30:00+00:00,Etc/GMT,2026-07-16,07:30:00,USD,LOW,Natural Gas Storage,1,41B,45B,61B
2026-07-16 09:30:00+00:00,Etc/GMT,2026-07-16,09:30:00,USD,LOW,FOMC Member Logan Speaks,0,,,
2026-07-16 10:25:00+00:00,Etc/GMT,2026-07-16,10:25:00,USD,LOW,FOMC Member Schmid Speaks,0,,,
2026-07-16 16:00:00+00:00,Etc/GMT,2026-07-16,16:00:00,USD,LOW,FOMC Member Jefferson Speaks,0,,,
2026-07-16 18:00:00+00:00,Etc/GMT,2026-07-16,18:00:00,USD,LOW,President Trump Speaks,0,,,
2026-07-17 01:00:00+00:00,Etc/GMT,2026-07-17,01:00:00,EUR,LOW,Current Account,1,25.1B,18.1B,17.5B
2026-07-17 02:00:00+00:00,Etc/GMT,2026-07-17,02:00:00,EUR,LOW,Final Core CPI y/y,0,2.4%,2.4%,2.4%
2026-07-17 06:15:00+00:00,Etc/GMT,2026-07-17,06:15:00,USD,LOW,Capacity Utilization Rate,1,76.1%,76.2%,76.1%
2026-07-17 07:00:00+00:00,Etc/GMT,2026-07-17,07:00:00,USD,LOW,Prelim UoM Consumer Sentiment,-1,54.4,51.0,49.5
2026-07-19 23:00:00+00:00,Etc/GMT,2026-07-19,23:00:00,EUR,LOW,German PPI m/m,-1,-0.3%,-0.2%,0.3%
2026-07-20 07:00:00+00:00,Etc/GMT,2026-07-20,07:00:00,USD,LOW,CB Leading Index m/m,1,-0.2%,-0.1%,0.1%
2026-07-21 02:00:00+00:00,Etc/GMT,2026-07-21,02:00:00,EUR,LOW,ZEW Economic Sentiment,1,23.4,11.2,9.5
2026-07-21 04:30:00+00:00,Etc/GMT,2026-07-21,04:30:00,EUR,LOW,German Buba President Nagel Speaks,0,,,
2026-07-21 05:15:00+00:00,Etc/GMT,2026-07-21,05:15:00,USD,LOW,ADP Weekly Employment Change,0,16.5K,,19.3K
2026-07-21 13:30:00+00:00,Etc/GMT,2026-07-21,13:30:00,USD,LOW,API Weekly Statistical Bulletin,0,,,
2026-07-22 07:30:00+00:00,Etc/GMT,2026-07-22,07:30:00,USD,LOW,Crude Oil Inventories,-1,2.0M,-2.0M,-1.7M
2026-07-22 12:00:00+00:00,Etc/GMT,2026-07-22,12:00:00,USD,LOW,President Trump Speaks,0,,,
2026-07-23 05:15:00+00:00,Etc/GMT,2026-07-23,05:15:00,EUR,HIGH,Main Refinancing Rate,0,2.40%,2.40%,2.40%
2026-07-23 05:45:00+00:00,Etc/GMT,2026-07-23,05:45:00,EUR,HIGH,ECB Press Conference,0,,,
2026-07-23 07:00:00+00:00,Etc/GMT,2026-07-23,07:00:00,EUR,LOW,Consumer Confidence,1,-16,-17,-18
2026-07-23 07:30:00+00:00,Etc/GMT,2026-07-23,07:30:00,USD,LOW,Natural Gas Storage,-1,32B,29B,41B
2026-07-23 13:00:00+00:00,Etc/GMT,2026-07-23,13:00:00,USD,LOW,Treasury Currency Report,0,,,
2026-07-23 23:00:00+00:00,Etc/GMT,2026-07-23,23:00:00,EUR,LOW,German GfK Consumer Climate,-1,-29.6,-28.7,-29.3
2026-07-24 00:15:00+00:00,Etc/GMT,2026-07-24,00:15:00,EUR,LOW,French Flash Manufacturing PMI,-1,50.0,51.0,51.2
2026-07-24 00:30:00+00:00,Etc/GMT,2026-07-24,00:30:00,EUR,LOW,German Flash Manufacturing PMI,1,52.2,50.4,50.3
2026-07-24 01:00:00+00:00,Etc/GMT,2026-07-24,01:00:00,EUR,LOW,Flash Manufacturing PMI,1,52.0,51.5,51.4
2026-07-24 06:00:00+00:00,Etc/GMT,2026-07-24,06:00:00,EUR,LOW,Belgian NBB Business Climate,-1,-11.9,-10.2,-12.4
2026-07-24 06:45:00+00:00,Etc/GMT,2026-07-24,06:45:00,USD,LOW,Flash Manufacturing PMI,1,53.8,54.4,53.9
2026-07-24 07:00:00+00:00,Etc/GMT,2026-07-24,07:00:00,USD,LOW,New Home Sales,-1,628K,609K,618K
2026-07-24 17:55:00+00:00,Etc/GMT,2026-07-24,17:55:00,USD,LOW,President Trump Speaks,0,,,
2026-07-27 01:00:00+00:00,Etc/GMT,2026-07-27,01:00:00,EUR,LOW,German ifo Business Climate,1,86.6,86.1,85.7
2026-07-27 05:30:00+00:00,Etc/GMT,2026-07-27,05:30:00,USD,LOW,Core Durable Goods Orders m/m,1,0.6%,0.9%,1.4%
2026-07-27 11:50:00+00:00,Etc/GMT,2026-07-27,11:50:00,USD,LOW,President Trump Speaks,0,,,
2026-07-28 00:00:00+00:00,Etc/GMT,2026-07-28,00:00:00,EUR,LOW,Spanish Unemployment Rate,1,9.9%,10.1%,10.8%
2026-07-28 03:00:00+00:00,Etc/GMT,2026-07-28,03:00:00,EUR,LOW,German Buba Monthly Report,0,,,
2026-07-28 05:15:00+00:00,Etc/GMT,2026-07-28,05:15:00,USD,LOW,ADP Weekly Employment Change,0,15.0K,,16.3K
2026-07-28 05:30:00+00:00,Etc/GMT,2026-07-28,05:30:00,USD,LOW,Goods Trade Balance,1,-101.5B,-100.3B,-105.9B
2026-07-28 06:00:00+00:00,Etc/GMT,2026-07-28,06:00:00,USD,LOW,HPI m/m,-1,0.3%,0.1%,-0.1%
2026-07-28 07:00:00+00:00,Etc/GMT,2026-07-28,07:00:00,USD,LOW,CB Consumer Confidence,1,90.8,92.4,92.2
2026-07-28 13:30:00+00:00,Etc/GMT,2026-07-28,13:30:00,USD,LOW,API Weekly Statistical Bulletin,0,,,
2026-07-28 23:00:00+00:00,Etc/GMT,2026-07-28,23:00:00,EUR,LOW,German Import Prices m/m,0,-0.7%,-0.7%,0.7%
2026-07-29 02:31:00+00:00,Etc/GMT,2026-07-29,02:31:00,EUR,LOW,German 10-y Bond Auction,0,3.13|1.1,,3.09|1.0
2026-07-29 07:30:00+00:00,Etc/GMT,2026-07-29,07:30:00,USD,LOW,Crude Oil Inventories,1,-7.2M,0.7M,2.0M
2026-07-29 11:00:00+00:00,Etc/GMT,2026-07-29,11:00:00,USD,HIGH,Federal Funds Rate,0,3.75%,3.75%,3.75%
2026-07-29 11:30:00+00:00,Etc/GMT,2026-07-29,11:30:00,USD,HIGH,FOMC Press Conference,0,,,
2026-07-29 22:30:00+00:00,Etc/GMT,2026-07-29,22:30:00,EUR,LOW,French Consumer Spending m/m,1,0.4%,-0.1%,0.3%
2026-07-29 23:45:00+00:00,Etc/GMT,2026-07-29,23:45:00,EUR,LOW,French Prelim Private Payrolls q/q,0,-0.1%,-0.1%,-0.1%
2026-07-30 01:00:00+00:00,Etc/GMT,2026-07-30,01:00:00,EUR,LOW,German Prelim GDP q/q,1,0.2%,0.1%,0.3%
2026-07-30 02:00:00+00:00,Etc/GMT,2026-07-30,02:00:00,EUR,LOW,Italian Monthly Unemployment Rate,-1,5.7%,5.0%,5.3%
2026-07-30 02:06:00+00:00,Etc/GMT,2026-07-30,02:06:00,EUR,LOW,Italian 10-y Bond Auction,0,4.00|1.7,,3.63|1.7
2026-07-30 05:30:00+00:00,Etc/GMT,2026-07-30,05:30:00,USD,HIGH,Advance GDP q/q,1,1.5%,2.1%,2.1%
2026-07-30 07:30:00+00:00,Etc/GMT,2026-07-30,07:30:00,USD,LOW,Natural Gas Storage,1,28B,37B,32B
2026-07-30 23:45:00+00:00,Etc/GMT,2026-07-30,23:45:00,EUR,LOW,French Prelim CPI m/m,1,0.6%,0.3%,-0.3%
2026-07-31 00:55:00+00:00,Etc/GMT,2026-07-31,00:55:00,EUR,LOW,German Unemployment Change,-1,6K,5K,-1K
2026-07-31 02:00:00+00:00,Etc/GMT,2026-07-31,02:00:00,EUR,LOW,Core CPI Flash Estimate y/y,1,2.5%,2.4%,2.4%
2026-07-31 06:45:00+00:00,Etc/GMT,2026-07-31,06:45:00,USD,LOW,Chicago PMI,-1,57.6,55.9,56.7
2026-07-31 07:00:00+00:00,Etc/GMT,2026-07-31,07:00:00,USD,LOW,Revised UoM Consumer Sentiment,-1,55.2,53.9,54.4
2026-08-02 23:00:00+00:00,Etc/GMT,2026-08-02,23:00:00,EUR,LOW,German Retail Sales m/m,-1,-0.7%,-0.4%,1.1%
2026-08-03 00:15:00+00:00,Etc/GMT,2026-08-03,00:15:00,EUR,LOW,Spanish Manufacturing PMI,-1,50.2,50.5,49.7
2026-08-03 00:45:00+00:00,Etc/GMT,2026-08-03,00:45:00,EUR,LOW,Italian Manufacturing PMI,-1,51.3,52.5,52.2
2026-08-03 00:50:00+00:00,Etc/GMT,2026-08-03,00:50:00,EUR,LOW,French Final Manufacturing PMI,-1,49.8,50.0,50.0
2026-08-03 00:55:00+00:00,Etc/GMT,2026-08-03,00:55:00,EUR,LOW,German Final Manufacturing PMI,0,52.2,52.2,52.2
2026-08-03 01:00:00+00:00,Etc/GMT,2026-08-03,01:00:00,EUR,LOW,Final Manufacturing PMI,-1,51.9,52.0,52.0
2026-08-03 06:45:00+00:00,Etc/GMT,2026-08-03,06:45:00,USD,LOW,Final Manufacturing PMI,-1,53.9,53.8,53.8
2026-08-03 07:00:00+00:00,Etc/GMT,2026-08-03,07:00:00,USD,HIGH,ISM Manufacturing PMI,-1,55.6,54.0,53.3
2026-08-03 11:00:00+00:00,Etc/GMT,2026-08-03,11:00:00,USD,LOW,Loan Officer Survey,0,,,
2026-08-03 23:45:00+00:00,Etc/GMT,2026-08-03,23:45:00,EUR,LOW,French Gov Budget Balance,0,-106.8B,,-93.3B
2026-08-04 00:00:00+00:00,Etc/GMT,2026-08-04,00:00:00,EUR,LOW,Spanish Unemployment Change,-1,19.5K,-18.4K,-28.7K
2026-08-04 01:00:00+00:00,Etc/GMT,2026-08-04,01:00:00,EUR,LOW,Italian Retail Sales m/m,-1,-0.1%,0.3%,0.2%
2026-08-04 07:00:00+00:00,Etc/GMT,2026-08-04,07:00:00,USD,LOW,JOLTS Job Openings,1,7.36M,7.44M,7.54M
2026-08-04 07:13:00+00:00,Etc/GMT,2026-08-04,07:13:00,USD,LOW,RCM/TIPP Economic Optimism,1,45.1,47.5,45.5
2026-08-04 13:30:00+00:00,Etc/GMT,2026-08-04,13:30:00,USD,LOW,API Weekly Statistical Bulletin,0,,,
2026-08-04 17:15:00+00:00,Etc/GMT,2026-08-04,17:15:00,USD,LOW,FOMC Member Schmid Speaks,0,,,
2026-08-04 23:45:00+00:00,Etc/GMT,2026-08-04,23:45:00,EUR,LOW,French Industrial Production m/m,-1,0.1%,0.3%,-0.1%
2026-08-05 00:15:00+00:00,Etc/GMT,2026-08-05,00:15:00,EUR,LOW,Spanish Services PMI,1,58.3,54.9,54.2
2026-08-05 00:45:00+00:00,Etc/GMT,2026-08-05,00:45:00,EUR,LOW,Italian Services PMI,1,52.5,51.0,50.2
2026-08-05 00:50:00+00:00,Etc/GMT,2026-08-05,00:50:00,EUR,LOW,French Final Services PMI,-1,49.6,49.8,49.8
2026-08-05 00:55:00+00:00,Etc/GMT,2026-08-05,00:55:00,EUR,LOW,German Final Services PMI,1,49.8,49.6,49.6
2026-08-05 01:00:00+00:00,Etc/GMT,2026-08-05,01:00:00,EUR,LOW,Final Services PMI,1,51.7,51.6,51.6
2026-08-05 02:00:00+00:00,Etc/GMT,2026-08-05,02:00:00,EUR,LOW,PPI m/m,-1,-0.3%,-0.2%,0.2%
2026-08-05 05:15:00+00:00,Etc/GMT,2026-08-05,05:15:00,USD,LOW,ADP Non-Farm Employment Change,1,44K,68K,95K
2026-08-05 06:45:00+00:00,Etc/GMT,2026-08-05,06:45:00,USD,LOW,Final Services PMI,-1,54.6,53.6,53.6
2026-08-05 07:00:00+00:00,Etc/GMT,2026-08-05,07:00:00,USD,LOW,ISM Services PMI,1,54.1,54.5,54.0
2026-08-05 07:30:00+00:00,Etc/GMT,2026-08-05,07:30:00,USD,LOW,Crude Oil Inventories,-1,2.5M,-1.5M,-7.2M
2026-08-05 13:05:00+00:00,Etc/GMT,2026-08-05,13:05:00,USD,LOW,FOMC Member Cook Speaks,0,,,
2026-08-05 13:30:00+00:00,Etc/GMT,2026-08-05,13:30:00,USD,LOW,President Trump Speaks,0,,,
2026-08-05 17:35:00+00:00,Etc/GMT,2026-08-05,17:35:00,USD,LOW,FOMC Member Daly Speaks,0,,,
2026-08-05 23:00:00+00:00,Etc/GMT,2026-08-05,23:00:00,EUR,LOW,German Factory Orders m/m,1,3.1%,0.5%,0.3%
2026-08-06 01:00:00+00:00,Etc/GMT,2026-08-06,01:00:00,EUR,LOW,ECB Economic Bulletin,0,,,
2026-08-06 01:41:00+00:00,Etc/GMT,2026-08-06,01:41:00,EUR,LOW,Spanish 10-y Bond Auction,0,3.54|2.4,,3.40|1.8
2026-08-06 01:57:00+00:00,Etc/GMT,2026-08-06,01:57:00,EUR,LOW,French 10-y Bond Auction,0,3.86|3.7,,3.68|3.3
2026-08-06 02:00:00+00:00,Etc/GMT,2026-08-06,02:00:00,EUR,LOW,Retail Sales m/m,-1,-0.3%,0.1%,0.4%
2026-08-06 02:30:00+00:00,Etc/GMT,2026-08-06,02:30:00,USD,LOW,Challenger Job Cuts y/y,0,-46.1%,,-4.5%
2026-08-06 05:30:00+00:00,Etc/GMT,2026-08-06,05:30:00,USD,LOW,Unemployment Claims,1,199K,203K,198K
2026-08-06 07:00:00+00:00,Etc/GMT,2026-08-06,07:00:00,USD,LOW,Final Wholesale Inventories m/m,1,0.2%,0.3%,0.3%
2026-08-06 07:30:00+00:00,Etc/GMT,2026-08-06,07:30:00,USD,LOW,Natural Gas Storage,-1,33B,30B,28B
2026-08-06 14:30:00+00:00,Etc/GMT,2026-08-06,14:30:00,USD,LOW,FOMC Member Musalem Speaks,0,,,
2026-08-06 23:00:00+00:00,Etc/GMT,2026-08-06,23:00:00,EUR,LOW,German Industrial Production m/m,0,0.2%,0.2%,0.7%
2026-08-06 23:45:00+00:00,Etc/GMT,2026-08-06,23:45:00,EUR,LOW,French Trade Balance,1,-5.8B,-6.5B,-7.7B
2026-08-07 12:00:00+00:00,Etc/GMT,2026-08-07,12:00:00,USD,LOW,Consumer Credit m/m,-1,14.2B,11.4B,-1.1B
2026-08-08 09:45:00+00:00,Etc/GMT,2026-08-08,09:45:00,USD,LOW,FOMC Member Bowman Speaks,0,,,
2026-08-10 01:30:00+00:00,Etc/GMT,2026-08-10,01:30:00,EUR,LOW,Sentix Investor Confidence,1,0.9,-0.7,-3.1
2026-08-10 06:45:00+00:00,Etc/GMT,2026-08-10,06:45:00,USD,LOW,Cleveland Fed Inflation Expectations,0,3.3%,,3.7%
2026-08-10 12:00:00+00:00,Etc/GMT,2026-08-10,12:00:00,USD,LOW,FOMC Member Hammack Speaks,0,,,
2026-08-11 01:00:00+00:00,Etc/GMT,2026-08-11,01:00:00,EUR,LOW,Italian Trade Balance,-1,4.23B,4.74B,4.79B
2026-08-11 03:00:00+00:00,Etc/GMT,2026-08-11,03:00:00,USD,LOW,NFIB Small Business Index,-1,99.8,97.5,97.4
2026-08-11 05:15:00+00:00,Etc/GMT,2026-08-11,05:15:00,USD,LOW,ADP Weekly Employment Change,0,8.3K,,11.0K
2026-08-11 07:00:00+00:00,Etc/GMT,2026-08-11,07:00:00,USD,LOW,Existing Home Sales,-1,4.06M,4.05M,4.13M
2026-08-11 13:30:00+00:00,Etc/GMT,2026-08-11,13:30:00,USD,LOW,API Weekly Statistical Bulletin,0,,,
2026-08-11 23:00:00+00:00,Etc/GMT,2026-08-11,23:00:00,EUR,LOW,German Final CPI m/m,0,0.8%,0.8%,0.8%
2026-08-12 02:33:00+00:00,Etc/GMT,2026-08-12,02:33:00,EUR,LOW,German 30-y Bond Auction,0,3.65|1.3,,3.64|2.9
2026-08-12 07:30:00+00:00,Etc/GMT,2026-08-12,07:30:00,USD,LOW,Crude Oil Inventories,-1,17.4M,-1.7M,2.5M
2026-08-12 10:01:00+00:00,Etc/GMT,2026-08-12,10:01:00,USD,LOW,10-y Bond Auction,0,4.68|2.5,,4.58|2.6
2026-08-12 10:58:00+00:00,Etc/GMT,2026-08-12,10:58:00,USD,LOW,Federal Budget Balance,1,-432.3B,-348.3B,-120.3B
2026-08-13 02:00:00+00:00,Etc/GMT,2026-08-13,02:00:00,EUR,LOW,Industrial Production m/m,1,0.0%,-0.1%,0.3%
2026-08-13 05:15:00+00:00,Etc/GMT,2026-08-13,05:15:00,USD,LOW,FOMC Member Hammack Speaks,0,,,
2026-08-13 05:30:00+00:00,Etc/GMT,2026-08-13,05:30:00,USD,HIGH,Core PPI m/m,1,0.2%,0.3%,0.4%
2026-08-13 05:40:00+00:00,Etc/GMT,2026-08-13,05:40:00,USD,LOW,FOMC Member Barkin Speaks,0,,,
2026-08-13 07:29:00+00:00,Etc/GMT,2026-08-13,07:29:00,USD,LOW,Mortgage Delinquencies,0,4.37%,,4.44%
2026-08-13 10:01:00+00:00,Etc/GMT,2026-08-13,10:01:00,USD,LOW,30-y Bond Auction,0,5.22|2.4,,5.06|2.4
2026-08-13 15:00:00+00:00,Etc/GMT,2026-08-13,15:00:00,USD,LOW,FOMC Member Goolsbee Speaks,0,,,
2026-08-13 23:00:00+00:00,Etc/GMT,2026-08-13,23:00:00,EUR,LOW,German WPI m/m,1,0.2%,-0.2%,-0.7%
2026-08-13 23:45:00+00:00,Etc/GMT,2026-08-13,23:45:00,EUR,LOW,French Final CPI m/m,0,0.6%,0.6%,0.6%
2026-08-14 02:00:00+00:00,Etc/GMT,2026-08-14,02:00:00,EUR,LOW,Flash Employment Change q/q,0,0.1%,0.1%,0.1%
2026-08-14 07:00:00+00:00,Etc/GMT,2026-08-14,07:00:00,USD,LOW,Prelim UoM Consumer Sentiment,1,51.0,54.7,55.2
2026-08-14 12:00:00+00:00,Etc/GMT,2026-08-14,12:00:00,USD,LOW,President Trump Speaks,0,,,
2026-08-17 07:00:00+00:00,Etc/GMT,2026-08-17,07:00:00,USD,LOW,NAHB Housing Market Index,-1,35,33,34
2026-08-17 13:00:00+00:00,Etc/GMT,2026-08-17,13:00:00,USD,LOW,TIC Long-Term Purchases,-1,172.7B,151.4B,231.2B
2026-08-18 02:00:00+00:00,Etc/GMT,2026-08-18,02:00:00,EUR,LOW,ZEW Economic Sentiment,1,31.4,25.9,23.4
2026-08-18 05:30:00+00:00,Etc/GMT,2026-08-18,05:30:00,USD,LOW,Building Permits,-1,1.44M,1.37M,1.37M
2026-08-18 06:15:00+00:00,Etc/GMT,2026-08-18,06:15:00,USD,LOW,Capacity Utilization Rate,0,76.3%,76.3%,76.2%
2026-08-18 07:00:00+00:00,Etc/GMT,2026-08-18,07:00:00,USD,LOW,Pending Home Sales m/m,1,-2.3%,0.1%,-4.8%
2026-08-18 13:30:00+00:00,Etc/GMT,2026-08-18,13:30:00,USD,LOW,API Weekly Statistical Bulletin,0,,,
2026-08-19 00:10:00+00:00,Etc/GMT,2026-08-19,00:10:00,EUR,LOW,ECB President Lagarde Speaks,0,,,
2026-08-19 01:00:00+00:00,Etc/GMT,2026-08-19,01:00:00,EUR,LOW,Current Account,1,35.1B,26.8B,25.8B
2026-08-19 02:00:00+00:00,Etc/GMT,2026-08-19,02:00:00,EUR,LOW,Final Core CPI y/y,0,2.5%,2.5%,2.5%
2026-08-19 02:34:00+00:00,Etc/GMT,2026-08-19,02:34:00,EUR,LOW,German 10-y Bond Auction,0,3.26|1.1,,3.13|1.1
2026-08-19 03:15:00+00:00,Etc/GMT,2026-08-19,03:15:00,EUR,LOW,ECB President Lagarde Speaks,0,,,
2026-08-19 07:30:00+00:00,Etc/GMT,2026-08-19,07:30:00,USD,LOW,Crude Oil Inventories,-1,4.4M,0.2M,17.4M
2026-08-19 11:00:00+00:00,Etc/GMT,2026-08-19,11:00:00,USD,HIGH,FOMC Meeting Minutes,0,,,
2026-08-19 11:30:00+00:00,Etc/GMT,2026-08-19,11:30:00,USD,LOW,President Trump Speaks,0,,,
2026-08-19 23:00:00+00:00,Etc/GMT,2026-08-19,23:00:00,EUR,LOW,German PPI m/m,1,1.1%,0.5%,-0.3%
2026-08-20 03:00:00+00:00,Etc/GMT,2026-08-20,03:00:00,EUR,LOW,German Buba Monthly Report,0,,,
2026-08-20 07:00:00+00:00,Etc/GMT,2026-08-20,07:00:00,USD,LOW,CB Leading Index m/m,-1,0.2%,0.1%,-0.1%
2026-08-20 07:30:00+00:00,Etc/GMT,2026-08-20,07:30:00,USD,LOW,Natural Gas Storage,-1,16B,15B,36B
2026-08-20 08:10:00+00:00,Etc/GMT,2026-08-20,08:10:00,USD,LOW,FOMC Member Musalem Speaks,0,,,
2026-08-21 00:15:00+00:00,Etc/GMT,2026-08-21,00:15:00,EUR,LOW,French Flash Manufacturing PMI,1,51.5,50.1,49.8
2026-08-21 00:30:00+00:00,Etc/GMT,2026-08-21,00:30:00,EUR,LOW,German Flash Manufacturing PMI,1,54.1,52.1,52.2
2026-08-21 01:00:00+00:00,Etc/GMT,2026-08-21,01:00:00,EUR,LOW,Flash Manufacturing PMI,1,52.8,51.8,51.9
2026-08-21 06:45:00+00:00,Etc/GMT,2026-08-21,06:45:00,USD,LOW,Flash Manufacturing PMI,1,53.2,53.9,53.9
2026-08-21 07:00:00+00:00,Etc/GMT,2026-08-21,07:00:00,EUR,LOW,Consumer Confidence,0,-16,-16,-16
2026-08-21 16:00:00+00:00,Etc/GMT,2026-08-21,16:00:00,USD,LOW,President Trump Speaks,0,,,
2026-08-24 10:00:00+00:00,Etc/GMT,2026-08-24,10:00:00,USD,LOW,Treasury Sec Bessent Speaks,0,,,
2026-08-24 23:00:00+00:00,Etc/GMT,2026-08-24,23:00:00,EUR,LOW,German Final GDP q/q,1,0.3%,0.2%,0.2%
2026-08-25 01:00:00+00:00,Etc/GMT,2026-08-25,01:00:00,EUR,LOW,German ifo Business Climate,1,88.8,87.2,86.7
2026-08-25 05:15:00+00:00,Etc/GMT,2026-08-25,05:15:00,USD,LOW,ADP Weekly Employment Change,0,11.8K,,9.5K
2026-08-25 05:30:00+00:00,Etc/GMT,2026-08-25,05:30:00,USD,LOW,FOMC Member Barkin Speaks,0,,,
2026-08-25 06:00:00+00:00,Etc/GMT,2026-08-25,06:00:00,EUR,LOW,Belgian NBB Business Climate,-1,-13.2,-11.0,-11.9
2026-08-25 07:00:00+00:00,Etc/GMT,2026-08-25,07:00:00,USD,LOW,CB Consumer Confidence,1,89.4,90.3,90.2
2026-08-25 13:00:00+00:00,Etc/GMT,2026-08-25,13:00:00,USD,LOW,FOMC Member Barkin Speaks,0,,,
2026-08-25 13:30:00+00:00,Etc/GMT,2026-08-25,13:30:00,USD,LOW,API Weekly Statistical Bulletin,0,,,
2026-08-26 05:30:00+00:00,Etc/GMT,2026-08-26,05:30:00,USD,HIGH,Core PCE Price Index m/m,0,0.2%,0.2%,0.1%
2026-08-26 07:30:00+00:00,Etc/GMT,2026-08-26,07:30:00,USD,LOW,Crude Oil Inventories,1,0.1M,1.6M,4.4M
2026-08-26 08:45:00+00:00,Etc/GMT,2026-08-26,08:45:00,USD,LOW,FOMC Member Barkin Speaks,0,,,
2026-08-26 23:00:00+00:00,Etc/GMT,2026-08-26,23:00:00,EUR,LOW,German GfK Consumer Climate,1,-26.6,-29.5,-29.4
2026-08-27 01:00:00+00:00,Etc/GMT,2026-08-27,01:00:00,EUR,LOW,M3 Money Supply y/y,-1,3.4%,3.5%,3.3%
2026-08-27 04:30:00+00:00,Etc/GMT,2026-08-27,04:30:00,EUR,LOW,ECB Monetary Policy Meeting Accounts,0,,,
2026-08-27 07:30:00+00:00,Etc/GMT,2026-08-27,07:30:00,USD,LOW,Natural Gas Storage,1,15B,19B,16B
2026-08-27 23:00:00+00:00,Etc/GMT,2026-08-27,23:00:00,EUR,LOW,German Import Prices m/m,-1,0.2%,0.3%,-0.7%
2026-08-27 23:45:00+00:00,Etc/GMT,2026-08-27,23:45:00,EUR,LOW,French Consumer Spending m/m,1,0.5%,0.1%,0.6%
2026-08-28 00:55:00+00:00,Etc/GMT,2026-08-28,00:55:00,EUR,LOW,German Unemployment Change,0,4K,4K,6K
2026-08-28 02:09:00+00:00,Etc/GMT,2026-08-28,02:09:00,EUR,LOW,Italian 10-y Bond Auction,0,4.10|1.6,,4.00|1.7
2026-08-28 06:00:00+00:00,Etc/GMT,2026-08-28,06:00:00,USD,LOW,FOMC Member Hammack Speaks,0,,,
2026-08-28 06:45:00+00:00,Etc/GMT,2026-08-28,06:45:00,USD,LOW,Chicago PMI,1,47.1,57.9,57.6
2026-08-28 07:00:00+00:00,Etc/GMT,2026-08-28,07:00:00,USD,HIGH,Fed Chairman Warsh Speaks,0,,,
2026-08-31 23:00:00+00:00,Etc/GMT,2026-08-31,23:00:00,EUR,LOW,German Retail Sales m/m,-1,-3.4%,0.4%,0.0%
2026-09-01 00:15:00+00:00,Etc/GMT,2026-09-01,00:15:00,EUR,LOW,Spanish Manufacturing PMI,-1,49.5,50.3,50.2
2026-09-01 00:45:00+00:00,Etc/GMT,2026-09-01,00:45:00,EUR,LOW,Italian Manufacturing PMI,-1,49.6,51.4,51.3
2026-09-01 00:50:00+00:00,Etc/GMT,2026-09-01,00:50:00,EUR,LOW,French Final Manufacturing PMI,-1,51.1,51.5,51.5
2026-09-01 00:55:00+00:00,Etc/GMT,2026-09-01,00:55:00,EUR,LOW,German Final Manufacturing PMI,1,54.3,54.1,54.1
2026-09-01 01:00:00+00:00,Etc/GMT,2026-09-01,01:00:00,EUR,LOW,Final Manufacturing PMI,-1,52.7,52.8,52.8
2026-09-01 01:30:00+00:00,Etc/GMT,2026-09-01,01:30:00,EUR,LOW,Italian Monthly Unemployment Rate,-1,5.8%,5.6%,5.8%
2026-09-01 02:00:00+00:00,Etc/GMT,2026-09-01,02:00:00,EUR,LOW,Core CPI Flash Estimate y/y,-1,2.4%,2.5%,2.5%
2026-09-01 05:30:00+00:00,Etc/GMT,2026-09-01,05:30:00,EUR,LOW,German Buba President Nagel Speaks,0,,,
2026-09-01 06:05:00+00:00,Etc/GMT,2026-09-01,06:05:00,USD,LOW,FOMC Member Barr Speaks,0,,,
2026-09-01 06:45:00+00:00,Etc/GMT,2026-09-01,06:45:00,USD,LOW,Final Manufacturing PMI,-1,53.9,53.3,53.2
2026-09-01 07:00:00+00:00,Etc/GMT,2026-09-01,07:00:00,USD,HIGH,ISM Manufacturing PMI,1,54.6,55.2,55.6
2026-09-01 07:04:00+00:00,Etc/GMT,2026-09-01,07:04:00,USD,LOW,RCM/TIPP Economic Optimism,1,45.6,46.2,45.1
2026-09-01 13:30:00+00:00,Etc/GMT,2026-09-01,13:30:00,USD,LOW,API Weekly Statistical Bulletin,0,,,
2026-09-01 23:45:00+00:00,Etc/GMT,2026-09-01,23:45:00,EUR,LOW,French Gov Budget Balance,0,-145.9B,,-106.8B
2026-09-02 00:00:00+00:00,Etc/GMT,2026-09-02,00:00:00,EUR,LOW,Spanish Unemployment Change,-1,44.4K,15.4K,19.5K
2026-09-02 05:15:00+00:00,Etc/GMT,2026-09-02,05:15:00,USD,LOW,ADP Non-Farm Employment Change,1,38K,47K,46K
2026-09-02 07:00:00+00:00,Etc/GMT,2026-09-02,07:00:00,USD,LOW,Factory Orders m/m,-1,0.9%,0.7%,-0.2%
2026-09-02 11:00:00+00:00,Etc/GMT,2026-09-02,11:00:00,USD,LOW,Beige Book,0,,,
2026-09-03 00:15:00+00:00,Etc/GMT,2026-09-03,00:15:00,EUR,LOW,Spanish Services PMI,-1,57.8,59.0,58.3
2026-09-03 00:45:00+00:00,Etc/GMT,2026-09-03,00:45:00,EUR,LOW,Italian Services PMI,1,55.2,53.6,52.5
2026-09-03 00:50:00+00:00,Etc/GMT,2026-09-03,00:50:00,EUR,LOW,French Final Services PMI,-1,48.0,48.4,48.4
2026-09-03 00:55:00+00:00,Etc/GMT,2026-09-03,00:55:00,EUR,LOW,German Final Services PMI,1,49.7,48.5,48.5
2026-09-03 01:00:00+00:00,Etc/GMT,2026-09-03,01:00:00,EUR,LOW,Final Services PMI,-1,51.6,51.7,51.7
2026-09-03 01:43:00+00:00,Etc/GMT,2026-09-03,01:43:00,EUR,LOW,Spanish 10-y Bond Auction,0,3.74|2.3,,3.54|2.4
2026-09-03 01:57:00+00:00,Etc/GMT,2026-09-03,01:57:00,EUR,LOW,French 10-y Bond Auction,0,4.23|2.3,,3.86|3.7
2026-09-03 02:00:00+00:00,Etc/GMT,2026-09-03,02:00:00,EUR,LOW,PPI m/m,1,1.6%,1.2%,-0.3%
2026-09-03 02:30:00+00:00,Etc/GMT,2026-09-03,02:30:00,USD,LOW,Challenger Job Cuts y/y,0,-38.5%,,-46.1%
2026-09-03 06:45:00+00:00,Etc/GMT,2026-09-03,06:45:00,USD,LOW,Final Services PMI,1,56.5,56.8,56.8
2026-09-03 07:00:00+00:00,Etc/GMT,2026-09-03,07:00:00,USD,LOW,ISM Services PMI,-1,55.4,54.2,54.1
2026-09-03 07:30:00+00:00,Etc/GMT,2026-09-03,07:30:00,USD,LOW,Natural Gas Storage,0,30B,30B,15B
2026-09-03 12:00:00+00:00,Etc/GMT,2026-09-03,12:00:00,USD,LOW,FOMC Member Hammack Speaks,0,,,
2026-09-03 12:55:00+00:00,Etc/GMT,2026-09-03,12:55:00,USD,LOW,FOMC Member Goolsbee Speaks,0,,,
2026-09-03 23:00:00+00:00,Etc/GMT,2026-09-03,23:00:00,EUR,LOW,German Factory Orders m/m,1,2.5%,0.3%,3.7%
2026-09-04 01:00:00+00:00,Etc/GMT,2026-09-04,01:00:00,EUR,LOW,Italian Retail Sales m/m,-1,-0.4%,0.2%,-0.2%
2026-09-04 02:00:00+00:00,Etc/GMT,2026-09-04,02:00:00,EUR,LOW,Retail Sales m/m,-1,-0.6%,0.3%,-0.3%
