release_time,date,currency,impact,event,bias,event_score,regime_before,regime_after,cumulative_month_score
2025-09-08T01:30:00+00:00,2025-09-08,EUR,LOW,Sentix Investor Confidence,-1.0,-0.5,NEUTRAL,NEUTRAL,-0.5
2025-09-08T12:00:00+00:00,2025-09-08,USD,LOW,Consumer Credit m/m,-1.0,-0.5,NEUTRAL,NEUTRAL,-1.0
2025-09-08T23:45:00+00:00,2025-09-08,EUR,LOW,French Industrial Production m/m,1.0,0.5,NEUTRAL,NEUTRAL,-0.5
2025-09-09T02:31:00+00:00,2025-09-09,EUR,LOW,German 10-y Bond Auction,0.0,0.0,NEUTRAL,NEUTRAL,-0.5
2025-09-09T03:00:00+00:00,2025-09-09,USD,LOW,NFIB Small Business Index,-1.0,-0.5,NEUTRAL,NEUTRAL,-1.0
2025-09-09T04:30:00+00:00,2025-09-09,EUR,LOW,German Buba President Nagel Speaks,0.0,0.0,NEUTRAL,NEUTRAL,-1.0
2025-09-09T07:00:00+00:00,2025-09-09,USD,HIGH,Prelim Benchmark Payrolls Revision,0.0,0.0,NEUTRAL,NEUTRAL,-1.0
2025-09-09T13:30:00+00:00,2025-09-09,USD,LOW,API Weekly Statistical Bulletin,0.0,0.0,NEUTRAL,NEUTRAL,-1.0
2025-09-10T01:00:00+00:00,2025-09-10,EUR,LOW,Italian Industrial Production m/m,1.0,0.5,NEUTRAL,NEUTRAL,-0.5
2025-09-10T05:30:00+00:00,2025-09-10,USD,HIGH,Core PPI m/m,1.0,3.0,NEUTRAL,NEUTRAL,2.5
2025-09-10T07:00:00+00:00,2025-09-10,USD,LOW,Final Wholesale Inventories m/m,1.0,0.5,NEUTRAL,NEUTRAL,3.0
2025-09-10T07:30:00+00:00,2025-09-10,USD,LOW,Crude Oil Inventories,-1.0,-0.5,NEUTRAL,NEUTRAL,2.5
2025-09-10T10:01:00+00:00,2025-09-10,USD,LOW,10-y Bond Auction,0.0,0.0,NEUTRAL,NEUTRAL,2.5
2025-09-11T05:15:00+00:00,2025-09-11,EUR,HIGH,Main Refinancing Rate,0.0,0.0,NEUTRAL,NEUTRAL,2.5
2025-09-11T05:30:00+00:00,2025-09-11,USD,HIGH,Core CPI m/m,0.0,0.0,NEUTRAL,NEUTRAL,2.5
2025-09-11T05:45:00+00:00,2025-09-11,EUR,HIGH,ECB Press Conference,0.0,0.0,NEUTRAL,NEUTRAL,2.5
2025-09-11T07:30:00+00:00,2025-09-11,USD,LOW,Natural Gas Storage,-1.0,-0.5,NEUTRAL,NEUTRAL,2.0
2025-09-11T10:01:00+00:00,2025-09-11,USD,LOW,30-y Bond Auction,0.0,0.0,NEUTRAL,NEUTRAL,2.0
2025-09-11T11:00:00+00:00,2025-09-11,USD,LOW,Federal Budget Balance,1.0,0.5,NEUTRAL,NEUTRAL,2.5
2025-09-11T23:00:00+00:00,2025-09-11,EUR,LOW,German Final CPI m/m,0.0,0.0,NEUTRAL,NEUTRAL,2.5
2025-09-11T23:45:00+00:00,2025-09-11,EUR,LOW,French Final CPI m/m,0.0,0.0,NEUTRAL,NEUTRAL,2.5
2025-09-12T01:00:00+00:00,2025-09-12,EUR,LOW,Italian Quarterly Unemployment Rate,-1.0,-0.5,NEUTRAL,NEUTRAL,2.0
2025-09-12T01:15:00+00:00,2025-09-12,EUR,LOW,German Buba President Nagel Speaks,0.0,0.0,NEUTRAL,NEUTRAL,2.0
2025-09-12T07:00:00+00:00,2025-09-12,USD,HIGH,Prelim UoM Consumer Sentiment,1.0,3.0,NEUTRAL,UP,5.0
2025-09-14T23:00:00+00:00,2025-09-14,EUR,LOW,German WPI m/m,-1.0,-0.5,UP,UP,4.5
2025-09-15T01:00:00+00:00,2025-09-15,EUR,LOW,Italian Trade Balance,1.0,0.5,UP,UP,5.0
2025-09-15T02:00:00+00:00,2025-09-15,EUR,LOW,Trade Balance,-1.0,-0.5,UP,UP,4.5
2025-09-15T11:30:00+00:00,2025-09-15,EUR,LOW,ECB President Lagarde Speaks,0.0,0.0,UP,UP,4.5
2025-09-16T02:00:00+00:00,2025-09-16,EUR,LOW,German ZEW Economic Sentiment,1.0,0.5,UP,UP,5.0
2025-09-16T06:15:00+00:00,2025-09-16,USD,LOW,Capacity Utilization Rate,0.0,0.0,UP,UP,5.0
2025-09-16T07:00:00+00:00,2025-09-16,USD,LOW,Business Inventories m/m,0.0,0.0,UP,UP,5.0
2025-09-16T13:30:00+00:00,2025-09-16,USD,LOW,API Weekly Statistical Bulletin,0.0,0.0,UP,UP,5.0
2025-09-17T00:30:00+00:00,2025-09-17,EUR,LOW,ECB President Lagarde Speaks,0.0,0.0,UP,UP,5.0
2025-09-17T02:00:00+00:00,2025-09-17,EUR,LOW,Final Core CPI y/y,0.0,0.0,UP,UP,5.0
2025-09-17T02:34:00+00:00,2025-09-17,EUR,LOW,German 30-y Bond Auction,0.0,0.0,UP,UP,5.0
2025-09-17T10:00:00+00:00,2025-09-17,EUR,LOW,German Buba President Nagel Speaks,0.0,0.0,UP,UP,5.0
2025-09-17T11:00:00+00:00,2025-09-17,USD,HIGH,Federal Funds Rate,0.0,0.0,UP,UP,5.0
2025-09-17T11:30:00+00:00,2025-09-17,USD,HIGH,FOMC Press Conference,0.0,0.0,UP,UP,5.0
2025-09-18T00:10:00+00:00,2025-09-18,EUR,LOW,ECB President Lagarde Speaks,0.0,0.0,UP,UP,5.0
2025-09-18T01:00:00+00:00,2025-09-18,EUR,LOW,Current Account,-1.0,-0.5,UP,UP,4.5
2025-09-18T01:41:00+00:00,2025-09-18,EUR,LOW,Spanish 10-y Bond Auction,0.0,0.0,UP,UP,4.5
2025-09-18T03:00:00+00:00,2025-09-18,EUR,LOW,German Buba Monthly Report,0.0,0.0,UP,UP,4.5
2025-09-18T05:30:00+00:00,2025-09-18,USD,HIGH,Unemployment Claims,1.0,3.0,UP,UP,7.5
2025-09-18T07:00:00+00:00,2025-09-18,EUR,LOW,German Buba President Nagel Speaks,0.0,0.0,UP,UP,7.5
2025-09-18T07:30:00+00:00,2025-09-18,USD,LOW,Natural Gas Storage,-1.0,-0.5,UP,UP,7.0
2025-09-18T13:00:00+00:00,2025-09-18,USD,LOW,TIC Long-Term Purchases,1.0,0.5,UP,UP,7.5
2025-09-18T23:00:00+00:00,2025-09-18,EUR,LOW,German PPI m/m,-1.0,-0.5,UP,UP,7.0
2025-09-19T11:30:00+00:00,2025-09-19,USD,LOW,FOMC Member Daly Speaks,0.0,0.0,UP,UP,7.0
2025-09-22T07:00:00+00:00,2025-09-22,EUR,LOW,Consumer Confidence,0.0,0.0,UP,UP,7.0
2025-09-22T09:00:00+00:00,2025-09-22,EUR,LOW,German Buba President Nagel Speaks,0.0,0.0,UP,UP,7.0
2025-09-23T00:15:00+00:00,2025-09-23,EUR,LOW,French Flash Manufacturing PMI,-1.0,-0.5,UP,UP,6.5
2025-09-23T00:30:00+00:00,2025-09-23,EUR,HIGH,German Flash Manufacturing PMI,-1.0,-3.0,UP,UP,3.5
2025-09-23T01:00:00+00:00,2025-09-23,EUR,LOW,Flash Manufacturing PMI,-1.0,-0.5,UP,UP,3.0
2025-09-23T06:00:00+00:00,2025-09-23,USD,LOW,FOMC Member Bowman Speaks,0.0,0.0,UP,UP,3.0
2025-09-23T06:45:00+00:00,2025-09-23,USD,HIGH,Flash Manufacturing PMI,1.0,3.0,UP,UP,6.0
2025-09-23T06:50:00+00:00,2025-09-23,USD,LOW,President Trump Speaks,0.0,0.0,UP,UP,6.0
2025-09-23T07:00:00+00:00,2025-09-23,USD,LOW,FOMC Member Bostic Speaks,0.0,0.0,UP,UP,6.0
2025-09-23T07:05:00+00:00,2025-09-23,USD,LOW,Richmond Manufacturing Index,1.0,0.5,UP,UP,6.5
2025-09-23T09:35:00+00:00,2025-09-23,USD,HIGH,FOMC Member Powell Speaks,0.0,0.0,UP,UP,6.5
2025-09-23T12:10:00+00:00,2025-09-23,USD,LOW,FOMC Member Goolsbee Speaks,0.0,0.0,UP,UP,6.5
2025-09-23T13:30:00+00:00,2025-09-23,USD,LOW,API Weekly Statistical Bulletin,0.0,0.0,UP,UP,6.5
2025-09-23T16:20:00+00:00,2025-09-23,USD,LOW,President Trump Speaks,0.0,0.0,UP,UP,6.5
2025-09-24T05:43:00+00:00,2025-09-24,EUR,LOW,Belgian NBB Business Climate,1.0,0.5,UP,UP,7.0
2025-09-24T07:00:00+00:00,2025-09-24,USD,LOW,New Home Sales,-1.0,-0.5,UP,UP,6.5
2025-09-24T07:30:00+00:00,2025-09-24,USD,LOW,Crude Oil Inventories,1.0,0.5,UP,UP,7.0
2025-09-24T13:10:00+00:00,2025-09-24,USD,LOW,FOMC Member Daly Speaks,0.0,0.0,UP,UP,7.0
2025-09-24T23:00:00+00:00,2025-09-24,EUR,LOW,German GfK Consumer Climate,1.0,0.5,UP,UP,7.5
2025-09-25T05:15:00+00:00,2025-09-25,USD,LOW,FOMC Member Miran Speaks,0.0,0.0,UP,UP,7.5
2025-09-25T05:20:00+00:00,2025-09-25,USD,LOW,FOMC Member Goolsbee Speaks,0.0,0.0,UP,UP,7.5
2025-09-25T05:30:00+00:00,2025-09-25,USD,HIGH,Final GDP q/q,-1.0,-3.0,UP,UP,4.5
2025-09-25T06:00:00+00:00,2025-09-25,USD,LOW,FOMC Member Schmid Speaks,0.0,0.0,UP,UP,4.5
2025-09-25T07:00:00+00:00,2025-09-25,USD,LOW,Existing Home Sales,-1.0,-0.5,UP,UP,4.0
2025-09-25T07:30:00+00:00,2025-09-25,USD,LOW,Natural Gas Storage,1.0,0.5,UP,UP,4.5
2025-09-25T10:00:00+00:00,2025-09-25,USD,LOW,FOMC Member Barr Speaks,0.0,0.0,UP,UP,4.5
2025-09-25T10:40:00+00:00,2025-09-25,USD,LOW,FOMC Member Logan Speaks,0.0,0.0,UP,UP,4.5
2025-09-25T12:30:00+00:00,2025-09-25,USD,LOW,FOMC Member Daly Speaks,0.0,0.0,UP,UP,4.5
2025-09-26T02:07:00+00:00,2025-09-26,EUR,LOW,Italian 10-y Bond Auction,0.0,0.0,UP,UP,4.5
2025-09-26T06:00:00+00:00,2025-09-26,USD,LOW,FOMC Member Barkin Speaks,0.0,0.0,UP,UP,4.5
2025-09-26T07:00:00+00:00,2025-09-26,USD,LOW,Revised UoM Consumer Sentiment,1.0,0.5,UP,UP,5.0
2025-09-26T10:00:00+00:00,2025-09-26,USD,LOW,FOMC Member Bowman Speaks,0.0,0.0,UP,UP,5.0
2025-09-29T00:00:00+00:00,2025-09-29,EUR,LOW,Spanish Flash CPI y/y,-1.0,-0.5,UP,UP,4.5
2025-09-29T02:00:00+00:00,2025-09-29,EUR,LOW,German Buba President Nagel Speaks,0.0,0.0,UP,UP,4.5
2025-09-29T04:30:00+00:00,2025-09-29,USD,LOW,FOMC Member Waller Speaks,0.0,0.0,UP,UP,4.5
2025-09-29T07:00:00+00:00,2025-09-29,USD,LOW,Pending Home Sales m/m,-1.0,-0.5,UP,UP,4.0
2025-09-29T10:15:00+00:00,2025-09-29,USD,LOW,President Trump Speaks,0.0,0.0,UP,UP,4.0
2025-09-29T10:30:00+00:00,2025-09-29,USD,LOW,FOMC Member Musalem Speaks,0.0,0.0,UP,UP,4.0
2025-09-29T15:00:00+00:00,2025-09-29,USD,LOW,FOMC Member Bostic Speaks,0.0,0.0,UP,UP,4.0
2025-09-29T23:00:00+00:00,2025-09-29,EUR,LOW,German Import Prices m/m,-1.0,-0.5,UP,UP,3.5
2025-09-29T23:45:00+00:00,2025-09-29,EUR,LOW,French Consumer Spending m/m,-1.0,-0.5,UP,UP,3.0
2025-09-30T00:55:00+00:00,2025-09-30,EUR,LOW,German Unemployment Change,-1.0,-0.5,UP,UP,2.5
2025-09-30T02:00:00+00:00,2025-09-30,EUR,LOW,Italian Prelim CPI m/m,-1.0,-0.5,UP,UP,2.0
2025-09-30T03:00:00+00:00,2025-09-30,USD,LOW,FOMC Member Jefferson Speaks,0.0,0.0,UP,UP,2.0
2025-09-30T05:50:00+00:00,2025-09-30,EUR,LOW,ECB President Lagarde Speaks,0.0,0.0,UP,UP,2.0
2025-09-30T06:00:00+00:00,2025-09-30,USD,LOW,FOMC Member Collins Speaks,0.0,0.0,UP,UP,2.0
2025-09-30T06:45:00+00:00,2025-09-30,USD,LOW,Chicago PMI,1.0,0.5,UP,UP,2.5
2025-09-30T07:00:00+00:00,2025-09-30,USD,HIGH,JOLTS Job Openings,-1.0,-3.0,UP,UP,-0.5
2025-09-30T08:00:00+00:00,2025-09-30,USD,LOW,President Trump Speaks,0.0,0.0,UP,UP,-0.5
2025-09-30T10:00:00+00:00,2025-09-30,EUR,LOW,German Buba President Nagel Speaks,0.0,0.0,UP,UP,-0.5
2025-09-30T10:30:00+00:00,2025-09-30,USD,LOW,FOMC Member Goolsbee Speaks,0.0,0.0,UP,UP,-0.5
2025-09-30T12:30:00+00:00,2025-09-30,USD,LOW,FOMC Member Goolsbee Speaks,0.0,0.0,UP,UP,-0.5
2025-09-30T13:30:00+00:00,2025-09-30,USD,LOW,API Weekly Statistical Bulletin,0.0,0.0,UP,UP,-0.5
2025-09-30T16:10:00+00:00,2025-09-30,USD,LOW,FOMC Member Logan Speaks,0.0,0.0,UP,UP,-0.5
2025-10-01T00:15:00+00:00,2025-10-01,EUR,LOW,Spanish Manufacturing PMI,-1.0,-0.5,UP,UP,-0.5
2025-10-01T00:45:00+00:00,2025-10-01,EUR,LOW,Italian Manufacturing PMI,-1.0,-0.5,UP,UP,-1.0
2025-10-01T00:50:00+00:00,2025-10-01,EUR,LOW,French Final Manufacturing PMI,1.0,0.5,UP,UP,-0.5
2025-10-01T00:55:00+00:00,2025-10-01,EUR,LOW,German Final Manufacturing PMI,1.0,0.5,UP,UP,0.0
2025-10-01T01:00:00+00:00,2025-10-01,EUR,LOW,Final Manufacturing PMI,1.0,0.5,UP,UP,0.5
2025-10-01T02:00:00+00:00,2025-10-01,EUR,LOW,Core CPI Flash Estimate y/y,0.0,0.0,UP,UP,0.5
2025-10-01T02:32:00+00:00,2025-10-01,EUR,LOW,German 10-y Bond Auction,0.0,0.0,UP,UP,0.5
2025-10-01T04:00:00+00:00,2025-10-01,EUR,LOW,German Buba President Nagel Speaks,0.0,0.0,UP,UP,0.5
2025-10-01T05:15:00+00:00,2025-10-01,USD,HIGH,ADP Non-Farm Employment Change,1.0,3.0,UP,UP,3.5
2025-10-01T06:45:00+00:00,2025-10-01,USD,LOW,Final Manufacturing PMI,0.0,0.0,UP,UP,3.5
2025-10-01T07:00:00+00:00,2025-10-01,USD,HIGH,ISM Manufacturing PMI,-1.0,-3.0,UP,UP,0.5
2025-10-01T07:30:00+00:00,2025-10-01,USD,LOW,Crude Oil Inventories,-1.0,-0.5,UP,UP,0.0
2025-10-01T09:15:00+00:00,2025-10-01,USD,LOW,FOMC Member Barkin Speaks,0.0,0.0,UP,UP,0.0
2025-10-01T14:00:00+00:00,2025-10-01,USD,LOW,FOMC Member Goolsbee Speaks,0.0,0.0,UP,UP,0.0
2025-10-01T23:45:00+00:00,2025-10-01,EUR,LOW,French Gov Budget Balance,0.0,0.0,UP,UP,0.0
2025-10-02T00:00:00+00:00,2025-10-02,EUR,LOW,Spanish Unemployment Change,1.0,0.5,UP,UP,0.5
2025-10-02T01:00:00+00:00,2025-10-02,EUR,LOW,Italian Monthly Unemployment Rate,0.0,0.0,UP,UP,0.5
2025-10-02T01:55:00+00:00,2025-10-02,EUR,LOW,French 10-y Bond Auction,0.0,0.0,UP,UP,0.5
2025-10-02T02:00:00+00:00,2025-10-02,EUR,LOW,Unemployment Rate,-1.0,-0.5,UP,UP,0.0
2025-10-02T03:10:00+00:00,2025-10-02,USD,LOW,Challenger Job Cuts y/y,0.0,0.0,UP,UP,0.0
2025-10-02T07:30:00+00:00,2025-10-02,USD,LOW,FOMC Member Logan Speaks,0.0,0.0,UP,UP,0.0
2025-10-02T11:30:00+00:00,2025-10-02,USD,LOW,FOMC Member Goolsbee Speaks,0.0,0.0,UP,UP,0.0
2025-10-02T23:45:00+00:00,2025-10-02,EUR,LOW,French Industrial Production m/m,-1.0,-0.5,UP,UP,-0.5
2025-10-03T00:15:00+00:00,2025-10-03,EUR,LOW,Spanish Services PMI,1.0,0.5,UP,UP,0.0
2025-10-03T00:45:00+00:00,2025-10-03,EUR,LOW,Italian Services PMI,1.0,0.5,UP,UP,0.5
2025-10-03T00:50:00+00:00,2025-10-03,EUR,LOW,French Final Services PMI,-1.0,-0.5,UP,UP,0.0
2025-10-03T00:55:00+00:00,2025-10-03,EUR,LOW,German Final Services PMI,-1.0,-0.5,UP,UP,-0.5
2025-10-03T01:00:00+00:00,2025-10-03,EUR,LOW,Final Services PMI,-1.0,-0.5,UP,UP,-1.0
2025-10-03T02:00:00+00:00,2025-10-03,EUR,LOW,PPI m/m,-1.0,-0.5,UP,UP,-1.5
2025-10-03T02:40:00+00:00,2025-10-03,EUR,LOW,ECB President Lagarde Speaks,0.0,0.0,UP,UP,-1.5
2025-10-03T03:05:00+00:00,2025-10-03,USD,LOW,FOMC Member Williams Speaks,0.0,0.0,UP,UP,-1.5
2025-10-03T05:30:00+00:00,2025-10-03,USD,LOW,FOMC Member Goolsbee Speaks,0.0,0.0,UP,UP,-1.5
2025-10-03T06:35:00+00:00,2025-10-03,USD,LOW,FOMC Member Miran Speaks,0.0,0.0,UP,UP,-1.5
2025-10-03T06:45:00+00:00,2025-10-03,USD,LOW,Final Services PMI,-1.0,-0.5,UP,UP,-2.0
2025-10-03T07:00:00+00:00,2025-10-03,USD,HIGH,ISM Services PMI,1.0,3.0,UP,UP,1.0
2025-10-03T10:30:00+00:00,2025-10-03,USD,LOW,FOMC Member Logan Speaks,0.0,0.0,UP,UP,1.0
2025-10-03T10:40:00+00:00,2025-10-03,USD,LOW,FOMC Member Jefferson Speaks,0.0,0.0,UP,UP,1.0
2025-10-03T12:30:00+00:00,2025-10-03,USD,LOW,FOMC Member Miran Speaks,0.0,0.0,UP,UP,1.0
2025-10-06T01:30:00+00:00,2025-10-06,EUR,LOW,Sentix Investor Confidence,1.0,0.5,UP,UP,1.5
2025-10-06T02:00:00+00:00,2025-10-06,EUR,LOW,Retail Sales m/m,0.0,0.0,UP,UP,1.5
2025-10-06T10:00:00+00:00,2025-10-06,EUR,HIGH,ECB President Lagarde Speaks,0.0,0.0,UP,UP,1.5
2025-10-06T23:00:00+00:00,2025-10-06,EUR,LOW,German Factory Orders m/m,-1.0,-0.5,UP,UP,1.0
2025-10-06T23:45:00+00:00,2025-10-06,EUR,LOW,French Trade Balance,-1.0,-0.5,UP,UP,0.5
2025-10-07T07:02:00+00:00,2025-10-07,USD,LOW,RCM/TIPP Economic Optimism,1.0,0.5,UP,UP,1.0
2025-10-07T07:05:00+00:00,2025-10-07,USD,LOW,FOMC Member Bowman Speaks,0.0,0.0,UP,UP,1.0
2025-10-07T07:45:00+00:00,2025-10-07,USD,LOW,FOMC Member Miran Speaks,0.0,0.0,UP,UP,1.0
2025-10-07T08:30:00+00:00,2025-10-07,USD,LOW,FOMC Member Kashkari Speaks,0.0,0.0,UP,UP,1.0
2025-10-07T09:00:00+00:00,2025-10-07,EUR,LOW,German Buba President Nagel Speaks,0.0,0.0,UP,UP,1.0
2025-10-07T09:10:00+00:00,2025-10-07,EUR,LOW,ECB President Lagarde Speaks,0.0,0.0,UP,UP,1.0
2025-10-07T12:00:00+00:00,2025-10-07,USD,LOW,Consumer Credit m/m,1.0,0.5,UP,UP,1.5
2025-10-07T13:05:00+00:00,2025-10-07,USD,LOW,FOMC Member Miran Speaks,0.0,0.0,UP,UP,1.5
2025-10-07T13:30:00+00:00,2025-10-07,USD,LOW,API Weekly Statistical Bulletin,0.0,0.0,UP,UP,1.5
2025-10-07T23:00:00+00:00,2025-10-07,EUR,LOW,German Industrial Production m/m,-1.0,-0.5,UP,UP,1.0
2025-10-08T06:20:00+00:00,2025-10-08,USD,LOW,FOMC Member Musalem Speaks,0.0,0.0,UP,UP,1.0
2025-10-08T06:30:00+00:00,2025-10-08,USD,LOW,FOMC Member Barr Speaks,0.0,0.0,UP,UP,1.0
2025-10-08T07:00:00+00:00,2025-10-08,USD,LOW,FOMC Member Goolsbee Speaks,0.0,0.0,UP,UP,1.0
2025-10-08T07:30:00+00:00,2025-10-08,USD,LOW,Crude Oil Inventories,-1.0,-0.5,UP,UP,0.5
2025-10-08T09:00:00+00:00,2025-10-08,EUR,LOW,ECB President Lagarde Speaks,0.0,0.0,UP,UP,0.5
2025-10-08T10:01:00+00:00,2025-10-08,USD,LOW,10-y Bond Auction,0.0,0.0,UP,UP,0.5
2025-10-08T10:15:00+00:00,2025-10-08,USD,LOW,FOMC Member Logan Speaks,0.0,0.0,UP,UP,0.5
2025-10-08T11:00:00+00:00,2025-10-08,USD,HIGH,FOMC Meeting Minutes,0.0,0.0,UP,UP,0.5
2025-10-08T12:15:00+00:00,2025-10-08,USD,LOW,FOMC Member Kashkari Speaks,0.0,0.0,UP,UP,0.5
2025-10-08T14:45:00+00:00,2025-10-08,USD,LOW,FOMC Member Barr Speaks,0.0,0.0,UP,UP,0.5
2025-10-08T23:00:00+00:00,2025-10-08,EUR,LOW,German Trade Balance,1.0,0.5,UP,UP,1.0
2025-10-09T04:30:00+00:00,2025-10-09,EUR,LOW,ECB Monetary Policy Meeting Accounts,0.0,0.0,UP,UP,1.0
2025-10-09T05:30:00+00:00,2025-10-09,USD,LOW,FOMC Member Powell Speaks,0.0,0.0,UP,UP,1.0
2025-10-09T05:35:00+00:00,2025-10-09,USD,LOW,FOMC Member Bowman Speaks,0.0,0.0,UP,UP,1.0
2025-10-09T07:30:00+00:00,2025-10-09,USD,LOW,Natural Gas Storage,-1.0,-0.5,UP,UP,0.5
2025-10-09T09:45:00+00:00,2025-10-09,USD,LOW,FOMC Member Barr Speaks,0.0,0.0,UP,UP,0.5
2025-10-09T10:01:00+00:00,2025-10-09,USD,LOW,30-y Bond Auction,0.0,0.0,UP,UP,0.5
2025-10-09T12:45:00+00:00,2025-10-09,USD,LOW,FOMC Member Bowman Speaks,0.0,0.0,UP,UP,0.5
2025-10-09T18:40:00+00:00,2025-10-09,USD,LOW,FOMC Member Daly Speaks,0.0,0.0,UP,UP,0.5
2025-10-10T01:00:00+00:00,2025-10-10,EUR,LOW,Italian Industrial Production m/m,-1.0,-0.5,UP,UP,0.0
2025-10-10T06:45:00+00:00,2025-10-10,USD,LOW,FOMC Member Goolsbee Speaks,0.0,0.0,UP,UP,0.0
2025-10-10T07:00:00+00:00,2025-10-10,USD,HIGH,Prelim UoM Consumer Sentiment,-1.0,-3.0,UP,UP,-3.0
2025-10-10T10:00:00+00:00,2025-10-10,USD,LOW,FOMC Member Musalem Speaks,0.0,0.0,UP,UP,-3.0
2025-10-12T23:00:00+00:00,2025-10-12,EUR,LOW,German WPI m/m,0.0,0.0,UP,UP,-3.0
2025-10-13T09:55:00+00:00,2025-10-13,USD,LOW,FOMC Member Paulson Speaks,0.0,0.0,UP,UP,-3.0
2025-10-13T23:00:00+00:00,2025-10-13,EUR,LOW,German Final CPI m/m,0.0,0.0,UP,UP,-3.0
2025-10-14T02:00:00+00:00,2025-10-14,EUR,LOW,German ZEW Economic Sentiment,-1.0,-0.5,UP,UP,-3.5
2025-10-14T03:00:00+00:00,2025-10-14,USD,LOW,NFIB Small Business Index,1.0,0.5,UP,UP,-3.0
2025-10-14T05:45:00+00:00,2025-10-14,USD,LOW,FOMC Member Bowman Speaks,0.0,0.0,UP,UP,-3.0
2025-10-14T09:20:00+00:00,2025-10-14,USD,HIGH,FOMC Member Powell Speaks,0.0,0.0,UP,UP,-3.0
2025-10-14T12:25:00+00:00,2025-10-14,USD,LOW,FOMC Member Waller Speaks,0.0,0.0,UP,UP,-3.0
2025-10-14T12:30:00+00:00,2025-10-14,USD,LOW,FOMC Member Collins Speaks,0.0,0.0,UP,UP,-3.0
2025-10-14T23:45:00+00:00,2025-10-14,EUR,LOW,French Final CPI m/m,0.0,0.0,UP,UP,-3.0
2025-10-15T02:00:00+00:00,2025-10-15,EUR,LOW,Industrial Production m/m,1.0,0.5,UP,UP,-2.5
2025-10-15T02:32:00+00:00,2025-10-15,EUR,LOW,German 30-y Bond Auction,0.0,0.0,UP,UP,-2.5
2025-10-15T06:30:00+00:00,2025-10-15,USD,LOW,FOMC Member Miran Speaks,0.0,0.0,UP,UP,-2.5
2025-10-15T09:30:00+00:00,2025-10-15,USD,LOW,FOMC Member Miran Speaks,0.0,0.0,UP,UP,-2.5
2025-10-15T10:00:00+00:00,2025-10-15,USD,LOW,FOMC Member Waller Speaks,0.0,0.0,UP,UP,-2.5
2025-10-15T11:00:00+00:00,2025-10-15,USD,LOW,Beige Book,0.0,0.0,UP,UP,-2.5
2025-10-15T11:30:00+00:00,2025-10-15,USD,LOW,FOMC Member Schmid Speaks,0.0,0.0,UP,UP,-2.5
2025-10-15T13:30:00+00:00,2025-10-15,USD,LOW,API Weekly Statistical Bulletin,0.0,0.0,UP,UP,-2.5
2025-10-16T01:39:00+00:00,2025-10-16,EUR,LOW,Spanish 10-y Bond Auction,0.0,0.0,UP,UP,-2.5
2025-10-16T02:00:00+00:00,2025-10-16,EUR,LOW,Italian Trade Balance,-1.0,-0.5,UP,UP,-3.0
2025-10-16T03:00:00+00:00,2025-10-16,EUR,LOW,German Buba Monthly Report,0.0,0.0,UP,UP,-3.0
2025-10-16T05:30:00+00:00,2025-10-16,USD,LOW,Philly Fed Manufacturing Index,1.0,0.5,UP,UP,-2.5
2025-10-16T07:00:00+00:00,2025-10-16,USD,LOW,FOMC Member Bowman Speaks,0.0,0.0,UP,UP,-2.5
2025-10-16T07:30:00+00:00,2025-10-16,USD,LOW,Natural Gas Storage,-1.0,-0.5,UP,UP,-3.0
2025-10-16T09:00:00+00:00,2025-10-16,EUR,LOW,ECB President Lagarde Speaks,0.0,0.0,UP,UP,-3.0
2025-10-16T11:00:00+00:00,2025-10-16,USD,LOW,Federal Budget Balance,-1.0,-0.5,UP,UP,-3.5
2025-10-16T13:15:00+00:00,2025-10-16,USD,LOW,FOMC Member Miran Speaks,0.0,0.0,UP,UP,-3.5
2025-10-16T15:00:00+00:00,2025-10-16,USD,LOW,FOMC Member Kashkari Speaks,0.0,0.0,UP,UP,-3.5
2025-10-17T02:00:00+00:00,2025-10-17,EUR,LOW,Final Core CPI y/y,1.0,0.5,UP,UP,-3.0
2025-10-17T05:45:00+00:00,2025-10-17,EUR,LOW,German Buba President Nagel Speaks,0.0,0.0,UP,UP,-3.0
2025-10-17T09:15:00+00:00,2025-10-17,USD,LOW,FOMC Member Musalem Speaks,0.0,0.0,UP,UP,-3.0
2025-10-19T23:00:00+00:00,2025-10-19,EUR,LOW,German PPI m/m,-1.0,-0.5,UP,UP,-3.5
2025-10-20T01:00:00+00:00,2025-10-20,EUR,LOW,Current Account,-1.0,-0.5,UP,DOWN,-4.0
2025-10-20T12:00:00+00:00,2025-10-20,EUR,LOW,German Buba President Nagel Speaks,0.0,0.0,DOWN,DOWN,-4.0
2025-10-20T15:00:00+00:00,2025-10-20,EUR,LOW,German Buba President Nagel Speaks,0.0,0.0,DOWN,DOWN,-4.0
2025-10-21T04:00:00+00:00,2025-10-21,EUR,LOW,ECB President Lagarde Speaks,0.0,0.0,DOWN,DOWN,-4.0
2025-10-21T06:00:00+00:00,2025-10-21,USD,LOW,FOMC Member Waller Speaks,0.0,0.0,DOWN,DOWN,-4.0
2025-10-21T12:30:00+00:00,2025-10-21,USD,LOW,FOMC Member Waller Speaks,0.0,0.0,DOWN,DOWN,-4.0
2025-10-21T13:30:00+00:00,2025-10-21,USD,LOW,API Weekly Statistical Bulletin,0.0,0.0,DOWN,DOWN,-4.0
2025-10-22T05:25:00+00:00,2025-10-22,EUR,LOW,ECB President Lagarde Speaks,0.0,0.0,DOWN,DOWN,-4.0
2025-10-22T07:30:00+00:00,2025-10-22,USD,LOW,Crude Oil Inventories,1.0,0.5,DOWN,DOWN,-3.5
2025-10-22T13:00:00+00:00,2025-10-22,USD,LOW,FOMC Member Barr Speaks,0.0,0.0,DOWN,DOWN,-3.5
2025-10-23T07:00:00+00:00,2025-10-23,EUR,LOW,Consumer Confidence,1.0,0.5,DOWN,DOWN,-3.0
2025-10-23T07:25:00+00:00,2025-10-23,USD,LOW,FOMC Member Barr Speaks,0.0,0.0,DOWN,DOWN,-3.0
2025-10-23T07:30:00+00:00,2025-10-23,USD,LOW,Natural Gas Storage,-1.0,-0.5,DOWN,DOWN,-3.5
2025-10-23T12:00:00+00:00,2025-10-23,USD,LOW,President Trump Speaks,0.0,0.0,DOWN,DOWN,-3.5
2025-10-24T00:00:00+00:00,2025-10-24,EUR,LOW,Spanish Unemployment Rate,-1.0,-0.5,DOWN,DOWN,-4.0
2025-10-24T00:15:00+00:00,2025-10-24,EUR,LOW,French Flash Manufacturing PMI,1.0,0.5,DOWN,DOWN,-3.5
2025-10-24T00:30:00+00:00,2025-10-24,EUR,HIGH,German Flash Manufacturing PMI,1.0,3.0,DOWN,DOWN,-0.5
2025-10-24T01:00:00+00:00,2025-10-24,EUR,LOW,Flash Manufacturing PMI,1.0,0.5,DOWN,DOWN,0.0
2025-10-24T05:45:00+00:00,2025-10-24,EUR,LOW,German Buba President Nagel Speaks,0.0,0.0,DOWN,DOWN,0.0
2025-10-24T05:51:00+00:00,2025-10-24,EUR,LOW,Belgian NBB Business Climate,-1.0,-0.5,DOWN,DOWN,-0.5
2025-10-24T06:45:00+00:00,2025-10-24,USD,HIGH,Flash Manufacturing PMI,-1.0,-3.0,DOWN,DOWN,-3.5
2025-10-24T07:00:00+00:00,2025-10-24,USD,LOW,Revised UoM Consumer Sentiment,1.0,0.5,DOWN,DOWN,-3.0
2025-10-27T02:00:00+00:00,2025-10-27,EUR,LOW,German ifo Business Climate,1.0,0.5,DOWN,DOWN,-2.5
2025-10-28T00:00:00+00:00,2025-10-28,EUR,LOW,German GfK Consumer Climate,-1.0,-0.5,DOWN,DOWN,-3.0
2025-10-28T05:15:00+00:00,2025-10-28,USD,LOW,ADP Weekly Employment Change,0.0,0.0,DOWN,DOWN,-3.0
2025-10-28T06:00:00+00:00,2025-10-28,USD,LOW,HPI m/m,-1.0,-0.5,DOWN,DOWN,-3.5
2025-10-28T06:59:00+00:00,2025-10-28,USD,LOW,Richmond Manufacturing Index,-1.0,-0.5,DOWN,DOWN,-4.0
2025-10-28T07:00:00+00:00,2025-10-28,USD,LOW,CB Consumer Confidence,-1.0,-0.5,DOWN,DOWN,-4.5
2025-10-28T13:30:00+00:00,2025-10-28,USD,LOW,API Weekly Statistical Bulletin,0.0,0.0,DOWN,DOWN,-4.5
2025-10-29T01:00:00+00:00,2025-10-29,EUR,LOW,Spanish Flash GDP q/q,0.0,0.0,DOWN,DOWN,-4.5
2025-10-29T03:32:00+00:00,2025-10-29,EUR,LOW,German 10-y Bond Auction,0.0,0.0,DOWN,DOWN,-4.5
2025-10-29T07:00:00+00:00,2025-10-29,USD,LOW,Pending Home Sales m/m,1.0,0.5,DOWN,DOWN,-4.0
2025-10-29T11:00:00+00:00,2025-10-29,USD,HIGH,Federal Funds Rate,0.0,0.0,DOWN,DOWN,-4.0
2025-10-29T11:30:00+00:00,2025-10-29,USD,HIGH,FOMC Press Conference,0.0,0.0,DOWN,DOWN,-4.0
2025-10-29T23:30:00+00:00,2025-10-29,EUR,LOW,French Consumer Spending m/m,1.0,0.5,DOWN,DOWN,-3.5
2025-10-30T01:55:00+00:00,2025-10-30,EUR,LOW,German Unemployment Change,1.0,0.5,DOWN,DOWN,-3.0
2025-10-30T02:00:00+00:00,2025-10-30,EUR,LOW,German Prelim GDP q/q,0.0,0.0,DOWN,DOWN,-3.0
2025-10-30T03:00:00+00:00,2025-10-30,EUR,LOW,Italian Monthly Unemployment Rate,-1.0,-0.5,DOWN,DOWN,-3.5
2025-10-30T03:06:00+00:00,2025-10-30,EUR,LOW,Italian 10-y Bond Auction,0.0,0.0,DOWN,DOWN,-3.5
2025-10-30T06:15:00+00:00,2025-10-30,EUR,HIGH,Main Refinancing Rate,0.0,0.0,DOWN,DOWN,-3.5
2025-10-30T06:45:00+00:00,2025-10-30,EUR,HIGH,ECB Press Conference,0.0,0.0,DOWN,DOWN,-3.5
2025-10-30T06:55:00+00:00,2025-10-30,USD,LOW,FOMC Member Bowman Speaks,0.0,0.0,DOWN,DOWN,-3.5
2025-10-30T07:30:00+00:00,2025-10-30,USD,LOW,Natural Gas Storage,-1.0,-0.5,DOWN,DOWN,-4.0
2025-10-30T10:20:00+00:00,2025-10-30,USD,LOW,FOMC Member Logan Speaks,0.0,0.0,DOWN,DOWN,-4.0
2025-10-31T00:00:00+00:00,2025-10-31,EUR,LOW,German Import Prices m/m,1.0,0.5,DOWN,DOWN,-3.5
2025-10-31T00:45:00+00:00,2025-10-31,EUR,LOW,French Prelim CPI m/m,0.0,0.0,DOWN,DOWN,-3.5
2025-10-31T03:00:00+00:00,2025-10-31,EUR,LOW,Core CPI Flash Estimate y/y,1.0,0.5,DOWN,DOWN,-3.0
2025-10-31T06:45:00+00:00,2025-10-31,USD,LOW,Chicago PMI,-1.0,-0.5,DOWN,DOWN,-3.5
2025-10-31T09:00:00+00:00,2025-10-31,USD,LOW,FOMC Member Bostic Speaks,0.0,0.0,DOWN,DOWN,-3.5
2025-11-03T00:15:00+00:00,2025-11-03,EUR,LOW,Spanish Manufacturing PMI,1.0,0.5,DOWN,DOWN,0.5
2025-11-03T00:45:00+00:00,2025-11-03,EUR,LOW,Italian Manufacturing PMI,1.0,0.5,DOWN,DOWN,1.0
2025-11-03T00:50:00+00:00,2025-11-03,EUR,LOW,French Final Manufacturing PMI,1.0,0.5,DOWN,DOWN,1.5
2025-11-03T00:55:00+00:00,2025-11-03,EUR,LOW,German Final Manufacturing PMI,0.0,0.0,DOWN,DOWN,1.5
2025-11-03T01:00:00+00:00,2025-11-03,EUR,LOW,Final Manufacturing PMI,0.0,0.0,DOWN,DOWN,1.5
2025-11-03T06:45:00+00:00,2025-11-03,USD,LOW,Final Manufacturing PMI,-1.0,-0.5,DOWN,DOWN,1.0
2025-11-03T07:00:00+00:00,2025-11-03,USD,HIGH,ISM Manufacturing PMI,1.0,3.0,DOWN,UP,4.0
2025-11-03T09:00:00+00:00,2025-11-03,USD,LOW,FOMC Member Daly Speaks,0.0,0.0,UP,UP,4.0
2025-11-03T11:00:00+00:00,2025-11-03,USD,LOW,FOMC Member Cook Speaks,0.0,0.0,UP,UP,4.0
2025-11-03T23:40:00+00:00,2025-11-03,EUR,LOW,ECB President Lagarde Speaks,0.0,0.0,UP,UP,4.0
2025-11-03T23:45:00+00:00,2025-11-03,EUR,LOW,French Gov Budget Balance,0.0,0.0,UP,UP,4.0
2025-11-04T00:00:00+00:00,2025-11-04,EUR,LOW,Spanish Unemployment Change,-1.0,-0.5,UP,UP,3.5
2025-11-04T02:00:00+00:00,2025-11-04,EUR,LOW,ECB President Lagarde Speaks,0.0,0.0,UP,UP,3.5
2025-11-04T03:35:00+00:00,2025-11-04,USD,LOW,FOMC Member Bowman Speaks,0.0,0.0,UP,UP,3.5
2025-11-04T07:01:00+00:00,2025-11-04,USD,LOW,RCM/TIPP Economic Optimism,1.0,0.5,UP,UP,4.0
2025-11-04T09:00:00+00:00,2025-11-04,EUR,LOW,German Buba President Nagel Speaks,0.0,0.0,UP,UP,4.0
2025-11-04T13:30:00+00:00,2025-11-04,USD,LOW,API Weekly Statistical Bulletin,0.0,0.0,UP,UP,4.0
2025-11-04T23:00:00+00:00,2025-11-04,EUR,LOW,German Factory Orders m/m,1.0,0.5,UP,UP,4.5
2025-11-04T23:45:00+00:00,2025-11-04,EUR,LOW,French Industrial Production m/m,1.0,0.5,UP,UP,5.0
2025-11-05T00:15:00+00:00,2025-11-05,EUR,LOW,Spanish Services PMI,1.0,0.5,UP,UP,5.5
2025-11-05T00:45:00+00:00,2025-11-05,EUR,LOW,Italian Services PMI,1.0,0.5,UP,UP,6.0
2025-11-05T00:50:00+00:00,2025-11-05,EUR,LOW,French Final Services PMI,1.0,0.5,UP,UP,6.5
2025-11-05T00:55:00+00:00,2025-11-05,EUR,LOW,German Final Services PMI,1.0,0.5,UP,UP,7.0
2025-11-05T01:00:00+00:00,2025-11-05,EUR,LOW,Final Services PMI,1.0,0.5,UP,UP,7.5
2025-11-05T02:00:00+00:00,2025-11-05,EUR,LOW,German Buba President Nagel Speaks,0.0,0.0,UP,UP,7.5
2025-11-05T05:15:00+00:00,2025-11-05,USD,HIGH,ADP Non-Farm Employment Change,-1.0,-3.0,UP,UP,4.5
2025-11-05T06:45:00+00:00,2025-11-05,USD,LOW,Final Services PMI,1.0,0.5,UP,UP,5.0
2025-11-05T07:00:00+00:00,2025-11-05,USD,HIGH,ISM Services PMI,-1.0,-3.0,UP,UP,2.0
2025-11-05T07:30:00+00:00,2025-11-05,USD,LOW,Crude Oil Inventories,-1.0,-0.5,UP,UP,1.5
2025-11-05T10:00:00+00:00,2025-11-05,USD,LOW,President Trump Speaks,0.0,0.0,UP,UP,1.5
2025-11-05T23:00:00+00:00,2025-11-05,EUR,LOW,German Industrial Production m/m,-1.0,-0.5,UP,UP,1.0
2025-11-05T23:45:00+00:00,2025-11-05,EUR,LOW,French Prelim Private Payrolls q/q,-1.0,-0.5,UP,UP,0.5
2025-11-06T00:57:00+00:00,2025-11-06,USD,LOW,Challenger Job Cuts y/y,0.0,0.0,UP,UP,0.5
2025-11-06T01:47:00+00:00,2025-11-06,EUR,LOW,Spanish 10-y Bond Auction,0.0,0.0,UP,UP,0.5
2025-11-06T01:59:00+00:00,2025-11-06,EUR,LOW,French 10-y Bond Auction,0.0,0.0,UP,UP,0.5
2025-11-06T02:00:00+00:00,2025-11-06,EUR,LOW,Retail Sales m/m,-1.0,-0.5,UP,UP,0.0
2025-11-06T04:30:00+00:00,2025-11-06,EUR,LOW,German Buba President Nagel Speaks,0.0,0.0,UP,UP,0.0
2025-11-06T06:00:00+00:00,2025-11-06,EUR,LOW,German Buba President Nagel Speaks,0.0,0.0,UP,UP,0.0
2025-11-06T08:00:00+00:00,2025-11-06,USD,LOW,President Trump Speaks,0.0,0.0,UP,UP,0.0
2025-11-06T09:00:00+00:00,2025-11-06,USD,LOW,FOMC Member Hammack Speaks,0.0,0.0,UP,UP,0.0
2025-11-06T12:30:00+00:00,2025-11-06,USD,LOW,FOMC Member Waller Speaks,0.0,0.0,UP,UP,0.0
2025-11-06T13:30:00+00:00,2025-11-06,USD,LOW,FOMC Member Paulson Speaks,0.0,0.0,UP,UP,0.0
2025-11-06T14:30:00+00:00,2025-11-06,USD,LOW,FOMC Member Musalem Speaks,0.0,0.0,UP,UP,0.0
2025-11-06T23:00:00+00:00,2025-11-06,EUR,LOW,German Trade Balance,-1.0,-0.5,UP,UP,-0.5
2025-11-06T23:45:00+00:00,2025-11-06,EUR,LOW,French Trade Balance,-1.0,-0.5,UP,UP,-1.0
2025-11-07T04:00:00+00:00,2025-11-07,EUR,LOW,German Buba President Nagel Speaks,0.0,0.0,UP,UP,-1.0
2025-11-07T07:00:00+00:00,2025-11-07,USD,LOW,Prelim UoM Consumer Sentiment,1.0,0.5,UP,UP,-0.5
2025-11-07T12:00:00+00:00,2025-11-07,USD,LOW,Consumer Credit m/m,-1.0,-0.5,UP,UP,-1.0
2025-11-07T13:01:00+00:00,2025-11-07,USD,LOW,FOMC Financial Stability Report,0.0,0.0,UP,UP,-1.0
2025-11-10T01:30:00+00:00,2025-11-10,EUR,LOW,Sentix Investor Confidence,-1.0,-0.5,UP,UP,-1.5
2025-11-10T05:30:00+00:00,2025-11-10,USD,LOW,FOMC Member Daly Speaks,0.0,0.0,UP,UP,-1.5
2025-11-10T06:45:00+00:00,2025-11-10,USD,LOW,Cleveland Fed Inflation Expectations,0.0,0.0,UP,UP,-1.5
2025-11-11T02:00:00+00:00,2025-11-11,EUR,LOW,German ZEW Economic Sentiment,-1.0,-0.5,UP,UP,-2.0
2025-11-11T03:00:00+00:00,2025-11-11,USD,LOW,NFIB Small Business Index,1.0,0.5,UP,UP,-1.5
2025-11-11T05:26:00+00:00,2025-11-11,USD,LOW,ADP Weekly Employment Change,0.0,0.0,UP,UP,-1.5
2025-11-11T19:25:00+00:00,2025-11-11,USD,LOW,FOMC Member Barr Speaks,0.0,0.0,UP,UP,-1.5
2025-11-11T23:00:00+00:00,2025-11-11,EUR,LOW,German Final CPI m/m,0.0,0.0,UP,UP,-1.5
2025-11-12T01:00:00+00:00,2025-11-12,EUR,LOW,Italian Industrial Production m/m,1.0,0.5,UP,UP,-1.0
2025-11-12T02:32:00+00:00,2025-11-12,EUR,LOW,German 30-y Bond Auction,0.0,0.0,UP,UP,-1.0
2025-11-12T06:20:00+00:00,2025-11-12,USD,LOW,FOMC Member Williams Speaks,0.0,0.0,UP,UP,-1.0
2025-11-12T07:00:00+00:00,2025-11-12,USD,LOW,FOMC Member Paulson Speaks,0.0,0.0,UP,UP,-1.0
2025-11-12T07:20:00+00:00,2025-11-12,USD,LOW,FOMC Member Waller Speaks,0.0,0.0,UP,UP,-1.0
2025-11-12T09:15:00+00:00,2025-11-12,USD,LOW,FOMC Member Bostic Speaks,0.0,0.0,UP,UP,-1.0
2025-11-12T09:30:00+00:00,2025-11-12,USD,LOW,FOMC Member Miran Speaks,0.0,0.0,UP,UP,-1.0
2025-11-12T10:01:00+00:00,2025-11-12,USD,LOW,10-y Bond Auction,0.0,0.0,UP,UP,-1.0
2025-11-12T13:00:00+00:00,2025-11-12,USD,LOW,FOMC Member Collins Speaks,0.0,0.0,UP,UP,-1.0
2025-11-12T13:30:00+00:00,2025-11-12,USD,LOW,API Weekly Statistical Bulletin,0.0,0.0,UP,UP,-1.0
2025-11-13T01:00:00+00:00,2025-11-13,EUR,LOW,ECB Economic Bulletin,0.0,0.0,UP,UP,-1.0
2025-11-13T02:00:00+00:00,2025-11-13,EUR,LOW,Industrial Production m/m,-1.0,-0.5,UP,UP,-1.5
2025-11-13T05:00:00+00:00,2025-11-13,USD,LOW,FOMC Member Daly Speaks,0.0,0.0,UP,UP,-1.5
2025-11-13T07:30:00+00:00,2025-11-13,USD,LOW,FOMC Member Kashkari Speaks,0.0,0.0,UP,UP,-1.5
2025-11-13T09:00:00+00:00,2025-11-13,USD,LOW,Crude Oil Inventories,-1.0,-0.5,UP,UP,-2.0
2025-11-13T09:15:00+00:00,2025-11-13,USD,LOW,FOMC Member Musalem Speaks,0.0,0.0,UP,UP,-2.0
2025-11-13T09:20:00+00:00,2025-11-13,USD,LOW,FOMC Member Hammack Speaks,0.0,0.0,UP,UP,-2.0
2025-11-13T10:01:00+00:00,2025-11-13,USD,LOW,30-y Bond Auction,0.0,0.0,UP,UP,-2.0
2025-11-13T23:45:00+00:00,2025-11-13,EUR,LOW,French Final CPI m/m,0.0,0.0,UP,UP,-2.0
2025-11-14T01:00:00+00:00,2025-11-14,EUR,LOW,Italian Trade Balance,-1.0,-0.5,UP,UP,-2.5
2025-11-14T02:00:00+00:00,2025-11-14,EUR,LOW,Flash Employment Change q/q,0.0,0.0,UP,UP,-2.5
2025-11-14T07:05:00+00:00,2025-11-14,USD,LOW,FOMC Member Schmid Speaks,0.0,0.0,UP,UP,-2.5
2025-11-14T07:25:00+00:00,2025-11-14,USD,LOW,Mortgage Delinquencies,0.0,0.0,UP,UP,-2.5
2025-11-14T07:30:00+00:00,2025-11-14,USD,LOW,Natural Gas Storage,-1.0,-0.5,UP,UP,-3.0
2025-11-14T11:30:00+00:00,2025-11-14,USD,LOW,FOMC Member Logan Speaks,0.0,0.0,UP,UP,-3.0
2025-11-14T12:20:00+00:00,2025-11-14,USD,LOW,FOMC Member Bostic Speaks,0.0,0.0,UP,UP,-3.0
2025-11-17T02:00:00+00:00,2025-11-17,EUR,LOW,EU Economic Forecasts,0.0,0.0,UP,UP,-3.0
2025-11-17T06:00:00+00:00,2025-11-17,USD,LOW,FOMC Member Williams Speaks,0.0,0.0,UP,UP,-3.0
2025-11-17T06:30:00+00:00,2025-11-17,USD,LOW,FOMC Member Jefferson Speaks,0.0,0.0,UP,UP,-3.0
2025-11-17T07:00:00+00:00,2025-11-17,USD,LOW,Construction Spending m/m,-1.0,-0.5,UP,UP,-3.5
2025-11-17T12:35:00+00:00,2025-11-17,USD,LOW,FOMC Member Waller Speaks,0.0,0.0,UP,UP,-3.5
2025-11-17T15:00:00+00:00,2025-11-17,USD,LOW,President Trump Speaks,0.0,0.0,UP,UP,-3.5
2025-11-18T00:10:00+00:00,2025-11-18,USD,HIGH,Unemployment Claims,0.0,0.0,UP,UP,-3.5
2025-11-18T05:29:00+00:00,2025-11-18,USD,LOW,ADP Weekly Employment Change,0.0,0.0,UP,UP,-3.5
2025-11-18T07:00:00+00:00,2025-11-18,USD,LOW,Factory Orders m/m,0.0,0.0,UP,UP,-3.5
2025-11-18T07:30:00+00:00,2025-11-18,USD,LOW,FOMC Member Barr Speaks,0.0,0.0,UP,UP,-3.5
2025-11-18T08:00:00+00:00,2025-11-18,USD,LOW,FOMC Member Barkin Speaks,0.0,0.0,UP,UP,-3.5
2025-11-18T13:00:00+00:00,2025-11-18,USD,LOW,TIC Long-Term Purchases,0.0,0.0,UP,UP,-3.5
2025-11-18T13:30:00+00:00,2025-11-18,USD,LOW,API Weekly Statistical Bulletin,0.0,0.0,UP,UP,-3.5
2025-11-18T16:55:00+00:00,2025-11-18,USD,LOW,FOMC Member Logan Speaks,0.0,0.0,UP,UP,-3.5
2025-11-19T01:00:00+00:00,2025-11-19,EUR,LOW,Current Account,1.0,0.5,UP,UP,-3.0
2025-11-19T02:00:00+00:00,2025-11-19,EUR,LOW,Final Core CPI y/y,0.0,0.0,UP,UP,-3.0
2025-11-19T05:30:00+00:00,2025-11-19,USD,LOW,Trade Balance,-1.0,-0.5,UP,UP,-3.5
2025-11-19T07:00:00+00:00,2025-11-19,USD,LOW,FOMC Member Miran Speaks,0.0,0.0,UP,UP,-3.5
2025-11-19T07:30:00+00:00,2025-11-19,USD,LOW,Crude Oil Inventories,1.0,0.5,UP,UP,-3.0
2025-11-19T09:00:00+00:00,2025-11-19,USD,LOW,President Trump Speaks,0.0,0.0,UP,UP,-3.0
2025-11-19T09:45:00+00:00,2025-11-19,USD,LOW,FOMC Member Barkin Speaks,0.0,0.0,UP,UP,-3.0
2025-11-19T11:00:00+00:00,2025-11-19,USD,HIGH,FOMC Meeting Minutes,0.0,0.0,UP,UP,-3.0
2025-11-20T01:38:00+00:00,2025-11-20,EUR,LOW,Spanish 10-y Bond Auction,0.0,0.0,UP,UP,-3.0
2025-11-20T03:00:00+00:00,2025-11-20,EUR,LOW,German Buba Monthly Report,0.0,0.0,UP,UP,-3.0
2025-11-20T05:50:00+00:00,2025-11-20,USD,LOW,FOMC Member Hammack Speaks,0.0,0.0,UP,UP,-3.0
2025-11-20T07:00:00+00:00,2025-11-20,EUR,LOW,Consumer Confidence,0.0,0.0,UP,UP,-3.0
2025-11-20T07:30:00+00:00,2025-11-20,USD,LOW,Natural Gas Storage,0.0,0.0,UP,UP,-3.0
2025-11-20T08:00:00+00:00,2025-11-20,USD,LOW,FOMC Member Cook Speaks,0.0,0.0,UP,UP,-3.0
2025-11-20T09:40:00+00:00,2025-11-20,USD,LOW,FOMC Member Goolsbee Speaks,0.0,0.0,UP,UP,-3.0
2025-11-20T15:15:00+00:00,2025-11-20,USD,LOW,FOMC Member Miran Speaks,0.0,0.0,UP,UP,-3.0
2025-11-20T15:45:00+00:00,2025-11-20,USD,LOW,FOMC Member Paulson Speaks,0.0,0.0,UP,UP,-3.0
2025-11-21T00:15:00+00:00,2025-11-21,EUR,LOW,French Flash Manufacturing PMI,-1.0,-0.5,UP,UP,-3.5
2025-11-21T00:30:00+00:00,2025-11-21,EUR,HIGH,German Flash Manufacturing PMI,-1.0,-3.0,UP,DOWN,-6.5
2025-11-21T01:00:00+00:00,2025-11-21,EUR,LOW,Flash Manufacturing PMI,-1.0,-0.5,DOWN,DOWN,-7.0
2025-11-21T04:30:00+00:00,2025-11-21,USD,LOW,FOMC Member Williams Speaks,0.0,0.0,DOWN,DOWN,-7.0
2025-11-21T05:00:00+00:00,2025-11-21,EUR,LOW,German Buba President Nagel Speaks,0.0,0.0,DOWN,DOWN,-7.0
2025-11-21T05:45:00+00:00,2025-11-21,USD,LOW,FOMC Member Jefferson Speaks,0.0,0.0,DOWN,DOWN,-7.0
2025-11-21T06:00:00+00:00,2025-11-21,USD,LOW,FOMC Member Logan Speaks,0.0,0.0,DOWN,DOWN,-7.0
2025-11-21T06:45:00+00:00,2025-11-21,USD,HIGH,Flash Manufacturing PMI,1.0,3.0,DOWN,DOWN,-4.0
2025-11-21T07:00:00+00:00,2025-11-21,USD,LOW,Revised UoM Consumer Sentiment,-1.0,-0.5,DOWN,DOWN,-4.5
2025-11-24T01:00:00+00:00,2025-11-24,EUR,LOW,German ifo Business Climate,-1.0,-0.5,DOWN,DOWN,-5.0
2025-11-24T05:50:00+00:00,2025-11-24,EUR,LOW,Belgian NBB Business Climate,1.0,0.5,DOWN,DOWN,-4.5
2025-11-24T06:45:00+00:00,2025-11-24,EUR,LOW,ECB President Lagarde Speaks,0.0,0.0,DOWN,DOWN,-4.5
2025-11-24T09:10:00+00:00,2025-11-24,EUR,LOW,German Buba President Nagel Speaks,0.0,0.0,DOWN,DOWN,-4.5
2025-11-24T23:00:00+00:00,2025-11-24,EUR,LOW,German Final GDP q/q,0.0,0.0,DOWN,DOWN,-4.5
2025-11-25T05:15:00+00:00,2025-11-25,USD,LOW,ADP Weekly Employment Change,0.0,0.0,DOWN,DOWN,-4.5
2025-11-25T05:30:00+00:00,2025-11-25,USD,HIGH,Core PPI m/m,1.0,3.0,DOWN,DOWN,-1.5
2025-11-25T06:00:00+00:00,2025-11-25,USD,LOW,HPI m/m,1.0,0.5,DOWN,DOWN,-1.0
2025-11-25T06:59:00+00:00,2025-11-25,USD,LOW,Richmond Manufacturing Index,1.0,0.5,DOWN,DOWN,-0.5
2025-11-25T07:00:00+00:00,2025-11-25,USD,LOW,CB Consumer Confidence,1.0,0.5,DOWN,DOWN,0.0
2025-11-25T11:00:00+00:00,2025-11-25,USD,LOW,Federal Budget Balance,1.0,0.5,DOWN,DOWN,0.5
2025-11-25T13:30:00+00:00,2025-11-25,USD,LOW,API Weekly Statistical Bulletin,0.0,0.0,DOWN,DOWN,0.5
2025-11-26T02:35:00+00:00,2025-11-26,EUR,LOW,German 10-y Bond Auction,0.0,0.0,DOWN,DOWN,0.5
2025-11-26T05:30:00+00:00,2025-11-26,USD,HIGH,Unemployment Claims,1.0,3.0,DOWN,DOWN,3.5
2025-11-26T06:45:00+00:00,2025-11-26,USD,LOW,Chicago PMI,1.0,0.5,DOWN,UP,4.0
2025-11-26T07:30:00+00:00,2025-11-26,USD,LOW,Crude Oil Inventories,-1.0,-0.5,UP,UP,3.5
2025-11-26T09:00:00+00:00,2025-11-26,EUR,LOW,ECB President Lagarde Speaks,0.0,0.0,UP,UP,3.5
2025-11-26T11:00:00+00:00,2025-11-26,USD,LOW,Beige Book,0.0,0.0,UP,UP,3.5
2025-11-26T23:00:00+00:00,2025-11-26,EUR,LOW,German GfK Consumer Climate,1.0,0.5,UP,UP,4.0
2025-11-27T01:00:00+00:00,2025-11-27,EUR,LOW,M3 Money Supply y/y,0.0,0.0,UP,UP,4.0
2025-11-27T02:05:00+00:00,2025-11-27,EUR,LOW,Italian 10-y Bond Auction,0.0,0.0,UP,UP,4.0
2025-11-27T04:30:00+00:00,2025-11-27,EUR,LOW,ECB Monetary Policy Meeting Accounts,0.0,0.0,UP,UP,4.0
2025-11-27T23:00:00+00:00,2025-11-27,EUR,LOW,German Import Prices m/m,1.0,0.5,UP,UP,4.5
2025-11-27T23:45:00+00:00,2025-11-27,EUR,LOW,French Consumer Spending m/m,1.0,0.5,UP,UP,5.0
2025-11-28T00:55:00+00:00,2025-11-28,EUR,LOW,German Unemployment Change,1.0,0.5,UP,UP,5.5
2025-11-28T02:00:00+00:00,2025-11-28,EUR,LOW,German Buba President Nagel Speaks,0.0,0.0,UP,UP,5.5
2025-11-30T20:00:00+00:00,2025-11-30,EUR,LOW,German Buba President Nagel Speaks,0.0,0.0,UP,UP,5.5
2025-12-01T00:15:00+00:00,2025-12-01,EUR,LOW,Spanish Manufacturing PMI,-1.0,-0.5,UP,UP,-0.5
2025-12-01T00:45:00+00:00,2025-12-01,EUR,LOW,Italian Manufacturing PMI,1.0,0.5,UP,UP,0.0
2025-12-01T00:50:00+00:00,2025-12-01,EUR,LOW,French Final Manufacturing PMI,0.0,0.0,UP,UP,0.0
2025-12-01T00:55:00+00:00,2025-12-01,EUR,LOW,German Final Manufacturing PMI,-1.0,-0.5,UP,UP,-0.5
2025-12-01T01:00:00+00:00,2025-12-01,EUR,LOW,Final Manufacturing PMI,-1.0,-0.5,UP,UP,-1.0
2025-12-01T06:45:00+00:00,2025-12-01,USD,LOW,Final Manufacturing PMI,-1.0,-0.5,UP,UP,-1.5
2025-12-01T07:00:00+00:00,2025-12-01,USD,HIGH,ISM Manufacturing PMI,1.0,3.0,UP,UP,1.5
2025-12-01T17:00:00+00:00,2025-12-01,USD,LOW,FOMC Member Powell Speaks,0.0,0.0,UP,UP,1.5
2025-12-01T23:45:00+00:00,2025-12-01,EUR,LOW,French Gov Budget Balance,0.0,0.0,UP,UP,1.5
2025-12-02T00:00:00+00:00,2025-12-02,EUR,LOW,Spanish Unemployment Change,1.0,0.5,UP,UP,2.0
2025-12-02T01:00:00+00:00,2025-12-02,EUR,LOW,Italian Monthly Unemployment Rate,1.0,0.5,UP,UP,2.5
2025-12-02T02:00:00+00:00,2025-12-02,EUR,LOW,Core CPI Flash Estimate y/y,0.0,0.0,UP,UP,2.5
2025-12-02T07:00:00+00:00,2025-12-02,USD,LOW,FOMC Member Bowman Speaks,0.0,0.0,UP,UP,2.5
2025-12-02T11:00:00+00:00,2025-12-02,USD,LOW,President Trump Speaks,0.0,0.0,UP,UP,2.5
2025-12-02T13:30:00+00:00,2025-12-02,USD,LOW,API Weekly Statistical Bulletin,0.0,0.0,UP,UP,2.5
2025-12-03T00:15:00+00:00,2025-12-03,EUR,LOW,Spanish Services PMI,-1.0,-0.5,UP,UP,2.0
2025-12-03T00:45:00+00:00,2025-12-03,EUR,LOW,Italian Services PMI,1.0,0.5,UP,UP,2.5
2025-12-03T00:50:00+00:00,2025-12-03,EUR,LOW,French Final Services PMI,1.0,0.5,UP,UP,3.0
2025-12-03T00:55:00+00:00,2025-12-03,EUR,LOW,German Final Services PMI,1.0,0.5,UP,UP,3.5
2025-12-03T01:00:00+00:00,2025-12-03,EUR,LOW,Final Services PMI,1.0,0.5,UP,UP,4.0
2025-12-03T02:00:00+00:00,2025-12-03,EUR,LOW,PPI m/m,0.0,0.0,UP,UP,4.0
2025-12-03T05:15:00+00:00,2025-12-03,USD,HIGH,ADP Non-Farm Employment Change,1.0,3.0,UP,UP,7.0
2025-12-03T06:15:00+00:00,2025-12-03,USD,LOW,Capacity Utilization Rate,1.0,0.5,UP,UP,7.5
2025-12-03T06:45:00+00:00,2025-12-03,USD,LOW,Final Services PMI,1.0,0.5,UP,UP,8.0
2025-12-03T07:00:00+00:00,2025-12-03,USD,HIGH,ISM Services PMI,-1.0,-3.0,UP,UP,5.0
2025-12-03T07:30:00+00:00,2025-12-03,EUR,LOW,ECB President Lagarde Speaks,0.0,0.0,UP,UP,5.0
2025-12-03T08:08:00+00:00,2025-12-03,USD,LOW,Crude Oil Inventories,-1.0,-0.5,UP,UP,4.5
2025-12-03T11:30:00+00:00,2025-12-03,USD,LOW,President Trump Speaks,0.0,0.0,UP,UP,4.5
2025-12-04T02:00:00+00:00,2025-12-04,EUR,LOW,Retail Sales m/m,0.0,0.0,UP,UP,4.5
2025-12-04T02:01:00+00:00,2025-12-04,EUR,LOW,French 10-y Bond Auction,0.0,0.0,UP,UP,4.5
2025-12-04T04:30:00+00:00,2025-12-04,USD,LOW,Challenger Job Cuts y/y,0.0,0.0,UP,UP,4.5
2025-12-04T05:30:00+00:00,2025-12-04,USD,HIGH,Unemployment Claims,1.0,3.0,UP,UP,7.5
2025-12-04T07:30:00+00:00,2025-12-04,USD,LOW,Natural Gas Storage,-1.0,-0.5,UP,UP,7.0
2025-12-04T09:00:00+00:00,2025-12-04,USD,LOW,FOMC Member Bowman Speaks,0.0,0.0,UP,UP,7.0
2025-12-04T23:00:00+00:00,2025-12-04,EUR,LOW,German Factory Orders m/m,1.0,0.5,UP,UP,7.5
2025-12-04T23:45:00+00:00,2025-12-04,EUR,LOW,French Industrial Production m/m,1.0,0.5,UP,UP,8.0
2025-12-05T01:00:00+00:00,2025-12-05,EUR,LOW,Italian Retail Sales m/m,1.0,0.5,UP,UP,8.5
2025-12-05T02:00:00+00:00,2025-12-05,EUR,LOW,Final Employment Change q/q,1.0,0.5,UP,UP,9.0
2025-12-05T07:00:00+00:00,2025-12-05,USD,HIGH,Core PCE Price Index m/m,0.0,0.0,UP,UP,9.0
2025-12-05T12:00:00+00:00,2025-12-05,USD,LOW,Consumer Credit m/m,1.0,0.5,UP,UP,9.5
2025-12-07T23:00:00+00:00,2025-12-07,EUR,LOW,German Industrial Production m/m,1.0,0.5,UP,UP,10.0
2025-12-08T01:30:00+00:00,2025-12-08,EUR,LOW,Sentix Investor Confidence,0.0,0.0,UP,UP,10.0
2025-12-08T23:00:00+00:00,2025-12-08,EUR,LOW,German Trade Balance,1.0,0.5,UP,UP,10.5
2025-12-09T00:00:00+00:00,2025-12-09,EUR,LOW,German Buba President Nagel Speaks,0.0,0.0,UP,UP,10.5
2025-12-09T03:00:00+00:00,2025-12-09,USD,LOW,NFIB Small Business Index,-1.0,-0.5,UP,UP,10.0
2025-12-09T05:15:00+00:00,2025-12-09,USD,HIGH,ADP Weekly Employment Change,0.0,0.0,UP,UP,10.0
2025-12-09T07:00:00+00:00,2025-12-09,USD,HIGH,JOLTS Job Openings,-1.0,-3.0,UP,UP,7.0
2025-12-09T10:01:00+00:00,2025-12-09,USD,LOW,10-y Bond Auction,0.0,0.0,UP,UP,7.0
2025-12-09T13:30:00+00:00,2025-12-09,USD,LOW,API Weekly Statistical Bulletin,0.0,0.0,UP,UP,7.0
2025-12-09T15:10:00+00:00,2025-12-09,USD,LOW,President Trump Speaks,0.0,0.0,UP,UP,7.0
2025-12-10T01:00:00+00:00,2025-12-10,EUR,LOW,Italian Industrial Production m/m,-1.0,-0.5,UP,UP,6.5
2025-12-10T02:55:00+00:00,2025-12-10,EUR,LOW,ECB President Lagarde Speaks,0.0,0.0,UP,UP,6.5
2025-12-10T05:30:00+00:00,2025-12-10,USD,HIGH,Employment Cost Index q/q,1.0,3.0,UP,UP,9.5
2025-12-10T11:00:00+00:00,2025-12-10,USD,HIGH,Federal Funds Rate,0.0,0.0,UP,UP,9.5
2025-12-10T11:19:00+00:00,2025-12-10,USD,LOW,Federal Budget Balance,-1.0,-0.5,UP,UP,9.0
2025-12-10T11:30:00+00:00,2025-12-10,USD,HIGH,FOMC Press Conference,0.0,0.0,UP,UP,9.0
2025-12-11T01:03:00+00:00,2025-12-11,EUR,LOW,Italian Quarterly Unemployment Rate,1.0,0.5,UP,UP,9.5
2025-12-11T07:00:00+00:00,2025-12-11,USD,LOW,Final Wholesale Inventories m/m,-1.0,-0.5,UP,UP,9.0
2025-12-11T07:30:00+00:00,2025-12-11,USD,LOW,Natural Gas Storage,1.0,0.5,UP,UP,9.5
2025-12-11T10:01:00+00:00,2025-12-11,USD,LOW,30-y Bond Auction,0.0,0.0,UP,UP,9.5
2025-12-11T17:15:00+00:00,2025-12-11,USD,LOW,President Trump Speaks,0.0,0.0,UP,UP,9.5
2025-12-11T23:00:00+00:00,2025-12-11,EUR,LOW,German Final CPI m/m,0.0,0.0,UP,UP,9.5
2025-12-11T23:45:00+00:00,2025-12-11,EUR,LOW,French Final CPI m/m,-1.0,-0.5,UP,UP,9.0
2025-12-12T05:00:00+00:00,2025-12-12,USD,LOW,FOMC Member Paulson Speaks,0.0,0.0,UP,UP,9.0
2025-12-12T07:35:00+00:00,2025-12-12,USD,LOW,FOMC Member Goolsbee Speaks,0.0,0.0,UP,UP,9.0
2025-12-14T23:00:00+00:00,2025-12-14,EUR,LOW,German WPI m/m,1.0,0.5,UP,UP,9.5
2025-12-15T02:00:00+00:00,2025-12-15,EUR,LOW,Industrial Production m/m,1.0,0.5,UP,UP,10.0
2025-12-15T07:00:00+00:00,2025-12-15,USD,LOW,NAHB Housing Market Index,0.0,0.0,UP,UP,10.0
2025-12-15T07:30:00+00:00,2025-12-15,USD,LOW,FOMC Member Williams Speaks,0.0,0.0,UP,UP,10.0
2025-12-15T08:00:00+00:00,2025-12-15,USD,LOW,FOMC Member Miran Speaks,0.0,0.0,UP,UP,10.0
2025-12-16T00:15:00+00:00,2025-12-16,EUR,LOW,French Flash Manufacturing PMI,1.0,0.5,UP,UP,10.5
2025-12-16T00:30:00+00:00,2025-12-16,EUR,HIGH,German Flash Manufacturing PMI,-1.0,-3.0,UP,UP,7.5
2025-12-16T01:00:00+00:00,2025-12-16,EUR,LOW,Flash Manufacturing PMI,-1.0,-0.5,UP,UP,7.0
2025-12-16T02:00:00+00:00,2025-12-16,EUR,LOW,Italian Trade Balance,1.0,0.5,UP,UP,7.5
2025-12-16T05:15:00+00:00,2025-12-16,USD,HIGH,ADP Weekly Employment Change,0.0,0.0,UP,UP,7.5
2025-12-16T05:30:00+00:00,2025-12-16,USD,HIGH,Average Hourly Earnings m/m,1.0,3.0,UP,UP,10.5
2025-12-16T06:45:00+00:00,2025-12-16,USD,HIGH,Flash Manufacturing PMI,1.0,3.0,UP,UP,13.5
2025-12-16T07:00:00+00:00,2025-12-16,USD,LOW,Business Inventories m/m,-1.0,-0.5,UP,UP,13.0
2025-12-16T13:30:00+00:00,2025-12-16,USD,LOW,API Weekly Statistical Bulletin,0.0,0.0,UP,UP,13.0
2025-12-16T16:00:00+00:00,2025-12-16,USD,LOW,FOMC Member Goolsbee Speaks,0.0,0.0,UP,UP,13.0
2025-12-17T01:00:00+00:00,2025-12-17,EUR,LOW,German ifo Business Climate,-1.0,-0.5,UP,UP,12.5
2025-12-17T02:00:00+00:00,2025-12-17,EUR,LOW,Final Core CPI y/y,0.0,0.0,UP,UP,12.5
2025-12-17T05:15:00+00:00,2025-12-17,USD,LOW,FOMC Member Waller Speaks,0.0,0.0,UP,UP,12.5
2025-12-17T06:05:00+00:00,2025-12-17,USD,LOW,FOMC Member Williams Speaks,0.0,0.0,UP,UP,12.5
2025-12-17T07:30:00+00:00,2025-12-17,USD,LOW,Crude Oil Inventories,-1.0,-0.5,UP,UP,12.0
2025-12-17T09:30:00+00:00,2025-12-17,USD,LOW,FOMC Member Bostic Speaks,0.0,0.0,UP,UP,12.0
2025-12-17T18:00:00+00:00,2025-12-17,USD,LOW,President Trump Speaks,0.0,0.0,UP,UP,12.0
2025-12-18T05:15:00+00:00,2025-12-18,EUR,HIGH,Main Refinancing Rate,0.0,0.0,UP,UP,12.0
2025-12-18T05:30:00+00:00,2025-12-18,USD,HIGH,Core CPI y/y,1.0,3.0,UP,UP,15.0
2025-12-18T05:45:00+00:00,2025-12-18,EUR,HIGH,ECB Press Conference,0.0,0.0,UP,UP,15.0
2025-12-18T07:30:00+00:00,2025-12-18,USD,LOW,Natural Gas Storage,-1.0,-0.5,UP,UP,14.5
2025-12-18T13:00:00+00:00,2025-12-18,USD,LOW,TIC Long-Term Purchases,1.0,0.5,UP,UP,15.0
2025-12-18T23:00:00+00:00,2025-12-18,EUR,LOW,German GfK Consumer Climate,-1.0,-0.5,UP,UP,14.5
2025-12-19T01:00:00+00:00,2025-12-19,EUR,LOW,Current Account,1.0,0.5,UP,UP,15.0
2025-12-19T03:00:00+00:00,2025-12-19,EUR,LOW,German Buba Monthly Report,0.0,0.0,UP,UP,15.0
2025-12-19T05:43:00+00:00,2025-12-19,EUR,LOW,Belgian NBB Business Climate,-1.0,-0.5,UP,UP,14.5
2025-12-19T07:00:00+00:00,2025-12-19,EUR,LOW,Consumer Confidence,-1.0,-0.5,UP,UP,14.0
2025-12-19T18:00:00+00:00,2025-12-19,USD,LOW,President Trump Speaks,0.0,0.0,UP,UP,14.0
2025-12-21T03:00:00+00:00,2025-12-21,USD,LOW,FOMC Member Hammack Speaks,0.0,0.0,UP,UP,14.0
2025-12-22T23:00:00+00:00,2025-12-22,EUR,LOW,German Import Prices m/m,1.0,0.5,UP,UP,14.5
2025-12-23T05:15:00+00:00,2025-12-23,USD,LOW,ADP Weekly Employment Change,0.0,0.0,UP,UP,14.5
2025-12-23T06:15:00+00:00,2025-12-23,USD,LOW,Capacity Utilization Rate,-1.0,-0.5,UP,UP,14.0
2025-12-23T07:00:00+00:00,2025-12-23,USD,LOW,CB Consumer Confidence,1.0,0.5,UP,UP,14.5
2025-12-23T13:30:00+00:00,2025-12-23,USD,LOW,API Weekly Statistical Bulletin,0.0,0.0,UP,UP,14.5
2025-12-24T05:30:00+00:00,2025-12-24,USD,HIGH,Unemployment Claims,1.0,3.0,UP,UP,17.5
2025-12-29T07:00:00+00:00,2025-12-29,USD,LOW,Pending Home Sales m/m,-1.0,-0.5,UP,UP,17.0
2025-12-29T09:00:00+00:00,2025-12-29,USD,LOW,Natural Gas Storage,-1.0,-0.5,UP,UP,16.5
2025-12-29T14:00:00+00:00,2025-12-29,USD,LOW,Crude Oil Inventories,-1.0,-0.5,UP,UP,16.0
2025-12-30T06:00:00+00:00,2025-12-30,USD,LOW,HPI m/m,-1.0,-0.5,UP,UP,15.5
2025-12-30T06:45:00+00:00,2025-12-30,USD,LOW,Chicago PMI,-1.0,-0.5,UP,UP,15.0
2025-12-30T11:00:00+00:00,2025-12-30,USD,HIGH,FOMC Meeting Minutes,0.0,0.0,UP,UP,15.0
2025-12-30T13:30:00+00:00,2025-12-30,USD,LOW,API Weekly Statistical Bulletin,0.0,0.0,UP,UP,15.0
2025-12-31T05:30:00+00:00,2025-12-31,USD,HIGH,Unemployment Claims,1.0,3.0,UP,UP,18.0
2025-12-31T07:30:00+00:00,2025-12-31,USD,LOW,Crude Oil Inventories,1.0,0.5,UP,UP,18.5
2025-12-31T09:00:00+00:00,2025-12-31,USD,LOW,Natural Gas Storage,-1.0,-0.5,UP,UP,18.0
2026-01-02T00:15:00+00:00,2026-01-02,EUR,LOW,Spanish Manufacturing PMI,-1.0,-0.5,UP,UP,-0.5
2026-01-02T00:45:00+00:00,2026-01-02,EUR,LOW,Italian Manufacturing PMI,-1.0,-0.5,UP,UP,-1.0
2026-01-02T00:50:00+00:00,2026-01-02,EUR,LOW,French Final Manufacturing PMI,1.0,0.5,UP,UP,-0.5
2026-01-02T00:55:00+00:00,2026-01-02,EUR,LOW,German Final Manufacturing PMI,-1.0,-0.5,UP,UP,-1.0
2026-01-02T01:00:00+00:00,2026-01-02,EUR,LOW,Final Manufacturing PMI,-1.0,-0.5,UP,UP,-1.5
2026-01-02T06:45:00+00:00,2026-01-02,USD,LOW,Final Manufacturing PMI,0.0,0.0,UP,UP,-1.5
2026-01-04T09:30:00+00:00,2026-01-04,USD,LOW,FOMC Member Kashkari Speaks,0.0,0.0,UP,UP,-1.5
2026-01-05T00:00:00+00:00,2026-01-05,EUR,LOW,Spanish Unemployment Change,1.0,0.5,UP,UP,-1.0
2026-01-05T07:00:00+00:00,2026-01-05,USD,HIGH,ISM Manufacturing PMI,1.0,3.0,UP,UP,2.0
2026-01-05T23:45:00+00:00,2026-01-05,EUR,LOW,French Prelim CPI m/m,-1.0,-0.5,UP,UP,1.5
2026-01-06T00:15:00+00:00,2026-01-06,EUR,LOW,Spanish Services PMI,1.0,0.5,UP,UP,2.0
2026-01-06T00:45:00+00:00,2026-01-06,EUR,LOW,Italian Services PMI,-1.0,-0.5,UP,UP,1.5
2026-01-06T00:50:00+00:00,2026-01-06,EUR,LOW,French Final Services PMI,-1.0,-0.5,UP,UP,1.0
2026-01-06T00:55:00+00:00,2026-01-06,EUR,LOW,German Final Services PMI,1.0,0.5,UP,UP,1.5
2026-01-06T01:00:00+00:00,2026-01-06,EUR,LOW,Final Services PMI,-1.0,-0.5,UP,UP,1.0
2026-01-06T05:00:00+00:00,2026-01-06,USD,LOW,FOMC Member Barkin Speaks,0.0,0.0,UP,UP,1.0
2026-01-06T06:45:00+00:00,2026-01-06,USD,LOW,Final Services PMI,1.0,0.5,UP,UP,1.5
2026-01-06T11:00:00+00:00,2026-01-06,USD,LOW,President Trump Speaks,0.0,0.0,UP,UP,1.5
2026-01-06T13:30:00+00:00,2026-01-06,USD,LOW,API Weekly Statistical Bulletin,0.0,0.0,UP,UP,1.5
2026-01-06T23:00:00+00:00,2026-01-06,EUR,LOW,German Retail Sales m/m,-1.0,-0.5,UP,UP,1.0
2026-01-07T00:55:00+00:00,2026-01-07,EUR,LOW,German Unemployment Change,1.0,0.5,UP,UP,1.5
2026-01-07T02:00:00+00:00,2026-01-07,EUR,LOW,Core CPI Flash Estimate y/y,-1.0,-0.5,UP,UP,1.0
2026-01-07T02:34:00+00:00,2026-01-07,EUR,LOW,German 10-y Bond Auction,0.0,0.0,UP,UP,1.0
2026-01-07T05:15:00+00:00,2026-01-07,USD,HIGH,ADP Non-Farm Employment Change,1.0,3.0,UP,UP,4.0
2026-01-07T07:30:00+00:00,2026-01-07,USD,LOW,Crude Oil Inventories,1.0,0.5,UP,UP,4.5
2026-01-07T13:10:00+00:00,2026-01-07,USD,LOW,FOMC Member Bowman Speaks,0.0,0.0,UP,UP,4.5
2026-01-07T23:00:00+00:00,2026-01-07,EUR,LOW,German Factory Orders m/m,1.0,0.5,UP,UP,5.0
2026-01-07T23:45:00+00:00,2026-01-07,EUR,LOW,French Trade Balance,1.0,0.5,UP,UP,5.5
2026-01-08T01:00:00+00:00,2026-01-08,EUR,LOW,Italian Monthly Unemployment Rate,1.0,0.5,UP,UP,6.0
2026-01-08T01:59:00+00:00,2026-01-08,EUR,LOW,French 10-y Bond Auction,0.0,0.0,UP,UP,6.0
2026-01-08T02:00:00+00:00,2026-01-08,EUR,LOW,PPI m/m,1.0,0.5,UP,UP,6.5
2026-01-08T02:30:00+00:00,2026-01-08,USD,LOW,Challenger Job Cuts y/y,0.0,0.0,UP,UP,6.5
2026-01-08T05:00:00+00:00,2026-01-08,USD,LOW,FOMC Member Miran Speaks,0.0,0.0,UP,UP,6.5
2026-01-08T07:00:00+00:00,2026-01-08,USD,LOW,Final Wholesale Inventories m/m,0.0,0.0,UP,UP,6.5
2026-01-08T07:30:00+00:00,2026-01-08,USD,LOW,Natural Gas Storage,1.0,0.5,UP,UP,7.0
2026-01-08T12:00:00+00:00,2026-01-08,USD,LOW,Consumer Credit m/m,1.0,0.5,UP,UP,7.5
2026-01-08T23:00:00+00:00,2026-01-08,EUR,LOW,German Industrial Production m/m,1.0,0.5,UP,UP,8.0
2026-01-08T23:45:00+00:00,2026-01-08,EUR,LOW,French Consumer Spending m/m,-1.0,-0.5,UP,UP,7.5
2026-01-09T01:00:00+00:00,2026-01-09,EUR,LOW,Italian Retail Sales m/m,1.0,0.5,UP,UP,8.0
2026-01-09T02:00:00+00:00,2026-01-09,EUR,LOW,Retail Sales m/m,1.0,0.5,UP,UP,8.5
2026-01-09T07:00:00+00:00,2026-01-09,USD,HIGH,Prelim UoM Consumer Sentiment,-1.0,-3.0,UP,UP,5.5
2026-01-09T10:35:00+00:00,2026-01-09,USD,LOW,FOMC Member Barkin Speaks,0.0,0.0,UP,UP,5.5
2026-01-12T01:30:00+00:00,2026-01-12,EUR,LOW,Sentix Investor Confidence,1.0,0.5,UP,UP,6.0
2026-01-12T09:45:00+00:00,2026-01-12,USD,LOW,FOMC Member Barkin Speaks,0.0,0.0,UP,UP,6.0
2026-01-12T10:01:00+00:00,2026-01-12,USD,LOW,10-y Bond Auction,0.0,0.0,UP,UP,6.0
2026-01-12T15:00:00+00:00,2026-01-12,USD,LOW,FOMC Member Williams Speaks,0.0,0.0,UP,UP,6.0
2026-01-13T00:36:00+00:00,2026-01-13,EUR,LOW,French Gov Budget Balance,0.0,0.0,UP,UP,6.0
2026-01-13T03:00:00+00:00,2026-01-13,USD,LOW,NFIB Small Business Index,0.0,0.0,UP,UP,6.0
2026-01-13T05:15:00+00:00,2026-01-13,USD,LOW,ADP Weekly Employment Change,0.0,0.0,UP,UP,6.0
2026-01-13T07:00:00+00:00,2026-01-13,USD,LOW,New Home Sales,-1.0,-0.5,UP,UP,5.5
2026-01-13T07:03:00+00:00,2026-01-13,USD,LOW,RCM/TIPP Economic Optimism,1.0,0.5,UP,UP,6.0
2026-01-13T10:01:00+00:00,2026-01-13,USD,LOW,30-y Bond Auction,0.0,0.0,UP,UP,6.0
2026-01-13T11:00:00+00:00,2026-01-13,USD,LOW,President Trump Speaks,0.0,0.0,UP,UP,6.0
2026-01-13T13:00:00+00:00,2026-01-13,USD,LOW,FOMC Member Barkin Speaks,0.0,0.0,UP,UP,6.0
2026-01-13T13:30:00+00:00,2026-01-13,USD,LOW,API Weekly Statistical Bulletin,0.0,0.0,UP,UP,6.0
2026-01-14T02:36:00+00:00,2026-01-14,EUR,LOW,German 30-y Bond Auction,0.0,0.0,UP,UP,6.0
2026-01-14T05:30:00+00:00,2026-01-14,USD,HIGH,Core PPI m/m,1.0,3.0,UP,UP,9.0
2026-01-14T06:50:00+00:00,2026-01-14,USD,LOW,FOMC Member Paulson Speaks,0.0,0.0,UP,UP,9.0
2026-01-14T07:00:00+00:00,2026-01-14,USD,LOW,Business Inventories m/m,-1.0,-0.5,UP,UP,8.5
2026-01-14T09:00:00+00:00,2026-01-14,USD,LOW,FOMC Member Bostic Speaks,0.0,0.0,UP,UP,8.5
2026-01-14T11:00:00+00:00,2026-01-14,USD,LOW,Beige Book,0.0,0.0,UP,UP,8.5
2026-01-14T11:10:00+00:00,2026-01-14,USD,LOW,FOMC Member Williams Speaks,0.0,0.0,UP,UP,8.5
2026-01-14T23:00:00+00:00,2026-01-14,EUR,LOW,German WPI m/m,-1.0,-0.5,UP,UP,8.0
2026-01-14T23:45:00+00:00,2026-01-14,EUR,LOW,French Final CPI m/m,0.0,0.0,UP,UP,8.0
2026-01-15T01:00:00+00:00,2026-01-15,EUR,LOW,ECB Economic Bulletin,0.0,0.0,UP,UP,8.0
2026-01-15T02:00:00+00:00,2026-01-15,EUR,LOW,Industrial Production m/m,1.0,0.5,UP,UP,8.5
2026-01-15T03:00:00+00:00,2026-01-15,EUR,LOW,Italian Trade Balance,-1.0,-0.5,UP,UP,8.0
2026-01-15T05:35:00+00:00,2026-01-15,USD,LOW,FOMC Member Bostic Speaks,0.0,0.0,UP,UP,8.0
2026-01-15T06:15:00+00:00,2026-01-15,USD,LOW,FOMC Member Barr Speaks,0.0,0.0,UP,UP,8.0
2026-01-15T07:30:00+00:00,2026-01-15,USD,LOW,Natural Gas Storage,-1.0,-0.5,UP,UP,7.5
2026-01-15T09:40:00+00:00,2026-01-15,USD,LOW,FOMC Member Barkin Speaks,0.0,0.0,UP,UP,7.5
2026-01-15T10:30:00+00:00,2026-01-15,USD,LOW,FOMC Member Schmid Speaks,0.0,0.0,UP,UP,7.5
2026-01-15T13:00:00+00:00,2026-01-15,USD,LOW,TIC Long-Term Purchases,-1.0,-0.5,UP,UP,7.0
2026-01-15T23:00:00+00:00,2026-01-15,EUR,LOW,German Final CPI m/m,0.0,0.0,UP,UP,7.0
2026-01-16T06:15:00+00:00,2026-01-16,USD,LOW,Capacity Utilization Rate,-1.0,-0.5,UP,UP,6.5
2026-01-16T07:00:00+00:00,2026-01-16,USD,LOW,NAHB Housing Market Index,1.0,0.5,UP,UP,7.0
2026-01-16T07:50:00+00:00,2026-01-16,USD,LOW,FOMC Member Collins Speaks,0.0,0.0,UP,UP,7.0
2026-01-16T08:00:00+00:00,2026-01-16,USD,LOW,FOMC Member Bowman Speaks,0.0,0.0,UP,UP,7.0
2026-01-16T12:30:00+00:00,2026-01-16,USD,LOW,FOMC Member Jefferson Speaks,0.0,0.0,UP,UP,7.0
2026-01-19T02:00:00+00:00,2026-01-19,EUR,LOW,Final Core CPI y/y,0.0,0.0,UP,UP,7.0
2026-01-19T23:00:00+00:00,2026-01-19,EUR,LOW,German PPI m/m,0.0,0.0,UP,UP,7.0
2026-01-20T01:00:00+00:00,2026-01-20,EUR,LOW,Current Account,-1.0,-0.5,UP,UP,6.5
2026-01-20T02:00:00+00:00,2026-01-20,EUR,LOW,German ZEW Economic Sentiment,1.0,0.5,UP,UP,7.0
2026-01-20T05:15:00+00:00,2026-01-20,USD,LOW,ADP Weekly Employment Change,0.0,0.0,UP,UP,7.0
2026-01-20T10:00:00+00:00,2026-01-20,USD,LOW,President Trump Speaks,0.0,0.0,UP,UP,7.0
2026-01-20T23:30:00+00:00,2026-01-20,EUR,LOW,ECB President Lagarde Speaks,0.0,0.0,UP,UP,7.0
2026-01-21T02:34:00+00:00,2026-01-21,EUR,LOW,German 30-y Bond Auction,0.0,0.0,UP,UP,7.0
2026-01-21T07:00:00+00:00,2026-01-21,USD,LOW,Pending Home Sales m/m,1.0,0.5,UP,UP,7.5
2026-01-21T08:45:00+00:00,2026-01-21,EUR,LOW,ECB President Lagarde Speaks,0.0,0.0,UP,UP,7.5
2026-01-21T10:00:00+00:00,2026-01-21,USD,LOW,President Trump Speaks,0.0,0.0,UP,UP,7.5
2026-01-21T10:30:00+00:00,2026-01-21,EUR,LOW,German Buba President Nagel Speaks,0.0,0.0,UP,UP,7.5
2026-01-21T13:30:00+00:00,2026-01-21,USD,LOW,API Weekly Statistical Bulletin,0.0,0.0,UP,UP,7.5
2026-01-22T03:00:00+00:00,2026-01-22,EUR,LOW,German Buba Monthly Report,0.0,0.0,UP,UP,7.5
2026-01-22T04:30:00+00:00,2026-01-22,EUR,LOW,ECB Monetary Policy Meeting Accounts,0.0,0.0,UP,UP,7.5
2026-01-22T07:00:00+00:00,2026-01-22,EUR,LOW,Consumer Confidence,1.0,0.5,UP,UP,8.0
2026-01-22T07:30:00+00:00,2026-01-22,USD,LOW,Natural Gas Storage,1.0,0.5,UP,UP,8.5
2026-01-22T09:00:00+00:00,2026-01-22,USD,LOW,Crude Oil Inventories,-1.0,-0.5,UP,UP,8.0
2026-01-23T00:15:00+00:00,2026-01-23,EUR,LOW,French Flash Manufacturing PMI,1.0,0.5,UP,UP,8.5
2026-01-23T00:30:00+00:00,2026-01-23,EUR,HIGH,German Flash Manufacturing PMI,1.0,3.0,UP,UP,11.5
2026-01-23T01:00:00+00:00,2026-01-23,EUR,LOW,Flash Manufacturing PMI,1.0,0.5,UP,UP,12.0
2026-01-23T02:00:00+00:00,2026-01-23,EUR,LOW,ECB President Lagarde Speaks,0.0,0.0,UP,UP,12.0
2026-01-23T06:45:00+00:00,2026-01-23,USD,HIGH,Flash Manufacturing PMI,0.0,0.0,UP,UP,12.0
2026-01-23T07:00:00+00:00,2026-01-23,USD,LOW,Revised UoM Consumer Sentiment,-1.0,-0.5,UP,UP,11.5
2026-01-23T07:54:00+00:00,2026-01-23,USD,LOW,CB Leading Index m/m,1.0,0.5,UP,UP,12.0
2026-01-26T01:00:00+00:00,2026-01-26,EUR,LOW,German ifo Business Climate,-1.0,-0.5,UP,UP,11.5
2026-01-26T03:00:00+00:00,2026-01-26,EUR,LOW,German Buba President Nagel Speaks,0.0,0.0,UP,UP,11.5
2026-01-26T05:30:00+00:00,2026-01-26,EUR,LOW,German Buba President Nagel Speaks,0.0,0.0,UP,UP,11.5
2026-01-26T05:33:00+00:00,2026-01-26,EUR,LOW,Belgian NBB Business Climate,1.0,0.5,UP,UP,12.0
2026-01-27T00:00:00+00:00,2026-01-27,EUR,LOW,Spanish Unemployment Rate,1.0,0.5,UP,UP,12.5
2026-01-27T05:15:00+00:00,2026-01-27,USD,LOW,ADP Weekly Employment Change,0.0,0.0,UP,UP,12.5
2026-01-27T06:00:00+00:00,2026-01-27,USD,LOW,HPI m/m,-1.0,-0.5,UP,UP,12.0
2026-01-27T07:00:00+00:00,2026-01-27,USD,LOW,CB Consumer Confidence,1.0,0.5,UP,UP,12.5
2026-01-27T09:00:00+00:00,2026-01-27,EUR,LOW,German Buba President Nagel Speaks,0.0,0.0,UP,UP,12.5
2026-01-27T13:00:00+00:00,2026-01-27,USD,LOW,President Trump Speaks,0.0,0.0,UP,UP,12.5
2026-01-27T13:30:00+00:00,2026-01-27,USD,LOW,API Weekly Statistical Bulletin,0.0,0.0,UP,UP,12.5
2026-01-27T23:00:00+00:00,2026-01-27,EUR,LOW,German GfK Consumer Climate,1.0,0.5,UP,UP,13.0
2026-01-28T02:34:00+00:00,2026-01-28,EUR,LOW,German 10-y Bond Auction,0.0,0.0,UP,UP,13.0
2026-01-28T11:00:00+00:00,2026-01-28,USD,HIGH,Federal Funds Rate,0.0,0.0,UP,UP,13.0
2026-01-28T11:30:00+00:00,2026-01-28,USD,HIGH,FOMC Press Conference,0.0,0.0,UP,UP,13.0
2026-01-29T01:00:00+00:00,2026-01-29,EUR,LOW,M3 Money Supply y/y,-1.0,-0.5,UP,UP,12.5
2026-01-29T07:00:00+00:00,2026-01-29,USD,LOW,Factory Orders m/m,-1.0,-0.5,UP,UP,12.0
2026-01-29T07:30:00+00:00,2026-01-29,USD,LOW,Natural Gas Storage,1.0,0.5,UP,UP,12.5
2026-01-29T13:00:00+00:00,2026-01-29,USD,LOW,Treasury Currency Report,0.0,0.0,UP,UP,12.5
2026-01-29T13:30:00+00:00,2026-01-29,USD,LOW,President Trump Speaks,0.0,0.0,UP,UP,12.5
2026-01-29T22:30:00+00:00,2026-01-29,EUR,LOW,French Consumer Spending m/m,-1.0,-0.5,UP,UP,12.0
2026-01-29T23:00:00+00:00,2026-01-29,EUR,LOW,German Import Prices m/m,1.0,0.5,UP,UP,12.5
2026-01-29T23:45:00+00:00,2026-01-29,EUR,LOW,French Prelim Private Payrolls q/q,-1.0,-0.5,UP,UP,12.0
2026-01-30T00:55:00+00:00,2026-01-30,EUR,LOW,German Unemployment Change,1.0,0.5,UP,UP,12.5
2026-01-30T01:00:00+00:00,2026-01-30,EUR,LOW,German Prelim GDP q/q,1.0,0.5,UP,UP,13.0
2026-01-30T02:00:00+00:00,2026-01-30,EUR,LOW,Italian Monthly Unemployment Rate,1.0,0.5,UP,UP,13.5
2026-01-30T06:45:00+00:00,2026-01-30,USD,LOW,Chicago PMI,-1.0,-0.5,UP,UP,13.0
2026-01-30T10:30:00+00:00,2026-01-30,USD,LOW,FOMC Member Musalem Speaks,0.0,0.0,UP,UP,13.0
2026-01-30T14:00:00+00:00,2026-01-30,USD,LOW,FOMC Member Bowman Speaks,0.0,0.0,UP,UP,13.0
2026-02-01T23:00:00+00:00,2026-02-01,EUR,LOW,German Retail Sales m/m,1.0,0.5,UP,UP,0.5
2026-02-02T00:15:00+00:00,2026-02-02,EUR,LOW,Spanish Manufacturing PMI,-1.0,-0.5,UP,UP,0.0
2026-02-02T00:45:00+00:00,2026-02-02,EUR,LOW,Italian Manufacturing PMI,-1.0,-0.5,UP,UP,-0.5
2026-02-02T00:50:00+00:00,2026-02-02,EUR,LOW,French Final Manufacturing PMI,1.0,0.5,UP,UP,0.0
2026-02-02T00:55:00+00:00,2026-02-02,EUR,LOW,German Final Manufacturing PMI,1.0,0.5,UP,UP,0.5
2026-02-02T01:00:00+00:00,2026-02-02,EUR,LOW,Final Manufacturing PMI,1.0,0.5,UP,UP,1.0
2026-02-02T06:45:00+00:00,2026-02-02,USD,LOW,Final Manufacturing PMI,-1.0,-0.5,UP,UP,0.5
2026-02-02T07:00:00+00:00,2026-02-02,USD,HIGH,ISM Manufacturing PMI,-1.0,-3.0,UP,UP,-2.5
2026-02-02T09:30:00+00:00,2026-02-02,USD,LOW,FOMC Member Bostic Speaks,0.0,0.0,UP,UP,-2.5
2026-02-02T11:00:00+00:00,2026-02-02,USD,LOW,Loan Officer Survey,0.0,0.0,UP,UP,-2.5
2026-02-02T23:45:00+00:00,2026-02-02,EUR,LOW,French Gov Budget Balance,0.0,0.0,UP,UP,-2.5
2026-02-03T00:00:00+00:00,2026-02-03,EUR,LOW,Spanish Unemployment Change,-1.0,-0.5,UP,UP,-3.0
2026-02-03T05:00:00+00:00,2026-02-03,USD,LOW,FOMC Member Barkin Speaks,0.0,0.0,UP,UP,-3.0
2026-02-03T06:40:00+00:00,2026-02-03,USD,LOW,FOMC Member Bowman Speaks,0.0,0.0,UP,UP,-3.0
2026-02-03T07:01:00+00:00,2026-02-03,USD,LOW,RCM/TIPP Economic Optimism,-1.0,-0.5,UP,UP,-3.5
2026-02-03T13:30:00+00:00,2026-02-03,USD,LOW,API Weekly Statistical Bulletin,0.0,0.0,UP,UP,-3.5
2026-02-04T00:15:00+00:00,2026-02-04,EUR,LOW,Spanish Services PMI,-1.0,-0.5,UP,DOWN,-4.0
2026-02-04T00:45:00+00:00,2026-02-04,EUR,LOW,Italian Services PMI,1.0,0.5,DOWN,DOWN,-3.5
2026-02-04T00:50:00+00:00,2026-02-04,EUR,LOW,French Final Services PMI,1.0,0.5,DOWN,DOWN,-3.0
2026-02-04T00:55:00+00:00,2026-02-04,EUR,LOW,German Final Services PMI,-1.0,-0.5,DOWN,DOWN,-3.5
2026-02-04T01:00:00+00:00,2026-02-04,EUR,LOW,Final Services PMI,-1.0,-0.5,DOWN,DOWN,-4.0
2026-02-04T02:00:00+00:00,2026-02-04,EUR,LOW,Core CPI Flash Estimate y/y,-1.0,-0.5,DOWN,DOWN,-4.5
2026-02-04T05:15:00+00:00,2026-02-04,USD,HIGH,ADP Non-Farm Employment Change,1.0,3.0,DOWN,DOWN,-1.5
2026-02-04T06:45:00+00:00,2026-02-04,USD,LOW,Final Services PMI,-1.0,-0.5,DOWN,DOWN,-2.0
2026-02-04T07:00:00+00:00,2026-02-04,USD,HIGH,ISM Services PMI,-1.0,-3.0,DOWN,DOWN,-5.0
2026-02-04T07:30:00+00:00,2026-02-04,USD,LOW,Crude Oil Inventories,1.0,0.5,DOWN,DOWN,-4.5
2026-02-04T15:30:00+00:00,2026-02-04,USD,LOW,FOMC Member Cook Speaks,0.0,0.0,DOWN,DOWN,-4.5
2026-02-04T23:00:00+00:00,2026-02-04,EUR,LOW,German Factory Orders m/m,1.0,0.5,DOWN,DOWN,-4.0
2026-02-04T23:45:00+00:00,2026-02-04,EUR,LOW,French Industrial Production m/m,-1.0,-0.5,DOWN,DOWN,-4.5
2026-02-05T01:00:00+00:00,2026-02-05,EUR,LOW,Italian Retail Sales m/m,-1.0,-0.5,DOWN,DOWN,-5.0
2026-02-05T01:43:00+00:00,2026-02-05,EUR,LOW,Spanish 10-y Bond Auction,0.0,0.0,DOWN,DOWN,-5.0
2026-02-05T02:00:00+00:00,2026-02-05,EUR,LOW,Retail Sales m/m,-1.0,-0.5,DOWN,DOWN,-5.5
2026-02-05T02:01:00+00:00,2026-02-05,EUR,LOW,French 10-y Bond Auction,0.0,0.0,DOWN,DOWN,-5.5
2026-02-05T05:15:00+00:00,2026-02-05,EUR,HIGH,Main Refinancing Rate,0.0,0.0,DOWN,DOWN,-5.5
2026-02-05T05:30:00+00:00,2026-02-05,USD,HIGH,Unemployment Claims,-1.0,-3.0,DOWN,DOWN,-8.5
2026-02-05T05:45:00+00:00,2026-02-05,EUR,HIGH,ECB Press Conference,0.0,0.0,DOWN,DOWN,-8.5
2026-02-05T07:00:00+00:00,2026-02-05,USD,HIGH,JOLTS Job Openings,1.0,3.0,DOWN,DOWN,-5.5
2026-02-05T07:30:00+00:00,2026-02-05,USD,LOW,Natural Gas Storage,-1.0,-0.5,DOWN,DOWN,-6.0
2026-02-05T07:50:00+00:00,2026-02-05,USD,LOW,FOMC Member Bostic Speaks,0.0,0.0,DOWN,DOWN,-6.0
2026-02-05T16:00:00+00:00,2026-02-05,USD,LOW,President Trump Speaks,0.0,0.0,DOWN,DOWN,-6.0
2026-02-05T23:00:00+00:00,2026-02-05,EUR,LOW,German Industrial Production m/m,-1.0,-0.5,DOWN,DOWN,-6.5
2026-02-05T23:45:00+00:00,2026-02-05,EUR,LOW,French Trade Balance,-1.0,-0.5,DOWN,DOWN,-7.0
2026-02-06T09:00:00+00:00,2026-02-06,USD,LOW,FOMC Member Jefferson Speaks,0.0,0.0,DOWN,DOWN,-7.0
2026-02-06T12:00:00+00:00,2026-02-06,USD,LOW,Consumer Credit m/m,-1.0,-0.5,DOWN,DOWN,-7.5
2026-02-09T01:30:00+00:00,2026-02-09,EUR,LOW,Sentix Investor Confidence,1.0,0.5,DOWN,DOWN,-7.0
2026-02-09T08:00:00+00:00,2026-02-09,EUR,LOW,German Buba President Nagel Speaks,0.0,0.0,DOWN,DOWN,-7.0
2026-02-09T09:00:00+00:00,2026-02-09,EUR,LOW,ECB President Lagarde Speaks,0.0,0.0,DOWN,DOWN,-7.0
2026-02-09T10:30:00+00:00,2026-02-09,USD,LOW,FOMC Member Waller Speaks,0.0,0.0,DOWN,DOWN,-7.0
2026-02-09T12:15:00+00:00,2026-02-09,USD,LOW,FOMC Member Bostic Speaks,0.0,0.0,DOWN,DOWN,-7.0
2026-02-09T14:00:00+00:00,2026-02-09,USD,LOW,FOMC Member Miran Speaks,0.0,0.0,DOWN,DOWN,-7.0
2026-02-10T03:00:00+00:00,2026-02-10,USD,LOW,NFIB Small Business Index,1.0,0.5,DOWN,DOWN,-6.5
2026-02-10T05:15:00+00:00,2026-02-10,USD,LOW,ADP Weekly Employment Change,0.0,0.0,DOWN,DOWN,-6.5
2026-02-10T05:30:00+00:00,2026-02-10,USD,HIGH,Core Retail Sales m/m,1.0,3.0,DOWN,DOWN,-3.5
2026-02-10T07:00:00+00:00,2026-02-10,USD,LOW,Business Inventories m/m,1.0,0.5,DOWN,DOWN,-3.0
2026-02-10T09:00:00+00:00,2026-02-10,USD,LOW,FOMC Member Hammack Speaks,0.0,0.0,DOWN,DOWN,-3.0
2026-02-10T10:00:00+00:00,2026-02-10,USD,LOW,FOMC Member Logan Speaks,0.0,0.0,DOWN,DOWN,-3.0
2026-02-10T13:30:00+00:00,2026-02-10,USD,LOW,API Weekly Statistical Bulletin,0.0,0.0,DOWN,DOWN,-3.0
2026-02-11T01:00:00+00:00,2026-02-11,EUR,LOW,Italian Industrial Production m/m,1.0,0.5,DOWN,DOWN,-2.5
2026-02-11T02:33:00+00:00,2026-02-11,EUR,LOW,German 30-y Bond Auction,0.0,0.0,DOWN,DOWN,-2.5
2026-02-11T07:00:00+00:00,2026-02-11,USD,LOW,FOMC Member Schmid Speaks,0.0,0.0,DOWN,DOWN,-2.5
2026-02-11T07:15:00+00:00,2026-02-11,USD,LOW,FOMC Member Bowman Speaks,0.0,0.0,DOWN,DOWN,-2.5
2026-02-11T07:30:00+00:00,2026-02-11,USD,LOW,Crude Oil Inventories,-1.0,-0.5,DOWN,DOWN,-3.0
2026-02-11T10:01:00+00:00,2026-02-11,USD,LOW,10-y Bond Auction,0.0,0.0,DOWN,DOWN,-3.0
2026-02-11T11:00:00+00:00,2026-02-11,USD,LOW,Federal Budget Balance,0.0,0.0,DOWN,DOWN,-3.0
2026-02-11T13:00:00+00:00,2026-02-11,USD,LOW,FOMC Member Hammack Speaks,0.0,0.0,DOWN,DOWN,-3.0
2026-02-12T05:30:00+00:00,2026-02-12,USD,HIGH,Unemployment Claims,-1.0,-3.0,DOWN,DOWN,-6.0
2026-02-12T07:00:00+00:00,2026-02-12,USD,LOW,Existing Home Sales,1.0,0.5,DOWN,DOWN,-5.5
2026-02-12T09:40:00+00:00,2026-02-12,USD,LOW,Mortgage Delinquencies,0.0,0.0,DOWN,DOWN,-5.5
2026-02-12T10:01:00+00:00,2026-02-12,USD,LOW,30-y Bond Auction,0.0,0.0,DOWN,DOWN,-5.5
2026-02-12T12:30:00+00:00,2026-02-12,EUR,LOW,German Buba President Nagel Speaks,0.0,0.0,DOWN,DOWN,-5.5
2026-02-12T16:00:00+00:00,2026-02-12,USD,LOW,FOMC Member Logan Speaks,0.0,0.0,DOWN,DOWN,-5.5
2026-02-12T16:05:00+00:00,2026-02-12,USD,LOW,FOMC Member Miran Speaks,0.0,0.0,DOWN,DOWN,-5.5
2026-02-12T23:00:00+00:00,2026-02-12,EUR,LOW,German WPI m/m,1.0,0.5,DOWN,DOWN,-5.0
2026-02-13T02:00:00+00:00,2026-02-13,EUR,LOW,Flash Employment Change q/q,1.0,0.5,DOWN,DOWN,-4.5
2026-02-13T05:30:00+00:00,2026-02-13,USD,HIGH,Core CPI m/m,0.0,0.0,DOWN,DOWN,-4.5
2026-02-15T01:30:00+00:00,2026-02-15,EUR,LOW,ECB President Lagarde Speaks,0.0,0.0,DOWN,DOWN,-4.5
2026-02-16T02:00:00+00:00,2026-02-16,EUR,LOW,Industrial Production m/m,1.0,0.5,DOWN,DOWN,-4.0
2026-02-16T05:25:00+00:00,2026-02-16,USD,LOW,FOMC Member Bowman Speaks,0.0,0.0,DOWN,DOWN,-4.0
2026-02-16T09:40:00+00:00,2026-02-16,EUR,LOW,German Buba President Nagel Speaks,0.0,0.0,DOWN,DOWN,-4.0
2026-02-16T23:00:00+00:00,2026-02-16,EUR,LOW,German Final CPI m/m,0.0,0.0,DOWN,DOWN,-4.0
2026-02-17T01:00:00+00:00,2026-02-17,EUR,LOW,Italian Trade Balance,1.0,0.5,DOWN,DOWN,-3.5
2026-02-17T02:00:00+00:00,2026-02-17,EUR,LOW,ZEW Economic Sentiment,-1.0,-0.5,DOWN,DOWN,-4.0
2026-02-17T05:15:00+00:00,2026-02-17,USD,LOW,ADP Weekly Employment Change,0.0,0.0,DOWN,DOWN,-4.0
2026-02-17T06:45:00+00:00,2026-02-17,USD,LOW,Cleveland Fed Inflation Expectations,0.0,0.0,DOWN,DOWN,-4.0
2026-02-17T07:00:00+00:00,2026-02-17,USD,LOW,NAHB Housing Market Index,1.0,0.5,DOWN,DOWN,-3.5
2026-02-17T09:45:00+00:00,2026-02-17,USD,LOW,FOMC Member Barr Speaks,0.0,0.0,DOWN,DOWN,-3.5
2026-02-17T11:30:00+00:00,2026-02-17,USD,LOW,FOMC Member Daly Speaks,0.0,0.0,DOWN,DOWN,-3.5
2026-02-17T23:45:00+00:00,2026-02-17,EUR,LOW,French Final CPI m/m,0.0,0.0,DOWN,DOWN,-3.5
2026-02-18T02:32:00+00:00,2026-02-18,EUR,LOW,German 10-y Bond Auction,0.0,0.0,DOWN,DOWN,-3.5
2026-02-18T05:30:00+00:00,2026-02-18,USD,LOW,Core Durable Goods Orders m/m,-1.0,-0.5,DOWN,DOWN,-4.0
2026-02-18T06:15:00+00:00,2026-02-18,USD,LOW,Capacity Utilization Rate,1.0,0.5,DOWN,DOWN,-3.5
2026-02-18T10:00:00+00:00,2026-02-18,USD,LOW,FOMC Member Bowman Speaks,0.0,0.0,DOWN,DOWN,-3.5
2026-02-18T11:00:00+00:00,2026-02-18,USD,HIGH,FOMC Meeting Minutes,0.0,0.0,DOWN,DOWN,-3.5
2026-02-18T13:00:00+00:00,2026-02-18,USD,LOW,TIC Long-Term Purchases,1.0,0.5,DOWN,DOWN,-3.0
2026-02-18T13:30:00+00:00,2026-02-18,USD,LOW,API Weekly Statistical Bulletin,0.0,0.0,DOWN,DOWN,-3.0
2026-02-19T01:00:00+00:00,2026-02-19,EUR,LOW,Current Account,1.0,0.5,DOWN,DOWN,-2.5
2026-02-19T01:43:00+00:00,2026-02-19,EUR,LOW,Spanish 10-y Bond Auction,0.0,0.0,DOWN,DOWN,-2.5
2026-02-19T03:00:00+00:00,2026-02-19,EUR,LOW,German Buba Monthly Report,0.0,0.0,DOWN,DOWN,-2.5
2026-02-19T05:20:00+00:00,2026-02-19,USD,LOW,FOMC Member Bostic Speaks,0.0,0.0,DOWN,DOWN,-2.5
2026-02-19T06:00:00+00:00,2026-02-19,USD,LOW,FOMC Member Kashkari Speaks,0.0,0.0,DOWN,DOWN,-2.5
2026-02-19T07:00:00+00:00,2026-02-19,USD,LOW,Pending Home Sales m/m,1.0,0.5,DOWN,DOWN,-2.0
2026-02-19T07:10:00+00:00,2026-02-19,EUR,LOW,Consumer Confidence,0.0,0.0,DOWN,DOWN,-2.0
2026-02-19T07:30:00+00:00,2026-02-19,USD,LOW,FOMC Member Goolsbee Speaks,0.0,0.0,DOWN,DOWN,-2.0
2026-02-19T09:00:00+00:00,2026-02-19,USD,LOW,Crude Oil Inventories,1.0,0.5,DOWN,DOWN,-1.5
2026-02-19T13:00:00+00:00,2026-02-19,USD,LOW,President Trump Speaks,0.0,0.0,DOWN,DOWN,-1.5
2026-02-19T16:00:00+00:00,2026-02-19,EUR,LOW,ECB President Lagarde Speaks,0.0,0.0,DOWN,DOWN,-1.5
2026-02-19T23:00:00+00:00,2026-02-19,EUR,LOW,German PPI m/m,-1.0,-0.5,DOWN,DOWN,-2.0
2026-02-20T00:15:00+00:00,2026-02-20,EUR,LOW,French Flash Manufacturing PMI,-1.0,-0.5,DOWN,DOWN,-2.5
2026-02-20T00:30:00+00:00,2026-02-20,EUR,HIGH,German Flash Manufacturing PMI,1.0,3.0,DOWN,DOWN,0.5
2026-02-20T01:00:00+00:00,2026-02-20,EUR,LOW,Flash Manufacturing PMI,1.0,0.5,DOWN,DOWN,1.0
2026-02-20T06:45:00+00:00,2026-02-20,USD,HIGH,Flash Manufacturing PMI,1.0,3.0,DOWN,UP,4.0
2026-02-20T07:00:00+00:00,2026-02-20,USD,LOW,New Home Sales,-1.0,-0.5,UP,UP,3.5
2026-02-20T09:45:00+00:00,2026-02-20,USD,HIGH,President Trump Speaks,0.0,0.0,UP,UP,3.5
2026-02-20T12:30:00+00:00,2026-02-20,USD,LOW,FOMC Member Musalem Speaks,0.0,0.0,UP,UP,3.5
2026-02-23T01:00:00+00:00,2026-02-23,EUR,LOW,German ifo Business Climate,1.0,0.5,UP,UP,4.0
2026-02-23T05:00:00+00:00,2026-02-23,USD,LOW,FOMC Member Waller Speaks,0.0,0.0,UP,UP,4.0
2026-02-23T05:26:00+00:00,2026-02-23,EUR,LOW,Belgian NBB Business Climate,-1.0,-0.5,UP,UP,3.5
2026-02-23T07:00:00+00:00,2026-02-23,USD,LOW,Factory Orders m/m,1.0,0.5,UP,UP,4.0
2026-02-23T09:30:00+00:00,2026-02-23,EUR,LOW,ECB President Lagarde Speaks,0.0,0.0,UP,UP,4.0
2026-02-24T05:00:00+00:00,2026-02-24,USD,LOW,FOMC Member Goolsbee Speaks,0.0,0.0,UP,UP,4.0
2026-02-24T05:15:00+00:00,2026-02-24,USD,LOW,ADP Weekly Employment Change,0.0,0.0,UP,UP,4.0
2026-02-24T06:00:00+00:00,2026-02-24,USD,LOW,FOMC Member Bostic Speaks,0.0,0.0,UP,UP,4.0
2026-02-24T06:30:00+00:00,2026-02-24,USD,LOW,FOMC Member Cook Speaks,0.0,0.0,UP,UP,4.0
2026-02-24T07:00:00+00:00,2026-02-24,USD,LOW,CB Consumer Confidence,-1.0,-0.5,UP,UP,3.5
2026-02-24T12:20:00+00:00,2026-02-24,USD,LOW,FOMC Member Barkin Speaks,0.0,0.0,UP,UP,3.5
2026-02-24T13:30:00+00:00,2026-02-24,USD,LOW,API Weekly Statistical Bulletin,0.0,0.0,UP,UP,3.5
2026-02-24T18:00:00+00:00,2026-02-24,USD,HIGH,President Trump Speaks,0.0,0.0,UP,UP,3.5
2026-02-24T23:00:00+00:00,2026-02-24,EUR,LOW,German Final GDP q/q,0.0,0.0,UP,UP,3.5
2026-02-25T02:00:00+00:00,2026-02-25,EUR,LOW,Final Core CPI y/y,0.0,0.0,UP,UP,3.5
2026-02-25T06:30:00+00:00,2026-02-25,USD,LOW,FOMC Member Barkin Speaks,0.0,0.0,UP,UP,3.5
2026-02-25T07:30:00+00:00,2026-02-25,USD,LOW,Crude Oil Inventories,-1.0,-0.5,UP,UP,3.0
2026-02-25T08:00:00+00:00,2026-02-25,USD,LOW,FOMC Member Schmid Speaks,0.0,0.0,UP,UP,3.0
2026-02-25T10:20:00+00:00,2026-02-25,USD,LOW,FOMC Member Musalem Speaks,0.0,0.0,UP,UP,3.0
2026-02-26T00:30:00+00:00,2026-02-26,EUR,LOW,ECB President Lagarde Speaks,0.0,0.0,UP,UP,3.0
2026-02-26T01:00:00+00:00,2026-02-26,EUR,LOW,M3 Money Supply y/y,1.0,0.5,UP,UP,3.5
2026-02-26T02:06:00+00:00,2026-02-26,EUR,LOW,Italian 10-y Bond Auction,0.0,0.0,UP,UP,3.5
2026-02-26T07:00:00+00:00,2026-02-26,USD,LOW,FOMC Member Bowman Speaks,0.0,0.0,UP,UP,3.5
2026-02-26T07:30:00+00:00,2026-02-26,USD,LOW,Natural Gas Storage,1.0,0.5,UP,UP,4.0
2026-02-26T23:00:00+00:00,2026-02-26,EUR,LOW,German Import Prices m/m,1.0,0.5,UP,UP,4.5
2026-02-26T23:45:00+00:00,2026-02-26,EUR,LOW,French Consumer Spending m/m,1.0,0.5,UP,UP,5.0
2026-02-26T23:48:00+00:00,2026-02-26,EUR,LOW,French Final Private Payrolls q/q,0.0,0.0,UP,UP,5.0
2026-02-27T00:55:00+00:00,2026-02-27,EUR,LOW,German Unemployment Change,1.0,0.5,UP,UP,5.5
2026-02-27T06:45:00+00:00,2026-02-27,USD,LOW,Chicago PMI,-1.0,-0.5,UP,UP,5.0
2026-02-27T07:00:00+00:00,2026-02-27,USD,LOW,Construction Spending m/m,-1.0,-0.5,UP,UP,4.5
2026-03-01T07:00:00+00:00,2026-03-01,EUR,LOW,German Buba President Nagel Speaks,0.0,0.0,UP,UP,0.0
2026-03-01T23:00:00+00:00,2026-03-01,EUR,LOW,German Retail Sales m/m,-1.0,-0.5,UP,UP,-0.5
2026-03-02T00:15:00+00:00,2026-03-02,EUR,LOW,Spanish Manufacturing PMI,1.0,0.5,UP,UP,0.0
2026-03-02T00:45:00+00:00,2026-03-02,EUR,LOW,Italian Manufacturing PMI,1.0,0.5,UP,UP,0.5
2026-03-02T00:50:00+00:00,2026-03-02,EUR,LOW,French Final Manufacturing PMI,1.0,0.5,UP,UP,1.0
2026-03-02T00:55:00+00:00,2026-03-02,EUR,LOW,German Final Manufacturing PMI,1.0,0.5,UP,UP,1.5
2026-03-02T01:00:00+00:00,2026-03-02,EUR,LOW,Final Manufacturing PMI,0.0,0.0,UP,UP,1.5
2026-03-02T06:10:00+00:00,2026-03-02,EUR,LOW,German Buba President Nagel Speaks,0.0,0.0,UP,UP,1.5
2026-03-02T06:45:00+00:00,2026-03-02,USD,LOW,Final Manufacturing PMI,-1.0,-0.5,UP,UP,1.0
2026-03-02T07:00:00+00:00,2026-03-02,USD,HIGH,ISM Manufacturing PMI,-1.0,-3.0,UP,UP,-2.0
2026-03-02T08:00:00+00:00,2026-03-02,USD,LOW,President Trump Speaks,0.0,0.0,UP,UP,-2.0
2026-03-02T23:45:00+00:00,2026-03-02,EUR,LOW,French Gov Budget Balance,0.0,0.0,UP,UP,-2.0
2026-03-03T00:00:00+00:00,2026-03-03,EUR,LOW,Spanish Unemployment Change,1.0,0.5,UP,UP,-1.5
2026-03-03T02:00:00+00:00,2026-03-03,EUR,LOW,Core CPI Flash Estimate y/y,1.0,0.5,UP,UP,-1.0
2026-03-03T05:30:00+00:00,2026-03-03,USD,LOW,FOMC Member Bowman Speaks,0.0,0.0,UP,UP,-1.0
2026-03-03T06:55:00+00:00,2026-03-03,USD,LOW,FOMC Member Williams Speaks,0.0,0.0,UP,UP,-1.0
2026-03-03T07:01:00+00:00,2026-03-03,USD,LOW,RCM/TIPP Economic Optimism,1.0,0.5,UP,UP,-0.5
2026-03-03T07:10:00+00:00,2026-03-03,USD,LOW,FOMC Member Schmid Speaks,0.0,0.0,UP,UP,-0.5
2026-03-03T08:45:00+00:00,2026-03-03,USD,LOW,FOMC Member Kashkari Speaks,0.0,0.0,UP,UP,-0.5
2026-03-03T13:30:00+00:00,2026-03-03,USD,LOW,API Weekly Statistical Bulletin,0.0,0.0,UP,UP,-0.5
2026-03-04T00:15:00+00:00,2026-03-04,EUR,LOW,Spanish Services PMI,-1.0,-0.5,UP,UP,-1.0
2026-03-04T00:45:00+00:00,2026-03-04,EUR,LOW,Italian Services PMI,-1.0,-0.5,UP,UP,-1.5
2026-03-04T00:50:00+00:00,2026-03-04,EUR,LOW,French Final Services PMI,0.0,0.0,UP,UP,-1.5
2026-03-04T00:55:00+00:00,2026-03-04,EUR,LOW,German Final Services PMI,1.0,0.5,UP,UP,-1.0
2026-03-04T02:00:00+00:00,2026-03-04,EUR,LOW,PPI m/m,1.0,0.5,UP,UP,-0.5
2026-03-04T05:15:00+00:00,2026-03-04,USD,HIGH,ADP Non-Farm Employment Change,-1.0,-3.0,UP,UP,-3.5
2026-03-04T06:45:00+00:00,2026-03-04,USD,LOW,Final Services PMI,1.0,0.5,UP,UP,-3.0
2026-03-04T07:00:00+00:00,2026-03-04,USD,HIGH,ISM Services PMI,-1.0,-3.0,UP,DOWN,-6.0
2026-03-04T11:00:00+00:00,2026-03-04,USD,LOW,Beige Book,0.0,0.0,DOWN,DOWN,-6.0
2026-03-04T23:45:00+00:00,2026-03-04,EUR,LOW,French Industrial Production m/m,1.0,0.5,DOWN,DOWN,-5.5
2026-03-05T01:00:00+00:00,2026-03-05,EUR,LOW,Italian Retail Sales m/m,1.0,0.5,DOWN,DOWN,-5.0
2026-03-05T01:59:00+00:00,2026-03-05,EUR,LOW,French 10-y Bond Auction,0.0,0.0,DOWN,DOWN,-5.0
2026-03-05T02:00:00+00:00,2026-03-05,EUR,LOW,German Buba President Nagel Speaks,0.0,0.0,DOWN,DOWN,-5.0
2026-03-05T04:30:00+00:00,2026-03-05,EUR,LOW,ECB Monetary Policy Meeting Accounts,0.0,0.0,DOWN,DOWN,-5.0
2026-03-05T05:30:00+00:00,2026-03-05,USD,HIGH,Unemployment Claims,1.0,3.0,DOWN,DOWN,-2.0
2026-03-05T07:30:00+00:00,2026-03-05,USD,LOW,Natural Gas Storage,1.0,0.5,DOWN,DOWN,-1.5
2026-03-05T09:00:00+00:00,2026-03-05,EUR,LOW,ECB President Lagarde Speaks,0.0,0.0,DOWN,DOWN,-1.5
2026-03-05T10:00:00+00:00,2026-03-05,USD,LOW,FOMC Member Bowman Speaks,0.0,0.0,DOWN,DOWN,-1.5
2026-03-05T16:00:00+00:00,2026-03-05,USD,LOW,FOMC Member Goolsbee Speaks,0.0,0.0,DOWN,DOWN,-1.5
2026-03-06T02:00:00+00:00,2026-03-06,EUR,LOW,Final Employment Change q/q,0.0,0.0,DOWN,DOWN,-1.5
2026-03-06T04:30:00+00:00,2026-03-06,USD,LOW,FOMC Member Waller Speaks,0.0,0.0,DOWN,DOWN,-1.5
2026-03-06T05:30:00+00:00,2026-03-06,USD,HIGH,Average Hourly Earnings m/m,-1.0,-3.0,DOWN,DOWN,-4.5
2026-03-06T06:50:00+00:00,2026-03-06,USD,LOW,FOMC Member Goolsbee Speaks,0.0,0.0,DOWN,DOWN,-4.5
2026-03-06T07:15:00+00:00,2026-03-06,USD,LOW,FOMC Member Daly Speaks,0.0,0.0,DOWN,DOWN,-4.5
2026-03-06T08:30:00+00:00,2026-03-06,USD,LOW,FOMC Member Miran Speaks,0.0,0.0,DOWN,DOWN,-4.5
2026-03-06T10:20:00+00:00,2026-03-06,USD,LOW,FOMC Member Collins Speaks,0.0,0.0,DOWN,DOWN,-4.5
2026-03-06T12:00:00+00:00,2026-03-06,USD,LOW,Consumer Credit m/m,1.0,0.5,DOWN,DOWN,-4.0
2026-03-06T12:10:00+00:00,2026-03-06,USD,LOW,FOMC Member Hammack Speaks,0.0,0.0,DOWN,DOWN,-4.0
2026-03-09T00:00:00+00:00,2026-03-09,EUR,LOW,German Factory Orders m/m,-1.0,-0.5,DOWN,DOWN,-4.5
2026-03-09T02:30:00+00:00,2026-03-09,EUR,LOW,Sentix Investor Confidence,0.0,0.0,DOWN,DOWN,-4.5
2026-03-09T14:30:00+00:00,2026-03-09,USD,LOW,President Trump Speaks,0.0,0.0,DOWN,DOWN,-4.5
2026-03-10T00:00:00+00:00,2026-03-10,EUR,LOW,German Trade Balance,1.0,0.5,DOWN,DOWN,-4.0
2026-03-10T00:45:00+00:00,2026-03-10,EUR,LOW,French Trade Balance,1.0,0.5,DOWN,DOWN,-3.5
2026-03-10T03:00:00+00:00,2026-03-10,USD,LOW,NFIB Small Business Index,1.0,0.5,DOWN,DOWN,-3.0
2026-03-10T05:15:00+00:00,2026-03-10,USD,LOW,ADP Weekly Employment Change,0.0,0.0,DOWN,DOWN,-3.0
2026-03-10T07:00:00+00:00,2026-03-10,USD,LOW,Existing Home Sales,-1.0,-0.5,DOWN,DOWN,-3.5
2026-03-10T13:30:00+00:00,2026-03-10,USD,LOW,API Weekly Statistical Bulletin,0.0,0.0,DOWN,DOWN,-3.5
2026-03-11T00:00:00+00:00,2026-03-11,EUR,LOW,German Final CPI m/m,0.0,0.0,DOWN,DOWN,-3.5
2026-03-11T03:33:00+00:00,2026-03-11,EUR,LOW,German 10-y Bond Auction,0.0,0.0,DOWN,DOWN,-3.5
2026-03-11T05:30:00+00:00,2026-03-11,USD,HIGH,Core CPI m/m,0.0,0.0,DOWN,DOWN,-3.5
2026-03-11T07:30:00+00:00,2026-03-11,USD,LOW,Crude Oil Inventories,-1.0,-0.5,DOWN,DOWN,-4.0
2026-03-11T10:01:00+00:00,2026-03-11,USD,LOW,10-y Bond Auction,0.0,0.0,DOWN,DOWN,-4.0
2026-03-11T11:00:00+00:00,2026-03-11,USD,LOW,Federal Budget Balance,1.0,0.5,DOWN,DOWN,-3.5
2026-03-11T13:25:00+00:00,2026-03-11,USD,LOW,President Trump Speaks,0.0,0.0,DOWN,DOWN,-3.5
2026-03-12T02:00:00+00:00,2026-03-12,EUR,LOW,Italian Quarterly Unemployment Rate,1.0,0.5,DOWN,DOWN,-3.0
2026-03-12T07:30:00+00:00,2026-03-12,USD,LOW,Natural Gas Storage,-1.0,-0.5,DOWN,DOWN,-3.5
2026-03-12T08:00:00+00:00,2026-03-12,USD,LOW,FOMC Member Bowman Speaks,0.0,0.0,DOWN,DOWN,-3.5
2026-03-12T10:01:00+00:00,2026-03-12,USD,LOW,30-y Bond Auction,0.0,0.0,DOWN,DOWN,-3.5
2026-03-13T00:00:00+00:00,2026-03-13,EUR,LOW,German WPI m/m,1.0,0.5,DOWN,DOWN,-3.0
2026-03-13T00:45:00+00:00,2026-03-13,EUR,LOW,French Final CPI m/m,-1.0,-0.5,DOWN,DOWN,-3.5
2026-03-13T02:00:00+00:00,2026-03-13,EUR,LOW,Italian Industrial Production m/m,-1.0,-0.5,DOWN,DOWN,-4.0
2026-03-13T03:00:00+00:00,2026-03-13,EUR,LOW,Industrial Production m/m,-1.0,-0.5,DOWN,DOWN,-4.5
2026-03-13T07:00:00+00:00,2026-03-13,USD,HIGH,JOLTS Job Openings,-1.0,-3.0,DOWN,DOWN,-7.5
2026-03-16T06:15:00+00:00,2026-03-16,USD,LOW,Capacity Utilization Rate,-1.0,-0.5,DOWN,DOWN,-8.0
2026-03-16T07:00:00+00:00,2026-03-16,USD,LOW,NAHB Housing Market Index,-1.0,-0.5,DOWN,DOWN,-8.5
2026-03-16T08:30:00+00:00,2026-03-16,USD,LOW,President Trump Speaks,0.0,0.0,DOWN,DOWN,-8.5
2026-03-17T03:00:00+00:00,2026-03-17,EUR,LOW,German ZEW Economic Sentiment,-1.0,-0.5,DOWN,DOWN,-9.0
2026-03-17T05:15:00+00:00,2026-03-17,USD,LOW,ADP Weekly Employment Change,0.0,0.0,DOWN,DOWN,-9.0
2026-03-17T07:00:00+00:00,2026-03-17,USD,LOW,Pending Home Sales m/m,-1.0,-0.5,DOWN,DOWN,-9.5
2026-03-17T08:15:00+00:00,2026-03-17,EUR,LOW,German Buba President Nagel Speaks,0.0,0.0,DOWN,DOWN,-9.5
2026-03-17T13:30:00+00:00,2026-03-17,USD,LOW,API Weekly Statistical Bulletin,0.0,0.0,DOWN,DOWN,-9.5
2026-03-18T03:00:00+00:00,2026-03-18,EUR,LOW,Final Core CPI y/y,0.0,0.0,DOWN,DOWN,-9.5
2026-03-18T03:34:00+00:00,2026-03-18,EUR,LOW,German 30-y Bond Auction,0.0,0.0,DOWN,DOWN,-9.5
2026-03-18T07:00:00+00:00,2026-03-18,USD,LOW,Factory Orders m/m,0.0,0.0,DOWN,DOWN,-9.5
2026-03-18T11:00:00+00:00,2026-03-18,USD,HIGH,Federal Funds Rate,0.0,0.0,DOWN,DOWN,-9.5
2026-03-18T11:30:00+00:00,2026-03-18,USD,HIGH,FOMC Press Conference,0.0,0.0,DOWN,DOWN,-9.5
2026-03-18T13:00:00+00:00,2026-03-18,USD,LOW,TIC Long-Term Purchases,1.0,0.5,DOWN,DOWN,-9.0
2026-03-19T02:44:00+00:00,2026-03-19,EUR,LOW,Spanish 10-y Bond Auction,0.0,0.0,DOWN,DOWN,-9.0
2026-03-19T05:30:00+00:00,2026-03-19,USD,HIGH,Unemployment Claims,1.0,3.0,DOWN,DOWN,-6.0
2026-03-19T06:15:00+00:00,2026-03-19,EUR,HIGH,Main Refinancing Rate,0.0,0.0,DOWN,DOWN,-6.0
2026-03-19T06:45:00+00:00,2026-03-19,EUR,HIGH,ECB Press Conference,0.0,0.0,DOWN,DOWN,-6.0
2026-03-19T07:00:00+00:00,2026-03-19,USD,LOW,New Home Sales,1.0,0.5,DOWN,DOWN,-5.5
2026-03-19T07:30:00+00:00,2026-03-19,USD,LOW,Natural Gas Storage,1.0,0.5,DOWN,DOWN,-5.0
2026-03-20T00:00:00+00:00,2026-03-20,EUR,LOW,German PPI m/m,-1.0,-0.5,DOWN,DOWN,-5.5
2026-03-20T02:00:00+00:00,2026-03-20,EUR,LOW,Current Account,1.0,0.5,DOWN,DOWN,-5.0
2026-03-20T03:00:00+00:00,2026-03-20,EUR,LOW,Trade Balance,-1.0,-0.5,DOWN,DOWN,-5.5
2026-03-20T10:30:00+00:00,2026-03-20,EUR,LOW,German Buba President Nagel Speaks,0.0,0.0,DOWN,DOWN,-5.5
2026-03-23T05:45:00+00:00,2026-03-23,USD,LOW,FOMC Member Miran Speaks,0.0,0.0,DOWN,DOWN,-5.5
2026-03-23T07:00:00+00:00,2026-03-23,USD,LOW,Construction Spending m/m,1.0,0.5,DOWN,DOWN,-5.0
2026-03-23T08:00:00+00:00,2026-03-23,EUR,LOW,Consumer Confidence,-1.0,-0.5,DOWN,DOWN,-5.5
2026-03-24T01:15:00+00:00,2026-03-24,EUR,LOW,French Flash Manufacturing PMI,1.0,0.5,DOWN,DOWN,-5.0
2026-03-24T01:30:00+00:00,2026-03-24,EUR,HIGH,German Flash Manufacturing PMI,1.0,3.0,DOWN,DOWN,-2.0
2026-03-24T02:00:00+00:00,2026-03-24,EUR,LOW,Flash Manufacturing PMI,1.0,0.5,DOWN,DOWN,-1.5
2026-03-24T05:15:00+00:00,2026-03-24,USD,LOW,ADP Weekly Employment Change,0.0,0.0,DOWN,DOWN,-1.5
2026-03-24T05:30:00+00:00,2026-03-24,USD,LOW,Revised Nonfarm Productivity q/q,1.0,0.5,DOWN,DOWN,-1.0
2026-03-24T06:45:00+00:00,2026-03-24,USD,HIGH,Flash Manufacturing PMI,-1.0,-3.0,DOWN,DOWN,-4.0
2026-03-24T07:00:00+00:00,2026-03-24,USD,LOW,Richmond Manufacturing Index,-1.0,-0.5,DOWN,DOWN,-4.5
2026-03-24T08:00:00+00:00,2026-03-24,EUR,LOW,German Buba President Nagel Speaks,0.0,0.0,DOWN,DOWN,-4.5
2026-03-24T13:30:00+00:00,2026-03-24,USD,LOW,API Weekly Statistical Bulletin,0.0,0.0,DOWN,DOWN,-4.5
2026-03-24T15:00:00+00:00,2026-03-24,USD,LOW,FOMC Member Goolsbee Speaks,0.0,0.0,DOWN,DOWN,-4.5
2026-03-24T15:30:00+00:00,2026-03-24,USD,LOW,FOMC Member Barr Speaks,0.0,0.0,DOWN,DOWN,-4.5
2026-03-25T01:45:00+00:00,2026-03-25,EUR,LOW,ECB President Lagarde Speaks,0.0,0.0,DOWN,DOWN,-4.5
2026-03-25T05:30:00+00:00,2026-03-25,USD,LOW,Current Account,-1.0,-0.5,DOWN,DOWN,-5.0
2026-03-25T06:28:00+00:00,2026-03-25,EUR,LOW,Belgian NBB Business Climate,1.0,0.5,DOWN,DOWN,-4.5
2026-03-25T07:30:00+00:00,2026-03-25,USD,LOW,Crude Oil Inventories,-1.0,-0.5,DOWN,DOWN,-5.0
2026-03-25T13:10:00+00:00,2026-03-25,USD,LOW,FOMC Member Miran Speaks,0.0,0.0,DOWN,DOWN,-5.0
2026-03-25T16:20:00+00:00,2026-03-25,USD,LOW,President Trump Speaks,0.0,0.0,DOWN,DOWN,-5.0
2026-03-26T00:00:00+00:00,2026-03-26,EUR,LOW,German GfK Consumer Climate,-1.0,-0.5,DOWN,DOWN,-5.5
2026-03-26T02:00:00+00:00,2026-03-26,EUR,LOW,M3 Money Supply y/y,-1.0,-0.5,DOWN,DOWN,-6.0
2026-03-26T04:00:00+00:00,2026-03-26,EUR,LOW,German Buba Monthly Report,0.0,0.0,DOWN,DOWN,-6.0
2026-03-26T05:30:00+00:00,2026-03-26,USD,HIGH,Unemployment Claims,1.0,3.0,DOWN,DOWN,-3.0
2026-03-26T07:30:00+00:00,2026-03-26,USD,LOW,Natural Gas Storage,1.0,0.5,DOWN,DOWN,-2.5
2026-03-26T13:00:00+00:00,2026-03-26,USD,LOW,President Trump Speaks,0.0,0.0,DOWN,DOWN,-2.5
2026-03-26T15:30:00+00:00,2026-03-26,USD,LOW,FOMC Member Miran Speaks,0.0,0.0,DOWN,DOWN,-2.5
2026-03-26T16:00:00+00:00,2026-03-26,USD,LOW,FOMC Member Jefferson Speaks,0.0,0.0,DOWN,DOWN,-2.5
2026-03-26T16:10:00+00:00,2026-03-26,USD,LOW,FOMC Member Barr Speaks,0.0,0.0,DOWN,DOWN,-2.5
2026-03-27T01:00:00+00:00,2026-03-27,EUR,LOW,Spanish Flash CPI y/y,-1.0,-0.5,DOWN,DOWN,-3.0
2026-03-27T03:04:00+00:00,2026-03-27,EUR,LOW,Italian 10-y Bond Auction,0.0,0.0,DOWN,DOWN,-3.0
2026-03-27T07:00:00+00:00,2026-03-27,USD,LOW,Revised UoM Consumer Sentiment,1.0,0.5,DOWN,DOWN,-2.5
2026-03-27T08:00:00+00:00,2026-03-27,USD,LOW,FOMC Member Barkin Speaks,0.0,0.0,DOWN,DOWN,-2.5
2026-03-27T08:30:00+00:00,2026-03-27,USD,LOW,FOMC Member Daly Speaks,0.0,0.0,DOWN,DOWN,-2.5
2026-03-27T14:30:00+00:00,2026-03-27,USD,LOW,President Trump Speaks,0.0,0.0,DOWN,DOWN,-2.5
2026-03-30T07:30:00+00:00,2026-03-30,USD,HIGH,FOMC Member Powell Speaks,0.0,0.0,DOWN,DOWN,-2.5
2026-03-30T13:00:00+00:00,2026-03-30,USD,LOW,FOMC Member Williams Speaks,0.0,0.0,DOWN,DOWN,-2.5
2026-03-30T23:00:00+00:00,2026-03-30,EUR,LOW,German Import Prices m/m,-1.0,-0.5,DOWN,DOWN,-3.0
2026-03-30T23:45:00+00:00,2026-03-30,EUR,LOW,French Consumer Spending m/m,-1.0,-0.5,DOWN,DOWN,-3.5
2026-03-31T00:55:00+00:00,2026-03-31,EUR,LOW,German Unemployment Change,1.0,0.5,DOWN,DOWN,-3.0
2026-03-31T02:00:00+00:00,2026-03-31,EUR,LOW,Core CPI Flash Estimate y/y,-1.0,-0.5,DOWN,DOWN,-3.5
2026-03-31T06:00:00+00:00,2026-03-31,USD,LOW,HPI m/m,0.0,0.0,DOWN,DOWN,-3.5
2026-03-31T06:45:00+00:00,2026-03-31,USD,LOW,Chicago PMI,1.0,0.5,DOWN,DOWN,-3.0
2026-03-31T07:00:00+00:00,2026-03-31,USD,HIGH,JOLTS Job Openings,1.0,3.0,DOWN,DOWN,0.0
2026-03-31T09:00:00+00:00,2026-03-31,USD,LOW,FOMC Member Goolsbee Speaks,0.0,0.0,DOWN,DOWN,0.0
2026-03-31T10:10:00+00:00,2026-03-31,USD,LOW,FOMC Member Schmid Speaks,0.0,0.0,DOWN,DOWN,0.0
2026-03-31T12:00:00+00:00,2026-03-31,USD,LOW,FOMC Member Barr Speaks,0.0,0.0,DOWN,DOWN,0.0
2026-03-31T13:30:00+00:00,2026-03-31,USD,LOW,API Weekly Statistical Bulletin,0.0,0.0,DOWN,DOWN,0.0
2026-03-31T14:10:00+00:00,2026-03-31,USD,LOW,FOMC Member Bowman Speaks,0.0,0.0,DOWN,DOWN,0.0
2026-04-01T00:15:00+00:00,2026-04-01,EUR,LOW,Spanish Manufacturing PMI,-1.0,-0.5,DOWN,DOWN,-0.5
2026-04-01T00:45:00+00:00,2026-04-01,EUR,LOW,Italian Manufacturing PMI,1.0,0.5,DOWN,DOWN,0.0
2026-04-01T00:50:00+00:00,2026-04-01,EUR,LOW,French Final Manufacturing PMI,-1.0,-0.5,DOWN,DOWN,-0.5
2026-04-01T00:55:00+00:00,2026-04-01,EUR,LOW,German Final Manufacturing PMI,1.0,0.5,DOWN,DOWN,0.0
2026-04-01T01:00:00+00:00,2026-04-01,EUR,LOW,Final Manufacturing PMI,1.0,0.5,DOWN,DOWN,0.5
2026-04-01T02:00:00+00:00,2026-04-01,EUR,LOW,Unemployment Rate,-1.0,-0.5,DOWN,DOWN,0.0
2026-04-01T05:15:00+00:00,2026-04-01,USD,HIGH,ADP Non-Farm Employment Change,-1.0,-3.0,DOWN,DOWN,-3.0
2026-04-01T05:30:00+00:00,2026-04-01,USD,HIGH,Core Retail Sales m/m,-1.0,-3.0,DOWN,DOWN,-6.0
2026-04-01T06:05:00+00:00,2026-04-01,USD,LOW,FOMC Member Musalem Speaks,0.0,0.0,DOWN,DOWN,-6.0
2026-04-01T06:10:00+00:00,2026-04-01,USD,LOW,FOMC Member Barr Speaks,0.0,0.0,DOWN,DOWN,-6.0
2026-04-01T06:45:00+00:00,2026-04-01,USD,LOW,Final Manufacturing PMI,0.0,0.0,DOWN,DOWN,-6.0
2026-04-01T07:00:00+00:00,2026-04-01,USD,HIGH,ISM Manufacturing PMI,-1.0,-3.0,DOWN,DOWN,-9.0
2026-04-01T07:30:00+00:00,2026-04-01,USD,LOW,Crude Oil Inventories,-1.0,-0.5,DOWN,DOWN,-9.5
2026-04-01T18:00:00+00:00,2026-04-01,USD,HIGH,President Trump Speaks,0.0,0.0,DOWN,DOWN,-9.5
2026-04-01T23:45:00+00:00,2026-04-01,EUR,LOW,French Gov Budget Balance,0.0,0.0,DOWN,DOWN,-9.5
2026-04-02T01:00:00+00:00,2026-04-02,EUR,LOW,ECB Economic Bulletin,0.0,0.0,DOWN,DOWN,-9.5
2026-04-02T01:55:00+00:00,2026-04-02,EUR,LOW,French 10-y Bond Auction,0.0,0.0,DOWN,DOWN,-9.5
2026-04-02T02:06:00+00:00,2026-04-02,EUR,LOW,Italian Retail Sales m/m,-1.0,-0.5,DOWN,DOWN,-10.0
2026-04-02T04:30:00+00:00,2026-04-02,USD,LOW,Challenger Job Cuts y/y,0.0,0.0,DOWN,DOWN,-10.0
2026-04-02T07:15:00+00:00,2026-04-02,USD,LOW,FOMC Member Logan Speaks,0.0,0.0,DOWN,DOWN,-10.0
2026-04-02T07:30:00+00:00,2026-04-02,USD,LOW,Natural Gas Storage,1.0,0.5,DOWN,DOWN,-9.5
2026-04-02T09:45:00+00:00,2026-04-02,USD,LOW,FOMC Member Bowman Speaks,0.0,0.0,DOWN,DOWN,-9.5
2026-04-02T23:45:00+00:00,2026-04-02,EUR,LOW,French Industrial Production m/m,-1.0,-0.5,DOWN,DOWN,-10.0
2026-04-03T05:30:00+00:00,2026-04-03,USD,HIGH,Average Hourly Earnings m/m,1.0,3.0,DOWN,DOWN,-7.0
2026-04-03T06:45:00+00:00,2026-04-03,USD,LOW,Final Services PMI,1.0,0.5,DOWN,DOWN,-6.5
2026-04-06T00:00:00+00:00,2026-04-06,EUR,LOW,Spanish Unemployment Change,1.0,0.5,DOWN,DOWN,-6.0
2026-04-06T07:00:00+00:00,2026-04-06,USD,HIGH,ISM Services PMI,1.0,3.0,DOWN,DOWN,-3.0
2026-04-06T10:00:00+00:00,2026-04-06,USD,HIGH,President Trump Speaks,0.0,0.0,DOWN,DOWN,-3.0
2026-04-07T00:15:00+00:00,2026-04-07,EUR,LOW,Spanish Services PMI,1.0,0.5,DOWN,DOWN,-2.5
2026-04-07T00:45:00+00:00,2026-04-07,EUR,LOW,Italian Services PMI,-1.0,-0.5,DOWN,DOWN,-3.0
2026-04-07T00:50:00+00:00,2026-04-07,EUR,LOW,French Final Services PMI,1.0,0.5,DOWN,DOWN,-2.5
2026-04-07T00:55:00+00:00,2026-04-07,EUR,LOW,German Final Services PMI,-1.0,-0.5,DOWN,DOWN,-3.0
2026-04-07T01:00:00+00:00,2026-04-07,EUR,LOW,Final Services PMI,1.0,0.5,DOWN,DOWN,-2.5
2026-04-07T01:30:00+00:00,2026-04-07,EUR,LOW,Sentix Investor Confidence,-1.0,-0.5,DOWN,DOWN,-3.0
2026-04-07T05:15:00+00:00,2026-04-07,USD,LOW,ADP Weekly Employment Change,0.0,0.0,DOWN,DOWN,-3.0
2026-04-07T05:30:00+00:00,2026-04-07,USD,LOW,Core Durable Goods Orders m/m,-1.0,-0.5,DOWN,DOWN,-3.5
2026-04-07T07:01:00+00:00,2026-04-07,USD,LOW,RCM/TIPP Economic Optimism,1.0,0.5,DOWN,DOWN,-3.0
2026-04-07T09:35:00+00:00,2026-04-07,USD,LOW,FOMC Member Goolsbee Speaks,0.0,0.0,DOWN,DOWN,-3.0
2026-04-07T12:00:00+00:00,2026-04-07,USD,LOW,Consumer Credit m/m,1.0,0.5,DOWN,DOWN,-2.5
2026-04-07T13:30:00+00:00,2026-04-07,USD,LOW,API Weekly Statistical Bulletin,0.0,0.0,DOWN,DOWN,-2.5
2026-04-07T14:50:00+00:00,2026-04-07,USD,LOW,FOMC Member Jefferson Speaks,0.0,0.0,DOWN,DOWN,-2.5
2026-04-07T23:00:00+00:00,2026-04-07,EUR,LOW,German Factory Orders m/m,-1.0,-0.5,DOWN,DOWN,-3.0
2026-04-07T23:45:00+00:00,2026-04-07,EUR,LOW,French Trade Balance,-1.0,-0.5,DOWN,DOWN,-3.5
2026-04-08T02:00:00+00:00,2026-04-08,EUR,LOW,PPI m/m,-1.0,-0.5,DOWN,DOWN,-4.0
2026-04-08T02:32:00+00:00,2026-04-08,EUR,LOW,German 10-y Bond Auction,0.0,0.0,DOWN,DOWN,-4.0
2026-04-08T07:30:00+00:00,2026-04-08,USD,LOW,Crude Oil Inventories,-1.0,-0.5,DOWN,DOWN,-4.5
2026-04-08T10:01:00+00:00,2026-04-08,USD,LOW,10-y Bond Auction,0.0,0.0,DOWN,DOWN,-4.5
2026-04-08T10:05:00+00:00,2026-04-08,USD,LOW,FOMC Member Daly Speaks,0.0,0.0,DOWN,DOWN,-4.5
2026-04-08T11:00:00+00:00,2026-04-08,USD,HIGH,FOMC Meeting Minutes,0.0,0.0,DOWN,DOWN,-4.5
2026-04-08T23:00:00+00:00,2026-04-08,EUR,LOW,German Industrial Production m/m,-1.0,-0.5,DOWN,DOWN,-5.0
2026-04-09T01:40:00+00:00,2026-04-09,EUR,LOW,Spanish 10-y Bond Auction,0.0,0.0,DOWN,DOWN,-5.0
2026-04-09T05:30:00+00:00,2026-04-09,USD,HIGH,Core PCE Price Index m/m,0.0,0.0,DOWN,DOWN,-5.0
2026-04-09T05:33:00+00:00,2026-04-09,USD,LOW,Final GDP Price Index q/q,1.0,0.5,DOWN,DOWN,-4.5
2026-04-09T07:00:00+00:00,2026-04-09,USD,LOW,Final Wholesale Inventories m/m,-1.0,-0.5,DOWN,DOWN,-5.0
2026-04-09T07:30:00+00:00,2026-04-09,USD,LOW,Natural Gas Storage,-1.0,-0.5,DOWN,DOWN,-5.5
2026-04-09T10:01:00+00:00,2026-04-09,USD,LOW,30-y Bond Auction,0.0,0.0,DOWN,DOWN,-5.5
2026-04-09T23:00:00+00:00,2026-04-09,EUR,LOW,German Final CPI m/m,0.0,0.0,DOWN,DOWN,-5.5
2026-04-10T01:00:00+00:00,2026-04-10,EUR,LOW,Italian Industrial Production m/m,-1.0,-0.5,DOWN,DOWN,-6.0
2026-04-10T07:00:00+00:00,2026-04-10,USD,LOW,Prelim UoM Consumer Sentiment,1.0,0.5,DOWN,DOWN,-5.5
2026-04-10T10:58:00+00:00,2026-04-10,USD,LOW,Federal Budget Balance,1.0,0.5,DOWN,DOWN,-5.0
2026-04-13T07:00:00+00:00,2026-04-13,USD,LOW,Existing Home Sales,1.0,0.5,DOWN,DOWN,-4.5
2026-04-13T15:20:00+00:00,2026-04-13,USD,LOW,FOMC Member Miran Speaks,0.0,0.0,DOWN,DOWN,-4.5
2026-04-13T23:00:00+00:00,2026-04-13,EUR,LOW,German WPI m/m,1.0,0.5,DOWN,DOWN,-4.0
2026-04-14T03:00:00+00:00,2026-04-14,USD,LOW,NFIB Small Business Index,1.0,0.5,DOWN,DOWN,-3.5
2026-04-14T05:15:00+00:00,2026-04-14,USD,LOW,ADP Weekly Employment Change,0.0,0.0,DOWN,DOWN,-3.5
2026-04-14T05:30:00+00:00,2026-04-14,USD,HIGH,Core PPI m/m,1.0,3.0,DOWN,DOWN,-0.5
2026-04-14T06:45:00+00:00,2026-04-14,USD,LOW,FOMC Member Goolsbee Speaks,0.0,0.0,DOWN,DOWN,-0.5
2026-04-14T07:00:00+00:00,2026-04-14,EUR,LOW,ECB President Lagarde Speaks,0.0,0.0,DOWN,DOWN,-0.5
2026-04-14T07:15:00+00:00,2026-04-14,USD,LOW,FOMC Member Goolsbee Speaks,0.0,0.0,DOWN,DOWN,-0.5
2026-04-14T09:10:00+00:00,2026-04-14,USD,LOW,FOMC Member Goolsbee Speaks,0.0,0.0,DOWN,DOWN,-0.5
2026-04-14T09:45:00+00:00,2026-04-14,USD,LOW,FOMC Member Barr Speaks,0.0,0.0,DOWN,DOWN,-0.5
2026-04-14T10:00:00+00:00,2026-04-14,USD,LOW,FOMC Member Barkin Speaks,0.0,0.0,DOWN,DOWN,-0.5
2026-04-14T13:30:00+00:00,2026-04-14,USD,LOW,API Weekly Statistical Bulletin,0.0,0.0,DOWN,DOWN,-0.5
2026-04-14T14:00:00+00:00,2026-04-14,EUR,LOW,ECB President Lagarde Speaks,0.0,0.0,DOWN,DOWN,-0.5
2026-04-14T23:45:00+00:00,2026-04-14,EUR,LOW,French Final CPI m/m,1.0,0.5,DOWN,DOWN,0.0
2026-04-15T02:00:00+00:00,2026-04-15,EUR,LOW,Industrial Production m/m,1.0,0.5,DOWN,DOWN,0.5
2026-04-15T02:34:00+00:00,2026-04-15,EUR,LOW,German 30-y Bond Auction,0.0,0.0,DOWN,DOWN,0.5
2026-04-15T03:00:00+00:00,2026-04-15,USD,LOW,President Trump Speaks,0.0,0.0,DOWN,DOWN,0.5
2026-04-15T07:00:00+00:00,2026-04-15,USD,LOW,NAHB Housing Market Index,1.0,0.5,DOWN,DOWN,1.0
2026-04-15T10:45:00+00:00,2026-04-15,USD,LOW,FOMC Member Bowman Speaks,0.0,0.0,DOWN,DOWN,1.0
2026-04-15T12:30:00+00:00,2026-04-15,EUR,LOW,ECB President Lagarde Speaks,0.0,0.0,DOWN,DOWN,1.0
2026-04-15T13:04:00+00:00,2026-04-15,USD,LOW,TIC Long-Term Purchases,-1.0,-0.5,DOWN,DOWN,0.5
2026-04-16T02:00:00+00:00,2026-04-16,EUR,LOW,Final Core CPI y/y,0.0,0.0,DOWN,DOWN,0.5
2026-04-16T04:30:00+00:00,2026-04-16,EUR,LOW,ECB Monetary Policy Meeting Accounts,0.0,0.0,DOWN,DOWN,0.5
2026-04-16T05:30:00+00:00,2026-04-16,USD,LOW,Philly Fed Manufacturing Index,-1.0,-0.5,DOWN,DOWN,0.0
2026-04-16T05:35:00+00:00,2026-04-16,USD,LOW,FOMC Member Williams Speaks,0.0,0.0,DOWN,DOWN,0.0
2026-04-16T06:15:00+00:00,2026-04-16,USD,LOW,Capacity Utilization Rate,1.0,0.5,DOWN,DOWN,0.5
2026-04-16T07:30:00+00:00,2026-04-16,USD,LOW,Natural Gas Storage,-1.0,-0.5,DOWN,DOWN,0.0
2026-04-16T07:35:00+00:00,2026-04-16,USD,LOW,FOMC Member Miran Speaks,0.0,0.0,DOWN,DOWN,0.0
2026-04-16T09:45:00+00:00,2026-04-16,EUR,LOW,German Buba President Nagel Speaks,0.0,0.0,DOWN,DOWN,0.0
2026-04-16T16:00:00+00:00,2026-04-16,USD,LOW,President Trump Speaks,0.0,0.0,DOWN,DOWN,0.0
2026-04-17T01:00:00+00:00,2026-04-17,EUR,LOW,Current Account,-1.0,-0.5,DOWN,DOWN,-0.5
2026-04-17T02:00:00+00:00,2026-04-17,EUR,LOW,Trade Balance,-1.0,-0.5,DOWN,DOWN,-1.0
2026-04-17T08:30:00+00:00,2026-04-17,USD,LOW,FOMC Member Daly Speaks,0.0,0.0,DOWN,DOWN,-1.0
2026-04-17T09:15:00+00:00,2026-04-17,USD,LOW,FOMC Member Barkin Speaks,0.0,0.0,DOWN,DOWN,-1.0
2026-04-17T11:00:00+00:00,2026-04-17,USD,LOW,FOMC Member Waller Speaks,0.0,0.0,DOWN,DOWN,-1.0
2026-04-17T14:00:00+00:00,2026-04-17,USD,LOW,President Trump Speaks,0.0,0.0,DOWN,DOWN,-1.0
2026-04-19T23:00:00+00:00,2026-04-19,EUR,LOW,German PPI m/m,1.0,0.5,DOWN,DOWN,-0.5
2026-04-20T09:40:00+00:00,2026-04-20,EUR,LOW,ECB President Lagarde Speaks,0.0,0.0,DOWN,DOWN,-0.5
2026-04-20T23:30:00+00:00,2026-04-20,EUR,LOW,German Buba President Nagel Speaks,0.0,0.0,DOWN,DOWN,-0.5
2026-04-21T02:00:00+00:00,2026-04-21,EUR,LOW,German ZEW Economic Sentiment,-1.0,-0.5,DOWN,DOWN,-1.0
2026-04-21T05:15:00+00:00,2026-04-21,USD,LOW,ADP Weekly Employment Change,0.0,0.0,DOWN,DOWN,-1.0
2026-04-21T05:30:00+00:00,2026-04-21,USD,HIGH,Core Retail Sales m/m,-1.0,-3.0,DOWN,DOWN,-4.0
2026-04-21T07:00:00+00:00,2026-04-21,USD,HIGH,Fed Chairman Warsh Testifies,0.0,0.0,DOWN,DOWN,-4.0
2026-04-21T11:30:00+00:00,2026-04-21,USD,LOW,FOMC Member Waller Speaks,0.0,0.0,DOWN,DOWN,-4.0
2026-04-21T13:30:00+00:00,2026-04-21,USD,LOW,API Weekly Statistical Bulletin,0.0,0.0,DOWN,DOWN,-4.0
2026-04-22T03:00:00+00:00,2026-04-22,EUR,LOW,German Buba Monthly Report,0.0,0.0,DOWN,DOWN,-4.0
2026-04-22T07:00:00+00:00,2026-04-22,EUR,LOW,Consumer Confidence,-1.0,-0.5,DOWN,DOWN,-4.5
2026-04-22T07:30:00+00:00,2026-04-22,USD,LOW,Crude Oil Inventories,-1.0,-0.5,DOWN,DOWN,-5.0
2026-04-22T10:00:00+00:00,2026-04-22,EUR,LOW,German Buba President Nagel Speaks,0.0,0.0,DOWN,DOWN,-5.0
2026-04-22T10:30:00+00:00,2026-04-22,EUR,LOW,ECB President Lagarde Speaks,0.0,0.0,DOWN,DOWN,-5.0
2026-04-23T00:15:00+00:00,2026-04-23,EUR,LOW,French Flash Manufacturing PMI,1.0,0.5,DOWN,DOWN,-4.5
2026-04-23T00:30:00+00:00,2026-04-23,EUR,HIGH,German Flash Manufacturing PMI,-1.0,-3.0,DOWN,DOWN,-7.5
2026-04-23T01:00:00+00:00,2026-04-23,EUR,LOW,Flash Manufacturing PMI,1.0,0.5,DOWN,DOWN,-7.0
2026-04-23T06:45:00+00:00,2026-04-23,USD,LOW,Flash Manufacturing PMI,-1.0,-0.5,DOWN,DOWN,-7.5
2026-04-23T07:30:00+00:00,2026-04-23,USD,LOW,Natural Gas Storage,-1.0,-0.5,DOWN,DOWN,-8.0
2026-04-23T08:00:00+00:00,2026-04-23,EUR,LOW,German Buba President Nagel Speaks,0.0,0.0,DOWN,DOWN,-8.0
2026-04-24T05:32:00+00:00,2026-04-24,EUR,LOW,Belgian NBB Business Climate,1.0,0.5,DOWN,DOWN,-7.5
2026-04-24T07:00:00+00:00,2026-04-24,USD,LOW,Revised UoM Consumer Sentiment,-1.0,-0.5,DOWN,DOWN,-8.0
2026-04-26T16:00:00+00:00,2026-04-26,USD,LOW,President Trump Speaks,0.0,0.0,DOWN,DOWN,-8.0
2026-04-26T23:00:00+00:00,2026-04-26,EUR,LOW,German GfK Consumer Climate,-1.0,-0.5,DOWN,DOWN,-8.5
2026-04-28T00:00:00+00:00,2026-04-28,EUR,LOW,Spanish Unemployment Rate,-1.0,-0.5,DOWN,DOWN,-9.0
2026-04-28T05:15:00+00:00,2026-04-28,USD,LOW,ADP Weekly Employment Change,0.0,0.0,DOWN,DOWN,-9.0
2026-04-28T06:00:00+00:00,2026-04-28,USD,LOW,HPI m/m,1.0,0.5,DOWN,DOWN,-8.5
2026-04-28T07:00:00+00:00,2026-04-28,USD,LOW,CB Consumer Confidence,-1.0,-0.5,DOWN,DOWN,-9.0
2026-04-28T13:30:00+00:00,2026-04-28,USD,LOW,API Weekly Statistical Bulletin,0.0,0.0,DOWN,DOWN,-9.0
2026-04-29T00:00:00+00:00,2026-04-29,EUR,LOW,Spanish Flash CPI y/y,-1.0,-0.5,DOWN,DOWN,-9.5
2026-04-29T02:17:00+00:00,2026-04-29,EUR,LOW,Italian 10-y Bond Auction,0.0,0.0,DOWN,DOWN,-9.5
2026-04-29T02:32:00+00:00,2026-04-29,EUR,LOW,German 10-y Bond Auction,0.0,0.0,DOWN,DOWN,-9.5
2026-04-29T05:30:00+00:00,2026-04-29,USD,LOW,Building Permits,1.0,0.5,DOWN,DOWN,-9.0
2026-04-29T11:00:00+00:00,2026-04-29,USD,HIGH,Federal Funds Rate,0.0,0.0,DOWN,DOWN,-9.0
2026-04-29T11:30:00+00:00,2026-04-29,USD,HIGH,FOMC Press Conference,0.0,0.0,DOWN,DOWN,-9.0
2026-04-29T22:30:00+00:00,2026-04-29,EUR,LOW,French Consumer Spending m/m,0.0,0.0,DOWN,DOWN,-9.0
2026-04-29T23:00:00+00:00,2026-04-29,EUR,LOW,German Import Prices m/m,0.0,0.0,DOWN,DOWN,-9.0
2026-04-29T23:45:00+00:00,2026-04-29,EUR,LOW,French Prelim CPI m/m,1.0,0.5,DOWN,DOWN,-8.5
2026-04-30T00:55:00+00:00,2026-04-30,EUR,LOW,German Unemployment Change,-1.0,-0.5,DOWN,DOWN,-9.0
2026-04-30T01:00:00+00:00,2026-04-30,EUR,LOW,German Prelim GDP q/q,1.0,0.5,DOWN,DOWN,-8.5
2026-04-30T01:30:00+00:00,2026-04-30,EUR,LOW,Italian Monthly Unemployment Rate,1.0,0.5,DOWN,DOWN,-8.0
2026-04-30T02:00:00+00:00,2026-04-30,EUR,LOW,Core CPI Flash Estimate y/y,0.0,0.0,DOWN,DOWN,-8.0
2026-04-30T05:15:00+00:00,2026-04-30,EUR,HIGH,Main Refinancing Rate,0.0,0.0,DOWN,DOWN,-8.0
2026-04-30T05:45:00+00:00,2026-04-30,EUR,HIGH,ECB Press Conference,0.0,0.0,DOWN,DOWN,-8.0
2026-04-30T06:45:00+00:00,2026-04-30,USD,LOW,Chicago PMI,1.0,0.5,DOWN,DOWN,-7.5
2026-04-30T07:00:00+00:00,2026-04-30,USD,LOW,CB Leading Index m/m,1.0,0.5,DOWN,DOWN,-7.0
2026-04-30T07:30:00+00:00,2026-04-30,USD,LOW,Natural Gas Storage,1.0,0.5,DOWN,DOWN,-6.5
2026-05-01T06:45:00+00:00,2026-05-01,USD,LOW,Final Manufacturing PMI,-1.0,-0.5,DOWN,DOWN,-0.5
2026-05-01T07:00:00+00:00,2026-05-01,USD,LOW,ISM Manufacturing PMI,1.0,0.5,DOWN,DOWN,0.0
2026-05-01T12:00:00+00:00,2026-05-01,USD,LOW,President Trump Speaks,0.0,0.0,DOWN,DOWN,0.0
2026-05-04T00:15:00+00:00,2026-05-04,EUR,LOW,Spanish Manufacturing PMI,1.0,0.5,DOWN,DOWN,0.5
2026-05-04T00:45:00+00:00,2026-05-04,EUR,LOW,Italian Manufacturing PMI,1.0,0.5,DOWN,DOWN,1.0
2026-05-04T00:50:00+00:00,2026-05-04,EUR,LOW,French Final Manufacturing PMI,0.0,0.0,DOWN,DOWN,1.0
2026-05-04T00:55:00+00:00,2026-05-04,EUR,LOW,German Final Manufacturing PMI,1.0,0.5,DOWN,DOWN,1.5
2026-05-04T01:00:00+00:00,2026-05-04,EUR,LOW,Final Manufacturing PMI,0.0,0.0,DOWN,DOWN,1.5
2026-05-04T01:30:00+00:00,2026-05-04,EUR,LOW,Sentix Investor Confidence,1.0,0.5,DOWN,DOWN,2.0
2026-05-04T07:00:00+00:00,2026-05-04,USD,LOW,Factory Orders m/m,-1.0,-0.5,DOWN,DOWN,1.5
2026-05-04T09:50:00+00:00,2026-05-04,USD,LOW,FOMC Member Williams Speaks,0.0,0.0,DOWN,DOWN,1.5
2026-05-04T10:05:00+00:00,2026-05-04,EUR,LOW,German Buba President Nagel Speaks,0.0,0.0,DOWN,DOWN,1.5
2026-05-04T11:00:00+00:00,2026-05-04,USD,LOW,Loan Officer Survey,0.0,0.0,DOWN,DOWN,1.5
2026-05-05T00:00:00+00:00,2026-05-05,EUR,LOW,Spanish Unemployment Change,1.0,0.5,DOWN,DOWN,2.0
2026-05-05T06:31:00+00:00,2026-05-05,EUR,LOW,French Gov Budget Balance,0.0,0.0,DOWN,DOWN,2.0
2026-05-05T06:45:00+00:00,2026-05-05,USD,LOW,Final Services PMI,1.0,0.5,DOWN,DOWN,2.5
2026-05-05T07:00:00+00:00,2026-05-05,USD,HIGH,ISM Services PMI,1.0,3.0,DOWN,UP,5.5
2026-05-05T07:03:00+00:00,2026-05-05,USD,LOW,RCM/TIPP Economic Optimism,-1.0,-0.5,UP,UP,5.0
2026-05-05T09:30:00+00:00,2026-05-05,USD,LOW,FOMC Member Barr Speaks,0.0,0.0,UP,UP,5.0
2026-05-05T13:30:00+00:00,2026-05-05,USD,LOW,API Weekly Statistical Bulletin,0.0,0.0,UP,UP,5.0
2026-05-05T23:45:00+00:00,2026-05-05,EUR,LOW,French Industrial Production m/m,1.0,0.5,UP,UP,5.5
2026-05-06T00:15:00+00:00,2026-05-06,EUR,LOW,Spanish Services PMI,-1.0,-0.5,UP,UP,5.0
2026-05-06T00:45:00+00:00,2026-05-06,EUR,LOW,Italian Services PMI,1.0,0.5,UP,UP,5.5
2026-05-06T00:50:00+00:00,2026-05-06,EUR,LOW,French Final Services PMI,0.0,0.0,UP,UP,5.5
2026-05-06T00:55:00+00:00,2026-05-06,EUR,LOW,German Final Services PMI,0.0,0.0,UP,UP,5.5
2026-05-06T01:00:00+00:00,2026-05-06,EUR,LOW,Final Services PMI,1.0,0.5,UP,UP,6.0
2026-05-06T02:00:00+00:00,2026-05-06,EUR,LOW,PPI m/m,1.0,0.5,UP,UP,6.5
2026-05-06T05:15:00+00:00,2026-05-06,USD,LOW,ADP Non-Farm Employment Change,1.0,0.5,UP,UP,7.0
2026-05-06T06:30:00+00:00,2026-05-06,USD,LOW,FOMC Member Musalem Speaks,0.0,0.0,UP,UP,7.0
2026-05-06T07:30:00+00:00,2026-05-06,USD,LOW,Crude Oil Inventories,-1.0,-0.5,UP,UP,6.5
2026-05-06T10:00:00+00:00,2026-05-06,USD,LOW,FOMC Member Goolsbee Speaks,0.0,0.0,UP,UP,6.5
2026-05-06T23:00:00+00:00,2026-05-06,EUR,LOW,German Factory Orders m/m,1.0,0.5,UP,UP,7.0
2026-05-06T23:45:00+00:00,2026-05-06,EUR,LOW,French Trade Balance,-1.0,-0.5,UP,UP,6.5
2026-05-07T01:46:00+00:00,2026-05-07,EUR,LOW,Spanish 10-y Bond Auction,0.0,0.0,UP,UP,6.5
2026-05-07T01:57:00+00:00,2026-05-07,EUR,LOW,French 10-y Bond Auction,0.0,0.0,UP,UP,6.5
2026-05-07T02:00:00+00:00,2026-05-07,EUR,LOW,Retail Sales m/m,1.0,0.5,UP,UP,7.0
2026-05-07T02:30:00+00:00,2026-05-07,USD,LOW,Challenger Job Cuts y/y,0.0,0.0,UP,UP,7.0
2026-05-07T05:30:00+00:00,2026-05-07,USD,LOW,Unemployment Claims,1.0,0.5,UP,UP,7.5
2026-05-07T07:00:00+00:00,2026-05-07,USD,LOW,Construction Spending m/m,-1.0,-0.5,UP,UP,7.0
2026-05-07T07:30:00+00:00,2026-05-07,USD,LOW,Natural Gas Storage,1.0,0.5,UP,UP,7.5
2026-05-07T10:00:00+00:00,2026-05-07,USD,LOW,FOMC Member Kashkari Speaks,0.0,0.0,UP,UP,7.5
2026-05-07T11:05:00+00:00,2026-05-07,USD,LOW,FOMC Member Hammack Speaks,0.0,0.0,UP,UP,7.5
2026-05-07T12:00:00+00:00,2026-05-07,USD,LOW,Consumer Credit m/m,-1.0,-0.5,UP,UP,7.0
2026-05-07T12:30:00+00:00,2026-05-07,USD,LOW,FOMC Member Williams Speaks,0.0,0.0,UP,UP,7.0
2026-05-07T23:00:00+00:00,2026-05-07,EUR,LOW,German Industrial Production m/m,-1.0,-0.5,UP,UP,6.5
2026-05-08T02:45:00+00:00,2026-05-08,USD,LOW,FOMC Member Cook Speaks,0.0,0.0,UP,UP,6.5
2026-05-08T07:00:00+00:00,2026-05-08,USD,LOW,Prelim UoM Consumer Sentiment,1.0,0.5,UP,UP,7.0
2026-05-08T08:05:00+00:00,2026-05-08,USD,LOW,FOMC Member Goolsbee Speaks,0.0,0.0,UP,UP,7.0
2026-05-08T09:00:00+00:00,2026-05-08,USD,LOW,President Trump Speaks,0.0,0.0,UP,UP,7.0
2026-05-08T09:15:00+00:00,2026-05-08,EUR,LOW,German Buba President Nagel Speaks,0.0,0.0,UP,UP,7.0
2026-05-08T11:20:00+00:00,2026-05-08,USD,LOW,FOMC Member Goolsbee Speaks,0.0,0.0,UP,UP,7.0
2026-05-08T13:00:00+00:00,2026-05-08,USD,LOW,FOMC Financial Stability Report,0.0,0.0,UP,UP,7.0
2026-05-08T16:30:00+00:00,2026-05-08,USD,LOW,FOMC Member Bowman Speaks,0.0,0.0,UP,UP,7.0
2026-05-11T06:45:00+00:00,2026-05-11,USD,LOW,Cleveland Fed Inflation Expectations,0.0,0.0,UP,UP,7.0
2026-05-11T07:00:00+00:00,2026-05-11,USD,LOW,Existing Home Sales,1.0,0.5,UP,UP,7.5
2026-05-11T23:00:00+00:00,2026-05-11,EUR,LOW,German Final CPI m/m,0.0,0.0,UP,UP,7.5
2026-05-12T00:15:00+00:00,2026-05-12,EUR,LOW,German Buba President Nagel Speaks,0.0,0.0,UP,UP,7.5
2026-05-12T01:00:00+00:00,2026-05-12,EUR,LOW,Italian Industrial Production m/m,1.0,0.5,UP,UP,8.0
2026-05-12T02:00:00+00:00,2026-05-12,EUR,LOW,German ZEW Economic Sentiment,1.0,0.5,UP,UP,8.5
2026-05-12T03:00:00+00:00,2026-05-12,USD,LOW,NFIB Small Business Index,1.0,0.5,UP,UP,9.0
2026-05-12T05:15:00+00:00,2026-05-12,USD,LOW,ADP Weekly Employment Change,0.0,0.0,UP,UP,9.0
2026-05-12T05:30:00+00:00,2026-05-12,USD,HIGH,Core CPI m/m,-1.0,-3.0,UP,UP,6.0
2026-05-12T06:10:00+00:00,2026-05-12,USD,LOW,FOMC Member Goolsbee Speaks,0.0,0.0,UP,UP,6.0
2026-05-12T10:00:00+00:00,2026-05-12,USD,LOW,FOMC Member Goolsbee Speaks,0.0,0.0,UP,UP,6.0
2026-05-12T10:01:00+00:00,2026-05-12,USD,LOW,10-y Bond Auction,0.0,0.0,UP,UP,6.0
2026-05-12T11:00:00+00:00,2026-05-12,USD,LOW,Federal Budget Balance,-1.0,-0.5,UP,UP,5.5
2026-05-12T13:30:00+00:00,2026-05-12,USD,LOW,API Weekly Statistical Bulletin,0.0,0.0,UP,UP,5.5
2026-05-12T23:00:00+00:00,2026-05-12,EUR,LOW,German WPI m/m,1.0,0.5,UP,UP,6.0
2026-05-12T23:45:00+00:00,2026-05-12,EUR,LOW,French Final CPI m/m,0.0,0.0,UP,UP,6.0
2026-05-13T02:00:00+00:00,2026-05-13,EUR,LOW,Flash Employment Change q/q,1.0,0.5,UP,UP,6.5
2026-05-13T02:35:00+00:00,2026-05-13,EUR,LOW,German 30-y Bond Auction,0.0,0.0,UP,UP,6.5
2026-05-13T05:30:00+00:00,2026-05-13,USD,HIGH,Core PPI m/m,-1.0,-3.0,UP,UP,3.5
2026-05-13T07:30:00+00:00,2026-05-13,USD,LOW,Crude Oil Inventories,1.0,0.5,UP,UP,4.0
2026-05-13T08:30:00+00:00,2026-05-13,USD,LOW,FOMC Member Collins Speaks,0.0,0.0,UP,UP,4.0
2026-05-13T10:01:00+00:00,2026-05-13,USD,LOW,30-y Bond Auction,0.0,0.0,UP,UP,4.0
2026-05-13T10:15:00+00:00,2026-05-13,USD,LOW,FOMC Member Kashkari Speaks,0.0,0.0,UP,UP,4.0
2026-05-13T11:40:00+00:00,2026-05-13,USD,HIGH,Fed Chair Nomination Vote,0.0,0.0,UP,UP,4.0
2026-05-13T12:15:00+00:00,2026-05-13,EUR,LOW,ECB President Lagarde Speaks,0.0,0.0,UP,UP,4.0
2026-05-14T07:00:00+00:00,2026-05-14,USD,LOW,Business Inventories m/m,-1.0,-0.5,UP,UP,3.5
2026-05-14T07:13:00+00:00,2026-05-14,USD,LOW,Mortgage Delinquencies,0.0,0.0,UP,UP,3.5
2026-05-14T07:15:00+00:00,2026-05-14,USD,LOW,FOMC Member Schmid Speaks,0.0,0.0,UP,UP,3.5
2026-05-14T07:30:00+00:00,2026-05-14,USD,LOW,Natural Gas Storage,1.0,0.5,UP,UP,4.0
2026-05-14T10:00:00+00:00,2026-05-14,USD,LOW,FOMC Member Hammack Speaks,0.0,0.0,UP,UP,4.0
2026-05-14T14:45:00+00:00,2026-05-14,USD,LOW,FOMC Member Williams Speaks,0.0,0.0,UP,UP,4.0
2026-05-14T16:00:00+00:00,2026-05-14,USD,LOW,FOMC Member Barr Speaks,0.0,0.0,UP,UP,4.0
2026-05-15T01:00:00+00:00,2026-05-15,EUR,LOW,ECB Economic Bulletin,0.0,0.0,UP,UP,4.0
2026-05-15T06:15:00+00:00,2026-05-15,USD,LOW,Capacity Utilization Rate,-1.0,-0.5,UP,UP,3.5
2026-05-18T01:00:00+00:00,2026-05-18,EUR,LOW,Italian Trade Balance,-1.0,-0.5,UP,UP,3.0
2026-05-18T07:00:00+00:00,2026-05-18,USD,LOW,NAHB Housing Market Index,-1.0,-0.5,UP,UP,2.5
2026-05-18T12:35:00+00:00,2026-05-18,USD,LOW,FOMC Member Goolsbee Speaks,0.0,0.0,UP,UP,2.5
2026-05-18T13:00:00+00:00,2026-05-18,USD,LOW,TIC Long-Term Purchases,1.0,0.5,UP,UP,3.0
2026-05-19T02:00:00+00:00,2026-05-19,EUR,LOW,Trade Balance,-1.0,-0.5,UP,UP,2.5
2026-05-19T05:00:00+00:00,2026-05-19,USD,LOW,FOMC Member Waller Speaks,0.0,0.0,UP,UP,2.5
2026-05-19T05:15:00+00:00,2026-05-19,USD,LOW,ADP Weekly Employment Change,0.0,0.0,UP,UP,2.5
2026-05-19T07:00:00+00:00,2026-05-19,USD,LOW,Pending Home Sales m/m,-1.0,-0.5,UP,UP,2.0
2026-05-19T13:30:00+00:00,2026-05-19,USD,LOW,API Weekly Statistical Bulletin,0.0,0.0,UP,UP,2.0
2026-05-19T16:00:00+00:00,2026-05-19,USD,LOW,FOMC Member Paulson Speaks,0.0,0.0,UP,UP,2.0
2026-05-19T23:00:00+00:00,2026-05-19,EUR,LOW,German PPI m/m,-1.0,-0.5,UP,UP,1.5
2026-05-20T02:00:00+00:00,2026-05-20,EUR,LOW,Final Core CPI y/y,0.0,0.0,UP,UP,1.5
2026-05-20T02:32:00+00:00,2026-05-20,EUR,LOW,German 10-y Bond Auction,0.0,0.0,UP,UP,1.5
2026-05-20T07:30:00+00:00,2026-05-20,USD,LOW,Crude Oil Inventories,1.0,0.5,UP,UP,2.0
2026-05-20T11:00:00+00:00,2026-05-20,USD,HIGH,FOMC Meeting Minutes,0.0,0.0,UP,UP,2.0
2026-05-21T00:15:00+00:00,2026-05-21,EUR,LOW,French Flash Manufacturing PMI,-1.0,-0.5,UP,UP,1.5
2026-05-21T00:30:00+00:00,2026-05-21,EUR,LOW,German Flash Manufacturing PMI,-1.0,-0.5,UP,UP,1.0
2026-05-21T01:00:00+00:00,2026-05-21,EUR,LOW,Current Account,-1.0,-0.5,UP,UP,0.5
2026-05-21T02:30:00+00:00,2026-05-21,EUR,LOW,EU Economic Forecasts,0.0,0.0,UP,UP,0.5
2026-05-21T03:00:00+00:00,2026-05-21,EUR,LOW,German Buba Monthly Report,0.0,0.0,UP,UP,0.5
2026-05-21T05:30:00+00:00,2026-05-21,USD,LOW,Philly Fed Manufacturing Index,1.0,0.5,UP,UP,1.0
2026-05-21T06:45:00+00:00,2026-05-21,USD,LOW,Flash Manufacturing PMI,-1.0,-0.5,UP,UP,0.5
2026-05-21T07:02:00+00:00,2026-05-21,EUR,LOW,Consumer Confidence,1.0,0.5,UP,UP,1.0
2026-05-21T07:30:00+00:00,2026-05-21,USD,LOW,Natural Gas Storage,-1.0,-0.5,UP,UP,0.5
2026-05-21T09:20:00+00:00,2026-05-21,USD,LOW,FOMC Member Barkin Speaks,0.0,0.0,UP,UP,0.5
2026-05-21T23:00:00+00:00,2026-05-21,EUR,LOW,German Final GDP q/q,0.0,0.0,UP,UP,0.5
2026-05-22T01:00:00+00:00,2026-05-22,EUR,LOW,German ifo Business Climate,1.0,0.5,UP,UP,1.0
2026-05-22T05:40:00+00:00,2026-05-22,EUR,LOW,Belgian NBB Business Climate,1.0,0.5,UP,UP,1.5
2026-05-22T07:00:00+00:00,2026-05-22,USD,LOW,Revised UoM Consumer Sentiment,1.0,0.5,UP,UP,2.0
2026-05-26T06:00:00+00:00,2026-05-26,USD,LOW,HPI m/m,0.0,0.0,UP,UP,2.0
2026-05-26T07:00:00+00:00,2026-05-26,USD,LOW,CB Consumer Confidence,-1.0,-0.5,UP,UP,1.5
2026-05-27T02:33:00+00:00,2026-05-27,EUR,LOW,German 30-y Bond Auction,0.0,0.0,UP,UP,1.5
2026-05-27T05:15:00+00:00,2026-05-27,USD,LOW,ADP Weekly Employment Change,0.0,0.0,UP,UP,1.5
2026-05-27T07:00:00+00:00,2026-05-27,USD,LOW,Richmond Manufacturing Index,-1.0,-0.5,UP,UP,1.0
2026-05-27T12:55:00+00:00,2026-05-27,USD,LOW,FOMC Member Cook Speaks,0.0,0.0,UP,UP,1.0
2026-05-27T13:30:00+00:00,2026-05-27,USD,LOW,API Weekly Statistical Bulletin,0.0,0.0,UP,UP,1.0
2026-05-27T17:00:00+00:00,2026-05-27,USD,LOW,FOMC Member Jefferson Speaks,0.0,0.0,UP,UP,1.0
2026-05-28T00:10:00+00:00,2026-05-28,EUR,LOW,ECB President Lagarde Speaks,0.0,0.0,UP,UP,1.0
2026-05-28T02:09:00+00:00,2026-05-28,EUR,LOW,Italian 10-y Bond Auction,0.0,0.0,UP,UP,1.0
2026-05-28T04:30:00+00:00,2026-05-28,EUR,LOW,ECB Monetary Policy Meeting Accounts,0.0,0.0,UP,UP,1.0
2026-05-28T05:55:00+00:00,2026-05-28,USD,LOW,FOMC Member Williams Speaks,0.0,0.0,UP,UP,1.0
2026-05-28T07:15:00+00:00,2026-05-28,USD,LOW,FOMC Member Musalem Speaks,0.0,0.0,UP,UP,1.0
2026-05-28T07:30:00+00:00,2026-05-28,USD,LOW,Natural Gas Storage,1.0,0.5,UP,UP,1.5
2026-05-28T09:00:00+00:00,2026-05-28,USD,LOW,Crude Oil Inventories,-1.0,-0.5,UP,UP,1.0
2026-05-28T10:10:00+00:00,2026-05-28,USD,LOW,FOMC Member Musalem Speaks,0.0,0.0,UP,UP,1.0
2026-05-28T11:00:00+00:00,2026-05-28,USD,LOW,Treasury Sec Bessent Speaks,0.0,0.0,UP,UP,1.0
2026-05-28T12:00:00+00:00,2026-05-28,USD,LOW,FOMC Member Barkin Speaks,0.0,0.0,UP,UP,1.0
2026-05-28T23:00:00+00:00,2026-05-28,EUR,LOW,German Import Prices m/m,0.0,0.0,UP,UP,1.0
2026-05-28T23:45:00+00:00,2026-05-28,EUR,LOW,French Consumer Spending m/m,-1.0,-0.5,UP,UP,0.5
2026-05-29T00:55:00+00:00,2026-05-29,EUR,LOW,German Unemployment Change,1.0,0.5,UP,UP,1.0
2026-05-29T01:00:00+00:00,2026-05-29,EUR,LOW,Italian Monthly Unemployment Rate,1.0,0.5,UP,UP,1.5
2026-05-29T02:00:00+00:00,2026-05-29,EUR,LOW,Italian Prelim CPI m/m,1.0,0.5,UP,UP,2.0
2026-05-29T03:50:00+00:00,2026-05-29,USD,LOW,FOMC Member Schmid Speaks,0.0,0.0,UP,UP,2.0
2026-05-29T06:10:00+00:00,2026-05-29,USD,LOW,FOMC Member Bowman Speaks,0.0,0.0,UP,UP,2.0
2026-05-29T06:15:00+00:00,2026-05-29,USD,LOW,FOMC Member Paulson Speaks,0.0,0.0,UP,UP,2.0
2026-05-29T06:45:00+00:00,2026-05-29,USD,LOW,Chicago PMI,-1.0,-0.5,UP,UP,1.5
2026-05-29T09:40:00+00:00,2026-05-29,USD,LOW,FOMC Member Daly Speaks,0.0,0.0,UP,UP,1.5
2026-05-31T23:00:00+00:00,2026-05-31,EUR,LOW,German Retail Sales m/m,1.0,0.5,UP,UP,2.0
2026-06-01T00:15:00+00:00,2026-06-01,EUR,LOW,Spanish Manufacturing PMI,-1.0,-0.5,UP,UP,-0.5
2026-06-01T00:45:00+00:00,2026-06-01,EUR,LOW,Italian Manufacturing PMI,1.0,0.5,UP,UP,0.0
2026-06-01T00:50:00+00:00,2026-06-01,EUR,LOW,French Final Manufacturing PMI,1.0,0.5,UP,UP,0.5
2026-06-01T00:55:00+00:00,2026-06-01,EUR,LOW,German Final Manufacturing PMI,1.0,0.5,UP,UP,1.0
2026-06-01T01:00:00+00:00,2026-06-01,EUR,LOW,Final Manufacturing PMI,1.0,0.5,UP,UP,1.5
2026-06-01T02:00:00+00:00,2026-06-01,EUR,LOW,Unemployment Rate,-1.0,-0.5,UP,UP,1.0
2026-06-01T06:45:00+00:00,2026-06-01,USD,LOW,Final Manufacturing PMI,1.0,0.5,UP,UP,1.5
2026-06-01T07:00:00+00:00,2026-06-01,USD,HIGH,ISM Manufacturing PMI,-1.0,-3.0,UP,UP,-1.5
2026-06-01T22:50:00+00:00,2026-06-01,USD,LOW,FOMC Member Kashkari Speaks,0.0,0.0,UP,UP,-1.5
2026-06-01T23:45:00+00:00,2026-06-01,EUR,LOW,French Gov Budget Balance,0.0,0.0,UP,UP,-1.5
2026-06-02T00:00:00+00:00,2026-06-02,EUR,LOW,Spanish Unemployment Change,-1.0,-0.5,UP,UP,-2.0
2026-06-02T02:00:00+00:00,2026-06-02,EUR,LOW,Core CPI Flash Estimate y/y,1.0,0.5,UP,UP,-1.5
2026-06-02T05:30:00+00:00,2026-06-02,USD,LOW,FOMC Member Hammack Speaks,0.0,0.0,UP,UP,-1.5
2026-06-02T07:02:00+00:00,2026-06-02,USD,LOW,RCM/TIPP Economic Optimism,1.0,0.5,UP,UP,-1.0
2026-06-02T13:30:00+00:00,2026-06-02,USD,LOW,API Weekly Statistical Bulletin,0.0,0.0,UP,UP,-1.0
2026-06-02T20:00:00+00:00,2026-06-02,USD,LOW,FOMC Member Goolsbee Speaks,0.0,0.0,UP,UP,-1.0
2026-06-03T00:15:00+00:00,2026-06-03,EUR,LOW,Spanish Services PMI,1.0,0.5,UP,UP,-0.5
2026-06-03T00:45:00+00:00,2026-06-03,EUR,LOW,Italian Services PMI,1.0,0.5,UP,UP,0.0
2026-06-03T00:50:00+00:00,2026-06-03,EUR,LOW,French Final Services PMI,1.0,0.5,UP,UP,0.5
2026-06-03T00:55:00+00:00,2026-06-03,EUR,LOW,German Final Services PMI,1.0,0.5,UP,UP,1.0
2026-06-03T01:00:00+00:00,2026-06-03,EUR,LOW,Final Services PMI,1.0,0.5,UP,UP,1.5
2026-06-03T02:00:00+00:00,2026-06-03,EUR,LOW,PPI m/m,0.0,0.0,UP,UP,1.5
2026-06-03T05:15:00+00:00,2026-06-03,USD,HIGH,ADP Non-Farm Employment Change,-1.0,-3.0,UP,UP,-1.5
2026-06-03T06:00:00+00:00,2026-06-03,USD,LOW,FOMC Member Barr Speaks,0.0,0.0,UP,UP,-1.5
2026-06-03T06:45:00+00:00,2026-06-03,USD,LOW,Final Services PMI,1.0,0.5,UP,UP,-1.0
2026-06-03T07:00:00+00:00,2026-06-03,USD,HIGH,ISM Services PMI,-1.0,-3.0,UP,DOWN,-4.0
2026-06-03T07:30:00+00:00,2026-06-03,USD,LOW,Crude Oil Inventories,1.0,0.5,DOWN,DOWN,-3.5
2026-06-03T11:00:00+00:00,2026-06-03,USD,LOW,Beige Book,0.0,0.0,DOWN,DOWN,-3.5
2026-06-03T13:00:00+00:00,2026-06-03,USD,LOW,FOMC Member Logan Speaks,0.0,0.0,DOWN,DOWN,-3.5
2026-06-04T01:00:00+00:00,2026-06-04,EUR,LOW,ECB President Lagarde Speaks,0.0,0.0,DOWN,DOWN,-3.5
2026-06-04T01:50:00+00:00,2026-06-04,EUR,LOW,French 10-y Bond Auction,0.0,0.0,DOWN,DOWN,-3.5
2026-06-04T02:00:00+00:00,2026-06-04,EUR,LOW,Retail Sales m/m,-1.0,-0.5,DOWN,DOWN,-4.0
2026-06-04T02:30:00+00:00,2026-06-04,USD,LOW,Challenger Job Cuts y/y,0.0,0.0,DOWN,DOWN,-4.0
2026-06-04T05:30:00+00:00,2026-06-04,USD,LOW,Unemployment Claims,-1.0,-0.5,DOWN,DOWN,-4.5
2026-06-04T07:00:00+00:00,2026-06-04,USD,LOW,Treasury Sec Bessent Speaks,0.0,0.0,DOWN,DOWN,-4.5
2026-06-04T07:30:00+00:00,2026-06-04,USD,LOW,Natural Gas Storage,1.0,0.5,DOWN,DOWN,-4.0
2026-06-04T10:00:00+00:00,2026-06-04,USD,LOW,FOMC Member Schmid Speaks,0.0,0.0,DOWN,DOWN,-4.0
2026-06-04T10:10:00+00:00,2026-06-04,USD,LOW,FOMC Member Daly Speaks,0.0,0.0,DOWN,DOWN,-4.0
2026-06-04T12:00:00+00:00,2026-06-04,USD,LOW,President Trump Speaks,0.0,0.0,DOWN,DOWN,-4.0
2026-06-04T23:45:00+00:00,2026-06-04,EUR,LOW,French Industrial Production m/m,1.0,0.5,DOWN,DOWN,-3.5
2026-06-05T02:00:00+00:00,2026-06-05,EUR,LOW,Final Employment Change q/q,0.0,0.0,DOWN,DOWN,-3.5
2026-06-05T12:00:00+00:00,2026-06-05,USD,LOW,Consumer Credit m/m,-1.0,-0.5,DOWN,DOWN,-4.0
2026-06-07T23:00:00+00:00,2026-06-07,EUR,LOW,German Factory Orders m/m,-1.0,-0.5,DOWN,DOWN,-4.5
2026-06-08T01:30:00+00:00,2026-06-08,EUR,LOW,Sentix Investor Confidence,1.0,0.5,DOWN,DOWN,-4.0
2026-06-08T23:00:00+00:00,2026-06-08,EUR,LOW,German Industrial Production m/m,0.0,0.0,DOWN,DOWN,-4.0
2026-06-09T03:00:00+00:00,2026-06-09,USD,LOW,NFIB Small Business Index,1.0,0.5,DOWN,DOWN,-3.5
2026-06-09T05:15:00+00:00,2026-06-09,USD,LOW,ADP Weekly Employment Change,0.0,0.0,DOWN,DOWN,-3.5
2026-06-09T07:00:00+00:00,2026-06-09,USD,LOW,Existing Home Sales,-1.0,-0.5,DOWN,DOWN,-4.0
2026-06-09T13:30:00+00:00,2026-06-09,USD,LOW,API Weekly Statistical Bulletin,0.0,0.0,DOWN,DOWN,-4.0
2026-06-10T01:00:00+00:00,2026-06-10,EUR,LOW,Italian Industrial Production m/m,1.0,0.5,DOWN,DOWN,-3.5
2026-06-10T02:35:00+00:00,2026-06-10,EUR,LOW,German 10-y Bond Auction,0.0,0.0,DOWN,DOWN,-3.5
2026-06-10T05:30:00+00:00,2026-06-10,USD,HIGH,Core CPI m/m,1.0,3.0,DOWN,DOWN,-0.5
2026-06-10T10:01:00+00:00,2026-06-10,USD,LOW,10-y Bond Auction,0.0,0.0,DOWN,DOWN,-0.5
2026-06-10T10:59:00+00:00,2026-06-10,USD,LOW,Federal Budget Balance,1.0,0.5,DOWN,DOWN,0.0
2026-06-11T05:15:00+00:00,2026-06-11,EUR,HIGH,Main Refinancing Rate,0.0,0.0,DOWN,DOWN,0.0
2026-06-11T05:45:00+00:00,2026-06-11,EUR,HIGH,ECB Press Conference,0.0,0.0,DOWN,DOWN,0.0
2026-06-11T07:30:00+00:00,2026-06-11,USD,LOW,Natural Gas Storage,-1.0,-0.5,DOWN,DOWN,-0.5
2026-06-11T10:01:00+00:00,2026-06-11,USD,LOW,30-y Bond Auction,0.0,0.0,DOWN,DOWN,-0.5
2026-06-11T23:00:00+00:00,2026-06-11,EUR,LOW,German Final CPI m/m,0.0,0.0,DOWN,DOWN,-0.5
2026-06-11T23:45:00+00:00,2026-06-11,EUR,LOW,French Final CPI m/m,0.0,0.0,DOWN,DOWN,-0.5
2026-06-12T01:30:00+00:00,2026-06-12,EUR,LOW,Italian Quarterly Unemployment Rate,0.0,0.0,DOWN,DOWN,-0.5
2026-06-12T07:00:00+00:00,2026-06-12,USD,LOW,Prelim UoM Consumer Sentiment,-1.0,-0.5,DOWN,DOWN,-1.0
2026-06-12T07:30:00+00:00,2026-06-12,EUR,LOW,German Buba President Nagel Speaks,0.0,0.0,DOWN,DOWN,-1.0
2026-06-14T23:00:00+00:00,2026-06-14,EUR,LOW,German WPI m/m,-1.0,-0.5,DOWN,DOWN,-1.5
2026-06-15T00:30:00+00:00,2026-06-15,EUR,LOW,ECB President Lagarde Speaks,0.0,0.0,DOWN,DOWN,-1.5
2026-06-15T01:00:00+00:00,2026-06-15,EUR,LOW,Italian Trade Balance,-1.0,-0.5,DOWN,DOWN,-2.0
2026-06-15T02:00:00+00:00,2026-06-15,EUR,LOW,Industrial Production m/m,-1.0,-0.5,DOWN,DOWN,-2.5
2026-06-15T06:15:00+00:00,2026-06-15,USD,LOW,Capacity Utilization Rate,0.0,0.0,DOWN,DOWN,-2.5
2026-06-15T07:00:00+00:00,2026-06-15,USD,LOW,NAHB Housing Market Index,1.0,0.5,DOWN,DOWN,-2.0
2026-06-16T02:00:00+00:00,2026-06-16,EUR,LOW,German ZEW Economic Sentiment,1.0,0.5,DOWN,DOWN,-1.5
2026-06-16T05:15:00+00:00,2026-06-16,USD,LOW,ADP Weekly Employment Change,0.0,0.0,DOWN,DOWN,-1.5
2026-06-16T13:30:00+00:00,2026-06-16,USD,LOW,API Weekly Statistical Bulletin,0.0,0.0,DOWN,DOWN,-1.5
2026-06-17T02:00:00+00:00,2026-06-17,EUR,LOW,Final Core CPI y/y,1.0,0.5,DOWN,DOWN,-1.0
2026-06-17T03:50:00+00:00,2026-06-17,EUR,LOW,ECB President Lagarde Speaks,0.0,0.0,DOWN,DOWN,-1.0
2026-06-17T07:00:00+00:00,2026-06-17,USD,LOW,Business Inventories m/m,0.0,0.0,DOWN,DOWN,-1.0
2026-06-17T07:30:00+00:00,2026-06-17,USD,LOW,Crude Oil Inventories,1.0,0.5,DOWN,DOWN,-0.5
2026-06-17T07:45:00+00:00,2026-06-17,USD,LOW,President Trump Speaks,0.0,0.0,DOWN,DOWN,-0.5
2026-06-17T11:00:00+00:00,2026-06-17,USD,HIGH,Federal Funds Rate,0.0,0.0,DOWN,DOWN,-0.5
2026-06-17T11:30:00+00:00,2026-06-17,USD,HIGH,FOMC Press Conference,0.0,0.0,DOWN,DOWN,-0.5
2026-06-18T01:36:00+00:00,2026-06-18,EUR,LOW,Spanish 10-y Bond Auction,0.0,0.0,DOWN,DOWN,-0.5
2026-06-18T03:00:00+00:00,2026-06-18,EUR,LOW,German Buba Monthly Report,0.0,0.0,DOWN,DOWN,-0.5
2026-06-18T07:00:00+00:00,2026-06-18,USD,LOW,CB Leading Index m/m,0.0,0.0,DOWN,DOWN,-0.5
2026-06-18T07:30:00+00:00,2026-06-18,USD,LOW,Natural Gas Storage,1.0,0.5,DOWN,DOWN,0.0
2026-06-18T13:00:00+00:00,2026-06-18,USD,LOW,TIC Long-Term Purchases,-1.0,-0.5,DOWN,DOWN,-0.5
2026-06-18T23:00:00+00:00,2026-06-18,EUR,LOW,German PPI m/m,-1.0,-0.5,DOWN,DOWN,-1.0
2026-06-22T04:00:00+00:00,2026-06-22,EUR,LOW,German Buba President Nagel Speaks,0.0,0.0,DOWN,DOWN,-1.0
2026-06-22T06:00:00+00:00,2026-06-22,EUR,LOW,ECB President Lagarde Speaks,0.0,0.0,DOWN,DOWN,-1.0
2026-06-22T07:04:00+00:00,2026-06-22,EUR,LOW,Consumer Confidence,0.0,0.0,DOWN,DOWN,-1.0
2026-06-22T08:25:00+00:00,2026-06-22,EUR,LOW,ECB President Lagarde Speaks,0.0,0.0,DOWN,DOWN,-1.0
2026-06-22T14:30:00+00:00,2026-06-22,USD,LOW,FOMC Member Goolsbee Speaks,0.0,0.0,DOWN,DOWN,-1.0
2026-06-23T00:15:00+00:00,2026-06-23,EUR,LOW,French Flash Manufacturing PMI,1.0,0.5,DOWN,DOWN,-0.5
2026-06-23T00:30:00+00:00,2026-06-23,EUR,LOW,German Flash Manufacturing PMI,-1.0,-0.5,DOWN,DOWN,-1.0
2026-06-23T01:00:00+00:00,2026-06-23,EUR,LOW,Flash Manufacturing PMI,-1.0,-0.5,DOWN,DOWN,-1.5
2026-06-23T05:15:00+00:00,2026-06-23,USD,LOW,ADP Weekly Employment Change,0.0,0.0,DOWN,DOWN,-1.5
2026-06-23T06:45:00+00:00,2026-06-23,USD,LOW,Flash Manufacturing PMI,-1.0,-0.5,DOWN,DOWN,-2.0
2026-06-23T07:00:00+00:00,2026-06-23,USD,LOW,Richmond Manufacturing Index,1.0,0.5,DOWN,DOWN,-1.5
2026-06-23T11:05:00+00:00,2026-06-23,USD,LOW,President Trump Speaks,0.0,0.0,DOWN,DOWN,-1.5
2026-06-23T13:30:00+00:00,2026-06-23,USD,LOW,API Weekly Statistical Bulletin,0.0,0.0,DOWN,DOWN,-1.5
2026-06-24T02:00:00+00:00,2026-06-24,EUR,LOW,German Buba President Nagel Speaks,0.0,0.0,DOWN,DOWN,-1.5
2026-06-24T02:40:00+00:00,2026-06-24,EUR,LOW,German 10-y Bond Auction,0.0,0.0,DOWN,DOWN,-1.5
2026-06-24T05:30:00+00:00,2026-06-24,USD,LOW,Current Account,1.0,0.5,DOWN,DOWN,-1.0
2026-06-24T05:38:00+00:00,2026-06-24,EUR,LOW,Belgian NBB Business Climate,-1.0,-0.5,DOWN,DOWN,-1.5
2026-06-24T07:00:00+00:00,2026-06-24,USD,LOW,New Home Sales,1.0,0.5,DOWN,DOWN,-1.0
2026-06-24T07:30:00+00:00,2026-06-24,USD,LOW,Crude Oil Inventories,1.0,0.5,DOWN,DOWN,-0.5
2026-06-24T13:00:00+00:00,2026-06-24,USD,LOW,Bank Stress Test Results,0.0,0.0,DOWN,DOWN,-0.5
2026-06-24T17:30:00+00:00,2026-06-24,USD,LOW,President Trump Speaks,0.0,0.0,DOWN,DOWN,-0.5
2026-06-24T23:00:00+00:00,2026-06-24,EUR,LOW,German GfK Consumer Climate,-1.0,-0.5,DOWN,DOWN,-1.0
2026-06-25T01:00:00+00:00,2026-06-25,EUR,LOW,ECB Economic Bulletin,0.0,0.0,DOWN,DOWN,-1.0
2026-06-25T05:30:00+00:00,2026-06-25,USD,HIGH,Core PCE Price Index m/m,0.0,0.0,DOWN,DOWN,-1.0
2026-06-25T05:45:00+00:00,2026-06-25,USD,LOW,FOMC Member Bowman Speaks,0.0,0.0,DOWN,DOWN,-1.0
2026-06-25T07:30:00+00:00,2026-06-25,USD,LOW,Natural Gas Storage,-1.0,-0.5,DOWN,DOWN,-1.5
2026-06-25T12:40:00+00:00,2026-06-25,USD,LOW,FOMC Member Williams Speaks,0.0,0.0,DOWN,DOWN,-1.5
2026-06-25T15:30:00+00:00,2026-06-25,USD,LOW,FOMC Member Goolsbee Speaks,0.0,0.0,DOWN,DOWN,-1.5
2026-06-26T01:30:00+00:00,2026-06-26,EUR,LOW,German Buba President Nagel Speaks,0.0,0.0,DOWN,DOWN,-1.5
2026-06-26T02:06:00+00:00,2026-06-26,EUR,LOW,Italian 10-y Bond Auction,0.0,0.0,DOWN,DOWN,-1.5
2026-06-26T05:30:00+00:00,2026-06-26,USD,LOW,Goods Trade Balance,1.0,0.5,DOWN,DOWN,-1.0
2026-06-26T07:00:00+00:00,2026-06-26,USD,LOW,Revised UoM Consumer Sentiment,1.0,0.5,DOWN,DOWN,-0.5
2026-06-26T08:30:00+00:00,2026-06-26,USD,LOW,FOMC Member Kashkari Speaks,0.0,0.0,DOWN,DOWN,-0.5
2026-06-26T10:30:00+00:00,2026-06-26,USD,LOW,President Trump Speaks,0.0,0.0,DOWN,DOWN,-0.5
2026-06-28T09:35:00+00:00,2026-06-28,USD,LOW,FOMC Member Barkin Speaks,0.0,0.0,DOWN,DOWN,-0.5
2026-06-29T00:00:00+00:00,2026-06-29,EUR,LOW,Spanish Flash CPI y/y,0.0,0.0,DOWN,DOWN,-0.5
2026-06-29T01:00:00+00:00,2026-06-29,EUR,LOW,M3 Money Supply y/y,1.0,0.5,DOWN,DOWN,0.0
2026-06-29T12:00:00+00:00,2026-06-29,EUR,LOW,ECB President Lagarde Speaks,0.0,0.0,DOWN,DOWN,0.0
2026-06-29T23:00:00+00:00,2026-06-29,EUR,LOW,German Import Prices m/m,1.0,0.5,DOWN,DOWN,0.5
2026-06-29T23:45:00+00:00,2026-06-29,EUR,LOW,French Consumer Spending m/m,1.0,0.5,DOWN,DOWN,1.0
2026-06-30T00:55:00+00:00,2026-06-30,EUR,LOW,German Unemployment Change,1.0,0.5,DOWN,DOWN,1.5
2026-06-30T02:00:00+00:00,2026-06-30,EUR,LOW,Italian Prelim CPI m/m,-1.0,-0.5,DOWN,DOWN,1.0
2026-06-30T06:00:00+00:00,2026-06-30,USD,LOW,HPI m/m,1.0,0.5,DOWN,DOWN,1.5
2026-06-30T06:45:00+00:00,2026-06-30,USD,LOW,Chicago PMI,-1.0,-0.5,DOWN,DOWN,1.0
2026-06-30T07:00:00+00:00,2026-06-30,USD,LOW,CB Consumer Confidence,1.0,0.5,DOWN,DOWN,1.5
2026-06-30T13:30:00+00:00,2026-06-30,USD,LOW,API Weekly Statistical Bulletin,0.0,0.0,DOWN,DOWN,1.5
2026-07-01T00:15:00+00:00,2026-07-01,EUR,LOW,Spanish Manufacturing PMI,-1.0,-0.5,DOWN,DOWN,-0.5
2026-07-01T00:45:00+00:00,2026-07-01,EUR,LOW,Italian Manufacturing PMI,-1.0,-0.5,DOWN,DOWN,-1.0
2026-07-01T00:50:00+00:00,2026-07-01,EUR,LOW,French Final Manufacturing PMI,1.0,0.5,DOWN,DOWN,-0.5
2026-07-01T00:55:00+00:00,2026-07-01,EUR,LOW,German Final Manufacturing PMI,1.0,0.5,DOWN,DOWN,0.0
2026-07-01T01:00:00+00:00,2026-07-01,EUR,LOW,Final Manufacturing PMI,1.0,0.5,DOWN,DOWN,0.5
2026-07-01T02:00:00+00:00,2026-07-01,EUR,LOW,Core CPI Flash Estimate y/y,-1.0,-0.5,DOWN,DOWN,0.0
2026-07-01T02:30:00+00:00,2026-07-01,USD,LOW,Challenger Job Cuts y/y,0.0,0.0,DOWN,DOWN,0.0
2026-07-01T05:15:00+00:00,2026-07-01,USD,LOW,ADP Non-Farm Employment Change,1.0,0.5,DOWN,DOWN,0.5
2026-07-01T06:45:00+00:00,2026-07-01,USD,LOW,Final Manufacturing PMI,1.0,0.5,DOWN,DOWN,1.0
2026-07-01T07:00:00+00:00,2026-07-01,EUR,LOW,ECB President Lagarde Speaks,0.0,0.0,DOWN,DOWN,1.0
2026-07-01T07:30:00+00:00,2026-07-01,USD,LOW,Crude Oil Inventories,1.0,0.5,DOWN,DOWN,1.5
2026-07-01T12:15:00+00:00,2026-07-01,USD,LOW,President Trump Speaks,0.0,0.0,DOWN,DOWN,1.5
2026-07-01T23:45:00+00:00,2026-07-01,EUR,LOW,French Gov Budget Balance,0.0,0.0,DOWN,DOWN,1.5
2026-07-02T00:00:00+00:00,2026-07-02,EUR,LOW,Spanish Unemployment Change,-1.0,-0.5,DOWN,DOWN,1.0
2026-07-02T01:00:00+00:00,2026-07-02,EUR,LOW,Italian Monthly Unemployment Rate,1.0,0.5,DOWN,DOWN,1.5
2026-07-02T01:41:00+00:00,2026-07-02,EUR,LOW,Spanish 10-y Bond Auction,0.0,0.0,DOWN,DOWN,1.5
2026-07-02T01:56:00+00:00,2026-07-02,EUR,LOW,French 10-y Bond Auction,0.0,0.0,DOWN,DOWN,1.5
2026-07-02T02:00:00+00:00,2026-07-02,EUR,LOW,Unemployment Rate,1.0,0.5,DOWN,DOWN,2.0
2026-07-02T04:45:00+00:00,2026-07-02,USD,LOW,FOMC Member Daly Speaks,0.0,0.0,DOWN,DOWN,2.0
2026-07-02T05:30:00+00:00,2026-07-02,USD,HIGH,Average Hourly Earnings m/m,0.0,0.0,DOWN,DOWN,2.0
2026-07-02T07:00:00+00:00,2026-07-02,USD,LOW,Factory Orders m/m,-1.0,-0.5,DOWN,DOWN,1.5
2026-07-02T07:30:00+00:00,2026-07-02,USD,LOW,Natural Gas Storage,-1.0,-0.5,DOWN,DOWN,1.0
2026-07-02T23:45:00+00:00,2026-07-02,EUR,LOW,French Industrial Production m/m,1.0,0.5,DOWN,DOWN,1.5
2026-07-03T00:15:00+00:00,2026-07-03,EUR,LOW,Spanish Services PMI,1.0,0.5,DOWN,DOWN,2.0
2026-07-03T00:45:00+00:00,2026-07-03,EUR,LOW,Italian Services PMI,-1.0,-0.5,DOWN,DOWN,1.5
2026-07-03T00:50:00+00:00,2026-07-03,EUR,LOW,French Final Services PMI,-1.0,-0.5,DOWN,DOWN,1.0
2026-07-03T00:55:00+00:00,2026-07-03,EUR,LOW,German Final Services PMI,1.0,0.5,DOWN,DOWN,1.5
2026-07-03T01:00:00+00:00,2026-07-03,EUR,LOW,ECB President Lagarde Speaks,0.0,0.0,DOWN,DOWN,1.5
2026-07-03T08:00:00+00:00,2026-07-03,EUR,LOW,German Buba President Nagel Speaks,0.0,0.0,DOWN,DOWN,1.5
2026-07-05T23:00:00+00:00,2026-07-05,EUR,LOW,German Factory Orders m/m,1.0,0.5,DOWN,DOWN,2.0
2026-07-06T01:30:00+00:00,2026-07-06,EUR,LOW,Sentix Investor Confidence,1.0,0.5,DOWN,DOWN,2.5
2026-07-06T02:00:00+00:00,2026-07-06,EUR,LOW,PPI m/m,0.0,0.0,DOWN,DOWN,2.5
2026-07-06T06:45:00+00:00,2026-07-06,USD,LOW,Final Services PMI,1.0,0.5,DOWN,DOWN,3.0
2026-07-06T07:00:00+00:00,2026-07-06,USD,HIGH,ISM Services PMI,1.0,3.0,DOWN,UP,6.0
2026-07-06T08:00:00+00:00,2026-07-06,USD,LOW,FOMC Member Waller Speaks,0.0,0.0,UP,UP,6.0
2026-07-06T23:00:00+00:00,2026-07-06,EUR,LOW,German Industrial Production m/m,1.0,0.5,UP,UP,6.5
2026-07-06T23:45:00+00:00,2026-07-06,EUR,LOW,French Trade Balance,-1.0,-0.5,UP,UP,6.0
2026-07-07T04:00:00+00:00,2026-07-07,USD,LOW,FOMC Member Bowman Speaks,0.0,0.0,UP,UP,6.0
2026-07-07T05:15:00+00:00,2026-07-07,USD,LOW,ADP Weekly Employment Change,0.0,0.0,UP,UP,6.0
2026-07-07T07:04:00+00:00,2026-07-07,USD,LOW,RCM/TIPP Economic Optimism,-1.0,-0.5,UP,UP,5.5
2026-07-07T13:30:00+00:00,2026-07-07,USD,LOW,API Weekly Statistical Bulletin,0.0,0.0,UP,UP,5.5
2026-07-08T02:41:00+00:00,2026-07-08,EUR,LOW,German 10-y Bond Auction,0.0,0.0,UP,UP,5.5
2026-07-08T04:30:00+00:00,2026-07-08,EUR,LOW,German Buba President Nagel Speaks,0.0,0.0,UP,UP,5.5
2026-07-08T07:00:00+00:00,2026-07-08,USD,LOW,Final Wholesale Inventories m/m,1.0,0.5,UP,UP,6.0
2026-07-08T07:30:00+00:00,2026-07-08,USD,LOW,Crude Oil Inventories,-1.0,-0.5,UP,UP,5.5
2026-07-08T10:01:00+00:00,2026-07-08,USD,LOW,10-y Bond Auction,0.0,0.0,UP,UP,5.5
2026-07-08T11:00:00+00:00,2026-07-08,USD,HIGH,FOMC Meeting Minutes,0.0,0.0,UP,UP,5.5
2026-07-08T12:00:00+00:00,2026-07-08,USD,LOW,Consumer Credit m/m,1.0,0.5,UP,UP,6.0
2026-07-08T23:00:00+00:00,2026-07-08,EUR,LOW,German Trade Balance,1.0,0.5,UP,UP,6.5
2026-07-09T04:30:00+00:00,2026-07-09,EUR,LOW,ECB Monetary Policy Meeting Accounts,0.0,0.0,UP,UP,6.5
2026-07-09T05:30:00+00:00,2026-07-09,USD,LOW,Unemployment Claims,1.0,0.5,UP,UP,7.0
2026-07-09T06:00:00+00:00,2026-07-09,USD,LOW,FOMC Member Williams Speaks,0.0,0.0,UP,UP,7.0
2026-07-09T07:00:00+00:00,2026-07-09,USD,LOW,Existing Home Sales,1.0,0.5,UP,UP,7.5
2026-07-09T07:30:00+00:00,2026-07-09,USD,LOW,Natural Gas Storage,-1.0,-0.5,UP,UP,7.0
2026-07-09T10:01:00+00:00,2026-07-09,USD,LOW,30-y Bond Auction,0.0,0.0,UP,UP,7.0
2026-07-09T23:00:00+00:00,2026-07-09,EUR,LOW,German Final CPI m/m,0.0,0.0,UP,UP,7.0
2026-07-09T23:45:00+00:00,2026-07-09,EUR,LOW,French Final CPI m/m,-1.0,-0.5,UP,UP,6.5
2026-07-10T01:00:00+00:00,2026-07-10,EUR,LOW,Italian Industrial Production m/m,-1.0,-0.5,UP,UP,6.0
2026-07-10T08:00:00+00:00,2026-07-10,USD,LOW,Fed Monetary Policy Report,0.0,0.0,UP,UP,6.0
2026-07-13T02:25:00+00:00,2026-07-13,USD,LOW,FOMC Member Bowman Speaks,0.0,0.0,UP,UP,6.0
2026-07-13T09:30:00+00:00,2026-07-13,USD,LOW,FOMC Member Waller Speaks,0.0,0.0,UP,UP,6.0
2026-07-13T10:59:00+00:00,2026-07-13,USD,LOW,Federal Budget Balance,-1.0,-0.5,UP,UP,5.5
2026-07-13T23:00:00+00:00,2026-07-13,EUR,LOW,German WPI m/m,-1.0,-0.5,UP,UP,5.0
2026-07-14T03:00:00+00:00,2026-07-14,USD,LOW,NFIB Small Business Index,-1.0,-0.5,UP,UP,4.5
2026-07-14T05:15:00+00:00,2026-07-14,USD,LOW,ADP Weekly Employment Change,0.0,0.0,UP,UP,4.5
2026-07-14T05:30:00+00:00,2026-07-14,USD,HIGH,Core CPI m/m,1.0,3.0,UP,UP,7.5
2026-07-14T07:00:00+00:00,2026-07-14,USD,HIGH,Fed Chairman Warsh Testifies,0.0,0.0,UP,UP,7.5
2026-07-14T09:40:00+00:00,2026-07-14,USD,LOW,FOMC Member Barr Speaks,0.0,0.0,UP,UP,7.5
2026-07-14T10:00:00+00:00,2026-07-14,USD,LOW,FOMC Member Goolsbee Speaks,0.0,0.0,UP,UP,7.5
2026-07-14T11:55:00+00:00,2026-07-14,USD,LOW,FOMC Member Bowman Speaks,0.0,0.0,UP,UP,7.5
2026-07-14T13:30:00+00:00,2026-07-14,USD,LOW,API Weekly Statistical Bulletin,0.0,0.0,UP,UP,7.5
2026-07-15T02:00:00+00:00,2026-07-15,EUR,LOW,Industrial Production m/m,-1.0,-0.5,UP,UP,7.0
2026-07-15T02:34:00+00:00,2026-07-15,EUR,LOW,German 30-y Bond Auction,0.0,0.0,UP,UP,7.0
2026-07-15T05:45:00+00:00,2026-07-15,USD,LOW,FOMC Member Williams Speaks,0.0,0.0,UP,UP,7.0
2026-07-15T07:00:00+00:00,2026-07-15,USD,HIGH,Fed Chairman Warsh Testifies,0.0,0.0,UP,UP,7.0
2026-07-15T07:30:00+00:00,2026-07-15,USD,LOW,Crude Oil Inventories,-1.0,-0.5,UP,UP,6.5
2026-07-15T09:00:00+00:00,2026-07-15,EUR,LOW,German Buba President Nagel Speaks,0.0,0.0,UP,UP,6.5
2026-07-15T10:00:00+00:00,2026-07-15,USD,LOW,FOMC Member Cook Speaks,0.0,0.0,UP,UP,6.5
2026-07-15T11:00:00+00:00,2026-07-15,USD,LOW,Beige Book,0.0,0.0,UP,UP,6.5
2026-07-15T15:30:00+00:00,2026-07-15,USD,LOW,FOMC Member Musalem Speaks,0.0,0.0,UP,UP,6.5
2026-07-16T02:00:00+00:00,2026-07-16,EUR,LOW,Italian Trade Balance,-1.0,-0.5,UP,UP,6.0
2026-07-16T05:30:00+00:00,2026-07-16,USD,LOW,Core Retail Sales m/m,1.0,0.5,UP,UP,6.5
2026-07-16T07:00:00+00:00,2026-07-16,USD,LOW,Business Inventories m/m,0.0,0.0,UP,UP,6.5
2026-07-16T07:30:00+00:00,2026-07-16,USD,LOW,Natural Gas Storage,1.0,0.5,UP,UP,7.0
2026-07-16T09:30:00+00:00,2026-07-16,USD,LOW,FOMC Member Logan Speaks,0.0,0.0,UP,UP,7.0
2026-07-16T10:25:00+00:00,2026-07-16,USD,LOW,FOMC Member Schmid Speaks,0.0,0.0,UP,UP,7.0
2026-07-16T16:00:00+00:00,2026-07-16,USD,LOW,FOMC Member Jefferson Speaks,0.0,0.0,UP,UP,7.0
2026-07-16T18:00:00+00:00,2026-07-16,USD,LOW,President Trump Speaks,0.0,0.0,UP,UP,7.0
2026-07-17T01:00:00+00:00,2026-07-17,EUR,LOW,Current Account,1.0,0.5,UP,UP,7.5
2026-07-17T02:00:00+00:00,2026-07-17,EUR,LOW,Final Core CPI y/y,0.0,0.0,UP,UP,7.5
2026-07-17T06:15:00+00:00,2026-07-17,USD,LOW,Capacity Utilization Rate,1.0,0.5,UP,UP,8.0
2026-07-17T07:00:00+00:00,2026-07-17,USD,LOW,Prelim UoM Consumer Sentiment,-1.0,-0.5,UP,UP,7.5
2026-07-19T23:00:00+00:00,2026-07-19,EUR,LOW,German PPI m/m,-1.0,-0.5,UP,UP,7.0
2026-07-20T07:00:00+00:00,2026-07-20,USD,LOW,CB Leading Index m/m,1.0,0.5,UP,UP,7.5
2026-07-21T02:00:00+00:00,2026-07-21,EUR,LOW,ZEW Economic Sentiment,1.0,0.5,UP,UP,8.0
2026-07-21T04:30:00+00:00,2026-07-21,EUR,LOW,German Buba President Nagel Speaks,0.0,0.0,UP,UP,8.0
2026-07-21T05:15:00+00:00,2026-07-21,USD,LOW,ADP Weekly Employment Change,0.0,0.0,UP,UP,8.0
2026-07-21T13:30:00+00:00,2026-07-21,USD,LOW,API Weekly Statistical Bulletin,0.0,0.0,UP,UP,8.0
2026-07-22T07:30:00+00:00,2026-07-22,USD,LOW,Crude Oil Inventories,-1.0,-0.5,UP,UP,7.5
2026-07-22T12:00:00+00:00,2026-07-22,USD,LOW,President Trump Speaks,0.0,0.0,UP,UP,7.5
2026-07-23T05:15:00+00:00,2026-07-23,EUR,HIGH,Main Refinancing Rate,0.0,0.0,UP,UP,7.5
2026-07-23T05:45:00+00:00,2026-07-23,EUR,HIGH,ECB Press Conference,0.0,0.0,UP,UP,7.5
2026-07-23T07:00:00+00:00,2026-07-23,EUR,LOW,Consumer Confidence,1.0,0.5,UP,UP,8.0
2026-07-23T07:30:00+00:00,2026-07-23,USD,LOW,Natural Gas Storage,-1.0,-0.5,UP,UP,7.5
2026-07-23T13:00:00+00:00,2026-07-23,USD,LOW,Treasury Currency Report,0.0,0.0,UP,UP,7.5
2026-07-23T23:00:00+00:00,2026-07-23,EUR,LOW,German GfK Consumer Climate,-1.0,-0.5,UP,UP,7.0
2026-07-24T00:15:00+00:00,2026-07-24,EUR,LOW,French Flash Manufacturing PMI,-1.0,-0.5,UP,UP,6.5
2026-07-24T00:30:00+00:00,2026-07-24,EUR,LOW,German Flash Manufacturing PMI,1.0,0.5,UP,UP,7.0
2026-07-24T01:00:00+00:00,2026-07-24,EUR,LOW,Flash Manufacturing PMI,1.0,0.5,UP,UP,7.5
2026-07-24T06:00:00+00:00,2026-07-24,EUR,LOW,Belgian NBB Business Climate,-1.0,-0.5,UP,UP,7.0
2026-07-24T06:45:00+00:00,2026-07-24,USD,LOW,Flash Manufacturing PMI,1.0,0.5,UP,UP,7.5
2026-07-24T07:00:00+00:00,2026-07-24,USD,LOW,New Home Sales,-1.0,-0.5,UP,UP,7.0
2026-07-24T17:55:00+00:00,2026-07-24,USD,LOW,President Trump Speaks,0.0,0.0,UP,UP,7.0
2026-07-27T01:00:00+00:00,2026-07-27,EUR,LOW,German ifo Business Climate,1.0,0.5,UP,UP,7.5
2026-07-27T05:30:00+00:00,2026-07-27,USD,LOW,Core Durable Goods Orders m/m,1.0,0.5,UP,UP,8.0
2026-07-27T11:50:00+00:00,2026-07-27,USD,LOW,President Trump Speaks,0.0,0.0,UP,UP,8.0
2026-07-28T00:00:00+00:00,2026-07-28,EUR,LOW,Spanish Unemployment Rate,1.0,0.5,UP,UP,8.5
2026-07-28T03:00:00+00:00,2026-07-28,EUR,LOW,German Buba Monthly Report,0.0,0.0,UP,UP,8.5
2026-07-28T05:15:00+00:00,2026-07-28,USD,LOW,ADP Weekly Employment Change,0.0,0.0,UP,UP,8.5
2026-07-28T05:30:00+00:00,2026-07-28,USD,LOW,Goods Trade Balance,1.0,0.5,UP,UP,9.0
2026-07-28T06:00:00+00:00,2026-07-28,USD,LOW,HPI m/m,-1.0,-0.5,UP,UP,8.5
2026-07-28T07:00:00+00:00,2026-07-28,USD,LOW,CB Consumer Confidence,1.0,0.5,UP,UP,9.0
2026-07-28T13:30:00+00:00,2026-07-28,USD,LOW,API Weekly Statistical Bulletin,0.0,0.0,UP,UP,9.0
2026-07-28T23:00:00+00:00,2026-07-28,EUR,LOW,German Import Prices m/m,0.0,0.0,UP,UP,9.0
2026-07-29T02:31:00+00:00,2026-07-29,EUR,LOW,German 10-y Bond Auction,0.0,0.0,UP,UP,9.0
2026-07-29T07:30:00+00:00,2026-07-29,USD,LOW,Crude Oil Inventories,1.0,0.5,UP,UP,9.5
2026-07-29T11:00:00+00:00,2026-07-29,USD,HIGH,Federal Funds Rate,0.0,0.0,UP,UP,9.5
2026-07-29T11:30:00+00:00,2026-07-29,USD,HIGH,FOMC Press Conference,0.0,0.0,UP,UP,9.5
2026-07-29T22:30:00+00:00,2026-07-29,EUR,LOW,French Consumer Spending m/m,1.0,0.5,UP,UP,10.0
2026-07-29T23:45:00+00:00,2026-07-29,EUR,LOW,French Prelim Private Payrolls q/q,0.0,0.0,UP,UP,10.0
2026-07-30T01:00:00+00:00,2026-07-30,EUR,LOW,German Prelim GDP q/q,1.0,0.5,UP,UP,10.5
2026-07-30T02:00:00+00:00,2026-07-30,EUR,LOW,Italian Monthly Unemployment Rate,-1.0,-0.5,UP,UP,10.0
2026-07-30T02:06:00+00:00,2026-07-30,EUR,LOW,Italian 10-y Bond Auction,0.0,0.0,UP,UP,10.0
2026-07-30T05:30:00+00:00,2026-07-30,USD,HIGH,Advance GDP q/q,1.0,3.0,UP,UP,13.0
2026-07-30T07:30:00+00:00,2026-07-30,USD,LOW,Natural Gas Storage,1.0,0.5,UP,UP,13.5
2026-07-30T23:45:00+00:00,2026-07-30,EUR,LOW,French Prelim CPI m/m,1.0,0.5,UP,UP,14.0
2026-07-31T00:55:00+00:00,2026-07-31,EUR,LOW,German Unemployment Change,-1.0,-0.5,UP,UP,13.5
2026-07-31T02:00:00+00:00,2026-07-31,EUR,LOW,Core CPI Flash Estimate y/y,1.0,0.5,UP,UP,14.0
2026-07-31T06:45:00+00:00,2026-07-31,USD,LOW,Chicago PMI,-1.0,-0.5,UP,UP,13.5
2026-07-31T07:00:00+00:00,2026-07-31,USD,LOW,Revised UoM Consumer Sentiment,-1.0,-0.5,UP,UP,13.0
2026-08-02T23:00:00+00:00,2026-08-02,EUR,LOW,German Retail Sales m/m,-1.0,-0.5,UP,UP,-0.5
2026-08-03T00:15:00+00:00,2026-08-03,EUR,LOW,Spanish Manufacturing PMI,-1.0,-0.5,UP,UP,-1.0
2026-08-03T00:45:00+00:00,2026-08-03,EUR,LOW,Italian Manufacturing PMI,-1.0,-0.5,UP,UP,-1.5
2026-08-03T00:50:00+00:00,2026-08-03,EUR,LOW,French Final Manufacturing PMI,-1.0,-0.5,UP,UP,-2.0
2026-08-03T00:55:00+00:00,2026-08-03,EUR,LOW,German Final Manufacturing PMI,0.0,0.0,UP,UP,-2.0
2026-08-03T01:00:00+00:00,2026-08-03,EUR,LOW,Final Manufacturing PMI,-1.0,-0.5,UP,UP,-2.5
2026-08-03T06:45:00+00:00,2026-08-03,USD,LOW,Final Manufacturing PMI,-1.0,-0.5,UP,UP,-3.0
2026-08-03T07:00:00+00:00,2026-08-03,USD,HIGH,ISM Manufacturing PMI,-1.0,-3.0,UP,DOWN,-6.0
2026-08-03T11:00:00+00:00,2026-08-03,USD,LOW,Loan Officer Survey,0.0,0.0,DOWN,DOWN,-6.0
2026-08-03T23:45:00+00:00,2026-08-03,EUR,LOW,French Gov Budget Balance,0.0,0.0,DOWN,DOWN,-6.0
2026-08-04T00:00:00+00:00,2026-08-04,EUR,LOW,Spanish Unemployment Change,-1.0,-0.5,DOWN,DOWN,-6.5
2026-08-04T01:00:00+00:00,2026-08-04,EUR,LOW,Italian Retail Sales m/m,-1.0,-0.5,DOWN,DOWN,-7.0
2026-08-04T07:00:00+00:00,2026-08-04,USD,LOW,JOLTS Job Openings,1.0,0.5,DOWN,DOWN,-6.5
2026-08-04T07:13:00+00:00,2026-08-04,USD,LOW,RCM/TIPP Economic Optimism,1.0,0.5,DOWN,DOWN,-6.0
2026-08-04T13:30:00+00:00,2026-08-04,USD,LOW,API Weekly Statistical Bulletin,0.0,0.0,DOWN,DOWN,-6.0
2026-08-04T17:15:00+00:00,2026-08-04,USD,LOW,FOMC Member Schmid Speaks,0.0,0.0,DOWN,DOWN,-6.0
2026-08-04T23:45:00+00:00,2026-08-04,EUR,LOW,French Industrial Production m/m,-1.0,-0.5,DOWN,DOWN,-6.5
2026-08-05T00:15:00+00:00,2026-08-05,EUR,LOW,Spanish Services PMI,1.0,0.5,DOWN,DOWN,-6.0
2026-08-05T00:45:00+00:00,2026-08-05,EUR,LOW,Italian Services PMI,1.0,0.5,DOWN,DOWN,-5.5
2026-08-05T00:50:00+00:00,2026-08-05,EUR,LOW,French Final Services PMI,-1.0,-0.5,DOWN,DOWN,-6.0
2026-08-05T00:55:00+00:00,2026-08-05,EUR,LOW,German Final Services PMI,1.0,0.5,DOWN,DOWN,-5.5
2026-08-05T01:00:00+00:00,2026-08-05,EUR,LOW,Final Services PMI,1.0,0.5,DOWN,DOWN,-5.0
2026-08-05T02:00:00+00:00,2026-08-05,EUR,LOW,PPI m/m,-1.0,-0.5,DOWN,DOWN,-5.5
2026-08-05T05:15:00+00:00,2026-08-05,USD,LOW,ADP Non-Farm Employment Change,1.0,0.5,DOWN,DOWN,-5.0
2026-08-05T06:45:00+00:00,2026-08-05,USD,LOW,Final Services PMI,-1.0,-0.5,DOWN,DOWN,-5.5
2026-08-05T07:00:00+00:00,2026-08-05,USD,LOW,ISM Services PMI,1.0,0.5,DOWN,DOWN,-5.0
2026-08-05T07:30:00+00:00,2026-08-05,USD,LOW,Crude Oil Inventories,-1.0,-0.5,DOWN,DOWN,-5.5
2026-08-05T13:05:00+00:00,2026-08-05,USD,LOW,FOMC Member Cook Speaks,0.0,0.0,DOWN,DOWN,-5.5
2026-08-05T13:30:00+00:00,2026-08-05,USD,LOW,President Trump Speaks,0.0,0.0,DOWN,DOWN,-5.5
2026-08-05T17:35:00+00:00,2026-08-05,USD,LOW,FOMC Member Daly Speaks,0.0,0.0,DOWN,DOWN,-5.5
2026-08-05T23:00:00+00:00,2026-08-05,EUR,LOW,German Factory Orders m/m,1.0,0.5,DOWN,DOWN,-5.0
2026-08-06T01:00:00+00:00,2026-08-06,EUR,LOW,ECB Economic Bulletin,0.0,0.0,DOWN,DOWN,-5.0
2026-08-06T01:41:00+00:00,2026-08-06,EUR,LOW,Spanish 10-y Bond Auction,0.0,0.0,DOWN,DOWN,-5.0
2026-08-06T01:57:00+00:00,2026-08-06,EUR,LOW,French 10-y Bond Auction,0.0,0.0,DOWN,DOWN,-5.0
2026-08-06T02:00:00+00:00,2026-08-06,EUR,LOW,Retail Sales m/m,-1.0,-0.5,DOWN,DOWN,-5.5
2026-08-06T02:30:00+00:00,2026-08-06,USD,LOW,Challenger Job Cuts y/y,0.0,0.0,DOWN,DOWN,-5.5
2026-08-06T05:30:00+00:00,2026-08-06,USD,LOW,Unemployment Claims,1.0,0.5,DOWN,DOWN,-5.0
2026-08-06T07:00:00+00:00,2026-08-06,USD,LOW,Final Wholesale Inventories m/m,1.0,0.5,DOWN,DOWN,-4.5
2026-08-06T07:30:00+00:00,2026-08-06,USD,LOW,Natural Gas Storage,-1.0,-0.5,DOWN,DOWN,-5.0
2026-08-06T14:30:00+00:00,2026-08-06,USD,LOW,FOMC Member Musalem Speaks,0.0,0.0,DOWN,DOWN,-5.0
2026-08-06T23:00:00+00:00,2026-08-06,EUR,LOW,German Industrial Production m/m,0.0,0.0,DOWN,DOWN,-5.0
2026-08-06T23:45:00+00:00,2026-08-06,EUR,LOW,French Trade Balance,1.0,0.5,DOWN,DOWN,-4.5
2026-08-07T12:00:00+00:00,2026-08-07,USD,LOW,Consumer Credit m/m,-1.0,-0.5,DOWN,DOWN,-5.0
2026-08-10T01:30:00+00:00,2026-08-10,EUR,LOW,Sentix Investor Confidence,1.0,0.5,DOWN,DOWN,-4.5
2026-08-10T06:45:00+00:00,2026-08-10,USD,LOW,Cleveland Fed Inflation Expectations,0.0,0.0,DOWN,DOWN,-4.5
2026-08-10T12:00:00+00:00,2026-08-10,USD,LOW,FOMC Member Hammack Speaks,0.0,0.0,DOWN,DOWN,-4.5
2026-08-11T01:00:00+00:00,2026-08-11,EUR,LOW,Italian Trade Balance,-1.0,-0.5,DOWN,DOWN,-5.0
2026-08-11T03:00:00+00:00,2026-08-11,USD,LOW,NFIB Small Business Index,-1.0,-0.5,DOWN,DOWN,-5.5
2026-08-11T05:15:00+00:00,2026-08-11,USD,LOW,ADP Weekly Employment Change,0.0,0.0,DOWN,DOWN,-5.5
2026-08-11T07:00:00+00:00,2026-08-11,USD,LOW,Existing Home Sales,-1.0,-0.5,DOWN,DOWN,-6.0
2026-08-11T13:30:00+00:00,2026-08-11,USD,LOW,API Weekly Statistical Bulletin,0.0,0.0,DOWN,DOWN,-6.0
2026-08-11T23:00:00+00:00,2026-08-11,EUR,LOW,German Final CPI m/m,0.0,0.0,DOWN,DOWN,-6.0
2026-08-12T02:33:00+00:00,2026-08-12,EUR,LOW,German 30-y Bond Auction,0.0,0.0,DOWN,DOWN,-6.0
2026-08-12T07:30:00+00:00,2026-08-12,USD,LOW,Crude Oil Inventories,-1.0,-0.5,DOWN,DOWN,-6.5
2026-08-12T10:01:00+00:00,2026-08-12,USD,LOW,10-y Bond Auction,0.0,0.0,DOWN,DOWN,-6.5
2026-08-12T10:58:00+00:00,2026-08-12,USD,LOW,Federal Budget Balance,1.0,0.5,DOWN,DOWN,-6.0
2026-08-13T02:00:00+00:00,2026-08-13,EUR,LOW,Industrial Production m/m,1.0,0.5,DOWN,DOWN,-5.5
2026-08-13T05:15:00+00:00,2026-08-13,USD,LOW,FOMC Member Hammack Speaks,0.0,0.0,DOWN,DOWN,-5.5
2026-08-13T05:30:00+00:00,2026-08-13,USD,HIGH,Core PPI m/m,1.0,3.0,DOWN,DOWN,-2.5
2026-08-13T05:40:00+00:00,2026-08-13,USD,LOW,FOMC Member Barkin Speaks,0.0,0.0,DOWN,DOWN,-2.5
2026-08-13T07:29:00+00:00,2026-08-13,USD,LOW,Mortgage Delinquencies,0.0,0.0,DOWN,DOWN,-2.5
2026-08-13T10:01:00+00:00,2026-08-13,USD,LOW,30-y Bond Auction,0.0,0.0,DOWN,DOWN,-2.5
2026-08-13T15:00:00+00:00,2026-08-13,USD,LOW,FOMC Member Goolsbee Speaks,0.0,0.0,DOWN,DOWN,-2.5
2026-08-13T23:00:00+00:00,2026-08-13,EUR,LOW,German WPI m/m,1.0,0.5,DOWN,DOWN,-2.0
2026-08-13T23:45:00+00:00,2026-08-13,EUR,LOW,French Final CPI m/m,0.0,0.0,DOWN,DOWN,-2.0
2026-08-14T02:00:00+00:00,2026-08-14,EUR,LOW,Flash Employment Change q/q,0.0,0.0,DOWN,DOWN,-2.0
2026-08-14T07:00:00+00:00,2026-08-14,USD,LOW,Prelim UoM Consumer Sentiment,1.0,0.5,DOWN,DOWN,-1.5
2026-08-14T12:00:00+00:00,2026-08-14,USD,LOW,President Trump Speaks,0.0,0.0,DOWN,DOWN,-1.5
2026-08-17T07:00:00+00:00,2026-08-17,USD,LOW,NAHB Housing Market Index,-1.0,-0.5,DOWN,DOWN,-2.0
2026-08-17T13:00:00+00:00,2026-08-17,USD,LOW,TIC Long-Term Purchases,-1.0,-0.5,DOWN,DOWN,-2.5
2026-08-18T02:00:00+00:00,2026-08-18,EUR,LOW,ZEW Economic Sentiment,1.0,0.5,DOWN,DOWN,-2.0
2026-08-18T05:30:00+00:00,2026-08-18,USD,LOW,Building Permits,-1.0,-0.5,DOWN,DOWN,-2.5
2026-08-18T06:15:00+00:00,2026-08-18,USD,LOW,Capacity Utilization Rate,0.0,0.0,DOWN,DOWN,-2.5
2026-08-18T07:00:00+00:00,2026-08-18,USD,LOW,Pending Home Sales m/m,1.0,0.5,DOWN,DOWN,-2.0
2026-08-18T13:30:00+00:00,2026-08-18,USD,LOW,API Weekly Statistical Bulletin,0.0,0.0,DOWN,DOWN,-2.0
2026-08-19T00:10:00+00:00,2026-08-19,EUR,LOW,ECB President Lagarde Speaks,0.0,0.0,DOWN,DOWN,-2.0
2026-08-19T01:00:00+00:00,2026-08-19,EUR,LOW,Current Account,1.0,0.5,DOWN,DOWN,-1.5
2026-08-19T02:00:00+00:00,2026-08-19,EUR,LOW,Final Core CPI y/y,0.0,0.0,DOWN,DOWN,-1.5
2026-08-19T02:34:00+00:00,2026-08-19,EUR,LOW,German 10-y Bond Auction,0.0,0.0,DOWN,DOWN,-1.5
2026-08-19T03:15:00+00:00,2026-08-19,EUR,LOW,ECB President Lagarde Speaks,0.0,0.0,DOWN,DOWN,-1.5
2026-08-19T07:30:00+00:00,2026-08-19,USD,LOW,Crude Oil Inventories,-1.0,-0.5,DOWN,DOWN,-2.0
2026-08-19T11:00:00+00:00,2026-08-19,USD,HIGH,FOMC Meeting Minutes,0.0,0.0,DOWN,DOWN,-2.0
2026-08-19T11:30:00+00:00,2026-08-19,USD,LOW,President Trump Speaks,0.0,0.0,DOWN,DOWN,-2.0
2026-08-19T23:00:00+00:00,2026-08-19,EUR,LOW,German PPI m/m,1.0,0.5,DOWN,DOWN,-1.5
2026-08-20T03:00:00+00:00,2026-08-20,EUR,LOW,German Buba Monthly Report,0.0,0.0,DOWN,DOWN,-1.5
2026-08-20T07:00:00+00:00,2026-08-20,USD,LOW,CB Leading Index m/m,-1.0,-0.5,DOWN,DOWN,-2.0
2026-08-20T07:30:00+00:00,2026-08-20,USD,LOW,Natural Gas Storage,-1.0,-0.5,DOWN,DOWN,-2.5
2026-08-20T08:10:00+00:00,2026-08-20,USD,LOW,FOMC Member Musalem Speaks,0.0,0.0,DOWN,DOWN,-2.5
2026-08-21T00:15:00+00:00,2026-08-21,EUR,LOW,French Flash Manufacturing PMI,1.0,0.5,DOWN,DOWN,-2.0
2026-08-21T00:30:00+00:00,2026-08-21,EUR,LOW,German Flash Manufacturing PMI,1.0,0.5,DOWN,DOWN,-1.5
2026-08-21T01:00:00+00:00,2026-08-21,EUR,LOW,Flash Manufacturing PMI,1.0,0.5,DOWN,DOWN,-1.0
2026-08-21T06:45:00+00:00,2026-08-21,USD,LOW,Flash Manufacturing PMI,1.0,0.5,DOWN,DOWN,-0.5
2026-08-21T07:00:00+00:00,2026-08-21,EUR,LOW,Consumer Confidence,0.0,0.0,DOWN,DOWN,-0.5
2026-08-21T16:00:00+00:00,2026-08-21,USD,LOW,President Trump Speaks,0.0,0.0,DOWN,DOWN,-0.5
2026-08-24T10:00:00+00:00,2026-08-24,USD,LOW,Treasury Sec Bessent Speaks,0.0,0.0,DOWN,DOWN,-0.5
2026-08-24T23:00:00+00:00,2026-08-24,EUR,LOW,German Final GDP q/q,1.0,0.5,DOWN,DOWN,0.0
2026-08-25T01:00:00+00:00,2026-08-25,EUR,LOW,German ifo Business Climate,1.0,0.5,DOWN,DOWN,0.5
2026-08-25T05:15:00+00:00,2026-08-25,USD,LOW,ADP Weekly Employment Change,0.0,0.0,DOWN,DOWN,0.5
2026-08-25T05:30:00+00:00,2026-08-25,USD,LOW,FOMC Member Barkin Speaks,0.0,0.0,DOWN,DOWN,0.5
2026-08-25T06:00:00+00:00,2026-08-25,EUR,LOW,Belgian NBB Business Climate,-1.0,-0.5,DOWN,DOWN,0.0
2026-08-25T07:00:00+00:00,2026-08-25,USD,LOW,CB Consumer Confidence,1.0,0.5,DOWN,DOWN,0.5
2026-08-25T13:00:00+00:00,2026-08-25,USD,LOW,FOMC Member Barkin Speaks,0.0,0.0,DOWN,DOWN,0.5
2026-08-25T13:30:00+00:00,2026-08-25,USD,LOW,API Weekly Statistical Bulletin,0.0,0.0,DOWN,DOWN,0.5
2026-08-26T05:30:00+00:00,2026-08-26,USD,HIGH,Core PCE Price Index m/m,0.0,0.0,DOWN,DOWN,0.5
2026-08-26T07:30:00+00:00,2026-08-26,USD,LOW,Crude Oil Inventories,1.0,0.5,DOWN,DOWN,1.0
2026-08-26T08:45:00+00:00,2026-08-26,USD,LOW,FOMC Member Barkin Speaks,0.0,0.0,DOWN,DOWN,1.0
2026-08-26T23:00:00+00:00,2026-08-26,EUR,LOW,German GfK Consumer Climate,1.0,0.5,DOWN,DOWN,1.5
2026-08-27T01:00:00+00:00,2026-08-27,EUR,LOW,M3 Money Supply y/y,-1.0,-0.5,DOWN,DOWN,1.0
2026-08-27T04:30:00+00:00,2026-08-27,EUR,LOW,ECB Monetary Policy Meeting Accounts,0.0,0.0,DOWN,DOWN,1.0
2026-08-27T07:30:00+00:00,2026-08-27,USD,LOW,Natural Gas Storage,1.0,0.5,DOWN,DOWN,1.5
2026-08-27T23:00:00+00:00,2026-08-27,EUR,LOW,German Import Prices m/m,-1.0,-0.5,DOWN,DOWN,1.0
2026-08-27T23:45:00+00:00,2026-08-27,EUR,LOW,French Consumer Spending m/m,1.0,0.5,DOWN,DOWN,1.5
2026-08-28T00:55:00+00:00,2026-08-28,EUR,LOW,German Unemployment Change,0.0,0.0,DOWN,DOWN,1.5
2026-08-28T02:09:00+00:00,2026-08-28,EUR,LOW,Italian 10-y Bond Auction,0.0,0.0,DOWN,DOWN,1.5
2026-08-28T06:00:00+00:00,2026-08-28,USD,LOW,FOMC Member Hammack Speaks,0.0,0.0,DOWN,DOWN,1.5
2026-08-28T06:45:00+00:00,2026-08-28,USD,LOW,Chicago PMI,1.0,0.5,DOWN,DOWN,2.0
2026-08-28T07:00:00+00:00,2026-08-28,USD,HIGH,Fed Chairman Warsh Speaks,0.0,0.0,DOWN,DOWN,2.0
2026-08-31T23:00:00+00:00,2026-08-31,EUR,LOW,German Retail Sales m/m,-1.0,-0.5,DOWN,DOWN,1.5
2026-09-01T00:15:00+00:00,2026-09-01,EUR,LOW,Spanish Manufacturing PMI,-1.0,-0.5,DOWN,DOWN,-0.5
2026-09-01T00:45:00+00:00,2026-09-01,EUR,LOW,Italian Manufacturing PMI,-1.0,-0.5,DOWN,DOWN,-1.0
2026-09-01T00:50:00+00:00,2026-09-01,EUR,LOW,French Final Manufacturing PMI,-1.0,-0.5,DOWN,DOWN,-1.5
2026-09-01T00:55:00+00:00,2026-09-01,EUR,LOW,German Final Manufacturing PMI,1.0,0.5,DOWN,DOWN,-1.0
2026-09-01T01:00:00+00:00,2026-09-01,EUR,LOW,Final Manufacturing PMI,-1.0,-0.5,DOWN,DOWN,-1.5
2026-09-01T01:30:00+00:00,2026-09-01,EUR,LOW,Italian Monthly Unemployment Rate,-1.0,-0.5,DOWN,DOWN,-2.0
2026-09-01T02:00:00+00:00,2026-09-01,EUR,LOW,Core CPI Flash Estimate y/y,-1.0,-0.5,DOWN,DOWN,-2.5
2026-09-01T05:30:00+00:00,2026-09-01,EUR,LOW,German Buba President Nagel Speaks,0.0,0.0,DOWN,DOWN,-2.5
2026-09-01T06:05:00+00:00,2026-09-01,USD,LOW,FOMC Member Barr Speaks,0.0,0.0,DOWN,DOWN,-2.5
2026-09-01T06:45:00+00:00,2026-09-01,USD,LOW,Final Manufacturing PMI,-1.0,-0.5,DOWN,DOWN,-3.0
2026-09-01T07:00:00+00:00,2026-09-01,USD,HIGH,ISM Manufacturing PMI,1.0,3.0,DOWN,DOWN,0.0
2026-09-01T07:04:00+00:00,2026-09-01,USD,LOW,RCM/TIPP Economic Optimism,1.0,0.5,DOWN,DOWN,0.5
2026-09-01T13:30:00+00:00,2026-09-01,USD,LOW,API Weekly Statistical Bulletin,0.0,0.0,DOWN,DOWN,0.5
2026-09-01T23:45:00+00:00,2026-09-01,EUR,LOW,French Gov Budget Balance,0.0,0.0,DOWN,DOWN,0.5
2026-09-02T00:00:00+00:00,2026-09-02,EUR,LOW,Spanish Unemployment Change,-1.0,-0.5,DOWN,DOWN,0.0
2026-09-02T05:15:00+00:00,2026-09-02,USD,LOW,ADP Non-Farm Employment Change,1.0,0.5,DOWN,DOWN,0.5
2026-09-02T07:00:00+00:00,2026-09-02,USD,LOW,Factory Orders m/m,-1.0,-0.5,DOWN,DOWN,0.0
2026-09-02T11:00:00+00:00,2026-09-02,USD,LOW,Beige Book,0.0,0.0,DOWN,DOWN,0.0
2026-09-03T00:15:00+00:00,2026-09-03,EUR,LOW,Spanish Services PMI,-1.0,-0.5,DOWN,DOWN,-0.5
2026-09-03T00:45:00+00:00,2026-09-03,EUR,LOW,Italian Services PMI,1.0,0.5,DOWN,DOWN,0.0
2026-09-03T00:50:00+00:00,2026-09-03,EUR,LOW,French Final Services PMI,-1.0,-0.5,DOWN,DOWN,-0.5
2026-09-03T00:55:00+00:00,2026-09-03,EUR,LOW,German Final Services PMI,1.0,0.5,DOWN,DOWN,0.0
2026-09-03T01:00:00+00:00,2026-09-03,EUR,LOW,Final Services PMI,-1.0,-0.5,DOWN,DOWN,-0.5
2026-09-03T01:43:00+00:00,2026-09-03,EUR,LOW,Spanish 10-y Bond Auction,0.0,0.0,DOWN,DOWN,-0.5
2026-09-03T01:57:00+00:00,2026-09-03,EUR,LOW,French 10-y Bond Auction,0.0,0.0,DOWN,DOWN,-0.5
2026-09-03T02:00:00+00:00,2026-09-03,EUR,LOW,PPI m/m,1.0,0.5,DOWN,DOWN,0.0
2026-09-03T02:30:00+00:00,2026-09-03,USD,LOW,Challenger Job Cuts y/y,0.0,0.0,DOWN,DOWN,0.0
2026-09-03T06:45:00+00:00,2026-09-03,USD,LOW,Final Services PMI,1.0,0.5,DOWN,DOWN,0.5
2026-09-03T07:00:00+00:00,2026-09-03,USD,LOW,ISM Services PMI,-1.0,-0.5,DOWN,DOWN,0.0
2026-09-03T07:30:00+00:00,2026-09-03,USD,LOW,Natural Gas Storage,0.0,0.0,DOWN,DOWN,0.0
2026-09-03T12:00:00+00:00,2026-09-03,USD,LOW,FOMC Member Hammack Speaks,0.0,0.0,DOWN,DOWN,0.0
2026-09-03T12:55:00+00:00,2026-09-03,USD,LOW,FOMC Member Goolsbee Speaks,0.0,0.0,DOWN,DOWN,0.0
2026-09-03T23:00:00+00:00,2026-09-03,EUR,LOW,German Factory Orders m/m,1.0,0.5,DOWN,DOWN,0.5
2026-09-04T01:00:00+00:00,2026-09-04,EUR,LOW,Italian Retail Sales m/m,-1.0,-0.5,DOWN,DOWN,0.0
2026-09-04T02:00:00+00:00,2026-09-04,EUR,LOW,Retail Sales m/m,-1.0,-0.5,DOWN,DOWN,-0.5
