depth,deviation,backstep,pivot_count,median_swing_pips,median_bars,median_efficiency,mean_efficiency,score,deviation_pips
350.0,200.0,40.0,732.0,36.599999999999966,397.0,0.11941316956669695,0.14577200883224417,54.783333801360065,20.0
350.0,200.0,20.0,732.0,36.599999999999966,397.0,0.11941316956669695,0.14577200883224417,54.783333801360065,20.0
350.0,225.0,40.0,732.0,36.599999999999966,397.0,0.11941316956669695,0.14577200883224417,54.783333801360065,22.5
350.0,225.0,20.0,732.0,36.599999999999966,397.0,0.11941316956669695,0.14577200883224417,54.783333801360065,22.5
350.0,250.0,20.0,732.0,36.599999999999966,397.0,0.11941316956669695,0.14577200883224417,54.783333801360065,25.0
350.0,250.0,40.0,732.0,36.599999999999966,397.0,0.11941316956669695,0.14577200883224417,54.783333801360065,25.0
350.0,100.0,20.0,732.0,36.599999999999966,397.0,0.11941316956669695,0.14577200883224417,54.783333801360065,10.0
350.0,100.0,40.0,732.0,36.599999999999966,397.0,0.11941316956669695,0.14577200883224417,54.783333801360065,10.0
350.0,75.0,40.0,732.0,36.599999999999966,397.0,0.11941316956669695,0.14577200883224417,54.783333801360065,7.5
350.0,75.0,20.0,732.0,36.599999999999966,397.0,0.11941316956669695,0.14577200883224417,54.783333801360065,7.5
350.0,125.0,40.0,732.0,36.599999999999966,397.0,0.11941316956669695,0.14577200883224417,54.783333801360065,12.5
350.0,125.0,20.0,732.0,36.599999999999966,397.0,0.11941316956669695,0.14577200883224417,54.783333801360065,12.5
350.0,150.0,20.0,732.0,36.599999999999966,397.0,0.11941316956669695,0.14577200883224417,54.783333801360065,15.0
350.0,150.0,40.0,732.0,36.599999999999966,397.0,0.11941316956669695,0.14577200883224417,54.783333801360065,15.0
350.0,175.0,20.0,732.0,36.599999999999966,397.0,0.11941316956669695,0.14577200883224417,54.783333801360065,17.5
350.0,175.0,40.0,732.0,36.599999999999966,397.0,0.11941316956669695,0.14577200883224417,54.783333801360065,17.5
350.0,25.0,20.0,732.0,36.599999999999966,397.0,0.11941316956669695,0.14577200883224417,54.783333801360065,2.5
350.0,25.0,40.0,732.0,36.599999999999966,397.0,0.11941316956669695,0.14577200883224417,54.783333801360065,2.5
350.0,50.0,20.0,732.0,36.599999999999966,397.0,0.11941316956669695,0.14577200883224417,54.783333801360065,5.0
350.0,50.0,40.0,732.0,36.599999999999966,397.0,0.11941316956669695,0.14577200883224417,54.783333801360065,5.0
350.0,100.0,60.0,728.0,36.800000000001276,399.0,0.1180904522613029,0.1442694087158415,54.74683347364866,10.0
350.0,75.0,60.0,728.0,36.800000000001276,399.0,0.1180904522613029,0.1442694087158415,54.74683347364866,7.5
350.0,25.0,60.0,728.0,36.800000000001276,399.0,0.1180904522613029,0.1442694087158415,54.74683347364866,2.5
350.0,50.0,60.0,728.0,36.800000000001276,399.0,0.1180904522613029,0.1442694087158415,54.74683347364866,5.0
350.0,175.0,60.0,728.0,36.800000000001276,399.0,0.1180904522613029,0.1442694087158415,54.74683347364866,17.5
350.0,200.0,60.0,728.0,36.800000000001276,399.0,0.1180904522613029,0.1442694087158415,54.74683347364866,20.0
350.0,225.0,60.0,728.0,36.800000000001276,399.0,0.1180904522613029,0.1442694087158415,54.74683347364866,22.5
350.0,250.0,60.0,728.0,36.800000000001276,399.0,0.1180904522613029,0.1442694087158415,54.74683347364866,25.0
350.0,125.0,60.0,728.0,36.800000000001276,399.0,0.1180904522613029,0.1442694087158415,54.74683347364866,12.5
350.0,150.0,60.0,728.0,36.800000000001276,399.0,0.1180904522613029,0.1442694087158415,54.74683347364866,15.0
350.0,225.0,100.0,724.0,36.89999999999971,399.0,0.11734519329456243,0.14290487790572623,54.74245398963109,22.5
350.0,200.0,100.0,724.0,36.89999999999971,399.0,0.11734519329456243,0.14290487790572623,54.74245398963109,20.0
350.0,150.0,100.0,724.0,36.89999999999971,399.0,0.11734519329456243,0.14290487790572623,54.74245398963109,15.0
350.0,100.0,100.0,724.0,36.89999999999971,399.0,0.11734519329456243,0.14290487790572623,54.74245398963109,10.0
350.0,75.0,100.0,724.0,36.89999999999971,399.0,0.11734519329456243,0.14290487790572623,54.74245398963109,7.5
350.0,25.0,100.0,724.0,36.89999999999971,399.0,0.11734519329456243,0.14290487790572623,54.74245398963109,2.5
350.0,50.0,100.0,724.0,36.89999999999971,399.0,0.11734519329456243,0.14290487790572623,54.74245398963109,5.0
350.0,250.0,100.0,724.0,36.89999999999971,399.0,0.11734519329456243,0.14290487790572623,54.74245398963109,25.0
350.0,175.0,100.0,724.0,36.89999999999971,399.0,0.11734519329456243,0.14290487790572623,54.74245398963109,17.5
350.0,125.0,100.0,724.0,36.89999999999971,399.0,0.11734519329456243,0.14290487790572623,54.74245398963109,12.5
350.0,75.0,80.0,726.0,36.89999999999971,399.0,0.11735861392612372,0.14397133289134884,54.73209349683318,7.5
350.0,250.0,80.0,726.0,36.89999999999971,399.0,0.11735861392612372,0.14397133289134884,54.73209349683318,25.0
350.0,125.0,80.0,726.0,36.89999999999971,399.0,0.11735861392612372,0.14397133289134884,54.73209349683318,12.5
350.0,150.0,80.0,726.0,36.89999999999971,399.0,0.11735861392612372,0.14397133289134884,54.73209349683318,15.0
350.0,175.0,80.0,726.0,36.89999999999971,399.0,0.11735861392612372,0.14397133289134884,54.73209349683318,17.5
350.0,50.0,80.0,726.0,36.89999999999971,399.0,0.11735861392612372,0.14397133289134884,54.73209349683318,5.0
350.0,25.0,80.0,726.0,36.89999999999971,399.0,0.11735861392612372,0.14397133289134884,54.73209349683318,2.5
350.0,100.0,80.0,726.0,36.89999999999971,399.0,0.11735861392612372,0.14397133289134884,54.73209349683318,10.0
350.0,200.0,80.0,726.0,36.89999999999971,399.0,0.11735861392612372,0.14397133289134884,54.73209349683318,20.0
350.0,225.0,80.0,726.0,36.89999999999971,399.0,0.11735861392612372,0.14397133289134884,54.73209349683318,22.5
350.0,175.0,160.0,702.0,37.70000000000051,410.0,0.1153512575889183,0.1383015048683256,54.72475274774059,17.5
350.0,100.0,160.0,702.0,37.70000000000051,410.0,0.1153512575889183,0.1383015048683256,54.72475274774059,10.0
350.0,150.0,160.0,702.0,37.70000000000051,410.0,0.1153512575889183,0.1383015048683256,54.72475274774059,15.0
350.0,200.0,160.0,702.0,37.70000000000051,410.0,0.1153512575889183,0.1383015048683256,54.72475274774059,20.0
350.0,250.0,160.0,702.0,37.70000000000051,410.0,0.1153512575889183,0.1383015048683256,54.72475274774059,25.0
350.0,125.0,160.0,702.0,37.70000000000051,410.0,0.1153512575889183,0.1383015048683256,54.72475274774059,12.5
350.0,225.0,160.0,702.0,37.70000000000051,410.0,0.1153512575889183,0.1383015048683256,54.72475274774059,22.5
350.0,50.0,160.0,702.0,37.70000000000051,410.0,0.1153512575889183,0.1383015048683256,54.72475274774059,5.0
350.0,75.0,160.0,702.0,37.70000000000051,410.0,0.1153512575889183,0.1383015048683256,54.72475274774059,7.5
350.0,25.0,160.0,702.0,37.70000000000051,410.0,0.1153512575889183,0.1383015048683256,54.72475274774059,2.5
350.0,125.0,180.0,686.0,38.60000000000196,421.0,0.11463187325256685,0.13631736932455946,54.720125297547625,12.5
350.0,175.0,180.0,686.0,38.60000000000196,421.0,0.11463187325256685,0.13631736932455946,54.720125297547625,17.5
350.0,100.0,180.0,686.0,38.60000000000196,421.0,0.11463187325256685,0.13631736932455946,54.720125297547625,10.0
350.0,150.0,180.0,686.0,38.60000000000196,421.0,0.11463187325256685,0.13631736932455946,54.720125297547625,15.0
350.0,250.0,180.0,686.0,38.60000000000196,421.0,0.11463187325256685,0.13631736932455946,54.720125297547625,25.0
350.0,200.0,180.0,686.0,38.60000000000196,421.0,0.11463187325256685,0.13631736932455946,54.720125297547625,20.0
350.0,75.0,180.0,686.0,38.60000000000196,421.0,0.11463187325256685,0.13631736932455946,54.720125297547625,7.5
350.0,50.0,180.0,686.0,38.60000000000196,421.0,0.11463187325256685,0.13631736932455946,54.720125297547625,5.0
350.0,225.0,180.0,686.0,38.60000000000196,421.0,0.11463187325256685,0.13631736932455946,54.720125297547625,22.5
350.0,25.0,180.0,686.0,38.60000000000196,421.0,0.11463187325256685,0.13631736932455946,54.720125297547625,2.5
350.0,225.0,140.0,710.0,37.400000000000766,407.0,0.1157601115759963,0.13997399226174204,54.714575399428725,22.5
350.0,100.0,140.0,710.0,37.400000000000766,407.0,0.1157601115759963,0.13997399226174204,54.714575399428725,10.0
350.0,125.0,140.0,710.0,37.400000000000766,407.0,0.1157601115759963,0.13997399226174204,54.714575399428725,12.5
350.0,150.0,140.0,710.0,37.400000000000766,407.0,0.1157601115759963,0.13997399226174204,54.714575399428725,15.0
350.0,75.0,140.0,710.0,37.400000000000766,407.0,0.1157601115759963,0.13997399226174204,54.714575399428725,7.5
350.0,25.0,140.0,710.0,37.400000000000766,407.0,0.1157601115759963,0.13997399226174204,54.714575399428725,2.5
350.0,50.0,140.0,710.0,37.400000000000766,407.0,0.1157601115759963,0.13997399226174204,54.714575399428725,5.0
350.0,175.0,140.0,710.0,37.400000000000766,407.0,0.1157601115759963,0.13997399226174204,54.714575399428725,17.5
350.0,200.0,140.0,710.0,37.400000000000766,407.0,0.1157601115759963,0.13997399226174204,54.714575399428725,20.0
350.0,250.0,140.0,710.0,37.400000000000766,407.0,0.1157601115759963,0.13997399226174204,54.714575399428725,25.0
350.0,100.0,120.0,718.0,36.89999999999971,402.0,0.11604311984783298,0.14086081200942607,54.71124289691877,10.0
350.0,25.0,120.0,718.0,36.89999999999971,402.0,0.11604311984783298,0.14086081200942607,54.71124289691877,2.5
350.0,225.0,120.0,718.0,36.89999999999971,402.0,0.11604311984783298,0.14086081200942607,54.71124289691877,22.5
350.0,250.0,120.0,718.0,36.89999999999971,402.0,0.11604311984783298,0.14086081200942607,54.71124289691877,25.0
350.0,175.0,120.0,718.0,36.89999999999971,402.0,0.11604311984783298,0.14086081200942607,54.71124289691877,17.5
350.0,200.0,120.0,718.0,36.89999999999971,402.0,0.11604311984783298,0.14086081200942607,54.71124289691877,20.0
350.0,125.0,120.0,718.0,36.89999999999971,402.0,0.11604311984783298,0.14086081200942607,54.71124289691877,12.5
350.0,150.0,120.0,718.0,36.89999999999971,402.0,0.11604311984783298,0.14086081200942607,54.71124289691877,15.0
350.0,50.0,120.0,718.0,36.89999999999971,402.0,0.11604311984783298,0.14086081200942607,54.71124289691877,5.0
350.0,75.0,120.0,718.0,36.89999999999971,402.0,0.11604311984783298,0.14086081200942607,54.71124289691877,7.5
400.0,200.0,40.0,646.0,40.50000000000109,453.0,0.11340206185567873,0.1381885682224617,54.7069690762648,20.0
400.0,200.0,20.0,646.0,40.50000000000109,453.0,0.11340206185567873,0.1381885682224617,54.7069690762648,20.0
400.0,225.0,80.0,646.0,40.50000000000109,453.0,0.11340206185567873,0.1381885682224617,54.7069690762648,22.5
400.0,175.0,60.0,646.0,40.50000000000109,453.0,0.11340206185567873,0.1381885682224617,54.7069690762648,17.5
400.0,200.0,80.0,646.0,40.50000000000109,453.0,0.11340206185567873,0.1381885682224617,54.7069690762648,20.0
400.0,200.0,60.0,646.0,40.50000000000109,453.0,0.11340206185567873,0.1381885682224617,54.7069690762648,20.0
400.0,175.0,80.0,646.0,40.50000000000109,453.0,0.11340206185567873,0.1381885682224617,54.7069690762648,17.5
400.0,225.0,20.0,646.0,40.50000000000109,453.0,0.11340206185567873,0.1381885682224617,54.7069690762648,22.5
400.0,250.0,20.0,646.0,40.50000000000109,453.0,0.11340206185567873,0.1381885682224617,54.7069690762648,25.0
400.0,250.0,40.0,646.0,40.50000000000109,453.0,0.11340206185567873,0.1381885682224617,54.7069690762648,25.0
400.0,250.0,60.0,646.0,40.50000000000109,453.0,0.11340206185567873,0.1381885682224617,54.7069690762648,25.0
400.0,225.0,40.0,646.0,40.50000000000109,453.0,0.11340206185567873,0.1381885682224617,54.7069690762648,22.5
400.0,250.0,80.0,646.0,40.50000000000109,453.0,0.11340206185567873,0.1381885682224617,54.7069690762648,25.0
400.0,175.0,40.0,646.0,40.50000000000109,453.0,0.11340206185567873,0.1381885682224617,54.7069690762648,17.5
400.0,150.0,60.0,646.0,40.50000000000109,453.0,0.11340206185567873,0.1381885682224617,54.7069690762648,15.0
400.0,175.0,20.0,646.0,40.50000000000109,453.0,0.11340206185567873,0.1381885682224617,54.7069690762648,17.5
400.0,150.0,20.0,646.0,40.50000000000109,453.0,0.11340206185567873,0.1381885682224617,54.7069690762648,15.0
400.0,150.0,40.0,646.0,40.50000000000109,453.0,0.11340206185567873,0.1381885682224617,54.7069690762648,15.0
400.0,125.0,80.0,646.0,40.50000000000109,453.0,0.11340206185567873,0.1381885682224617,54.7069690762648,12.5
400.0,150.0,80.0,646.0,40.50000000000109,453.0,0.11340206185567873,0.1381885682224617,54.7069690762648,15.0
400.0,100.0,20.0,646.0,40.50000000000109,453.0,0.11340206185567873,0.1381885682224617,54.7069690762648,10.0
400.0,100.0,40.0,646.0,40.50000000000109,453.0,0.11340206185567873,0.1381885682224617,54.7069690762648,10.0
400.0,100.0,60.0,646.0,40.50000000000109,453.0,0.11340206185567873,0.1381885682224617,54.7069690762648,10.0
400.0,100.0,80.0,646.0,40.50000000000109,453.0,0.11340206185567873,0.1381885682224617,54.7069690762648,10.0
400.0,125.0,40.0,646.0,40.50000000000109,453.0,0.11340206185567873,0.1381885682224617,54.7069690762648,12.5
400.0,125.0,20.0,646.0,40.50000000000109,453.0,0.11340206185567873,0.1381885682224617,54.7069690762648,12.5
400.0,75.0,80.0,646.0,40.50000000000109,453.0,0.11340206185567873,0.1381885682224617,54.7069690762648,7.5
400.0,125.0,60.0,646.0,40.50000000000109,453.0,0.11340206185567873,0.1381885682224617,54.7069690762648,12.5
400.0,75.0,40.0,646.0,40.50000000000109,453.0,0.11340206185567873,0.1381885682224617,54.7069690762648,7.5
400.0,50.0,80.0,646.0,40.50000000000109,453.0,0.11340206185567873,0.1381885682224617,54.7069690762648,5.0
400.0,50.0,40.0,646.0,40.50000000000109,453.0,0.11340206185567873,0.1381885682224617,54.7069690762648,5.0
400.0,25.0,20.0,646.0,40.50000000000109,453.0,0.11340206185567873,0.1381885682224617,54.7069690762648,2.5
400.0,25.0,80.0,646.0,40.50000000000109,453.0,0.11340206185567873,0.1381885682224617,54.7069690762648,2.5
400.0,25.0,40.0,646.0,40.50000000000109,453.0,0.11340206185567873,0.1381885682224617,54.7069690762648,2.5
400.0,25.0,60.0,646.0,40.50000000000109,453.0,0.11340206185567873,0.1381885682224617,54.7069690762648,2.5
400.0,50.0,20.0,646.0,40.50000000000109,453.0,0.11340206185567873,0.1381885682224617,54.7069690762648,5.0
400.0,225.0,60.0,646.0,40.50000000000109,453.0,0.11340206185567873,0.1381885682224617,54.7069690762648,22.5
400.0,50.0,60.0,646.0,40.50000000000109,453.0,0.11340206185567873,0.1381885682224617,54.7069690762648,5.0
400.0,75.0,20.0,646.0,40.50000000000109,453.0,0.11340206185567873,0.1381885682224617,54.7069690762648,7.5
400.0,75.0,60.0,646.0,40.50000000000109,453.0,0.11340206185567873,0.1381885682224617,54.7069690762648,7.5
400.0,75.0,100.0,646.0,40.50000000000109,453.0,0.11318739989322389,0.13686853853764416,54.69945590757889,7.5
400.0,250.0,100.0,646.0,40.50000000000109,453.0,0.11318739989322389,0.13686853853764416,54.69945590757889,25.0
400.0,225.0,100.0,646.0,40.50000000000109,453.0,0.11318739989322389,0.13686853853764416,54.69945590757889,22.5
400.0,200.0,100.0,646.0,40.50000000000109,453.0,0.11318739989322389,0.13686853853764416,54.69945590757889,20.0
400.0,175.0,100.0,646.0,40.50000000000109,453.0,0.11318739989322389,0.13686853853764416,54.69945590757889,17.5
400.0,150.0,100.0,646.0,40.50000000000109,453.0,0.11318739989322389,0.13686853853764416,54.69945590757889,15.0
400.0,25.0,100.0,646.0,40.50000000000109,453.0,0.11318739989322389,0.13686853853764416,54.69945590757889,2.5
400.0,125.0,100.0,646.0,40.50000000000109,453.0,0.11318739989322389,0.13686853853764416,54.69945590757889,12.5
400.0,100.0,100.0,646.0,40.50000000000109,453.0,0.11318739989322389,0.13686853853764416,54.69945590757889,10.0
400.0,50.0,100.0,646.0,40.50000000000109,453.0,0.11318739989322389,0.13686853853764416,54.69945590757889,5.0
350.0,250.0,200.0,676.0,38.89999999999949,432.0,0.11380780583797301,0.1354442183743944,54.68347862519604,25.0
350.0,50.0,200.0,676.0,38.89999999999949,432.0,0.11380780583797301,0.1354442183743944,54.68347862519604,5.0
350.0,25.0,200.0,676.0,38.89999999999949,432.0,0.11380780583797301,0.1354442183743944,54.68347862519604,2.5
350.0,125.0,200.0,676.0,38.89999999999949,432.0,0.11380780583797301,0.1354442183743944,54.68347862519604,12.5
350.0,100.0,200.0,676.0,38.89999999999949,432.0,0.11380780583797301,0.1354442183743944,54.68347862519604,10.0
350.0,175.0,200.0,676.0,38.89999999999949,432.0,0.11380780583797301,0.1354442183743944,54.68347862519604,17.5
350.0,200.0,200.0,676.0,38.89999999999949,432.0,0.11380780583797301,0.1354442183743944,54.68347862519604,20.0
350.0,225.0,200.0,676.0,38.89999999999949,432.0,0.11380780583797301,0.1354442183743944,54.68347862519604,22.5
350.0,150.0,200.0,676.0,38.89999999999949,432.0,0.11380780583797301,0.1354442183743944,54.68347862519604,15.0
350.0,75.0,200.0,676.0,38.89999999999949,432.0,0.11380780583797301,0.1354442183743944,54.68347862519604,7.5
400.0,50.0,160.0,634.0,41.29999999999967,462.0,0.11233631977944997,0.13416202084366946,54.68084304658638,5.0
400.0,75.0,160.0,634.0,41.29999999999967,462.0,0.11233631977944997,0.13416202084366946,54.68084304658638,7.5
400.0,100.0,160.0,634.0,41.29999999999967,462.0,0.11233631977944997,0.13416202084366946,54.68084304658638,10.0
400.0,125.0,160.0,634.0,41.29999999999967,462.0,0.11233631977944997,0.13416202084366946,54.68084304658638,12.5
400.0,250.0,160.0,634.0,41.29999999999967,462.0,0.11233631977944997,0.13416202084366946,54.68084304658638,25.0
400.0,200.0,160.0,634.0,41.29999999999967,462.0,0.11233631977944997,0.13416202084366946,54.68084304658638,20.0
400.0,225.0,160.0,634.0,41.29999999999967,462.0,0.11233631977944997,0.13416202084366946,54.68084304658638,22.5
400.0,175.0,160.0,634.0,41.29999999999967,462.0,0.11233631977944997,0.13416202084366946,54.68084304658638,17.5
400.0,25.0,160.0,634.0,41.29999999999967,462.0,0.11233631977944997,0.13416202084366946,54.68084304658638,2.5
400.0,150.0,160.0,634.0,41.29999999999967,462.0,0.11233631977944997,0.13416202084366946,54.68084304658638,15.0
400.0,200.0,140.0,636.0,41.20000000000123,462.0,0.11243993593165966,0.1341128584810479,54.67633684346281,20.0
400.0,250.0,140.0,636.0,41.20000000000123,462.0,0.11243993593165966,0.1341128584810479,54.67633684346281,25.0
400.0,125.0,140.0,636.0,41.20000000000123,462.0,0.11243993593165966,0.1341128584810479,54.67633684346281,12.5
400.0,150.0,140.0,636.0,41.20000000000123,462.0,0.11243993593165966,0.1341128584810479,54.67633684346281,15.0
400.0,100.0,140.0,636.0,41.20000000000123,462.0,0.11243993593165966,0.1341128584810479,54.67633684346281,10.0
400.0,25.0,140.0,636.0,41.20000000000123,462.0,0.11243993593165966,0.1341128584810479,54.67633684346281,2.5
400.0,175.0,140.0,636.0,41.20000000000123,462.0,0.11243993593165966,0.1341128584810479,54.67633684346281,17.5
400.0,225.0,140.0,636.0,41.20000000000123,462.0,0.11243993593165966,0.1341128584810479,54.67633684346281,22.5
400.0,50.0,140.0,636.0,41.20000000000123,462.0,0.11243993593165966,0.1341128584810479,54.67633684346281,5.0
400.0,75.0,140.0,636.0,41.20000000000123,462.0,0.11243993593165966,0.1341128584810479,54.67633684346281,7.5
400.0,175.0,180.0,624.0,41.90000000000138,467.0,0.11136478944698729,0.13244824774109454,54.66556617493369,17.5
400.0,200.0,180.0,624.0,41.90000000000138,467.0,0.11136478944698729,0.13244824774109454,54.66556617493369,20.0
400.0,25.0,180.0,624.0,41.90000000000138,467.0,0.11136478944698729,0.13244824774109454,54.66556617493369,2.5
400.0,50.0,180.0,624.0,41.90000000000138,467.0,0.11136478944698729,0.13244824774109454,54.66556617493369,5.0
400.0,100.0,180.0,624.0,41.90000000000138,467.0,0.11136478944698729,0.13244824774109454,54.66556617493369,10.0
400.0,150.0,180.0,624.0,41.90000000000138,467.0,0.11136478944698729,0.13244824774109454,54.66556617493369,15.0
400.0,250.0,180.0,624.0,41.90000000000138,467.0,0.11136478944698729,0.13244824774109454,54.66556617493369,25.0
400.0,225.0,180.0,624.0,41.90000000000138,467.0,0.11136478944698729,0.13244824774109454,54.66556617493369,22.5
400.0,75.0,180.0,624.0,41.90000000000138,467.0,0.11136478944698729,0.13244824774109454,54.66556617493369,7.5
400.0,125.0,180.0,624.0,41.90000000000138,467.0,0.11136478944698729,0.13244824774109454,54.66556617493369,12.5
400.0,225.0,120.0,640.0,40.99999999999992,461.0,0.11246200607901848,0.13460259697253052,54.66482643129796,22.5
400.0,200.0,120.0,640.0,40.99999999999992,461.0,0.11246200607901848,0.13460259697253052,54.66482643129796,20.0
400.0,175.0,120.0,640.0,40.99999999999992,461.0,0.11246200607901848,0.13460259697253052,54.66482643129796,17.5
400.0,250.0,120.0,640.0,40.99999999999992,461.0,0.11246200607901848,0.13460259697253052,54.66482643129796,25.0
400.0,150.0,120.0,640.0,40.99999999999992,461.0,0.11246200607901848,0.13460259697253052,54.66482643129796,15.0
400.0,125.0,120.0,640.0,40.99999999999992,461.0,0.11246200607901848,0.13460259697253052,54.66482643129796,12.5
400.0,100.0,120.0,640.0,40.99999999999992,461.0,0.11246200607901848,0.13460259697253052,54.66482643129796,10.0
400.0,75.0,120.0,640.0,40.99999999999992,461.0,0.11246200607901848,0.13460259697253052,54.66482643129796,7.5
400.0,50.0,120.0,640.0,40.99999999999992,461.0,0.11246200607901848,0.13460259697253052,54.66482643129796,5.0
400.0,25.0,120.0,640.0,40.99999999999992,461.0,0.11246200607901848,0.13460259697253052,54.66482643129796,2.5
400.0,250.0,200.0,616.0,41.999999999999815,480.0,0.1107704101188185,0.1318385200517594,54.623433925777086,25.0
400.0,225.0,200.0,616.0,41.999999999999815,480.0,0.1107704101188185,0.1318385200517594,54.623433925777086,22.5
400.0,75.0,200.0,616.0,41.999999999999815,480.0,0.1107704101188185,0.1318385200517594,54.623433925777086,7.5
400.0,100.0,200.0,616.0,41.999999999999815,480.0,0.1107704101188185,0.1318385200517594,54.623433925777086,10.0
400.0,125.0,200.0,616.0,41.999999999999815,480.0,0.1107704101188185,0.1318385200517594,54.623433925777086,12.5
400.0,150.0,200.0,616.0,41.999999999999815,480.0,0.1107704101188185,0.1318385200517594,54.623433925777086,15.0
400.0,200.0,200.0,616.0,41.999999999999815,480.0,0.1107704101188185,0.1318385200517594,54.623433925777086,20.0
400.0,175.0,200.0,616.0,41.999999999999815,480.0,0.1107704101188185,0.1318385200517594,54.623433925777086,17.5
400.0,25.0,200.0,616.0,41.999999999999815,480.0,0.1107704101188185,0.1318385200517594,54.623433925777086,2.5
400.0,50.0,200.0,616.0,41.999999999999815,480.0,0.1107704101188185,0.1318385200517594,54.623433925777086,5.0
300.0,250.0,80.0,856.0,32.90000000000015,347.0,0.12369597615498204,0.15079773964528703,54.54577674524539,25.0
300.0,250.0,60.0,856.0,32.90000000000015,347.0,0.12369597615498204,0.15106575927386165,54.54577674524539,25.0
300.0,225.0,80.0,856.0,32.90000000000015,347.0,0.12369597615498204,0.15079773964528703,54.54577674524539,22.5
300.0,225.0,60.0,856.0,32.90000000000015,347.0,0.12369597615498204,0.15106575927386165,54.54577674524539,22.5
300.0,200.0,60.0,856.0,32.90000000000015,347.0,0.12369597615498204,0.15106575927386165,54.54577674524539,20.0
300.0,200.0,80.0,856.0,32.90000000000015,347.0,0.12369597615498204,0.15079773964528703,54.54577674524539,20.0
300.0,150.0,60.0,856.0,32.90000000000015,347.0,0.12369597615498204,0.15106575927386165,54.54577674524539,15.0
300.0,150.0,80.0,856.0,32.90000000000015,347.0,0.12369597615498204,0.15079773964528703,54.54577674524539,15.0
300.0,175.0,80.0,856.0,32.90000000000015,347.0,0.12369597615498204,0.15079773964528703,54.54577674524539,17.5
300.0,175.0,60.0,856.0,32.90000000000015,347.0,0.12369597615498204,0.15106575927386165,54.54577674524539,17.5
300.0,100.0,80.0,856.0,32.90000000000015,347.0,0.12369597615498204,0.15079773964528703,54.54577674524539,10.0
300.0,100.0,60.0,856.0,32.90000000000015,347.0,0.12369597615498204,0.15106575927386165,54.54577674524539,10.0
300.0,125.0,60.0,856.0,32.90000000000015,347.0,0.12369597615498204,0.15106575927386165,54.54577674524539,12.5
300.0,125.0,80.0,856.0,32.90000000000015,347.0,0.12369597615498204,0.15079773964528703,54.54577674524539,12.5
300.0,25.0,60.0,856.0,32.90000000000015,347.0,0.12369597615498204,0.15106575927386165,54.54577674524539,2.5
300.0,25.0,80.0,856.0,32.90000000000015,347.0,0.12369597615498204,0.15079773964528703,54.54577674524539,2.5
300.0,50.0,80.0,856.0,32.90000000000015,347.0,0.12369597615498204,0.15079773964528703,54.54577674524539,5.0
300.0,75.0,60.0,856.0,32.90000000000015,347.0,0.12369597615498204,0.15106575927386165,54.54577674524539,7.5
300.0,75.0,80.0,856.0,32.90000000000015,347.0,0.12369597615498204,0.15079773964528703,54.54577674524539,7.5
300.0,50.0,60.0,856.0,32.90000000000015,347.0,0.12369597615498204,0.15106575927386165,54.54577674524539,5.0
300.0,250.0,40.0,860.0,32.70000000000106,347.0,0.12383983028374557,0.15231280849721235,54.525309242871465,25.0
300.0,225.0,40.0,860.0,32.70000000000106,347.0,0.12383983028374557,0.15231280849721235,54.525309242871465,22.5
300.0,175.0,40.0,860.0,32.70000000000106,347.0,0.12383983028374557,0.15231280849721235,54.525309242871465,17.5
300.0,200.0,40.0,860.0,32.70000000000106,347.0,0.12383983028374557,0.15231280849721235,54.525309242871465,20.0
300.0,150.0,40.0,860.0,32.70000000000106,347.0,0.12383983028374557,0.15231280849721235,54.525309242871465,15.0
300.0,125.0,40.0,860.0,32.70000000000106,347.0,0.12383983028374557,0.15231280849721235,54.525309242871465,12.5
300.0,100.0,40.0,860.0,32.70000000000106,347.0,0.12383983028374557,0.15231280849721235,54.525309242871465,10.0
300.0,75.0,40.0,860.0,32.70000000000106,347.0,0.12383983028374557,0.15231280849721235,54.525309242871465,7.5
300.0,50.0,40.0,860.0,32.70000000000106,347.0,0.12383983028374557,0.15231280849721235,54.525309242871465,5.0
300.0,25.0,40.0,860.0,32.70000000000106,347.0,0.12383983028374557,0.15231280849721235,54.525309242871465,2.5
300.0,250.0,160.0,816.0,33.70000000000095,372.0,0.12136409227683909,0.14394061136132844,54.52324148633174,25.0
300.0,125.0,160.0,816.0,33.70000000000095,372.0,0.12136409227683909,0.14394061136132844,54.52324148633174,12.5
300.0,175.0,160.0,816.0,33.70000000000095,372.0,0.12136409227683909,0.14394061136132844,54.52324148633174,17.5
300.0,200.0,160.0,816.0,33.70000000000095,372.0,0.12136409227683909,0.14394061136132844,54.52324148633174,20.0
300.0,225.0,160.0,816.0,33.70000000000095,372.0,0.12136409227683909,0.14394061136132844,54.52324148633174,22.5
300.0,100.0,160.0,816.0,33.70000000000095,372.0,0.12136409227683909,0.14394061136132844,54.52324148633174,10.0
300.0,150.0,160.0,816.0,33.70000000000095,372.0,0.12136409227683909,0.14394061136132844,54.52324148633174,15.0
300.0,50.0,160.0,816.0,33.70000000000095,372.0,0.12136409227683909,0.14394061136132844,54.52324148633174,5.0
300.0,25.0,160.0,816.0,33.70000000000095,372.0,0.12136409227683909,0.14394061136132844,54.52324148633174,2.5
300.0,75.0,160.0,816.0,33.70000000000095,372.0,0.12136409227683909,0.14394061136132844,54.52324148633174,7.5
300.0,200.0,140.0,832.0,33.20000000000211,362.0,0.12202380952379346,0.14571094790569275,54.52001768055742,20.0
300.0,225.0,140.0,832.0,33.20000000000211,362.0,0.12202380952379346,0.14571094790569275,54.52001768055742,22.5
300.0,75.0,140.0,832.0,33.20000000000211,362.0,0.12202380952379346,0.14571094790569275,54.52001768055742,7.5
300.0,100.0,140.0,832.0,33.20000000000211,362.0,0.12202380952379346,0.14571094790569275,54.52001768055742,10.0
300.0,25.0,140.0,832.0,33.20000000000211,362.0,0.12202380952379346,0.14571094790569275,54.52001768055742,2.5
300.0,125.0,140.0,832.0,33.20000000000211,362.0,0.12202380952379346,0.14571094790569275,54.52001768055742,12.5
300.0,175.0,140.0,832.0,33.20000000000211,362.0,0.12202380952379346,0.14571094790569275,54.52001768055742,17.5
300.0,150.0,140.0,832.0,33.20000000000211,362.0,0.12202380952379346,0.14571094790569275,54.52001768055742,15.0
300.0,250.0,140.0,832.0,33.20000000000211,362.0,0.12202380952379346,0.14571094790569275,54.52001768055742,25.0
300.0,50.0,140.0,832.0,33.20000000000211,362.0,0.12202380952379346,0.14571094790569275,54.52001768055742,5.0
300.0,200.0,20.0,862.0,32.69999999999884,347.0,0.12389752204955531,0.15285824507291568,54.51455277708644,20.0
300.0,125.0,20.0,862.0,32.69999999999884,347.0,0.12389752204955531,0.15285824507291568,54.51455277708644,12.5
300.0,100.0,20.0,862.0,32.69999999999884,347.0,0.12389752204955531,0.15285824507291568,54.51455277708644,10.0
300.0,175.0,20.0,862.0,32.69999999999884,347.0,0.12389752204955531,0.15285824507291568,54.51455277708644,17.5
300.0,50.0,20.0,862.0,32.69999999999884,347.0,0.12389752204955531,0.15285824507291568,54.51455277708644,5.0
300.0,25.0,20.0,862.0,32.69999999999884,347.0,0.12389752204955531,0.15285824507291568,54.51455277708644,2.5
300.0,75.0,20.0,862.0,32.69999999999884,347.0,0.12389752204955531,0.15285824507291568,54.51455277708644,7.5
300.0,250.0,20.0,862.0,32.69999999999884,347.0,0.12389752204955531,0.15285824507291568,54.51455277708644,25.0
300.0,150.0,20.0,862.0,32.69999999999884,347.0,0.12389752204955531,0.15285824507291568,54.51455277708644,15.0
300.0,225.0,20.0,862.0,32.69999999999884,347.0,0.12389752204955531,0.15285824507291568,54.51455277708644,22.5
300.0,175.0,120.0,840.0,33.09999999999924,357.0,0.12210796915167686,0.1469981348753907,54.511075859929825,17.5
300.0,225.0,120.0,840.0,33.09999999999924,357.0,0.12210796915167686,0.1469981348753907,54.511075859929825,22.5
300.0,150.0,120.0,840.0,33.09999999999924,357.0,0.12210796915167686,0.1469981348753907,54.511075859929825,15.0
300.0,200.0,120.0,840.0,33.09999999999924,357.0,0.12210796915167686,0.1469981348753907,54.511075859929825,20.0
300.0,250.0,120.0,840.0,33.09999999999924,357.0,0.12210796915167686,0.1469981348753907,54.511075859929825,25.0
300.0,25.0,120.0,840.0,33.09999999999924,357.0,0.12210796915167686,0.1469981348753907,54.511075859929825,2.5
300.0,50.0,120.0,840.0,33.09999999999924,357.0,0.12210796915167686,0.1469981348753907,54.511075859929825,5.0
300.0,125.0,120.0,840.0,33.09999999999924,357.0,0.12210796915167686,0.1469981348753907,54.511075859929825,12.5
300.0,75.0,120.0,840.0,33.09999999999924,357.0,0.12210796915167686,0.1469981348753907,54.511075859929825,7.5
300.0,100.0,120.0,840.0,33.09999999999924,357.0,0.12210796915167686,0.1469981348753907,54.511075859929825,10.0
300.0,150.0,100.0,846.0,32.999999999998586,356.0,0.12293480191863156,0.14887417068713693,54.50997007618814,15.0
300.0,50.0,100.0,846.0,32.999999999998586,356.0,0.12293480191863156,0.14887417068713693,54.50997007618814,5.0
300.0,25.0,100.0,846.0,32.999999999998586,356.0,0.12293480191863156,0.14887417068713693,54.50997007618814,2.5
300.0,75.0,100.0,846.0,32.999999999998586,356.0,0.12293480191863156,0.14887417068713693,54.50997007618814,7.5
300.0,100.0,100.0,846.0,32.999999999998586,356.0,0.12293480191863156,0.14887417068713693,54.50997007618814,10.0
300.0,175.0,100.0,846.0,32.999999999998586,356.0,0.12293480191863156,0.14887417068713693,54.50997007618814,17.5
300.0,125.0,100.0,846.0,32.999999999998586,356.0,0.12293480191863156,0.14887417068713693,54.50997007618814,12.5
300.0,200.0,100.0,846.0,32.999999999998586,356.0,0.12293480191863156,0.14887417068713693,54.50997007618814,20.0
300.0,250.0,100.0,846.0,32.999999999998586,356.0,0.12293480191863156,0.14887417068713693,54.50997007618814,25.0
300.0,225.0,100.0,846.0,32.999999999998586,356.0,0.12293480191863156,0.14887417068713693,54.50997007618814,22.5
300.0,225.0,180.0,790.0,35.00000000000058,385.0,0.1189473684210439,0.14119260121273544,54.50845466463129,22.5
300.0,250.0,180.0,790.0,35.00000000000058,385.0,0.1189473684210439,0.14119260121273544,54.50845466463129,25.0
300.0,200.0,180.0,790.0,35.00000000000058,385.0,0.1189473684210439,0.14119260121273544,54.50845466463129,20.0
300.0,125.0,180.0,790.0,35.00000000000058,385.0,0.1189473684210439,0.14119260121273544,54.50845466463129,12.5
300.0,175.0,180.0,790.0,35.00000000000058,385.0,0.1189473684210439,0.14119260121273544,54.50845466463129,17.5
300.0,25.0,180.0,790.0,35.00000000000058,385.0,0.1189473684210439,0.14119260121273544,54.50845466463129,2.5
300.0,100.0,180.0,790.0,35.00000000000058,385.0,0.1189473684210439,0.14119260121273544,54.50845466463129,10.0
300.0,150.0,180.0,790.0,35.00000000000058,385.0,0.1189473684210439,0.14119260121273544,54.50845466463129,15.0
300.0,50.0,180.0,790.0,35.00000000000058,385.0,0.1189473684210439,0.14119260121273544,54.50845466463129,5.0
300.0,75.0,180.0,790.0,35.00000000000058,385.0,0.1189473684210439,0.14119260121273544,54.50845466463129,7.5
450.0,100.0,60.0,582.0,42.30000000000178,504.0,0.10588685015290952,0.13147530160847654,54.47760030502307,10.0
450.0,100.0,20.0,582.0,42.30000000000178,504.0,0.10588685015290952,0.13147530160847654,54.47760030502307,10.0
450.0,100.0,40.0,582.0,42.30000000000178,504.0,0.10588685015290952,0.13147530160847654,54.47760030502307,10.0
450.0,75.0,80.0,582.0,42.30000000000178,504.0,0.10588685015290952,0.13147530160847654,54.47760030502307,7.5
450.0,75.0,20.0,582.0,42.30000000000178,504.0,0.10588685015290952,0.13147530160847654,54.47760030502307,7.5
450.0,75.0,40.0,582.0,42.30000000000178,504.0,0.10588685015290952,0.13147530160847654,54.47760030502307,7.5
450.0,75.0,60.0,582.0,42.30000000000178,504.0,0.10588685015290952,0.13147530160847654,54.47760030502307,7.5
450.0,100.0,80.0,582.0,42.30000000000178,504.0,0.10588685015290952,0.13147530160847654,54.47760030502307,10.0
450.0,225.0,60.0,582.0,42.30000000000178,504.0,0.10588685015290952,0.13147530160847654,54.47760030502307,22.5
450.0,250.0,40.0,582.0,42.30000000000178,504.0,0.10588685015290952,0.13147530160847654,54.47760030502307,25.0
450.0,250.0,20.0,582.0,42.30000000000178,504.0,0.10588685015290952,0.13147530160847654,54.47760030502307,25.0
450.0,225.0,80.0,582.0,42.30000000000178,504.0,0.10588685015290952,0.13147530160847654,54.47760030502307,22.5
450.0,250.0,60.0,582.0,42.30000000000178,504.0,0.10588685015290952,0.13147530160847654,54.47760030502307,25.0
450.0,250.0,80.0,582.0,42.30000000000178,504.0,0.10588685015290952,0.13147530160847654,54.47760030502307,25.0
450.0,150.0,20.0,582.0,42.30000000000178,504.0,0.10588685015290952,0.13147530160847654,54.47760030502307,15.0
450.0,150.0,40.0,582.0,42.30000000000178,504.0,0.10588685015290952,0.13147530160847654,54.47760030502307,15.0
450.0,125.0,20.0,582.0,42.30000000000178,504.0,0.10588685015290952,0.13147530160847654,54.47760030502307,12.5
450.0,125.0,80.0,582.0,42.30000000000178,504.0,0.10588685015290952,0.13147530160847654,54.47760030502307,12.5
450.0,125.0,60.0,582.0,42.30000000000178,504.0,0.10588685015290952,0.13147530160847654,54.47760030502307,12.5
450.0,125.0,40.0,582.0,42.30000000000178,504.0,0.10588685015290952,0.13147530160847654,54.47760030502307,12.5
450.0,150.0,60.0,582.0,42.30000000000178,504.0,0.10588685015290952,0.13147530160847654,54.47760030502307,15.0
450.0,150.0,80.0,582.0,42.30000000000178,504.0,0.10588685015290952,0.13147530160847654,54.47760030502307,15.0
450.0,175.0,80.0,582.0,42.30000000000178,504.0,0.10588685015290952,0.13147530160847654,54.47760030502307,17.5
450.0,175.0,60.0,582.0,42.30000000000178,504.0,0.10588685015290952,0.13147530160847654,54.47760030502307,17.5
450.0,175.0,40.0,582.0,42.30000000000178,504.0,0.10588685015290952,0.13147530160847654,54.47760030502307,17.5
450.0,175.0,20.0,582.0,42.30000000000178,504.0,0.10588685015290952,0.13147530160847654,54.47760030502307,17.5
450.0,225.0,40.0,582.0,42.30000000000178,504.0,0.10588685015290952,0.13147530160847654,54.47760030502307,22.5
450.0,225.0,20.0,582.0,42.30000000000178,504.0,0.10588685015290952,0.13147530160847654,54.47760030502307,22.5
450.0,200.0,80.0,582.0,42.30000000000178,504.0,0.10588685015290952,0.13147530160847654,54.47760030502307,20.0
450.0,200.0,60.0,582.0,42.30000000000178,504.0,0.10588685015290952,0.13147530160847654,54.47760030502307,20.0
450.0,200.0,40.0,582.0,42.30000000000178,504.0,0.10588685015290952,0.13147530160847654,54.47760030502307,20.0
450.0,200.0,20.0,582.0,42.30000000000178,504.0,0.10588685015290952,0.13147530160847654,54.47760030502307,20.0
450.0,25.0,40.0,582.0,42.30000000000178,504.0,0.10588685015290952,0.13147530160847654,54.47760030502307,2.5
450.0,25.0,20.0,582.0,42.30000000000178,504.0,0.10588685015290952,0.13147530160847654,54.47760030502307,2.5
450.0,50.0,80.0,582.0,42.30000000000178,504.0,0.10588685015290952,0.13147530160847654,54.47760030502307,5.0
450.0,50.0,60.0,582.0,42.30000000000178,504.0,0.10588685015290952,0.13147530160847654,54.47760030502307,5.0
450.0,50.0,40.0,582.0,42.30000000000178,504.0,0.10588685015290952,0.13147530160847654,54.47760030502307,5.0
450.0,50.0,20.0,582.0,42.30000000000178,504.0,0.10588685015290952,0.13147530160847654,54.47760030502307,5.0
450.0,25.0,80.0,582.0,42.30000000000178,504.0,0.10588685015290952,0.13147530160847654,54.47760030502307,2.5
450.0,25.0,60.0,582.0,42.30000000000178,504.0,0.10588685015290952,0.13147530160847654,54.47760030502307,2.5
300.0,175.0,200.0,768.0,35.60000000000007,394.0,0.11589816628093076,0.14001429035280558,54.47467296565268,17.5
300.0,200.0,200.0,768.0,35.60000000000007,394.0,0.11589816628093076,0.14001429035280558,54.47467296565268,20.0
300.0,75.0,200.0,768.0,35.60000000000007,394.0,0.11589816628093076,0.14001429035280558,54.47467296565268,7.5
300.0,125.0,200.0,768.0,35.60000000000007,394.0,0.11589816628093076,0.14001429035280558,54.47467296565268,12.5
300.0,100.0,200.0,768.0,35.60000000000007,394.0,0.11589816628093076,0.14001429035280558,54.47467296565268,10.0
300.0,25.0,200.0,768.0,35.60000000000007,394.0,0.11589816628093076,0.14001429035280558,54.47467296565268,2.5
300.0,150.0,200.0,768.0,35.60000000000007,394.0,0.11589816628093076,0.14001429035280558,54.47467296565268,15.0
300.0,50.0,200.0,768.0,35.60000000000007,394.0,0.11589816628093076,0.14001429035280558,54.47467296565268,5.0
300.0,250.0,200.0,768.0,35.60000000000007,394.0,0.11589816628093076,0.14001429035280558,54.47467296565268,25.0
300.0,225.0,200.0,768.0,35.60000000000007,394.0,0.11589816628093076,0.14001429035280558,54.47467296565268,22.5
450.0,75.0,120.0,578.0,42.40000000000021,505.0,0.10538520999742897,0.12782161208790738,54.467841205373546,7.5
450.0,200.0,120.0,578.0,42.40000000000021,505.0,0.10538520999742897,0.12782161208790738,54.467841205373546,20.0
450.0,125.0,120.0,578.0,42.40000000000021,505.0,0.10538520999742897,0.12782161208790738,54.467841205373546,12.5
450.0,100.0,120.0,578.0,42.40000000000021,505.0,0.10538520999742897,0.12782161208790738,54.467841205373546,10.0
450.0,150.0,120.0,578.0,42.40000000000021,505.0,0.10538520999742897,0.12782161208790738,54.467841205373546,15.0
450.0,225.0,120.0,578.0,42.40000000000021,505.0,0.10538520999742897,0.12782161208790738,54.467841205373546,22.5
450.0,50.0,120.0,578.0,42.40000000000021,505.0,0.10538520999742897,0.12782161208790738,54.467841205373546,5.0
450.0,175.0,120.0,578.0,42.40000000000021,505.0,0.10538520999742897,0.12782161208790738,54.467841205373546,17.5
450.0,250.0,120.0,578.0,42.40000000000021,505.0,0.10538520999742897,0.12782161208790738,54.467841205373546,25.0
450.0,25.0,120.0,578.0,42.40000000000021,505.0,0.10538520999742897,0.12782161208790738,54.467841205373546,2.5
450.0,200.0,140.0,576.0,42.49999999999865,507.0,0.10538520999742897,0.12761850960752164,54.46657711052829,20.0
450.0,200.0,160.0,576.0,42.49999999999865,507.0,0.10538520999742897,0.12757933556633533,54.46657711052829,20.0
450.0,250.0,160.0,576.0,42.49999999999865,507.0,0.10538520999742897,0.12757933556633533,54.46657711052829,25.0
450.0,250.0,140.0,576.0,42.49999999999865,507.0,0.10538520999742897,0.12761850960752164,54.46657711052829,25.0
450.0,125.0,160.0,576.0,42.49999999999865,507.0,0.10538520999742897,0.12757933556633533,54.46657711052829,12.5
450.0,125.0,140.0,576.0,42.49999999999865,507.0,0.10538520999742897,0.12761850960752164,54.46657711052829,12.5
450.0,225.0,140.0,576.0,42.49999999999865,507.0,0.10538520999742897,0.12761850960752164,54.46657711052829,22.5
450.0,225.0,160.0,576.0,42.49999999999865,507.0,0.10538520999742897,0.12757933556633533,54.46657711052829,22.5
450.0,25.0,160.0,576.0,42.49999999999865,507.0,0.10538520999742897,0.12757933556633533,54.46657711052829,2.5
450.0,50.0,140.0,576.0,42.49999999999865,507.0,0.10538520999742897,0.12761850960752164,54.46657711052829,5.0
450.0,25.0,140.0,576.0,42.49999999999865,507.0,0.10538520999742897,0.12761850960752164,54.46657711052829,2.5
450.0,150.0,160.0,576.0,42.49999999999865,507.0,0.10538520999742897,0.12757933556633533,54.46657711052829,15.0
450.0,150.0,140.0,576.0,42.49999999999865,507.0,0.10538520999742897,0.12761850960752164,54.46657711052829,15.0
450.0,175.0,140.0,576.0,42.49999999999865,507.0,0.10538520999742897,0.12761850960752164,54.46657711052829,17.5
450.0,175.0,160.0,576.0,42.49999999999865,507.0,0.10538520999742897,0.12757933556633533,54.46657711052829,17.5
450.0,100.0,140.0,576.0,42.49999999999865,507.0,0.10538520999742897,0.12761850960752164,54.46657711052829,10.0
450.0,50.0,160.0,576.0,42.49999999999865,507.0,0.10538520999742897,0.12757933556633533,54.46657711052829,5.0
450.0,100.0,160.0,576.0,42.49999999999865,507.0,0.10538520999742897,0.12757933556633533,54.46657711052829,10.0
450.0,75.0,140.0,576.0,42.49999999999865,507.0,0.10538520999742897,0.12761850960752164,54.46657711052829,7.5
450.0,75.0,160.0,576.0,42.49999999999865,507.0,0.10538520999742897,0.12757933556633533,54.46657711052829,7.5
450.0,200.0,100.0,582.0,42.30000000000178,504.0,0.10547945205479145,0.13000849090840802,54.463341371588946,20.0
450.0,25.0,100.0,582.0,42.30000000000178,504.0,0.10547945205479145,0.13000849090840802,54.463341371588946,2.5
450.0,175.0,100.0,582.0,42.30000000000178,504.0,0.10547945205479145,0.13000849090840802,54.463341371588946,17.5
450.0,50.0,100.0,582.0,42.30000000000178,504.0,0.10547945205479145,0.13000849090840802,54.463341371588946,5.0
450.0,225.0,100.0,582.0,42.30000000000178,504.0,0.10547945205479145,0.13000849090840802,54.463341371588946,22.5
450.0,100.0,100.0,582.0,42.30000000000178,504.0,0.10547945205479145,0.13000849090840802,54.463341371588946,10.0
450.0,75.0,100.0,582.0,42.30000000000178,504.0,0.10547945205479145,0.13000849090840802,54.463341371588946,7.5
450.0,125.0,100.0,582.0,42.30000000000178,504.0,0.10547945205479145,0.13000849090840802,54.463341371588946,12.5
450.0,150.0,100.0,582.0,42.30000000000178,504.0,0.10547945205479145,0.13000849090840802,54.463341371588946,15.0
450.0,250.0,100.0,582.0,42.30000000000178,504.0,0.10547945205479145,0.13000849090840802,54.463341371588946,25.0
450.0,100.0,180.0,570.0,42.79999999999839,513.0,0.1053315994798482,0.1265775779981399,54.46063351200646,10.0
450.0,225.0,180.0,570.0,42.79999999999839,513.0,0.1053315994798482,0.1265775779981399,54.46063351200646,22.5
450.0,75.0,180.0,570.0,42.79999999999839,513.0,0.1053315994798482,0.1265775779981399,54.46063351200646,7.5
450.0,175.0,180.0,570.0,42.79999999999839,513.0,0.1053315994798482,0.1265775779981399,54.46063351200646,17.5
450.0,250.0,180.0,570.0,42.79999999999839,513.0,0.1053315994798482,0.1265775779981399,54.46063351200646,25.0
450.0,200.0,180.0,570.0,42.79999999999839,513.0,0.1053315994798482,0.1265775779981399,54.46063351200646,20.0
450.0,50.0,180.0,570.0,42.79999999999839,513.0,0.1053315994798482,0.1265775779981399,54.46063351200646,5.0
450.0,25.0,180.0,570.0,42.79999999999839,513.0,0.1053315994798482,0.1265775779981399,54.46063351200646,2.5
450.0,125.0,180.0,570.0,42.79999999999839,513.0,0.1053315994798482,0.1265775779981399,54.46063351200646,12.5
450.0,150.0,180.0,570.0,42.79999999999839,513.0,0.1053315994798482,0.1265775779981399,54.46063351200646,15.0
250.0,50.0,200.0,858.0,33.60000000000029,353.0,0.12296858071507459,0.14723777146732492,54.458691427772706,5.0
250.0,125.0,200.0,858.0,33.60000000000029,353.0,0.12296858071507459,0.14723777146732492,54.458691427772706,12.5
250.0,200.0,200.0,858.0,33.60000000000029,353.0,0.12296858071507459,0.14723777146732492,54.458691427772706,20.0
250.0,100.0,200.0,858.0,33.60000000000029,353.0,0.12296858071507459,0.14723777146732492,54.458691427772706,10.0
250.0,175.0,200.0,858.0,33.60000000000029,353.0,0.12296858071507459,0.14723777146732492,54.458691427772706,17.5
250.0,75.0,200.0,858.0,33.60000000000029,353.0,0.12296858071507459,0.14723777146732492,54.458691427772706,7.5
250.0,150.0,200.0,858.0,33.60000000000029,353.0,0.12296858071507459,0.14723777146732492,54.458691427772706,15.0
250.0,250.0,200.0,858.0,33.60000000000029,353.0,0.12296858071507459,0.14723777146732492,54.458691427772706,25.0
250.0,225.0,200.0,858.0,33.60000000000029,353.0,0.12296858071507459,0.14723777146732492,54.458691427772706,22.5
250.0,25.0,200.0,858.0,33.60000000000029,353.0,0.12296858071507459,0.14723777146732492,54.458691427772706,2.5
450.0,75.0,200.0,568.0,42.89999999999905,515.0,0.10504083356801347,0.12620843570548781,54.449001975944235,7.5
450.0,250.0,200.0,568.0,42.89999999999905,515.0,0.10504083356801347,0.12620843570548781,54.449001975944235,25.0
450.0,175.0,200.0,568.0,42.89999999999905,515.0,0.10504083356801347,0.12620843570548781,54.449001975944235,17.5
450.0,150.0,200.0,568.0,42.89999999999905,515.0,0.10504083356801347,0.12620843570548781,54.449001975944235,15.0
450.0,50.0,200.0,568.0,42.89999999999905,515.0,0.10504083356801347,0.12620843570548781,54.449001975944235,5.0
450.0,25.0,200.0,568.0,42.89999999999905,515.0,0.10504083356801347,0.12620843570548781,54.449001975944235,2.5
450.0,100.0,200.0,568.0,42.89999999999905,515.0,0.10504083356801347,0.12620843570548781,54.449001975944235,10.0
450.0,125.0,200.0,568.0,42.89999999999905,515.0,0.10504083356801347,0.12620843570548781,54.449001975944235,12.5
450.0,200.0,200.0,568.0,42.89999999999905,515.0,0.10504083356801347,0.12620843570548781,54.449001975944235,20.0
450.0,225.0,200.0,568.0,42.89999999999905,515.0,0.10504083356801347,0.12620843570548781,54.449001975944235,22.5
250.0,50.0,180.0,886.0,32.90000000000015,342.0,0.12510477787091492,0.149127941370658,54.444561105898295,5.0
250.0,25.0,180.0,886.0,32.90000000000015,342.0,0.12510477787091492,0.149127941370658,54.444561105898295,2.5
250.0,200.0,180.0,886.0,32.90000000000015,342.0,0.12510477787091492,0.149127941370658,54.444561105898295,20.0
250.0,250.0,180.0,886.0,32.90000000000015,342.0,0.12510477787091492,0.149127941370658,54.444561105898295,25.0
250.0,75.0,180.0,886.0,32.90000000000015,342.0,0.12510477787091492,0.149127941370658,54.444561105898295,7.5
250.0,175.0,180.0,886.0,32.90000000000015,342.0,0.12510477787091492,0.149127941370658,54.444561105898295,17.5
250.0,125.0,180.0,886.0,32.90000000000015,342.0,0.12510477787091492,0.149127941370658,54.444561105898295,12.5
250.0,225.0,180.0,886.0,32.90000000000015,342.0,0.12510477787091492,0.149127941370658,54.444561105898295,22.5
250.0,100.0,180.0,886.0,32.90000000000015,342.0,0.12510477787091492,0.149127941370658,54.444561105898295,10.0
250.0,150.0,180.0,886.0,32.90000000000015,342.0,0.12510477787091492,0.149127941370658,54.444561105898295,15.0
250.0,250.0,160.0,920.0,31.90000000000026,330.0,0.1281833616298699,0.15176742663368287,54.437680261056,25.0
250.0,225.0,160.0,920.0,31.90000000000026,330.0,0.1281833616298699,0.15176742663368287,54.437680261056,22.5
250.0,50.0,160.0,920.0,31.90000000000026,330.0,0.1281833616298699,0.15176742663368287,54.437680261056,5.0
250.0,150.0,160.0,920.0,31.90000000000026,330.0,0.1281833616298699,0.15176742663368287,54.437680261056,15.0
250.0,100.0,160.0,920.0,31.90000000000026,330.0,0.1281833616298699,0.15176742663368287,54.437680261056,10.0
250.0,200.0,160.0,920.0,31.90000000000026,330.0,0.1281833616298699,0.15176742663368287,54.437680261056,20.0
250.0,125.0,160.0,920.0,31.90000000000026,330.0,0.1281833616298699,0.15176742663368287,54.437680261056,12.5
250.0,175.0,160.0,920.0,31.90000000000026,330.0,0.1281833616298699,0.15176742663368287,54.437680261056,17.5
250.0,25.0,160.0,920.0,31.90000000000026,330.0,0.1281833616298699,0.15176742663368287,54.437680261056,2.5
250.0,75.0,160.0,920.0,31.90000000000026,330.0,0.1281833616298699,0.15176742663368287,54.437680261056,7.5
250.0,175.0,120.0,962.0,31.000000000001027,320.0,0.1320980274955327,0.1556935686113108,54.39346712374641,17.5
250.0,50.0,120.0,962.0,31.000000000001027,320.0,0.1320980274955327,0.1556935686113108,54.39346712374641,5.0
250.0,25.0,120.0,962.0,31.000000000001027,320.0,0.1320980274955327,0.1556935686113108,54.39346712374641,2.5
250.0,125.0,120.0,962.0,31.000000000001027,320.0,0.1320980274955327,0.1556935686113108,54.39346712374641,12.5
250.0,75.0,120.0,962.0,31.000000000001027,320.0,0.1320980274955327,0.1556935686113108,54.39346712374641,7.5
250.0,250.0,120.0,962.0,31.000000000001027,320.0,0.1320980274955327,0.1556935686113108,54.39346712374641,25.0
250.0,150.0,120.0,962.0,31.000000000001027,320.0,0.1320980274955327,0.1556935686113108,54.39346712374641,15.0
250.0,100.0,120.0,962.0,31.000000000001027,320.0,0.1320980274955327,0.1556935686113108,54.39346712374641,10.0
250.0,225.0,120.0,962.0,31.000000000001027,320.0,0.1320980274955327,0.1556935686113108,54.39346712374641,22.5
250.0,200.0,120.0,962.0,31.000000000001027,320.0,0.1320980274955327,0.1556935686113108,54.39346712374641,20.0
250.0,50.0,100.0,974.0,30.600000000000627,317.0,0.13263785394933433,0.15802476984940864,54.3628147836305,5.0
250.0,25.0,100.0,974.0,30.600000000000627,317.0,0.13263785394933433,0.15802476984940864,54.3628147836305,2.5
250.0,175.0,100.0,974.0,30.600000000000627,317.0,0.13263785394933433,0.15802476984940864,54.3628147836305,17.5
250.0,100.0,100.0,974.0,30.600000000000627,317.0,0.13263785394933433,0.15802476984940864,54.3628147836305,10.0
250.0,225.0,100.0,974.0,30.600000000000627,317.0,0.13263785394933433,0.15802476984940864,54.3628147836305,22.5
250.0,200.0,100.0,974.0,30.600000000000627,317.0,0.13263785394933433,0.15802476984940864,54.3628147836305,20.0
250.0,125.0,100.0,974.0,30.600000000000627,317.0,0.13263785394933433,0.15802476984940864,54.3628147836305,12.5
250.0,150.0,100.0,974.0,30.600000000000627,317.0,0.13263785394933433,0.15802476984940864,54.3628147836305,15.0
250.0,75.0,100.0,974.0,30.600000000000627,317.0,0.13263785394933433,0.15802476984940864,54.3628147836305,7.5
250.0,250.0,100.0,974.0,30.600000000000627,317.0,0.13263785394933433,0.15802476984940864,54.3628147836305,25.0
250.0,100.0,140.0,948.0,31.100000000001682,325.0,0.12984615384615236,0.1538892895991804,54.35851260321209,10.0
250.0,150.0,140.0,948.0,31.100000000001682,325.0,0.12984615384615236,0.1538892895991804,54.35851260321209,15.0
250.0,175.0,140.0,948.0,31.100000000001682,325.0,0.12984615384615236,0.1538892895991804,54.35851260321209,17.5
250.0,250.0,140.0,948.0,31.100000000001682,325.0,0.12984615384615236,0.1538892895991804,54.35851260321209,25.0
250.0,75.0,140.0,948.0,31.100000000001682,325.0,0.12984615384615236,0.1538892895991804,54.35851260321209,7.5
250.0,200.0,140.0,948.0,31.100000000001682,325.0,0.12984615384615236,0.1538892895991804,54.35851260321209,20.0
250.0,225.0,140.0,948.0,31.100000000001682,325.0,0.12984615384615236,0.1538892895991804,54.35851260321209,22.5
250.0,25.0,140.0,948.0,31.100000000001682,325.0,0.12984615384615236,0.1538892895991804,54.35851260321209,2.5
250.0,125.0,140.0,948.0,31.100000000001682,325.0,0.12984615384615236,0.1538892895991804,54.35851260321209,12.5
250.0,50.0,140.0,948.0,31.100000000001682,325.0,0.12984615384615236,0.1538892895991804,54.35851260321209,5.0
200.0,150.0,200.0,980.0,31.000000000001027,314.0,0.13263785394933433,0.15424282253373062,54.35371524388454,15.0
200.0,100.0,200.0,980.0,31.000000000001027,314.0,0.13263785394933433,0.15424282253373062,54.35371524388454,10.0
200.0,75.0,200.0,980.0,31.000000000001027,314.0,0.13263785394933433,0.15424282253373062,54.35371524388454,7.5
200.0,175.0,200.0,980.0,31.000000000001027,314.0,0.13263785394933433,0.15424282253373062,54.35371524388454,17.5
200.0,250.0,200.0,980.0,31.000000000001027,314.0,0.13263785394933433,0.15424282253373062,54.35371524388454,25.0
200.0,225.0,200.0,980.0,31.000000000001027,314.0,0.13263785394933433,0.15424282253373062,54.35371524388454,22.5
200.0,125.0,200.0,980.0,31.000000000001027,314.0,0.13263785394933433,0.15424282253373062,54.35371524388454,12.5
200.0,50.0,200.0,980.0,31.000000000001027,314.0,0.13263785394933433,0.15424282253373062,54.35371524388454,5.0
200.0,25.0,200.0,980.0,31.000000000001027,314.0,0.13263785394933433,0.15424282253373062,54.35371524388454,2.5
200.0,200.0,200.0,980.0,31.000000000001027,314.0,0.13263785394933433,0.15424282253373062,54.35371524388454,20.0
200.0,200.0,160.0,1086.0,29.09999999999968,272.0,0.13788098693758394,0.16052671395126594,54.33961608938894,20.0
200.0,25.0,160.0,1086.0,29.09999999999968,272.0,0.13788098693758394,0.16052671395126594,54.33961608938894,2.5
200.0,225.0,160.0,1086.0,29.09999999999968,272.0,0.13788098693758394,0.16052671395126594,54.33961608938894,22.5
200.0,150.0,160.0,1086.0,29.09999999999968,272.0,0.13788098693758394,0.16052671395126594,54.33961608938894,15.0
200.0,50.0,160.0,1086.0,29.09999999999968,272.0,0.13788098693758394,0.16052671395126594,54.33961608938894,5.0
200.0,125.0,160.0,1086.0,29.09999999999968,272.0,0.13788098693758394,0.16052671395126594,54.33961608938894,12.5
200.0,75.0,160.0,1086.0,29.09999999999968,272.0,0.13788098693758394,0.16052671395126594,54.33961608938894,7.5
200.0,250.0,160.0,1086.0,29.09999999999968,272.0,0.13788098693758394,0.16052671395126594,54.33961608938894,25.0
200.0,175.0,160.0,1086.0,29.09999999999968,272.0,0.13788098693758394,0.16052671395126594,54.33961608938894,17.5
200.0,100.0,160.0,1086.0,29.09999999999968,272.0,0.13788098693758394,0.16052671395126594,54.33961608938894,10.0
250.0,25.0,80.0,986.0,30.49999999999997,314.0,0.13333333333332537,0.16057751921700722,54.33811245792967,2.5
250.0,150.0,80.0,986.0,30.49999999999997,314.0,0.13333333333332537,0.16057751921700722,54.33811245792967,15.0
250.0,125.0,80.0,986.0,30.49999999999997,314.0,0.13333333333332537,0.16057751921700722,54.33811245792967,12.5
250.0,225.0,80.0,986.0,30.49999999999997,314.0,0.13333333333332537,0.16057751921700722,54.33811245792967,22.5
250.0,100.0,80.0,986.0,30.49999999999997,314.0,0.13333333333332537,0.16057751921700722,54.33811245792967,10.0
250.0,50.0,80.0,986.0,30.49999999999997,314.0,0.13333333333332537,0.16057751921700722,54.33811245792967,5.0
250.0,200.0,80.0,986.0,30.49999999999997,314.0,0.13333333333332537,0.16057751921700722,54.33811245792967,20.0
250.0,75.0,80.0,986.0,30.49999999999997,314.0,0.13333333333332537,0.16057751921700722,54.33811245792967,7.5
250.0,250.0,80.0,986.0,30.49999999999997,314.0,0.13333333333332537,0.16057751921700722,54.33811245792967,25.0
250.0,175.0,80.0,986.0,30.49999999999997,314.0,0.13333333333332537,0.16057751921700722,54.33811245792967,17.5
250.0,50.0,60.0,990.0,30.49999999999997,312.0,0.13343328335831706,0.16165062038059247,54.3358722090345,5.0
250.0,25.0,60.0,990.0,30.49999999999997,312.0,0.13343328335831706,0.16165062038059247,54.3358722090345,2.5
250.0,100.0,60.0,990.0,30.49999999999997,312.0,0.13343328335831706,0.16165062038059247,54.3358722090345,10.0
250.0,250.0,60.0,990.0,30.49999999999997,312.0,0.13343328335831706,0.16165062038059247,54.3358722090345,25.0
250.0,175.0,60.0,990.0,30.49999999999997,312.0,0.13343328335831706,0.16165062038059247,54.3358722090345,17.5
250.0,75.0,60.0,990.0,30.49999999999997,312.0,0.13343328335831706,0.16165062038059247,54.3358722090345,7.5
250.0,200.0,60.0,990.0,30.49999999999997,312.0,0.13343328335831706,0.16165062038059247,54.3358722090345,20.0
250.0,150.0,60.0,990.0,30.49999999999997,312.0,0.13343328335831706,0.16165062038059247,54.3358722090345,15.0
250.0,125.0,60.0,990.0,30.49999999999997,312.0,0.13343328335831706,0.16165062038059247,54.3358722090345,12.5
250.0,225.0,60.0,990.0,30.49999999999997,312.0,0.13343328335831706,0.16165062038059247,54.3358722090345,22.5
200.0,75.0,40.0,1264.0,26.299999999999102,226.0,0.14815368515472924,0.1816195357741127,54.320068276073265,7.5
200.0,150.0,40.0,1264.0,26.299999999999102,226.0,0.14815368515472924,0.1816195357741127,54.320068276073265,15.0
200.0,175.0,40.0,1264.0,26.299999999999102,226.0,0.14815368515472924,0.1816195357741127,54.320068276073265,17.5
200.0,25.0,40.0,1264.0,26.299999999999102,226.0,0.14815368515472924,0.1816195357741127,54.320068276073265,2.5
200.0,200.0,40.0,1264.0,26.299999999999102,226.0,0.14815368515472924,0.1816195357741127,54.320068276073265,20.0
200.0,100.0,40.0,1264.0,26.299999999999102,226.0,0.14815368515472924,0.1816195357741127,54.320068276073265,10.0
200.0,250.0,40.0,1264.0,26.299999999999102,226.0,0.14815368515472924,0.1816195357741127,54.320068276073265,25.0
200.0,125.0,40.0,1264.0,26.299999999999102,226.0,0.14815368515472924,0.1816195357741127,54.320068276073265,12.5
200.0,225.0,40.0,1264.0,26.299999999999102,226.0,0.14815368515472924,0.1816195357741127,54.320068276073265,22.5
200.0,50.0,40.0,1264.0,26.299999999999102,226.0,0.14815368515472924,0.1816195357741127,54.320068276073265,5.0
250.0,100.0,40.0,996.0,30.399999999999316,312.0,0.13384484228474586,0.16342021115750657,54.310293922564654,10.0
250.0,50.0,40.0,996.0,30.399999999999316,312.0,0.13384484228474586,0.16342021115750657,54.310293922564654,5.0
250.0,250.0,40.0,996.0,30.399999999999316,312.0,0.13384484228474586,0.16342021115750657,54.310293922564654,25.0
250.0,200.0,40.0,996.0,30.399999999999316,312.0,0.13384484228474586,0.16342021115750657,54.310293922564654,20.0
250.0,175.0,40.0,996.0,30.399999999999316,312.0,0.13384484228474586,0.16342021115750657,54.310293922564654,17.5
250.0,75.0,40.0,996.0,30.399999999999316,312.0,0.13384484228474586,0.16342021115750657,54.310293922564654,7.5
250.0,225.0,40.0,996.0,30.399999999999316,312.0,0.13384484228474586,0.16342021115750657,54.310293922564654,22.5
250.0,25.0,40.0,996.0,30.399999999999316,312.0,0.13384484228474586,0.16342021115750657,54.310293922564654,2.5
250.0,150.0,40.0,996.0,30.399999999999316,312.0,0.13384484228474586,0.16342021115750657,54.310293922564654,15.0
250.0,125.0,40.0,996.0,30.399999999999316,312.0,0.13384484228474586,0.16342021115750657,54.310293922564654,12.5
200.0,25.0,20.0,1270.0,26.199999999998447,226.0,0.148821548821501,0.18336986734533953,54.30532646339131,2.5
200.0,175.0,20.0,1270.0,26.199999999998447,226.0,0.148821548821501,0.18336986734533953,54.30532646339131,17.5
200.0,200.0,20.0,1270.0,26.199999999998447,226.0,0.148821548821501,0.18336986734533953,54.30532646339131,20.0
200.0,250.0,20.0,1270.0,26.199999999998447,226.0,0.148821548821501,0.18336986734533953,54.30532646339131,25.0
200.0,100.0,20.0,1270.0,26.199999999998447,226.0,0.148821548821501,0.18336986734533953,54.30532646339131,10.0
200.0,225.0,20.0,1270.0,26.199999999998447,226.0,0.148821548821501,0.18336986734533953,54.30532646339131,22.5
200.0,150.0,20.0,1270.0,26.199999999998447,226.0,0.148821548821501,0.18336986734533953,54.30532646339131,15.0
200.0,75.0,20.0,1270.0,26.199999999998447,226.0,0.148821548821501,0.18336986734533953,54.30532646339131,7.5
200.0,125.0,20.0,1270.0,26.199999999998447,226.0,0.148821548821501,0.18336986734533953,54.30532646339131,12.5
200.0,50.0,20.0,1270.0,26.199999999998447,226.0,0.148821548821501,0.18336986734533953,54.30532646339131,5.0
150.0,175.0,200.0,1146.0,28.300000000001102,258.0,0.14222222222224618,0.16664020544403518,54.30307741988578,17.5
150.0,100.0,200.0,1146.0,28.300000000001102,258.0,0.14222222222224618,0.16664020544403518,54.30307741988578,10.0
150.0,225.0,200.0,1146.0,28.300000000001102,258.0,0.14222222222224618,0.16664020544403518,54.30307741988578,22.5
150.0,25.0,200.0,1146.0,28.300000000001102,258.0,0.14222222222224618,0.16664020544403518,54.30307741988578,2.5
150.0,150.0,200.0,1146.0,28.300000000001102,258.0,0.14222222222224618,0.16664020544403518,54.30307741988578,15.0
150.0,250.0,200.0,1146.0,28.300000000001102,258.0,0.14222222222224618,0.16664020544403518,54.30307741988578,25.0
150.0,75.0,200.0,1146.0,28.300000000001102,258.0,0.14222222222224618,0.16664020544403518,54.30307741988578,7.5
150.0,200.0,200.0,1146.0,28.300000000001102,258.0,0.14222222222224618,0.16664020544403518,54.30307741988578,20.0
150.0,50.0,200.0,1146.0,28.300000000001102,258.0,0.14222222222224618,0.16664020544403518,54.30307741988578,5.0
150.0,125.0,200.0,1146.0,28.300000000001102,258.0,0.14222222222224618,0.16664020544403518,54.30307741988578,12.5
250.0,125.0,20.0,1000.0,30.300000000000882,312.0,0.1341107871720493,0.1648201335302126,54.29293674804501,12.5
250.0,75.0,20.0,1000.0,30.300000000000882,312.0,0.1341107871720493,0.1648201335302126,54.29293674804501,7.5
250.0,50.0,20.0,1000.0,30.300000000000882,312.0,0.1341107871720493,0.1648201335302126,54.29293674804501,5.0
250.0,200.0,20.0,1000.0,30.300000000000882,312.0,0.1341107871720493,0.1648201335302126,54.29293674804501,20.0
250.0,175.0,20.0,1000.0,30.300000000000882,312.0,0.1341107871720493,0.1648201335302126,54.29293674804501,17.5
250.0,150.0,20.0,1000.0,30.300000000000882,312.0,0.1341107871720493,0.1648201335302126,54.29293674804501,15.0
250.0,225.0,20.0,1000.0,30.300000000000882,312.0,0.1341107871720493,0.1648201335302126,54.29293674804501,22.5
250.0,250.0,20.0,1000.0,30.300000000000882,312.0,0.1341107871720493,0.1648201335302126,54.29293674804501,25.0
250.0,25.0,20.0,1000.0,30.300000000000882,312.0,0.1341107871720493,0.1648201335302126,54.29293674804501,2.5
250.0,100.0,20.0,1000.0,30.300000000000882,312.0,0.1341107871720493,0.1648201335302126,54.29293674804501,10.0
200.0,125.0,60.0,1252.0,26.399999999999757,229.0,0.14689550731952003,0.1771152287736312,54.29207969582194,12.5
200.0,250.0,60.0,1252.0,26.399999999999757,229.0,0.14689550731952003,0.1771152287736312,54.29207969582194,25.0
200.0,75.0,60.0,1252.0,26.399999999999757,229.0,0.14689550731952003,0.1771152287736312,54.29207969582194,7.5
200.0,50.0,60.0,1252.0,26.399999999999757,229.0,0.14689550731952003,0.1771152287736312,54.29207969582194,5.0
200.0,150.0,60.0,1252.0,26.399999999999757,229.0,0.14689550731952003,0.1771152287736312,54.29207969582194,15.0
200.0,225.0,60.0,1252.0,26.399999999999757,229.0,0.14689550731952003,0.1771152287736312,54.29207969582194,22.5
200.0,175.0,60.0,1252.0,26.399999999999757,229.0,0.14689550731952003,0.1771152287736312,54.29207969582194,17.5
200.0,25.0,60.0,1252.0,26.399999999999757,229.0,0.14689550731952003,0.1771152287736312,54.29207969582194,2.5
200.0,100.0,60.0,1252.0,26.399999999999757,229.0,0.14689550731952003,0.1771152287736312,54.29207969582194,10.0
200.0,200.0,60.0,1252.0,26.399999999999757,229.0,0.14689550731952003,0.1771152287736312,54.29207969582194,20.0
200.0,200.0,180.0,1028.0,30.29999999999866,297.0,0.1343825665859624,0.15707623944594212,54.28223086842602,20.0
200.0,225.0,180.0,1028.0,30.29999999999866,297.0,0.1343825665859624,0.15707623944594212,54.28223086842602,22.5
200.0,250.0,180.0,1028.0,30.29999999999866,297.0,0.1343825665859624,0.15707623944594212,54.28223086842602,25.0
200.0,25.0,180.0,1028.0,30.29999999999866,297.0,0.1343825665859624,0.15707623944594212,54.28223086842602,2.5
200.0,175.0,180.0,1028.0,30.29999999999866,297.0,0.1343825665859624,0.15707623944594212,54.28223086842602,17.5
200.0,75.0,180.0,1028.0,30.29999999999866,297.0,0.1343825665859624,0.15707623944594212,54.28223086842602,7.5
200.0,50.0,180.0,1028.0,30.29999999999866,297.0,0.1343825665859624,0.15707623944594212,54.28223086842602,5.0
200.0,125.0,180.0,1028.0,30.29999999999866,297.0,0.1343825665859624,0.15707623944594212,54.28223086842602,12.5
200.0,100.0,180.0,1028.0,30.29999999999866,297.0,0.1343825665859624,0.15707623944594212,54.28223086842602,10.0
200.0,150.0,180.0,1028.0,30.29999999999866,297.0,0.1343825665859624,0.15707623944594212,54.28223086842602,15.0
200.0,100.0,140.0,1138.0,28.300000000001102,260.0,0.14073494917905446,0.16403971574173637,54.27251011175505,10.0
200.0,175.0,140.0,1138.0,28.300000000001102,260.0,0.14073494917905446,0.16403971574173637,54.27251011175505,17.5
200.0,75.0,140.0,1138.0,28.300000000001102,260.0,0.14073494917905446,0.16403971574173637,54.27251011175505,7.5
200.0,225.0,140.0,1138.0,28.300000000001102,260.0,0.14073494917905446,0.16403971574173637,54.27251011175505,22.5
200.0,50.0,140.0,1138.0,28.300000000001102,260.0,0.14073494917905446,0.16403971574173637,54.27251011175505,5.0
200.0,25.0,140.0,1138.0,28.300000000001102,260.0,0.14073494917905446,0.16403971574173637,54.27251011175505,2.5
200.0,200.0,140.0,1138.0,28.300000000001102,260.0,0.14073494917905446,0.16403971574173637,54.27251011175505,20.0
200.0,250.0,140.0,1138.0,28.300000000001102,260.0,0.14073494917905446,0.16403971574173637,54.27251011175505,25.0
200.0,150.0,140.0,1138.0,28.300000000001102,260.0,0.14073494917905446,0.16403971574173637,54.27251011175505,15.0
200.0,125.0,140.0,1138.0,28.300000000001102,260.0,0.14073494917905446,0.16403971574173637,54.27251011175505,12.5
500.0,250.0,60.0,520.0,44.200000000000905,570.0,0.1019989748846775,0.12854099220846518,54.269078206688704,25.0
500.0,200.0,20.0,520.0,44.200000000000905,570.0,0.1019989748846775,0.12854099220846518,54.269078206688704,20.0
500.0,100.0,20.0,520.0,44.200000000000905,570.0,0.1019989748846775,0.12854099220846518,54.269078206688704,10.0
500.0,200.0,100.0,520.0,44.200000000000905,570.0,0.1019989748846775,0.12764174626625216,54.269078206688704,20.0
500.0,200.0,80.0,520.0,44.200000000000905,570.0,0.1019989748846775,0.12854099220846518,54.269078206688704,20.0
500.0,250.0,80.0,520.0,44.200000000000905,570.0,0.1019989748846775,0.12854099220846518,54.269078206688704,25.0
500.0,50.0,40.0,520.0,44.200000000000905,570.0,0.1019989748846775,0.12854099220846518,54.269078206688704,5.0
500.0,50.0,60.0,520.0,44.200000000000905,570.0,0.1019989748846775,0.12854099220846518,54.269078206688704,5.0
500.0,250.0,100.0,520.0,44.200000000000905,570.0,0.1019989748846775,0.12764174626625216,54.269078206688704,25.0
500.0,150.0,40.0,520.0,44.200000000000905,570.0,0.1019989748846775,0.12854099220846518,54.269078206688704,15.0
500.0,50.0,100.0,520.0,44.200000000000905,570.0,0.1019989748846775,0.12764174626625216,54.269078206688704,5.0
500.0,50.0,80.0,520.0,44.200000000000905,570.0,0.1019989748846775,0.12854099220846518,54.269078206688704,5.0
500.0,75.0,40.0,520.0,44.200000000000905,570.0,0.1019989748846775,0.12854099220846518,54.269078206688704,7.5
500.0,75.0,20.0,520.0,44.200000000000905,570.0,0.1019989748846775,0.12854099220846518,54.269078206688704,7.5
500.0,75.0,60.0,520.0,44.200000000000905,570.0,0.1019989748846775,0.12854099220846518,54.269078206688704,7.5
500.0,75.0,80.0,520.0,44.200000000000905,570.0,0.1019989748846775,0.12854099220846518,54.269078206688704,7.5
500.0,75.0,100.0,520.0,44.200000000000905,570.0,0.1019989748846775,0.12764174626625216,54.269078206688704,7.5
500.0,25.0,20.0,520.0,44.200000000000905,570.0,0.1019989748846775,0.12854099220846518,54.269078206688704,2.5
500.0,175.0,80.0,520.0,44.200000000000905,570.0,0.1019989748846775,0.12854099220846518,54.269078206688704,17.5
500.0,175.0,100.0,520.0,44.200000000000905,570.0,0.1019989748846775,0.12764174626625216,54.269078206688704,17.5
500.0,175.0,40.0,520.0,44.200000000000905,570.0,0.1019989748846775,0.12854099220846518,54.269078206688704,17.5
500.0,175.0,60.0,520.0,44.200000000000905,570.0,0.1019989748846775,0.12854099220846518,54.269078206688704,17.5
500.0,175.0,20.0,520.0,44.200000000000905,570.0,0.1019989748846775,0.12854099220846518,54.269078206688704,17.5
500.0,150.0,100.0,520.0,44.200000000000905,570.0,0.1019989748846775,0.12764174626625216,54.269078206688704,15.0
500.0,150.0,60.0,520.0,44.200000000000905,570.0,0.1019989748846775,0.12854099220846518,54.269078206688704,15.0
500.0,150.0,80.0,520.0,44.200000000000905,570.0,0.1019989748846775,0.12854099220846518,54.269078206688704,15.0
500.0,25.0,60.0,520.0,44.200000000000905,570.0,0.1019989748846775,0.12854099220846518,54.269078206688704,2.5
500.0,25.0,80.0,520.0,44.200000000000905,570.0,0.1019989748846775,0.12854099220846518,54.269078206688704,2.5
500.0,25.0,100.0,520.0,44.200000000000905,570.0,0.1019989748846775,0.12764174626625216,54.269078206688704,2.5
500.0,50.0,20.0,520.0,44.200000000000905,570.0,0.1019989748846775,0.12854099220846518,54.269078206688704,5.0
500.0,225.0,20.0,520.0,44.200000000000905,570.0,0.1019989748846775,0.12854099220846518,54.269078206688704,22.5
500.0,225.0,40.0,520.0,44.200000000000905,570.0,0.1019989748846775,0.12854099220846518,54.269078206688704,22.5
500.0,225.0,60.0,520.0,44.200000000000905,570.0,0.1019989748846775,0.12854099220846518,54.269078206688704,22.5
500.0,25.0,40.0,520.0,44.200000000000905,570.0,0.1019989748846775,0.12854099220846518,54.269078206688704,2.5
500.0,225.0,80.0,520.0,44.200000000000905,570.0,0.1019989748846775,0.12854099220846518,54.269078206688704,22.5
500.0,225.0,100.0,520.0,44.200000000000905,570.0,0.1019989748846775,0.12764174626625216,54.269078206688704,22.5
500.0,250.0,20.0,520.0,44.200000000000905,570.0,0.1019989748846775,0.12854099220846518,54.269078206688704,25.0
500.0,250.0,40.0,520.0,44.200000000000905,570.0,0.1019989748846775,0.12854099220846518,54.269078206688704,25.0
500.0,100.0,40.0,520.0,44.200000000000905,570.0,0.1019989748846775,0.12854099220846518,54.269078206688704,10.0
500.0,150.0,20.0,520.0,44.200000000000905,570.0,0.1019989748846775,0.12854099220846518,54.269078206688704,15.0
500.0,100.0,60.0,520.0,44.200000000000905,570.0,0.1019989748846775,0.12854099220846518,54.269078206688704,10.0
500.0,100.0,80.0,520.0,44.200000000000905,570.0,0.1019989748846775,0.12854099220846518,54.269078206688704,10.0
500.0,100.0,100.0,520.0,44.200000000000905,570.0,0.1019989748846775,0.12764174626625216,54.269078206688704,10.0
500.0,125.0,20.0,520.0,44.200000000000905,570.0,0.1019989748846775,0.12854099220846518,54.269078206688704,12.5
500.0,125.0,40.0,520.0,44.200000000000905,570.0,0.1019989748846775,0.12854099220846518,54.269078206688704,12.5
500.0,125.0,60.0,520.0,44.200000000000905,570.0,0.1019989748846775,0.12854099220846518,54.269078206688704,12.5
500.0,125.0,80.0,520.0,44.200000000000905,570.0,0.1019989748846775,0.12854099220846518,54.269078206688704,12.5
500.0,125.0,100.0,520.0,44.200000000000905,570.0,0.1019989748846775,0.12764174626625216,54.269078206688704,12.5
500.0,200.0,40.0,520.0,44.200000000000905,570.0,0.1019989748846775,0.12854099220846518,54.269078206688704,20.0
500.0,200.0,60.0,520.0,44.200000000000905,570.0,0.1019989748846775,0.12854099220846518,54.269078206688704,20.0
200.0,250.0,80.0,1238.0,26.800000000000157,235.0,0.14611398963730704,0.1750871284945038,54.237955994055895,25.0
200.0,200.0,80.0,1238.0,26.800000000000157,235.0,0.14611398963730704,0.1750871284945038,54.237955994055895,20.0
200.0,150.0,80.0,1238.0,26.800000000000157,235.0,0.14611398963730704,0.1750871284945038,54.237955994055895,15.0
200.0,175.0,80.0,1238.0,26.800000000000157,235.0,0.14611398963730704,0.1750871284945038,54.237955994055895,17.5
200.0,225.0,80.0,1238.0,26.800000000000157,235.0,0.14611398963730704,0.1750871284945038,54.237955994055895,22.5
200.0,50.0,80.0,1238.0,26.800000000000157,235.0,0.14611398963730704,0.1750871284945038,54.237955994055895,5.0
200.0,75.0,80.0,1238.0,26.800000000000157,235.0,0.14611398963730704,0.1750871284945038,54.237955994055895,7.5
200.0,125.0,80.0,1238.0,26.800000000000157,235.0,0.14611398963730704,0.1750871284945038,54.237955994055895,12.5
200.0,100.0,80.0,1238.0,26.800000000000157,235.0,0.14611398963730704,0.1750871284945038,54.237955994055895,10.0
200.0,25.0,80.0,1238.0,26.800000000000157,235.0,0.14611398963730704,0.1750871284945038,54.237955994055895,2.5
200.0,125.0,120.0,1170.0,27.600000000000957,253.0,0.14235909355024717,0.16594088077910257,54.230571428637596,12.5
200.0,200.0,120.0,1170.0,27.600000000000957,253.0,0.14235909355024717,0.16594088077910257,54.230571428637596,20.0
200.0,225.0,120.0,1170.0,27.600000000000957,253.0,0.14235909355024717,0.16594088077910257,54.230571428637596,22.5
200.0,250.0,120.0,1170.0,27.600000000000957,253.0,0.14235909355024717,0.16594088077910257,54.230571428637596,25.0
200.0,25.0,120.0,1170.0,27.600000000000957,253.0,0.14235909355024717,0.16594088077910257,54.230571428637596,2.5
200.0,50.0,120.0,1170.0,27.600000000000957,253.0,0.14235909355024717,0.16594088077910257,54.230571428637596,5.0
200.0,150.0,120.0,1170.0,27.600000000000957,253.0,0.14235909355024717,0.16594088077910257,54.230571428637596,15.0
200.0,175.0,120.0,1170.0,27.600000000000957,253.0,0.14235909355024717,0.16594088077910257,54.230571428637596,17.5
200.0,100.0,120.0,1170.0,27.600000000000957,253.0,0.14235909355024717,0.16594088077910257,54.230571428637596,10.0
200.0,75.0,120.0,1170.0,27.600000000000957,253.0,0.14235909355024717,0.16594088077910257,54.230571428637596,7.5
500.0,75.0,160.0,516.0,44.30000000000156,575.0,0.10087260034904354,0.12512947222415582,54.22054153042526,7.5
500.0,125.0,160.0,516.0,44.30000000000156,575.0,0.10087260034904354,0.12512947222415582,54.22054153042526,12.5
500.0,125.0,140.0,516.0,44.30000000000156,575.0,0.10087260034904354,0.12517321023130557,54.22054153042526,12.5
500.0,25.0,140.0,516.0,44.30000000000156,575.0,0.10087260034904354,0.12517321023130557,54.22054153042526,2.5
500.0,50.0,140.0,516.0,44.30000000000156,575.0,0.10087260034904354,0.12517321023130557,54.22054153042526,5.0
500.0,50.0,160.0,516.0,44.30000000000156,575.0,0.10087260034904354,0.12512947222415582,54.22054153042526,5.0
500.0,50.0,120.0,516.0,44.30000000000156,575.0,0.10087260034904354,0.12517321023130557,54.22054153042526,5.0
500.0,250.0,120.0,516.0,44.30000000000156,575.0,0.10087260034904354,0.12517321023130557,54.22054153042526,25.0
500.0,125.0,120.0,516.0,44.30000000000156,575.0,0.10087260034904354,0.12517321023130557,54.22054153042526,12.5
500.0,100.0,120.0,516.0,44.30000000000156,575.0,0.10087260034904354,0.12517321023130557,54.22054153042526,10.0
500.0,100.0,140.0,516.0,44.30000000000156,575.0,0.10087260034904354,0.12517321023130557,54.22054153042526,10.0
500.0,100.0,160.0,516.0,44.30000000000156,575.0,0.10087260034904354,0.12512947222415582,54.22054153042526,10.0
500.0,175.0,140.0,516.0,44.30000000000156,575.0,0.10087260034904354,0.12517321023130557,54.22054153042526,17.5
500.0,175.0,120.0,516.0,44.30000000000156,575.0,0.10087260034904354,0.12517321023130557,54.22054153042526,17.5
500.0,150.0,140.0,516.0,44.30000000000156,575.0,0.10087260034904354,0.12517321023130557,54.22054153042526,15.0
500.0,150.0,160.0,516.0,44.30000000000156,575.0,0.10087260034904354,0.12512947222415582,54.22054153042526,15.0
500.0,150.0,120.0,516.0,44.30000000000156,575.0,0.10087260034904354,0.12517321023130557,54.22054153042526,15.0
500.0,200.0,120.0,516.0,44.30000000000156,575.0,0.10087260034904354,0.12517321023130557,54.22054153042526,20.0
500.0,250.0,160.0,516.0,44.30000000000156,575.0,0.10087260034904354,0.12512947222415582,54.22054153042526,25.0
500.0,250.0,140.0,516.0,44.30000000000156,575.0,0.10087260034904354,0.12517321023130557,54.22054153042526,25.0
500.0,175.0,160.0,516.0,44.30000000000156,575.0,0.10087260034904354,0.12512947222415582,54.22054153042526,17.5
500.0,200.0,140.0,516.0,44.30000000000156,575.0,0.10087260034904354,0.12517321023130557,54.22054153042526,20.0
500.0,225.0,160.0,516.0,44.30000000000156,575.0,0.10087260034904354,0.12512947222415582,54.22054153042526,22.5
500.0,225.0,140.0,516.0,44.30000000000156,575.0,0.10087260034904354,0.12517321023130557,54.22054153042526,22.5
500.0,25.0,120.0,516.0,44.30000000000156,575.0,0.10087260034904354,0.12517321023130557,54.22054153042526,2.5
500.0,25.0,160.0,516.0,44.30000000000156,575.0,0.10087260034904354,0.12512947222415582,54.22054153042526,2.5
500.0,225.0,120.0,516.0,44.30000000000156,575.0,0.10087260034904354,0.12517321023130557,54.22054153042526,22.5
500.0,200.0,160.0,516.0,44.30000000000156,575.0,0.10087260034904354,0.12512947222415582,54.22054153042526,20.0
500.0,75.0,120.0,516.0,44.30000000000156,575.0,0.10087260034904354,0.12517321023130557,54.22054153042526,7.5
500.0,75.0,140.0,516.0,44.30000000000156,575.0,0.10087260034904354,0.12517321023130557,54.22054153042526,7.5
500.0,75.0,180.0,512.0,44.800000000000395,578.0,0.10074231177094632,0.12422735071846189,54.21120645068525,7.5
500.0,100.0,180.0,512.0,44.800000000000395,578.0,0.10074231177094632,0.12422735071846189,54.21120645068525,10.0
500.0,200.0,180.0,512.0,44.800000000000395,578.0,0.10074231177094632,0.12422735071846189,54.21120645068525,20.0
500.0,225.0,180.0,512.0,44.800000000000395,578.0,0.10074231177094632,0.12422735071846189,54.21120645068525,22.5
500.0,150.0,180.0,512.0,44.800000000000395,578.0,0.10074231177094632,0.12422735071846189,54.21120645068525,15.0
500.0,175.0,180.0,512.0,44.800000000000395,578.0,0.10074231177094632,0.12422735071846189,54.21120645068525,17.5
500.0,125.0,180.0,512.0,44.800000000000395,578.0,0.10074231177094632,0.12422735071846189,54.21120645068525,12.5
500.0,50.0,180.0,512.0,44.800000000000395,578.0,0.10074231177094632,0.12422735071846189,54.21120645068525,5.0
500.0,25.0,180.0,512.0,44.800000000000395,578.0,0.10074231177094632,0.12422735071846189,54.21120645068525,2.5
500.0,250.0,180.0,512.0,44.800000000000395,578.0,0.10074231177094632,0.12422735071846189,54.21120645068525,25.0
150.0,75.0,180.0,1220.0,26.900000000000812,239.0,0.14404288431609624,0.17059519102616438,54.20683283801699,7.5
150.0,100.0,180.0,1220.0,26.900000000000812,239.0,0.14404288431609624,0.17059519102616438,54.20683283801699,10.0
150.0,125.0,180.0,1220.0,26.900000000000812,239.0,0.14404288431609624,0.17059519102616438,54.20683283801699,12.5
150.0,25.0,180.0,1220.0,26.900000000000812,239.0,0.14404288431609624,0.17059519102616438,54.20683283801699,2.5
150.0,50.0,180.0,1220.0,26.900000000000812,239.0,0.14404288431609624,0.17059519102616438,54.20683283801699,5.0
150.0,150.0,180.0,1220.0,26.900000000000812,239.0,0.14404288431609624,0.17059519102616438,54.20683283801699,15.0
150.0,175.0,180.0,1220.0,26.900000000000812,239.0,0.14404288431609624,0.17059519102616438,54.20683283801699,17.5
150.0,200.0,180.0,1220.0,26.900000000000812,239.0,0.14404288431609624,0.17059519102616438,54.20683283801699,20.0
150.0,225.0,180.0,1220.0,26.900000000000812,239.0,0.14404288431609624,0.17059519102616438,54.20683283801699,22.5
150.0,250.0,180.0,1220.0,26.900000000000812,239.0,0.14404288431609624,0.17059519102616438,54.20683283801699,25.0
200.0,50.0,100.0,1196.0,27.200000000000557,246.0,0.14311759343662972,0.1700790194455191,54.205301705479236,5.0
200.0,75.0,100.0,1196.0,27.200000000000557,246.0,0.14311759343662972,0.1700790194455191,54.205301705479236,7.5
200.0,225.0,100.0,1196.0,27.200000000000557,246.0,0.14311759343662972,0.1700790194455191,54.205301705479236,22.5
200.0,150.0,100.0,1196.0,27.200000000000557,246.0,0.14311759343662972,0.1700790194455191,54.205301705479236,15.0
200.0,250.0,100.0,1196.0,27.200000000000557,246.0,0.14311759343662972,0.1700790194455191,54.205301705479236,25.0
200.0,100.0,100.0,1196.0,27.200000000000557,246.0,0.14311759343662972,0.1700790194455191,54.205301705479236,10.0
200.0,125.0,100.0,1196.0,27.200000000000557,246.0,0.14311759343662972,0.1700790194455191,54.205301705479236,12.5
200.0,175.0,100.0,1196.0,27.200000000000557,246.0,0.14311759343662972,0.1700790194455191,54.205301705479236,17.5
200.0,25.0,100.0,1196.0,27.200000000000557,246.0,0.14311759343662972,0.1700790194455191,54.205301705479236,2.5
200.0,200.0,100.0,1196.0,27.200000000000557,246.0,0.14311759343662972,0.1700790194455191,54.205301705479236,20.0
500.0,200.0,200.0,510.0,44.800000000000395,581.0,0.10074231177094632,0.12435533883150542,54.205106499566256,20.0
500.0,100.0,200.0,510.0,44.800000000000395,581.0,0.10074231177094632,0.12435533883150542,54.205106499566256,10.0
500.0,125.0,200.0,510.0,44.800000000000395,581.0,0.10074231177094632,0.12435533883150542,54.205106499566256,12.5
500.0,50.0,200.0,510.0,44.800000000000395,581.0,0.10074231177094632,0.12435533883150542,54.205106499566256,5.0
500.0,25.0,200.0,510.0,44.800000000000395,581.0,0.10074231177094632,0.12435533883150542,54.205106499566256,2.5
500.0,75.0,200.0,510.0,44.800000000000395,581.0,0.10074231177094632,0.12435533883150542,54.205106499566256,7.5
500.0,150.0,200.0,510.0,44.800000000000395,581.0,0.10074231177094632,0.12435533883150542,54.205106499566256,15.0
500.0,175.0,200.0,510.0,44.800000000000395,581.0,0.10074231177094632,0.12435533883150542,54.205106499566256,17.5
500.0,250.0,200.0,510.0,44.800000000000395,581.0,0.10074231177094632,0.12435533883150542,54.205106499566256,25.0
500.0,225.0,200.0,510.0,44.800000000000395,581.0,0.10074231177094632,0.12435533883150542,54.205106499566256,22.5
100.0,125.0,200.0,1311.0,26.100000000000012,221.0,0.1472295074944458,0.1747325088016793,54.09548008126852,12.5
100.0,50.0,200.0,1311.0,26.100000000000012,221.0,0.1472295074944458,0.1747325088016793,54.09548008126852,5.0
100.0,25.0,200.0,1311.0,26.100000000000012,221.0,0.1472295074944458,0.1747325088016793,54.09548008126852,2.5
100.0,100.0,200.0,1311.0,26.100000000000012,221.0,0.1472295074944458,0.1747325088016793,54.09548008126852,10.0
100.0,75.0,200.0,1311.0,26.100000000000012,221.0,0.1472295074944458,0.1747325088016793,54.09548008126852,7.5
100.0,200.0,200.0,1311.0,26.100000000000012,221.0,0.1472295074944458,0.1747325088016793,54.09548008126852,20.0
100.0,250.0,200.0,1311.0,26.100000000000012,221.0,0.1472295074944458,0.1747325088016793,54.09548008126852,25.0
100.0,175.0,200.0,1311.0,26.100000000000012,221.0,0.1472295074944458,0.1747325088016793,54.09548008126852,17.5
100.0,225.0,200.0,1311.0,26.100000000000012,221.0,0.1472295074944458,0.1747325088016793,54.09548008126852,22.5
100.0,150.0,200.0,1311.0,26.100000000000012,221.0,0.1472295074944458,0.1747325088016793,54.09548008126852,15.0
50.0,125.0,200.0,1388.0,25.000000000001688,211.0,0.1539740605254375,0.1874105650786042,54.07955769107462,12.5
50.0,75.0,200.0,1388.0,25.000000000001688,211.0,0.1539740605254375,0.1874105650786042,54.07955769107462,7.5
50.0,250.0,200.0,1388.0,25.000000000001688,211.0,0.1539740605254375,0.1874105650786042,54.07955769107462,25.0
50.0,225.0,200.0,1388.0,25.000000000001688,211.0,0.1539740605254375,0.1874105650786042,54.07955769107462,22.5
50.0,100.0,200.0,1388.0,25.000000000001688,211.0,0.1539740605254375,0.1874105650786042,54.07955769107462,10.0
50.0,200.0,200.0,1388.0,25.000000000001688,211.0,0.1539740605254375,0.1874105650786042,54.07955769107462,20.0
50.0,150.0,200.0,1388.0,25.000000000001688,211.0,0.1539740605254375,0.1874105650786042,54.07955769107462,15.0
50.0,175.0,200.0,1388.0,25.000000000001688,211.0,0.1539740605254375,0.1874105650786042,54.07955769107462,17.5
50.0,50.0,200.0,1388.0,25.000000000001688,211.0,0.1539740605254375,0.1874105650786042,54.07955769107462,5.0
50.0,25.0,200.0,1388.0,25.000000000001688,211.0,0.1539740605254375,0.1874105650786042,54.07955769107462,2.5
150.0,150.0,160.0,1308.0,25.999999999999357,226.0,0.14693295292443945,0.17409922754199786,53.99968571371502,15.0
150.0,25.0,160.0,1308.0,25.999999999999357,226.0,0.14693295292443945,0.17409922754199786,53.99968571371502,2.5
150.0,50.0,160.0,1308.0,25.999999999999357,226.0,0.14693295292443945,0.17409922754199786,53.99968571371502,5.0
150.0,125.0,160.0,1308.0,25.999999999999357,226.0,0.14693295292443945,0.17409922754199786,53.99968571371502,12.5
150.0,100.0,160.0,1308.0,25.999999999999357,226.0,0.14693295292443945,0.17409922754199786,53.99968571371502,10.0
150.0,250.0,160.0,1308.0,25.999999999999357,226.0,0.14693295292443945,0.17409922754199786,53.99968571371502,25.0
150.0,200.0,160.0,1308.0,25.999999999999357,226.0,0.14693295292443945,0.17409922754199786,53.99968571371502,20.0
150.0,225.0,160.0,1308.0,25.999999999999357,226.0,0.14693295292443945,0.17409922754199786,53.99968571371502,22.5
150.0,175.0,160.0,1308.0,25.999999999999357,226.0,0.14693295292443945,0.17409922754199786,53.99968571371502,17.5
150.0,75.0,160.0,1308.0,25.999999999999357,226.0,0.14693295292443945,0.17409922754199786,53.99968571371502,7.5
150.0,100.0,140.0,1400.0,24.900000000001032,212.0,0.15177797051173483,0.1783800299650616,53.87150323824093,10.0
150.0,175.0,140.0,1400.0,24.900000000001032,212.0,0.15177797051173483,0.1783800299650616,53.87150323824093,17.5
150.0,200.0,140.0,1400.0,24.900000000001032,212.0,0.15177797051173483,0.1783800299650616,53.87150323824093,20.0
150.0,250.0,140.0,1400.0,24.900000000001032,212.0,0.15177797051173483,0.1783800299650616,53.87150323824093,25.0
150.0,150.0,140.0,1400.0,24.900000000001032,212.0,0.15177797051173483,0.1783800299650616,53.87150323824093,15.0
150.0,50.0,140.0,1400.0,24.900000000001032,212.0,0.15177797051173483,0.1783800299650616,53.87150323824093,5.0
150.0,25.0,140.0,1400.0,24.900000000001032,212.0,0.15177797051173483,0.1783800299650616,53.87150323824093,2.5
150.0,225.0,140.0,1400.0,24.900000000001032,212.0,0.15177797051173483,0.1783800299650616,53.87150323824093,22.5
150.0,75.0,140.0,1400.0,24.900000000001032,212.0,0.15177797051173483,0.1783800299650616,53.87150323824093,7.5
150.0,125.0,140.0,1400.0,24.900000000001032,212.0,0.15177797051173483,0.1783800299650616,53.87150323824093,12.5
100.0,200.0,180.0,1423.0,24.600000000001288,206.0,0.15347302614191538,0.1805071602167502,53.82727065391647,20.0
100.0,250.0,180.0,1423.0,24.600000000001288,206.0,0.15347302614191538,0.1805071602167502,53.82727065391647,25.0
100.0,225.0,180.0,1423.0,24.600000000001288,206.0,0.15347302614191538,0.1805071602167502,53.82727065391647,22.5
100.0,75.0,180.0,1423.0,24.600000000001288,206.0,0.15347302614191538,0.1805071602167502,53.82727065391647,7.5
100.0,125.0,180.0,1423.0,24.600000000001288,206.0,0.15347302614191538,0.1805071602167502,53.82727065391647,12.5
100.0,150.0,180.0,1423.0,24.600000000001288,206.0,0.15347302614191538,0.1805071602167502,53.82727065391647,15.0
100.0,100.0,180.0,1423.0,24.600000000001288,206.0,0.15347302614191538,0.1805071602167502,53.82727065391647,10.0
100.0,25.0,180.0,1423.0,24.600000000001288,206.0,0.15347302614191538,0.1805071602167502,53.82727065391647,2.5
100.0,175.0,180.0,1423.0,24.600000000001288,206.0,0.15347302614191538,0.1805071602167502,53.82727065391647,17.5
100.0,50.0,180.0,1423.0,24.600000000001288,206.0,0.15347302614191538,0.1805071602167502,53.82727065391647,5.0
150.0,150.0,120.0,1468.0,24.200000000000887,204.0,0.15587680703960358,0.182220148430451,53.54915801929341,15.0
150.0,225.0,120.0,1468.0,24.200000000000887,204.0,0.15587680703960358,0.182220148430451,53.54915801929341,22.5
150.0,100.0,120.0,1468.0,24.200000000000887,204.0,0.15587680703960358,0.182220148430451,53.54915801929341,10.0
150.0,75.0,120.0,1468.0,24.200000000000887,204.0,0.15587680703960358,0.182220148430451,53.54915801929341,7.5
150.0,200.0,120.0,1468.0,24.200000000000887,204.0,0.15587680703960358,0.182220148430451,53.54915801929341,20.0
150.0,125.0,120.0,1468.0,24.200000000000887,204.0,0.15587680703960358,0.182220148430451,53.54915801929341,12.5
150.0,250.0,120.0,1468.0,24.200000000000887,204.0,0.15587680703960358,0.182220148430451,53.54915801929341,25.0
150.0,175.0,120.0,1468.0,24.200000000000887,204.0,0.15587680703960358,0.182220148430451,53.54915801929341,17.5
150.0,50.0,120.0,1468.0,24.200000000000887,204.0,0.15587680703960358,0.182220148430451,53.54915801929341,5.0
150.0,25.0,120.0,1468.0,24.200000000000887,204.0,0.15587680703960358,0.182220148430451,53.54915801929341,2.5
50.0,225.0,180.0,1550.0,23.500000000000743,190.0,0.162655601659769,0.19507425945277682,53.42456606330723,22.5
50.0,75.0,180.0,1550.0,23.500000000000743,190.0,0.162655601659769,0.19507425945277682,53.42456606330723,7.5
50.0,150.0,180.0,1550.0,23.500000000000743,190.0,0.162655601659769,0.19507425945277682,53.42456606330723,15.0
50.0,125.0,180.0,1550.0,23.500000000000743,190.0,0.162655601659769,0.19507425945277682,53.42456606330723,12.5
50.0,100.0,180.0,1550.0,23.500000000000743,190.0,0.162655601659769,0.19507425945277682,53.42456606330723,10.0
50.0,50.0,180.0,1550.0,23.500000000000743,190.0,0.162655601659769,0.19507425945277682,53.42456606330723,5.0
50.0,200.0,180.0,1550.0,23.500000000000743,190.0,0.162655601659769,0.19507425945277682,53.42456606330723,20.0
50.0,175.0,180.0,1550.0,23.500000000000743,190.0,0.162655601659769,0.19507425945277682,53.42456606330723,17.5
50.0,250.0,180.0,1550.0,23.500000000000743,190.0,0.162655601659769,0.19507425945277682,53.42456606330723,25.0
50.0,25.0,180.0,1550.0,23.500000000000743,190.0,0.162655601659769,0.19507425945277682,53.42456606330723,2.5
150.0,75.0,100.0,1536.0,23.699999999999832,196.0,0.15961305925029226,0.18765004469109486,53.30826333227837,7.5
150.0,50.0,100.0,1536.0,23.699999999999832,196.0,0.15961305925029226,0.18765004469109486,53.30826333227837,5.0
150.0,25.0,100.0,1536.0,23.699999999999832,196.0,0.15961305925029226,0.18765004469109486,53.30826333227837,2.5
150.0,250.0,100.0,1536.0,23.699999999999832,196.0,0.15961305925029226,0.18765004469109486,53.30826333227837,25.0
150.0,125.0,100.0,1536.0,23.699999999999832,196.0,0.15961305925029226,0.18765004469109486,53.30826333227837,12.5
150.0,200.0,100.0,1536.0,23.699999999999832,196.0,0.15961305925029226,0.18765004469109486,53.30826333227837,20.0
150.0,175.0,100.0,1536.0,23.699999999999832,196.0,0.15961305925029226,0.18765004469109486,53.30826333227837,17.5
150.0,225.0,100.0,1536.0,23.699999999999832,196.0,0.15961305925029226,0.18765004469109486,53.30826333227837,22.5
150.0,150.0,100.0,1536.0,23.699999999999832,196.0,0.15961305925029226,0.18765004469109486,53.30826333227837,15.0
150.0,100.0,100.0,1536.0,23.699999999999832,196.0,0.15961305925029226,0.18765004469109486,53.30826333227837,10.0
150.0,225.0,80.0,1610.0,23.300000000001653,185.0,0.16433308769345317,0.19514774691867054,53.21805293460563,22.5
150.0,100.0,80.0,1610.0,23.300000000001653,185.0,0.16433308769345317,0.19514774691867054,53.21805293460563,10.0
150.0,200.0,80.0,1610.0,23.300000000001653,185.0,0.16433308769345317,0.19514774691867054,53.21805293460563,20.0
150.0,250.0,80.0,1610.0,23.300000000001653,185.0,0.16433308769345317,0.19514774691867054,53.21805293460563,25.0
150.0,75.0,80.0,1610.0,23.300000000001653,185.0,0.16433308769345317,0.19514774691867054,53.21805293460563,7.5
150.0,50.0,80.0,1610.0,23.300000000001653,185.0,0.16433308769345317,0.19514774691867054,53.21805293460563,5.0
150.0,25.0,80.0,1610.0,23.300000000001653,185.0,0.16433308769345317,0.19514774691867054,53.21805293460563,2.5
150.0,175.0,80.0,1610.0,23.300000000001653,185.0,0.16433308769345317,0.19514774691867054,53.21805293460563,17.5
150.0,150.0,80.0,1610.0,23.300000000001653,185.0,0.16433308769345317,0.19514774691867054,53.21805293460563,15.0
150.0,125.0,80.0,1610.0,23.300000000001653,185.0,0.16433308769345317,0.19514774691867054,53.21805293460563,12.5
150.0,50.0,60.0,1648.0,22.899999999999032,178.0,0.16586151368759738,0.1992899007620152,53.12543355719885,5.0
150.0,25.0,60.0,1648.0,22.899999999999032,178.0,0.16586151368759738,0.1992899007620152,53.12543355719885,2.5
150.0,200.0,60.0,1648.0,22.899999999999032,178.0,0.16586151368759738,0.1992899007620152,53.12543355719885,20.0
150.0,75.0,60.0,1648.0,22.899999999999032,178.0,0.16586151368759738,0.1992899007620152,53.12543355719885,7.5
150.0,225.0,60.0,1648.0,22.899999999999032,178.0,0.16586151368759738,0.1992899007620152,53.12543355719885,22.5
150.0,100.0,60.0,1648.0,22.899999999999032,178.0,0.16586151368759738,0.1992899007620152,53.12543355719885,10.0
150.0,250.0,60.0,1648.0,22.899999999999032,178.0,0.16586151368759738,0.1992899007620152,53.12543355719885,25.0
150.0,175.0,60.0,1648.0,22.899999999999032,178.0,0.16586151368759738,0.1992899007620152,53.12543355719885,17.5
150.0,125.0,60.0,1648.0,22.899999999999032,178.0,0.16586151368759738,0.1992899007620152,53.12543355719885,12.5
150.0,150.0,60.0,1648.0,22.899999999999032,178.0,0.16586151368759738,0.1992899007620152,53.12543355719885,15.0
150.0,75.0,40.0,1672.0,22.699999999999942,174.0,0.16799999999998258,0.2040245083141228,53.122875225528865,7.5
150.0,25.0,40.0,1672.0,22.699999999999942,174.0,0.16799999999998258,0.2040245083141228,53.122875225528865,2.5
150.0,50.0,40.0,1672.0,22.699999999999942,174.0,0.16799999999998258,0.2040245083141228,53.122875225528865,5.0
150.0,150.0,40.0,1672.0,22.699999999999942,174.0,0.16799999999998258,0.2040245083141228,53.122875225528865,15.0
150.0,125.0,40.0,1672.0,22.699999999999942,174.0,0.16799999999998258,0.2040245083141228,53.122875225528865,12.5
150.0,100.0,40.0,1672.0,22.699999999999942,174.0,0.16799999999998258,0.2040245083141228,53.122875225528865,10.0
150.0,225.0,40.0,1672.0,22.699999999999942,174.0,0.16799999999998258,0.2040245083141228,53.122875225528865,22.5
150.0,250.0,40.0,1672.0,22.699999999999942,174.0,0.16799999999998258,0.2040245083141228,53.122875225528865,25.0
150.0,175.0,40.0,1672.0,22.699999999999942,174.0,0.16799999999998258,0.2040245083141228,53.122875225528865,17.5
150.0,200.0,40.0,1672.0,22.699999999999942,174.0,0.16799999999998258,0.2040245083141228,53.122875225528865,20.0
100.0,225.0,160.0,1557.0,23.34999999999976,195.0,0.15962684752425513,0.18510609123945354,53.085428181714036,22.5
100.0,250.0,160.0,1557.0,23.34999999999976,195.0,0.15962684752425513,0.18510609123945354,53.085428181714036,25.0
100.0,50.0,160.0,1557.0,23.34999999999976,195.0,0.15962684752425513,0.18510609123945354,53.085428181714036,5.0
100.0,150.0,160.0,1557.0,23.34999999999976,195.0,0.15962684752425513,0.18510609123945354,53.085428181714036,15.0
100.0,125.0,160.0,1557.0,23.34999999999976,195.0,0.15962684752425513,0.18510609123945354,53.085428181714036,12.5
100.0,175.0,160.0,1557.0,23.34999999999976,195.0,0.15962684752425513,0.18510609123945354,53.085428181714036,17.5
100.0,200.0,160.0,1557.0,23.34999999999976,195.0,0.15962684752425513,0.18510609123945354,53.085428181714036,20.0
100.0,25.0,160.0,1557.0,23.34999999999976,195.0,0.15962684752425513,0.18510609123945354,53.085428181714036,2.5
100.0,100.0,160.0,1557.0,23.34999999999976,195.0,0.15962684752425513,0.18510609123945354,53.085428181714036,10.0
100.0,75.0,160.0,1557.0,23.34999999999976,195.0,0.15962684752425513,0.18510609123945354,53.085428181714036,7.5
150.0,250.0,20.0,1688.0,22.500000000000853,172.0,0.1686046511627817,0.20638328313090396,53.04734838225485,25.0
150.0,175.0,20.0,1688.0,22.500000000000853,172.0,0.1686046511627817,0.20638328313090396,53.04734838225485,17.5
150.0,75.0,20.0,1688.0,22.500000000000853,172.0,0.1686046511627817,0.20638328313090396,53.04734838225485,7.5
150.0,225.0,20.0,1688.0,22.500000000000853,172.0,0.1686046511627817,0.20638328313090396,53.04734838225485,22.5
150.0,25.0,20.0,1688.0,22.500000000000853,172.0,0.1686046511627817,0.20638328313090396,53.04734838225485,2.5
150.0,200.0,20.0,1688.0,22.500000000000853,172.0,0.1686046511627817,0.20638328313090396,53.04734838225485,20.0
150.0,150.0,20.0,1688.0,22.500000000000853,172.0,0.1686046511627817,0.20638328313090396,53.04734838225485,15.0
150.0,100.0,20.0,1688.0,22.500000000000853,172.0,0.1686046511627817,0.20638328313090396,53.04734838225485,10.0
150.0,50.0,20.0,1688.0,22.500000000000853,172.0,0.1686046511627817,0.20638328313090396,53.04734838225485,5.0
150.0,125.0,20.0,1688.0,22.500000000000853,172.0,0.1686046511627817,0.20638328313090396,53.04734838225485,12.5
100.0,75.0,140.0,1703.0,22.649999999999615,175.0,0.16468969320493138,0.1902776597759922,52.79164184475798,7.5
100.0,100.0,140.0,1703.0,22.649999999999615,175.0,0.16468969320493138,0.1902776597759922,52.79164184475798,10.0
100.0,25.0,140.0,1703.0,22.649999999999615,175.0,0.16468969320493138,0.1902776597759922,52.79164184475798,2.5
100.0,200.0,140.0,1703.0,22.649999999999615,175.0,0.16468969320493138,0.1902776597759922,52.79164184475798,20.0
100.0,150.0,140.0,1703.0,22.649999999999615,175.0,0.16468969320493138,0.1902776597759922,52.79164184475798,15.0
100.0,50.0,140.0,1703.0,22.649999999999615,175.0,0.16468969320493138,0.1902776597759922,52.79164184475798,5.0
100.0,225.0,140.0,1703.0,22.649999999999615,175.0,0.16468969320493138,0.1902776597759922,52.79164184475798,22.5
100.0,125.0,140.0,1703.0,22.649999999999615,175.0,0.16468969320493138,0.1902776597759922,52.79164184475798,12.5
100.0,250.0,140.0,1703.0,22.649999999999615,175.0,0.16468969320493138,0.1902776597759922,52.79164184475798,25.0
100.0,175.0,140.0,1703.0,22.649999999999615,175.0,0.16468969320493138,0.1902776597759922,52.79164184475798,17.5
50.0,100.0,160.0,1732.0,21.999999999999797,170.0,0.1692876965772051,0.20111251263537314,52.7112024807898,10.0
50.0,225.0,160.0,1732.0,21.999999999999797,170.0,0.1692876965772051,0.20111251263537314,52.7112024807898,22.5
50.0,25.0,160.0,1732.0,21.999999999999797,170.0,0.1692876965772051,0.20111251263537314,52.7112024807898,2.5
50.0,75.0,160.0,1732.0,21.999999999999797,170.0,0.1692876965772051,0.20111251263537314,52.7112024807898,7.5
50.0,125.0,160.0,1732.0,21.999999999999797,170.0,0.1692876965772051,0.20111251263537314,52.7112024807898,12.5
50.0,50.0,160.0,1732.0,21.999999999999797,170.0,0.1692876965772051,0.20111251263537314,52.7112024807898,5.0
50.0,150.0,160.0,1732.0,21.999999999999797,170.0,0.1692876965772051,0.20111251263537314,52.7112024807898,15.0
50.0,175.0,160.0,1732.0,21.999999999999797,170.0,0.1692876965772051,0.20111251263537314,52.7112024807898,17.5
50.0,200.0,160.0,1732.0,21.999999999999797,170.0,0.1692876965772051,0.20111251263537314,52.7112024807898,20.0
50.0,250.0,160.0,1732.0,21.999999999999797,170.0,0.1692876965772051,0.20111251263537314,52.7112024807898,25.0
100.0,150.0,120.0,1873.0,21.400000000000308,160.0,0.1716650374714645,0.19700859428140086,52.206935236466556,15.0
100.0,125.0,120.0,1873.0,21.400000000000308,160.0,0.1716650374714645,0.19700859428140086,52.206935236466556,12.5
100.0,75.0,120.0,1873.0,21.400000000000308,160.0,0.1716650374714645,0.19700859428140086,52.206935236466556,7.5
100.0,250.0,120.0,1873.0,21.400000000000308,160.0,0.1716650374714645,0.19700859428140086,52.206935236466556,25.0
100.0,175.0,120.0,1873.0,21.400000000000308,160.0,0.1716650374714645,0.19700859428140086,52.206935236466556,17.5
100.0,100.0,120.0,1873.0,21.400000000000308,160.0,0.1716650374714645,0.19700859428140086,52.206935236466556,10.0
100.0,25.0,120.0,1873.0,21.400000000000308,160.0,0.1716650374714645,0.19700859428140086,52.206935236466556,2.5
100.0,200.0,120.0,1873.0,21.400000000000308,160.0,0.1716650374714645,0.19700859428140086,52.206935236466556,20.0
100.0,225.0,120.0,1873.0,21.400000000000308,160.0,0.1716650374714645,0.19700859428140086,52.206935236466556,22.5
100.0,50.0,120.0,1873.0,21.400000000000308,160.0,0.1716650374714645,0.19700859428140086,52.206935236466556,5.0
50.0,25.0,140.0,1960.0,20.799999999998597,150.0,0.17624521072798288,0.20876668096226225,52.10422266941036,2.5
50.0,75.0,140.0,1960.0,20.799999999998597,150.0,0.17624521072798288,0.20876668096226225,52.10422266941036,7.5
50.0,50.0,140.0,1960.0,20.799999999998597,150.0,0.17624521072798288,0.20876668096226225,52.10422266941036,5.0
50.0,150.0,140.0,1960.0,20.799999999998597,150.0,0.17624521072798288,0.20876668096226225,52.10422266941036,15.0
50.0,125.0,140.0,1960.0,20.799999999998597,150.0,0.17624521072798288,0.20876668096226225,52.10422266941036,12.5
50.0,175.0,140.0,1960.0,20.799999999998597,150.0,0.17624521072798288,0.20876668096226225,52.10422266941036,17.5
50.0,200.0,140.0,1960.0,20.799999999998597,150.0,0.17624521072798288,0.20876668096226225,52.10422266941036,20.0
50.0,100.0,140.0,1960.0,20.799999999998597,150.0,0.17624521072798288,0.20876668096226225,52.10422266941036,10.0
50.0,250.0,140.0,1960.0,20.799999999998597,150.0,0.17624521072798288,0.20876668096226225,52.10422266941036,25.0
50.0,225.0,140.0,1960.0,20.799999999998597,150.0,0.17624521072798288,0.20876668096226225,52.10422266941036,22.5
100.0,100.0,100.0,2045.0,20.300000000001983,148.0,0.17858830678866575,0.20653086033127263,51.67538607448038,10.0
100.0,25.0,100.0,2045.0,20.300000000001983,148.0,0.17858830678866575,0.20653086033127263,51.67538607448038,2.5
100.0,75.0,100.0,2045.0,20.300000000001983,148.0,0.17858830678866575,0.20653086033127263,51.67538607448038,7.5
100.0,250.0,100.0,2045.0,20.300000000001983,148.0,0.17858830678866575,0.20653086033127263,51.67538607448038,25.0
100.0,150.0,100.0,2045.0,20.300000000001983,148.0,0.17858830678866575,0.20653086033127263,51.67538607448038,15.0
100.0,50.0,100.0,2045.0,20.300000000001983,148.0,0.17858830678866575,0.20653086033127263,51.67538607448038,5.0
100.0,175.0,100.0,2045.0,20.300000000001983,148.0,0.17858830678866575,0.20653086033127263,51.67538607448038,17.5
100.0,125.0,100.0,2045.0,20.300000000001983,148.0,0.17858830678866575,0.20653086033127263,51.67538607448038,12.5
100.0,200.0,100.0,2045.0,20.300000000001983,148.0,0.17858830678866575,0.20653086033127263,51.67538607448038,20.0
100.0,225.0,100.0,2045.0,20.300000000001983,148.0,0.17858830678866575,0.20653086033127263,51.67538607448038,22.5
100.0,25.0,80.0,2209.0,19.699999999999164,136.0,0.1858898266927459,0.21553518111367317,51.52065132356027,2.5
100.0,50.0,80.0,2209.0,19.699999999999164,136.0,0.1858898266927459,0.21553518111367317,51.52065132356027,5.0
100.0,125.0,80.0,2209.0,19.699999999999164,136.0,0.1858898266927459,0.21553518111367317,51.52065132356027,12.5
100.0,75.0,80.0,2209.0,19.699999999999164,136.0,0.1858898266927459,0.21553518111367317,51.52065132356027,7.5
100.0,225.0,80.0,2209.0,19.699999999999164,136.0,0.1858898266927459,0.21553518111367317,51.52065132356027,22.5
100.0,200.0,80.0,2209.0,19.699999999999164,136.0,0.1858898266927459,0.21553518111367317,51.52065132356027,20.0
100.0,150.0,80.0,2209.0,19.699999999999164,136.0,0.1858898266927459,0.21553518111367317,51.52065132356027,15.0
100.0,100.0,80.0,2209.0,19.699999999999164,136.0,0.1858898266927459,0.21553518111367317,51.52065132356027,10.0
100.0,250.0,80.0,2209.0,19.699999999999164,136.0,0.1858898266927459,0.21553518111367317,51.52065132356027,25.0
100.0,175.0,80.0,2209.0,19.699999999999164,136.0,0.1858898266927459,0.21553518111367317,51.52065132356027,17.5
100.0,125.0,60.0,2347.0,19.000000000000128,128.0,0.19212172880015704,0.22526255085593577,51.287409914982895,12.5
100.0,75.0,60.0,2347.0,19.000000000000128,128.0,0.19212172880015704,0.22526255085593577,51.287409914982895,7.5
100.0,250.0,60.0,2347.0,19.000000000000128,128.0,0.19212172880015704,0.22526255085593577,51.287409914982895,25.0
100.0,175.0,60.0,2347.0,19.000000000000128,128.0,0.19212172880015704,0.22526255085593577,51.287409914982895,17.5
100.0,225.0,60.0,2347.0,19.000000000000128,128.0,0.19212172880015704,0.22526255085593577,51.287409914982895,22.5
100.0,50.0,60.0,2347.0,19.000000000000128,128.0,0.19212172880015704,0.22526255085593577,51.287409914982895,5.0
100.0,25.0,60.0,2347.0,19.000000000000128,128.0,0.19212172880015704,0.22526255085593577,51.287409914982895,2.5
100.0,150.0,60.0,2347.0,19.000000000000128,128.0,0.19212172880015704,0.22526255085593577,51.287409914982895,15.0
100.0,100.0,60.0,2347.0,19.000000000000128,128.0,0.19212172880015704,0.22526255085593577,51.287409914982895,10.0
100.0,200.0,60.0,2347.0,19.000000000000128,128.0,0.19212172880015704,0.22526255085593577,51.287409914982895,20.0
50.0,250.0,120.0,2248.0,19.000000000000128,132.0,0.1869918699186395,0.21954520865079147,51.283594656051946,25.0
50.0,100.0,120.0,2248.0,19.000000000000128,132.0,0.1869918699186395,0.21954520865079147,51.283594656051946,10.0
50.0,200.0,120.0,2248.0,19.000000000000128,132.0,0.1869918699186395,0.21954520865079147,51.283594656051946,20.0
50.0,225.0,120.0,2248.0,19.000000000000128,132.0,0.1869918699186395,0.21954520865079147,51.283594656051946,22.5
50.0,175.0,120.0,2248.0,19.000000000000128,132.0,0.1869918699186395,0.21954520865079147,51.283594656051946,17.5
50.0,50.0,120.0,2248.0,19.000000000000128,132.0,0.1869918699186395,0.21954520865079147,51.283594656051946,5.0
50.0,150.0,120.0,2248.0,19.000000000000128,132.0,0.1869918699186395,0.21954520865079147,51.283594656051946,15.0
50.0,125.0,120.0,2248.0,19.000000000000128,132.0,0.1869918699186395,0.21954520865079147,51.283594656051946,12.5
50.0,75.0,120.0,2248.0,19.000000000000128,132.0,0.1869918699186395,0.21954520865079147,51.283594656051946,7.5
50.0,25.0,120.0,2248.0,19.000000000000128,132.0,0.1869918699186395,0.21954520865079147,51.283594656051946,2.5
100.0,25.0,40.0,2461.0,18.299999999999983,120.0,0.1966844486557755,0.23309620039253356,51.141989811776135,2.5
100.0,125.0,40.0,2461.0,18.299999999999983,120.0,0.1966844486557755,0.23309620039253356,51.141989811776135,12.5
100.0,225.0,40.0,2461.0,18.299999999999983,120.0,0.1966844486557755,0.23309620039253356,51.141989811776135,22.5
100.0,150.0,40.0,2461.0,18.299999999999983,120.0,0.1966844486557755,0.23309620039253356,51.141989811776135,15.0
100.0,100.0,40.0,2461.0,18.299999999999983,120.0,0.1966844486557755,0.23309620039253356,51.141989811776135,10.0
100.0,175.0,40.0,2461.0,18.299999999999983,120.0,0.1966844486557755,0.23309620039253356,51.141989811776135,17.5
100.0,50.0,40.0,2461.0,18.299999999999983,120.0,0.1966844486557755,0.23309620039253356,51.141989811776135,5.0
100.0,200.0,40.0,2461.0,18.299999999999983,120.0,0.1966844486557755,0.23309620039253356,51.141989811776135,20.0
100.0,250.0,40.0,2461.0,18.299999999999983,120.0,0.1966844486557755,0.23309620039253356,51.141989811776135,25.0
100.0,75.0,40.0,2461.0,18.299999999999983,120.0,0.1966844486557755,0.23309620039253356,51.141989811776135,7.5
100.0,50.0,20.0,2506.0,18.199999999999328,118.0,0.19921874999999492,0.23823198523858466,51.14111219269938,5.0
100.0,150.0,20.0,2506.0,18.199999999999328,118.0,0.19921874999999492,0.23823198523858466,51.14111219269938,15.0
100.0,100.0,20.0,2506.0,18.199999999999328,118.0,0.19921874999999492,0.23823198523858466,51.14111219269938,10.0
100.0,125.0,20.0,2506.0,18.199999999999328,118.0,0.19921874999999492,0.23823198523858466,51.14111219269938,12.5
100.0,175.0,20.0,2506.0,18.199999999999328,118.0,0.19921874999999492,0.23823198523858466,51.14111219269938,17.5
100.0,250.0,20.0,2506.0,18.199999999999328,118.0,0.19921874999999492,0.23823198523858466,51.14111219269938,25.0
100.0,75.0,20.0,2506.0,18.199999999999328,118.0,0.19921874999999492,0.23823198523858466,51.14111219269938,7.5
100.0,200.0,20.0,2506.0,18.199999999999328,118.0,0.19921874999999492,0.23823198523858466,51.14111219269938,20.0
100.0,225.0,20.0,2506.0,18.199999999999328,118.0,0.19921874999999492,0.23823198523858466,51.14111219269938,22.5
100.0,25.0,20.0,2506.0,18.199999999999328,118.0,0.19921874999999492,0.23823198523858466,51.14111219269938,2.5
50.0,100.0,100.0,2592.0,17.80000000000115,117.0,0.19767441860465645,0.23249341144885857,50.66078441261672,10.0
50.0,250.0,100.0,2592.0,17.80000000000115,117.0,0.19767441860465645,0.23249341144885857,50.66078441261672,25.0
50.0,50.0,100.0,2592.0,17.80000000000115,117.0,0.19767441860465645,0.23249341144885857,50.66078441261672,5.0
50.0,25.0,100.0,2592.0,17.80000000000115,117.0,0.19767441860465645,0.23249341144885857,50.66078441261672,2.5
50.0,125.0,100.0,2592.0,17.80000000000115,117.0,0.19767441860465645,0.23249341144885857,50.66078441261672,12.5
50.0,150.0,100.0,2592.0,17.80000000000115,117.0,0.19767441860465645,0.23249341144885857,50.66078441261672,15.0
50.0,225.0,100.0,2592.0,17.80000000000115,117.0,0.19767441860465645,0.23249341144885857,50.66078441261672,22.5
50.0,200.0,100.0,2592.0,17.80000000000115,117.0,0.19767441860465645,0.23249341144885857,50.66078441261672,20.0
50.0,175.0,100.0,2592.0,17.80000000000115,117.0,0.19767441860465645,0.23249341144885857,50.66078441261672,17.5
50.0,75.0,100.0,2592.0,17.80000000000115,117.0,0.19767441860465645,0.23249341144885857,50.66078441261672,7.5
50.0,150.0,80.0,3086.0,16.300000000000203,98.0,0.21865889212830894,0.2493597601910639,50.427815326422184,15.0
50.0,50.0,80.0,3086.0,16.300000000000203,98.0,0.21865889212830894,0.2493597601910639,50.427815326422184,5.0
50.0,25.0,80.0,3086.0,16.300000000000203,98.0,0.21865889212830894,0.2493597601910639,50.427815326422184,2.5
50.0,75.0,80.0,3086.0,16.300000000000203,98.0,0.21865889212830894,0.2493597601910639,50.427815326422184,7.5
50.0,100.0,80.0,3086.0,16.300000000000203,98.0,0.21865889212830894,0.2493597601910639,50.427815326422184,10.0
50.0,175.0,80.0,3086.0,16.300000000000203,98.0,0.21865889212830894,0.2493597601910639,50.427815326422184,17.5
50.0,125.0,80.0,3086.0,16.300000000000203,98.0,0.21865889212830894,0.2493597601910639,50.427815326422184,12.5
50.0,225.0,80.0,3086.0,16.300000000000203,98.0,0.21865889212830894,0.2493597601910639,50.427815326422184,22.5
50.0,250.0,80.0,3086.0,16.300000000000203,98.0,0.21865889212830894,0.2493597601910639,50.427815326422184,25.0
50.0,200.0,80.0,3086.0,16.300000000000203,98.0,0.21865889212830894,0.2493597601910639,50.427815326422184,20.0
50.0,25.0,60.0,3724.0,14.500000000001734,80.0,0.23521681997379892,0.2711104155566345,50.00931174786578,2.5
50.0,200.0,60.0,3724.0,14.500000000001734,80.0,0.23521681997379892,0.2711104155566345,50.00931174786578,20.0
50.0,250.0,60.0,3724.0,14.500000000001734,80.0,0.23521681997379892,0.2711104155566345,50.00931174786578,25.0
50.0,150.0,60.0,3724.0,14.500000000001734,80.0,0.23521681997379892,0.2711104155566345,50.00931174786578,15.0
50.0,225.0,60.0,3724.0,14.500000000001734,80.0,0.23521681997379892,0.2711104155566345,50.00931174786578,22.5
50.0,125.0,60.0,3724.0,14.500000000001734,80.0,0.23521681997379892,0.2711104155566345,50.00931174786578,12.5
50.0,50.0,60.0,3724.0,14.500000000001734,80.0,0.23521681997379892,0.2711104155566345,50.00931174786578,5.0
50.0,75.0,60.0,3724.0,14.500000000001734,80.0,0.23521681997379892,0.2711104155566345,50.00931174786578,7.5
50.0,175.0,60.0,3724.0,14.500000000001734,80.0,0.23521681997379892,0.2711104155566345,50.00931174786578,17.5
50.0,100.0,60.0,3724.0,14.500000000001734,80.0,0.23521681997379892,0.2711104155566345,50.00931174786578,10.0
50.0,50.0,40.0,4486.0,13.199999999999878,66.0,0.2528735632182485,0.2937301913279504,49.880577369540156,5.0
50.0,25.0,40.0,4486.0,13.199999999999878,66.0,0.2528735632182485,0.2937301913279504,49.880577369540156,2.5
50.0,175.0,40.0,4486.0,13.199999999999878,66.0,0.2528735632182485,0.2937301913279504,49.880577369540156,17.5
50.0,100.0,40.0,4486.0,13.199999999999878,66.0,0.2528735632182485,0.2937301913279504,49.880577369540156,10.0
50.0,250.0,40.0,4486.0,13.199999999999878,66.0,0.2528735632182485,0.2937301913279504,49.880577369540156,25.0
50.0,225.0,40.0,4486.0,13.199999999999878,66.0,0.2528735632182485,0.2937301913279504,49.880577369540156,22.5
50.0,200.0,40.0,4486.0,13.199999999999878,66.0,0.2528735632182485,0.2937301913279504,49.880577369540156,20.0
50.0,150.0,40.0,4486.0,13.199999999999878,66.0,0.2528735632182485,0.2937301913279504,49.880577369540156,15.0
50.0,75.0,40.0,4486.0,13.199999999999878,66.0,0.2528735632182485,0.2937301913279504,49.880577369540156,7.5
50.0,125.0,40.0,4486.0,13.199999999999878,66.0,0.2528735632182485,0.2937301913279504,49.880577369540156,12.5
50.0,50.0,20.0,4949.0,12.300000000000644,59.0,0.2656627415459273,0.3128172653026022,49.849035167469104,5.0
50.0,100.0,20.0,4949.0,12.300000000000644,59.0,0.2656627415459273,0.3128172653026022,49.849035167469104,10.0
50.0,175.0,20.0,4949.0,12.300000000000644,59.0,0.2656627415459273,0.3128172653026022,49.849035167469104,17.5
50.0,75.0,20.0,4949.0,12.300000000000644,59.0,0.2656627415459273,0.3128172653026022,49.849035167469104,7.5
50.0,125.0,20.0,4949.0,12.300000000000644,59.0,0.2656627415459273,0.3128172653026022,49.849035167469104,12.5
50.0,200.0,20.0,4949.0,12.300000000000644,59.0,0.2656627415459273,0.3128172653026022,49.849035167469104,20.0
50.0,225.0,20.0,4949.0,12.300000000000644,59.0,0.2656627415459273,0.3128172653026022,49.849035167469104,22.5
50.0,150.0,20.0,4949.0,12.300000000000644,59.0,0.2656627415459273,0.3128172653026022,49.849035167469104,15.0
50.0,250.0,20.0,4949.0,12.300000000000644,59.0,0.2656627415459273,0.3128172653026022,49.849035167469104,25.0
50.0,25.0,20.0,4949.0,12.300000000000644,59.0,0.2656627415459273,0.3128172653026022,49.849035167469104,2.5
