model,event,swing_id,direction,event_time,entry_time,entry_bar_index,entry_price,atr14_pips,sl_price,tp_price,exit_time,exit_price,exit_reason,hold_bars,r_multiple,mfe_r,mae_r,cost_pips,cost_R,gross_R,net_R,equity_R,drawdown_R
A_Breakout,breakout_A,14,UP,2025-09-15 02:51:00,2025-09-15 02:52:00,7345,1.17254,1.242857142856562,1.1724157142857143,1.1727264285714285,2025-09-15 02:56:00,1.1724157142857143,SL,4,-0.9999999999993618,0.4022988505757496,-1.1264367816081686,1.0,0.8045977011498013,-0.9999999999993618,-1.8045977011491632,-1.8045977011491632,0.0
A_Breakout,breakout_A,16,UP,2025-09-15 21:38:00,2025-09-15 21:39:00,8471,1.17625,1.0714285714281362,1.1761428571428572,1.1764107142857143,2025-09-15 21:40:00,1.1764107142857143,TP,1,1.500000000000666,2.0533333333331125,-0.2799999999998757,1.0,0.9333333333337125,1.500000000000666,0.5666666666669534,-1.2379310344822096,0.0
A_Breakout,breakout_A,24,UP,2025-09-21 22:43:00,2025-09-21 22:44:00,14279,1.17316,1.2714285714286535,1.1730328571428572,1.1733507142857142,2025-09-21 22:46:00,1.1730328571428572,SL,2,-0.9999999999992516,0.2359550561795594,-1.5730337078648935,1.0,0.7865168539325335,-0.9999999999992516,-1.786516853931785,-3.0244478884139947,-1.786516853931785
A_Breakout,breakout_A,34,UP,2025-09-26 04:31:00,2025-09-26 04:32:00,20373,1.16827,1.6785714285716402,1.1681021428571428,1.1685217857142858,2025-09-26 04:35:00,1.1685217857142858,TP,3,1.5000000000006617,2.1446808510643813,-0.1191489361696555,1.0,0.5957446808509888,1.5000000000006617,0.9042553191496729,-2.1201925692643218,-0.8822615347821121
A_Breakout,breakout_A,36,UP,2025-09-26 07:32:00,2025-09-26 07:33:00,20554,1.16686,1.557142857142749,1.1667042857142855,1.1670935714285715,2025-09-26 07:35:00,1.1670935714285715,TP,2,1.5000000000005602,2.055045871560405,-0.0642201834866637,1.0,0.6422018348624299,1.5000000000005602,0.8577981651381303,-1.2623944041261914,-0.02446336964398177
A_Breakout,breakout_A,38,UP,2025-09-29 04:48:00,2025-09-29 04:49:00,21813,1.17202,1.1642857142854115,1.1719035714285717,1.1721946428571428,2025-09-29 04:51:00,1.1719035714285717,SL,2,-1.0000000000002724,1.0306748466251583,-1.202453987730623,1.0,0.8588957055216958,-1.0000000000002724,-1.8588957055219684,-3.12129010964816,-1.8833590751659504
A_Breakout,breakout_A,42,UP,2025-09-30 09:49:00,2025-09-30 09:50:00,23542,1.17368,2.114285714286243,1.1734685714285715,1.173997142857143,2025-09-30 09:55:00,1.1734685714285715,SL,5,-0.99999999999955,0.6621621621621337,-1.7027027027029298,1.0,0.47297297297285473,-0.99999999999955,-1.4729729729724048,-4.594263082620564,-3.3563320481383547
A_Breakout,breakout_A,46,UP,2025-10-01 13:20:00,2025-10-01 13:21:00,25188,1.17303,1.1928571428570274,1.1729107142857145,1.1732089285714289,2025-10-01 13:27:00,1.1732089285714289,TP,6,1.5000000000007976,1.6766467065868038,-0.5868263473055675,1.0,0.8383233532934943,1.5000000000007976,0.6616766467073033,-3.932586435913261,-2.6946554014310515
A_Breakout,breakout_A,50,UP,2025-10-03 01:50:00,2025-10-03 01:51:00,27368,1.17194,1.1857142857136476,1.1718214285714286,1.172117857142857,2025-10-03 01:55:00,1.1718214285714286,SL,4,-1.0000000000004012,1.0963855421689568,-1.3493975903616489,1.0,0.8433734939763575,-1.0000000000004012,-1.8433734939767588,-5.7759599298900195,-4.53802889540781
A_Breakout,breakout_A,60,UP,2025-10-08 13:02:00,2025-10-08 13:03:00,32348,1.16058,1.0142857142856978,1.1604785714285717,1.1607321428571429,2025-10-08 13:05:00,1.1604785714285717,SL,2,-0.9999999999990616,0.0,-2.8591549295765395,1.0,0.9859154929577625,-0.9999999999990616,-1.9859154929568241,-7.761875422846844,-6.523944388364634
A_Breakout,breakout_A,64,UP,2025-10-10 03:50:00,2025-10-10 03:51:00,34660,1.15763,1.5785714285713022,1.1574721428571428,1.1578667857142857,2025-10-10 03:57:00,1.1578667857142857,TP,6,1.500000000000402,1.8371040723991197,-0.6968325791845148,1.0,0.6334841628959783,1.500000000000402,0.8665158371044236,-6.895359585742421,-5.657428551260211
A_Breakout,breakout_A,68,UP,2025-10-12 18:43:00,2025-10-12 18:44:00,35552,1.16042,1.564285714285653,1.1602635714285714,1.160654642857143,2025-10-12 18:45:00,1.1602635714285714,SL,1,-1.0000000000003042,0.0,-2.23744292237498,1.0,0.6392694063927191,-1.0000000000003042,-1.6392694063930233,-8.534628992135444,-7.296697957653234
A_Breakout,breakout_A,72,UP,2025-10-14 04:30:00,2025-10-14 04:31:00,37574,1.15584,2.2071428571425664,1.1556192857142855,1.1561710714285711,2025-10-14 04:37:00,1.1556192857142855,SL,6,-0.9999999999999282,0.9967637540459324,-1.8122977346278708,1.0,0.4530744336570176,-0.9999999999999282,-1.4530744336569459,-9.98770342579239,-8.74977239131018
A_Breakout,breakout_A,74,UP,2025-10-15 09:27:00,2025-10-15 09:28:00,39303,1.16206,1.8928571428570136,1.1618707142857143,1.1623439285714283,2025-10-15 09:32:00,1.1623439285714283,TP,4,1.499999999999455,2.113207547169723,-0.5811320754720257,1.0,0.5283018867924889,1.499999999999455,0.9716981132069662,-9.016005312585424,-7.778074278103214
A_Breakout,breakout_A,76,UP,2025-10-16 04:43:00,2025-10-16 04:44:00,40455,1.16592,1.542857142856941,1.1657657142857143,1.1661514285714285,2025-10-16 04:45:00,1.1657657142857143,SL,1,-1.000000000000514,0.453703703703857,-1.1666666666672665,1.0,0.648148148148233,-1.000000000000514,-1.648148148148747,-10.66415346073417,-9.426222426251961
A_Breakout,breakout_A,79,DOWN,2025-10-20 02:00:00,2025-10-20 02:01:00,43170,1.16691,1.078571428571516,1.167017857142857,1.1667482142857142,2025-10-20 02:01:00,1.167017857142857,SL,0,-1.0000000000005882,0.2781456953639794,-1.3907284768219554,1.0,0.9271523178807195,-1.0000000000005882,-1.9271523178813077,-12.591305778615478,-11.35337474413327
A_Breakout,breakout_A,81,DOWN,2025-10-20 21:22:00,2025-10-20 21:23:00,44321,1.16489,0.99999999999989,1.16499,1.16474,2025-10-20 21:29:00,1.16474,TP,6,1.50000000000111,2.400000000000444,-0.2999999999997779,1.0,1.0000000000001101,1.50000000000111,0.5000000000009999,-12.091305778614478,-10.853374744132267
A_Breakout,breakout_A,83,DOWN,2025-10-22 02:00:00,2025-10-22 02:01:00,46036,1.1608,1.3214285714283465,1.1609321428571429,1.1606017857142858,2025-10-22 02:02:00,1.1606017857142858,TP,1,1.49999999999964,1.5135135135136044,-0.3027027027030569,1.0,0.7567567567568856,1.49999999999964,0.7432432432427545,-11.348062535371724,-10.110131500889516
A_Breakout,breakout_A,87,DOWN,2025-10-23 04:40:00,2025-10-23 04:41:00,47625,1.15999,1.1285714285712092,1.160102857142857,1.1598207142857144,2025-10-23 04:43:00,1.1598207142857144,TP,2,1.499999999999719,1.5949367088616808,0.0,1.0,0.8860759493672609,1.499999999999719,0.613924050632458,-10.734138484739265,-9.496207450257057
A_Breakout,breakout_A,89,DOWN,2025-10-23 21:00:00,2025-10-23 21:01:00,48600,1.1617,0.7642857142861217,1.1617764285714285,1.161585357142857,2025-10-23 21:02:00,1.1617764285714285,SL,1,-0.9999999999989624,0.7850467289708766,-1.439252336448544,1.0,1.3084112149525735,-0.9999999999989624,-2.308411214951536,-13.042549699690802,-11.804618665208594
A_Breakout,breakout_A,93,DOWN,2025-10-26 20:38:00,2025-10-26 20:39:00,50072,1.1641,1.2285714285713882,1.164222857142857,1.1639157142857142,2025-10-26 20:41:00,1.1639157142857142,TP,2,1.5000000000003229,1.546511627906315,-0.4883720930246639,1.0,0.8139534883721198,1.5000000000003229,0.6860465116282031,-12.356503188062598,-11.118572153580388
A_Breakout,breakout_A,97,DOWN,2025-10-28 12:51:00,2025-10-28 12:52:00,52481,1.16615,0.9214285714287396,1.166242142857143,1.1660117857142858,2025-10-28 12:53:00,1.166242142857143,SL,1,-1.0000000000012048,0.7596899224806388,-1.4108527131776407,1.0,1.0852713178292592,-1.0000000000012048,-2.085271317830464,-14.441774505893063,-13.203843471410853
A_Breakout,breakout_A,105,DOWN,2025-10-31 05:20:00,2025-10-31 05:21:00,56340,1.15687,1.3071428571431731,1.1570007142857144,1.1566739285714287,2025-10-31 05:22:00,1.1570007142857144,SL,1,-1.0,0.1530054644818397,-1.5300546448082049,1.0,0.7650273224041867,-1.0,-1.7650273224041868,-16.206801828297248,-14.96887079381504
A_Breakout,breakout_A,114,UP,2025-11-05 03:02:00,2025-11-05 03:03:00,60449,1.14902,1.7000000000000348,1.14885,1.1492749999999998,2025-11-05 03:03:00,1.14885,SL,0,-1.0,0.0,-1.1176470588229916,1.0,0.588235294117635,-1.0,-1.588235294117635,-17.795037122414886,-16.557106087932677
A_Breakout,breakout_A,116,UP,2025-11-05 09:27:00,2025-11-05 09:28:00,60834,1.14834,1.6142857142856633,1.1481785714285713,1.1485821428571428,2025-11-05 09:37:00,1.1485821428571428,TP,9,1.5000000000000493,1.9203539823011468,-0.929203539822248,1.0,0.6194690265486922,1.5000000000000493,0.8805309734513571,-16.91450614896353,-15.67657511448132
A_Breakout,breakout_A,118,UP,2025-11-07 02:18:00,2025-11-07 02:19:00,63275,1.15341,1.2285714285713882,1.153287142857143,1.1535942857142858,2025-11-07 02:22:00,1.1535942857142858,TP,3,1.5000000000003229,1.6279069767440602,-0.4069767441869187,1.0,0.8139534883721198,1.5000000000003229,0.6860465116282031,-16.228459637335323,-14.990528602853114
A_Breakout,breakout_A,128,UP,2025-11-12 20:38:00,2025-11-12 20:39:00,68670,1.15847,1.0571428571429629,1.1583642857142855,1.1586285714285716,2025-11-12 20:49:00,1.1586285714285716,TP,10,1.5000000000000748,1.7972972972962893,-0.1891891891904096,1.0,0.9459459459458514,1.5000000000000748,0.5540540540542235,-15.6744055832811,-14.436474548798891
A_Breakout,breakout_A,151,DOWN,2025-11-21 03:51:00,2025-11-21 03:52:00,77722,1.15419,2.2214285714286914,1.154412142857143,1.1538567857142858,2025-11-21 03:54:00,1.154412142857143,SL,2,-1.000000000000357,0.4501607717041062,-2.025723472668977,1.0,0.45016077170415575,-1.000000000000357,-1.4501607717045129,-17.124566354985614,-15.886635320503405
A_Breakout,breakout_A,153,DOWN,2025-11-23 17:04:00,2025-11-23 17:05:00,78510,1.15115,1.757142857142632,1.151325714285714,1.1508864285714284,2025-11-23 17:30:00,1.151325714285714,SL,23,-0.9999999999994584,1.3658536585355991,-1.195121951219913,1.0,0.5691056910569835,-0.9999999999994584,-1.5691056910564418,-18.693672046042057,-17.455741011559848
A_Breakout,breakout_A,159,DOWN,2025-11-24 22:20:00,2025-11-24 22:21:00,80259,1.15251,0.5642857142857631,1.1525664285714283,1.152425357142857,2025-11-24 22:21:00,1.152425357142857,TP,0,1.4999999999992977,1.7721518987338285,0.0,1.0,1.772151898734024,1.4999999999992977,-0.2721518987347262,-18.96582394477678,-17.72789291029457
A_Breakout,breakout_A,160,UP,2025-11-25 01:26:00,2025-11-25 01:27:00,80445,1.15186,0.935714285713913,1.1517664285714286,1.1520003571428572,2025-11-25 01:30:00,1.1520003571428572,TP,3,1.5000000000000846,1.7099236641221554,-0.4274809160311321,1.0,1.0687022900767615,1.5000000000000846,0.43129770992332306,-18.53452623485346,-17.29659520037125
A_Breakout,breakout_A,162,UP,2025-11-26 09:27:00,2025-11-26 09:28:00,82363,1.15604,2.0928571428572136,1.1558307142857145,1.1563539285714286,2025-11-26 09:31:00,1.1563539285714286,TP,3,1.500000000000303,1.5290102389082665,-0.8600682593849052,1.0,0.4778156996586869,1.500000000000303,1.0221843003416162,-17.51234193451184,-16.274410900029633
A_Breakout,breakout_A,164,UP,2025-11-27 05:09:00,2025-11-27 05:10:00,83541,1.15809,0.8571428571426041,1.1580042857142858,1.1582185714285715,2025-11-27 05:10:00,1.1580042857142858,SL,0,-0.999999999999815,0.4666666666672711,-1.283333333334348,1.0,1.1666666666670111,-0.999999999999815,-2.166666666666826,-19.67900860117867,-18.44107756669646
A_Breakout,breakout_A,168,UP,2025-11-30 17:31:00,2025-11-30 17:32:00,85678,1.15954,0.9142857142853598,1.1594485714285714,1.1596771428571429,2025-11-30 17:32:00,1.1594485714285714,SL,0,-1.000000000001041,0.4375000000006072,-2.6250000000012146,1.0,1.093750000000424,-1.000000000001041,-2.093750000001465,-21.772758601180133,-20.534827566697924
A_Breakout,breakout_A,170,UP,2025-11-30 22:27:00,2025-11-30 22:28:00,85974,1.15958,0.6499999999998174,1.159515,1.1596775,2025-11-30 22:31:00,1.1596775,TP,3,1.499999999998292,1.5384615384618012,-0.4615384615381988,1.0,1.5384615384619706,1.499999999998292,-0.03846153846367861,-21.81122013964381,-20.573289105161603
A_Breakout,breakout_A,176,UP,2025-12-02 12:22:00,2025-12-02 12:23:00,88234,1.15996,1.5642857142853357,1.1598035714285715,1.1601946428571428,2025-12-02 12:25:00,1.1601946428571428,TP,2,1.499999999999341,1.917808219178335,-0.191780821919111,1.0,0.6392694063928488,1.499999999999341,0.8607305936064922,-20.95048954603732,-19.712558511555113
A_Breakout,breakout_A,178,UP,2025-12-03 04:35:00,2025-12-03 04:36:00,89201,1.1646,1.421428571428526,1.1644578571428572,1.1648132142857144,2025-12-03 04:37:00,1.1644578571428572,SL,1,-1.0000000000001117,0.9849246231158134,-1.336683417086416,1.0,0.703517587939721,-1.0000000000001117,-1.7035175879398325,-22.654007133977153,-21.416076099494944
A_Breakout,breakout_A,188,UP,2025-12-09 03:28:00,2025-12-09 03:29:00,94879,1.16447,1.3357142857144717,1.1643364285714284,1.1646703571428572,2025-12-09 03:30:00,1.1646703571428572,TP,1,1.5000000000007123,3.069518716577273,-0.0748663101592454,1.0,0.7486631016041738,1.5000000000007123,0.7513368983965385,-21.902670235580615,-20.664739201098406
A_Breakout,breakout_A,190,UP,2025-12-09 10:30:00,2025-12-09 10:31:00,95301,1.16352,2.1714285714286814,1.1633028571428572,1.1638457142857144,2025-12-09 10:33:00,1.1633028571428572,SL,2,-1.000000000000219,0.5526315789468705,-1.0592105263165394,1.0,0.46052631578945036,-1.000000000000219,-1.4605263157896693,-23.363196551370283,-22.125265516888074
A_Breakout,breakout_A,192,UP,2025-12-11 01:42:00,2025-12-11 01:43:00,97648,1.16864,0.9357142857142302,1.1685464285714284,1.168780357142857,2025-12-11 01:57:00,1.168780357142857,TP,14,1.4999999999995763,2.030534351146596,-0.4274809160286142,1.0,1.0687022900763992,1.4999999999995763,0.4312977099231772,-22.931898841447104,-21.693967806964896
A_Breakout,breakout_A,198,UP,2025-12-15 04:06:00,2025-12-15 04:07:00,100668,1.17374,1.692857142856972,1.1735707142857144,1.1739939285714285,2025-12-15 04:12:00,1.1739939285714285,TP,5,1.4999999999995786,2.1265822784807304,-0.1772151898732849,1.0,0.5907172995781187,1.4999999999995786,0.9092827004214599,-22.022616141025647,-20.78468510654344
A_Breakout,breakout_A,202,UP,2025-12-15 21:26:00,2025-12-15 21:27:00,101703,1.17546,0.8071428571425938,1.1753792857142855,1.1755810714285713,2025-12-15 21:42:00,1.1755810714285713,TP,15,1.4999999999991158,1.6106194690266216,-0.9911504424764396,1.0,1.2389380530977494,1.4999999999991158,0.2610619469013664,-21.76155419412428,-20.52362315964207
A_Breakout,breakout_A,204,UP,2025-12-16 02:31:00,2025-12-16 02:32:00,102007,1.17506,1.1500000000002382,1.174945,1.1752325,2025-12-16 02:35:00,1.174945,SL,3,-1.0000000000005516,0.7826086956513464,-1.4782608695649415,1.0,0.8695652173911242,-1.0000000000005516,-1.869565217391676,-23.631119411515954,-22.393188377033745
A_Breakout,breakout_A,216,UP,2025-12-22 02:21:00,2025-12-22 02:22:00,107737,1.17193,1.3357142857144717,1.1717964285714284,1.1721303571428572,2025-12-22 02:23:00,1.1717964285714284,SL,1,-1.000000000000475,0.6737967914448458,-1.4224598930472747,1.0,0.7486631016041738,-1.000000000000475,-1.7486631016046488,-25.379782513120603,-24.141851478638394
A_Breakout,breakout_A,218,UP,2025-12-23 11:22:00,2025-12-23 11:23:00,109716,1.17782,1.5928571428566345,1.1776607142857145,1.178058928571429,2025-12-23 11:24:00,1.1776607142857145,SL,1,-0.999999999999502,0.0,-1.757847533633212,1.0,0.62780269058316,-0.999999999999502,-1.627802690582662,-27.007585203703265,-25.769654169221056
A_Breakout,breakout_A,222,UP,2025-12-25 19:23:00,2025-12-25 19:24:00,111831,1.17841,1.3142857142857598,1.1782785714285713,1.1786071428571427,2025-12-25 19:25:00,1.1786071428571427,TP,1,1.4999999999993967,4.336956521738672,-0.5326086956522658,1.0,0.7608695652173649,1.4999999999993967,0.7391304347820318,-26.268454768921234,-25.030523734439026
A_Breakout,breakout_A,230,UP,2025-12-29 13:03:00,2025-12-29 13:04:00,114322,1.17542,1.099999999999752,1.17531,1.175585,2025-12-29 13:06:00,1.175585,TP,2,1.5000000000000715,1.545454545454925,0.0,1.0,0.909090909091114,1.5000000000000715,0.5909090909089575,-25.677545678012276,-24.439614643530067
A_Breakout,breakout_A,234,UP,2025-12-31 10:36:00,2025-12-31 10:37:00,117035,1.17373,1.7571428571427905,1.1735542857142858,1.1739935714285714,2025-12-31 10:37:00,1.1735542857142858,SL,0,-0.9999999999993682,0.0,-1.536585365853674,1.0,0.5691056910569322,-0.9999999999993682,-1.5691056910563004,-27.246651369068577,-26.008720334586368
A_Breakout,breakout_A,240,UP,2026-01-05 09:03:00,2026-01-05 09:04:00,119810,1.16759,1.914285714285884,1.1673985714285713,1.1678771428571428,2026-01-05 09:06:00,1.1678771428571428,TP,2,1.5000000000002485,1.514925373134839,0.0,1.0,0.5223880597014462,1.5000000000002485,0.9776119402988023,-26.269039428769776,-25.031108394287568
A_Breakout,breakout_A,242,UP,2026-01-05 20:35:00,2026-01-05 20:36:00,120500,1.17174,1.1214285714286223,1.171627857142857,1.1719082142857142,2026-01-05 20:39:00,1.1719082142857142,TP,3,1.4999999999994345,1.6050955414018162,-0.4458598726123856,1.0,0.8917197452228895,1.4999999999994345,0.6082802547765449,-25.66075917399323,-24.422828139511022
A_Breakout,breakout_A,252,UP,2026-01-09 10:46:00,2026-01-09 10:47:00,125651,1.16384,2.2857142857141928,1.1636114285714283,1.1641828571428572,2026-01-09 10:47:00,1.1636114285714283,SL,0,-1.000000000000208,0.0,-1.4875000000000909,1.0,0.43750000000001776,-1.000000000000208,-1.4375000000002258,-27.098259173993455,-25.860328139511246
A_Breakout,breakout_A,264,UP,2026-01-18 17:39:00,2026-01-18 17:40:00,133238,1.15838,1.185714285714282,1.1582614285714286,1.1585578571428572,2026-01-18 17:42:00,1.1585578571428572,TP,2,1.5000000000007356,2.2771084337348837,-0.5060240963851135,1.0,0.8433734939759063,1.5000000000007356,0.6566265060248293,-26.441632667968626,-25.203701633486418
A_Breakout,breakout_A,266,UP,2026-01-19 04:48:00,2026-01-19 04:49:00,133907,1.16263,1.3642857142856115,1.1624935714285716,1.162834642857143,2026-01-19 04:53:00,1.1624935714285716,SL,4,-0.9999999999994188,0.2931937172778022,-2.4921465968588774,1.0,0.7329842931937725,-0.9999999999994188,-1.7329842931931911,-28.174616961161817,-26.93668592667961
A_Breakout,breakout_A,268,UP,2026-01-19 20:05:00,2026-01-19 20:06:00,134805,1.16426,1.6500000000000243,1.164095,1.1645075,2026-01-19 20:16:00,1.164095,SL,10,-0.9999999999998078,0.4848484848476168,-1.0303030303030365,1.0,0.6060606060605971,-0.9999999999998078,-1.6060606060604048,-29.780677567222224,-28.542746532740015
A_Breakout,breakout_A,274,UP,2026-01-21 19:02:00,2026-01-21 19:03:00,137620,1.16767,1.0499999999999,1.167565,1.1678275,2026-01-21 19:04:00,1.167565,SL,1,-1.0000000000003024,0.0,-1.8095238095231485,1.0,0.9523809523810431,-1.0000000000003024,-1.9523809523813456,-31.733058519603567,-30.49512748512136
A_Breakout,breakout_A,276,UP,2026-01-23 03:41:00,2026-01-23 03:42:00,139573,1.17417,2.121428571428671,1.173957857142857,1.1744882142857145,2026-01-23 03:44:00,1.1744882142857145,TP,2,1.500000000000112,1.649831649831914,-0.047138047137307,1.0,0.47138047138044925,1.500000000000112,1.0286195286196627,-30.704438990983906,-29.466507956501697
A_Breakout,breakout_A,280,UP,2026-01-27 04:04:00,2026-01-27 04:05:00,142474,1.18617,1.485714285714344,1.1860214285714286,1.186392857142857,2026-01-27 04:09:00,1.186392857142857,TP,4,1.4999999999995195,1.951923076923832,-0.336538461537664,1.0,0.6730769230768967,1.4999999999995195,0.8269230769226228,-29.877515914061284,-28.639584879579076
A_Breakout,breakout_A,284,UP,2026-01-28 14:35:00,2026-01-28 14:36:00,144543,1.19177,4.342857142857363,1.1913357142857142,1.1924214285714283,2026-01-28 14:38:00,1.1924214285714283,TP,2,1.499999999999817,1.726973684210504,-0.0690789473683588,1.0,0.23026315789472518,1.499999999999817,1.2697368421050919,-28.60777907195619,-27.369848037473982
A_Breakout,breakout_A,299,DOWN,2026-02-04 03:34:00,2026-02-04 03:35:00,151069,1.18255,1.900000000000076,1.18274,1.182265,2026-02-04 03:41:00,1.18274,SL,6,-0.9999999999994992,0.5789473684213162,-1.5789473684208153,1.0,0.5263157894736631,-0.9999999999994992,-1.5263157894731623,-30.134094861429354,-28.896163826947145
A_Breakout,breakout_A,315,DOWN,2026-02-10 10:05:00,2026-02-10 10:06:00,157213,1.19061,2.564285714285542,1.1908664285714283,1.1902253571428572,2026-02-10 10:15:00,1.1902253571428572,TP,9,1.4999999999998457,1.598885793872057,-0.5069637883007273,1.0,0.38997214484682285,1.4999999999998457,1.1100278551530227,-29.02406700627633,-27.78613597179412
A_Breakout,breakout_A,319,DOWN,2026-02-11 21:25:00,2026-02-11 21:26:00,159325,1.18767,1.0500000000000589,1.187775,1.1875125,2026-02-11 21:28:00,1.1875125,TP,2,1.5000000000002265,1.5238095238088474,-0.4761904761914543,1.0,0.9523809523808989,1.5000000000002265,0.5476190476193276,-28.476447958657005,-27.238516924174796
A_Breakout,breakout_A,323,DOWN,2026-02-12 20:25:00,2026-02-12 20:26:00,160703,1.18648,1.435714285714651,1.1866235714285716,1.1862646428571428,2026-02-12 20:33:00,1.1866235714285716,SL,7,-1.0000000000007734,1.1840796019897728,-1.4626865671641098,1.0,0.6965174129351461,-1.0000000000007734,-1.6965174129359195,-30.172965371592923,-28.935034337110714
A_Breakout,breakout_A,327,DOWN,2026-02-16 02:11:00,2026-02-16 02:12:00,162488,1.18629,0.8928571428568066,1.1863792857142856,1.1861560714285715,2026-02-16 02:13:00,1.1863792857142856,SL,1,-0.9999999999987566,0.3359999999998408,-2.3520000000013725,1.0,1.1200000000004218,-0.9999999999987566,-2.1199999999991785,-32.2929653715921,-31.055034337109895
A_Breakout,breakout_A,329,DOWN,2026-02-16 03:26:00,2026-02-16 03:27:00,162563,1.18579,1.8500000000000656,1.185975,1.1855125,2026-02-16 03:27:00,1.185975,SL,0,-1.0000000000005145,0.0,-1.729729729730198,1.0,0.5405405405405214,-1.0000000000005145,-1.540540540541036,-33.833505912133134,-32.595574877650925
A_Breakout,breakout_A,331,DOWN,2026-02-17 05:00:00,2026-02-17 05:01:00,164061,1.18426,1.192857142857186,1.184379285714286,1.1840810714285714,2026-02-17 05:01:00,1.184379285714286,SL,0,-1.0000000000003988,0.0838323353298874,-1.005988023951204,1.0,0.8383233532933829,-1.0000000000003988,-1.8383233532937817,-35.67182926542692,-34.43389823094471
A_Breakout,breakout_A,335,DOWN,2026-02-18 08:28:00,2026-02-18 08:29:00,165707,1.18383,1.2571428571423695,1.1839557142857142,1.1836414285714283,2026-02-18 08:30:00,1.1836414285714283,TP,1,1.500000000000568,2.4659090909103054,-0.159090909092013,1.0,0.7954545454548541,1.500000000000568,0.7045454545457139,-34.967283810881206,-33.729352776399
A_Breakout,breakout_A,342,UP,2026-02-20 04:13:00,2026-02-20 04:14:00,168322,1.17652,1.678571428571323,1.1763521428571428,1.1767717857142856,2026-02-20 04:23:00,1.1767717857142856,TP,9,1.499999999999622,1.5489361702124282,-0.9531914893613924,1.0,0.5957446808511013,1.499999999999622,0.9042553191485208,-34.06302849173269,-32.82509745725048
A_Breakout,breakout_A,344,UP,2026-02-20 12:03:00,2026-02-20 12:04:00,168792,1.17831,2.2214285714286914,1.178087857142857,1.1786432142857142,2026-02-20 12:08:00,1.178087857142857,SL,4,-1.000000000000357,0.7652733118970805,-1.5755627009648714,1.0,0.45016077170415575,-1.000000000000357,-1.4501607717045129,-35.5131892634372,-34.27525822895499
A_Breakout,breakout_A,350,UP,2026-02-24 17:32:00,2026-02-24 17:33:00,171986,1.17741,0.4999999999996277,1.1773600000000002,1.177485,2026-02-24 17:33:00,1.1773600000000002,SL,0,-0.999999999998414,0.1999999999970182,-1.0000000000028548,1.0,2.0000000000014895,-0.999999999998414,-2.9999999999999036,-38.5131892634371,-37.27525822895489
A_Breakout,breakout_A,352,UP,2026-02-25 06:56:00,2026-02-25 06:57:00,172788,1.17763,0.9357142857142302,1.1775364285714285,1.177770357142857,2026-02-25 06:57:00,1.1775364285714285,SL,0,-1.0000000000005085,0.10687022900834,-1.1755725190846216,1.0,1.0687022900763992,-1.0000000000005085,-2.0687022900769074,-40.581891553514005,-39.343960519031796
A_Breakout,breakout_A,354,UP,2026-02-26 13:27:00,2026-02-26 13:28:00,174617,1.17786,1.257142857142687,1.1777342857142856,1.1780485714285711,2026-02-26 13:30:00,1.1777342857142856,SL,2,-1.000000000000126,0.7159090909103454,-1.1136363636349786,1.0,0.7954545454546531,-1.000000000000126,-1.795454545454779,-42.377346098968786,-41.13941506448658
A_Breakout,breakout_A,363,DOWN,2026-03-05 04:30:00,2026-03-05 04:31:00,181271,1.16231,4.607142857143222,1.1627707142857142,1.1616189285714285,2026-03-05 04:39:00,1.1616189285714285,TP,8,1.5000000000000344,1.5844961240306596,-0.47751937984516,1.0,0.2170542635658743,1.5000000000000344,1.28294573643416,-41.09440036253463,-39.85646932805242
A_Breakout,breakout_A,365,DOWN,2026-03-05 23:53:00,2026-03-05 23:54:00,182426,1.16146,0.8428571428567962,1.1615442857142857,1.1613335714285715,2026-03-05 23:56:00,1.1613335714285715,TP,2,1.4999999999987768,1.542372881356133,-0.2372881355948724,1.0,1.1864406779665897,1.4999999999987768,0.31355932203218706,-40.78084104050244,-39.54291000602023
A_Breakout,breakout_A,371,DOWN,2026-03-10 13:06:00,2026-03-10 13:07:00,186159,1.16402,2.2000000000006144,1.1642400000000002,1.16369,2026-03-10 13:13:00,1.1642400000000002,SL_AND_TP_SAME_BAR_SL_FIRST,6,-1.000000000000216,2.1363636363629053,-1.318181818181002,1.0,0.45454545454532763,-1.000000000000216,-1.4545454545455436,-42.23538649504798,-40.997455460565774
A_Breakout,breakout_A,373,DOWN,2026-03-11 02:38:00,2026-03-11 02:39:00,186966,1.16202,2.599999999999904,1.16228,1.1616300000000002,2026-03-11 02:43:00,1.1616300000000002,TP,4,1.4999999999996338,2.115384615384887,-0.5769230769226076,1.0,0.3846153846153988,1.4999999999996338,1.115384615384235,-41.12000187966375,-39.88207084518154
A_Breakout,breakout_A,375,DOWN,2026-03-12 07:04:00,2026-03-12 07:05:00,188669,1.15507,2.042857142856886,1.1552742857142857,1.1547635714285716,2026-03-12 07:06:00,1.1547635714285716,TP,1,1.499999999999767,2.300699300699445,-0.1468531468530404,1.0,0.48951048951055104,1.499999999999767,1.010489510489216,-40.10951236917453,-38.87158133469232
A_Breakout,breakout_A,377,DOWN,2026-03-12 20:33:00,2026-03-12 20:34:00,189477,1.15232,0.9857142857147164,1.1524185714285715,1.1521721428571428,2026-03-12 20:34:00,1.1524185714285715,SL,0,-1.0000000000003215,0.1014492753629391,-1.724637681158702,1.0,1.014492753622745,-1.0000000000003215,-2.014492753623067,-42.1240051227976,-40.88607408831539
A_Breakout,breakout_A,379,DOWN,2026-03-13 09:17:00,2026-03-13 09:18:00,190241,1.14701,2.6071428571432835,1.1472707142857144,1.1466189285714286,2026-03-13 09:20:00,1.1472707142857144,SL,2,-0.9999999999998176,0.2684931506849431,-2.493150684930398,1.0,0.3835616438355537,-0.9999999999998176,-1.3835616438353713,-43.50756676663297,-42.26963573215076
A_Breakout,breakout_A,389,DOWN,2026-03-18 07:07:00,2026-03-18 07:08:00,194423,1.1536,2.914285714285457,1.1538914285714286,1.1531628571428572,2026-03-18 07:09:00,1.1531628571428572,TP,1,1.4999999999999456,1.7500000000001903,-0.2058823529410196,1.0,0.3431372549019911,1.4999999999999456,1.1568627450979545,-42.350704021535016,-41.11277298705281
A_Breakout,breakout_A,391,DOWN,2026-03-18 21:45:00,2026-03-18 21:46:00,195301,1.14871,1.3642857142852942,1.1488464285714284,1.1485053571428572,2026-03-18 21:50:00,1.1485053571428572,TP,4,1.499999999999477,1.5392670157059714,-0.7329842931954897,1.0,0.732984293193943,1.499999999999477,0.7670157068055341,-41.58368831472948,-40.34575728024727
A_Breakout,breakout_A,395,DOWN,2026-03-20 03:45:00,2026-03-20 03:46:00,197100,1.15713,2.0071428571426835,1.1573307142857143,1.1568289285714286,2026-03-20 03:51:00,1.1568289285714286,TP,5,1.4999999999999212,1.6441281138788542,-0.3487544483986789,1.0,0.4982206405694381,1.4999999999999212,1.0017793594304831,-40.581908955299,-39.34397792081679
A_Breakout,breakout_A,397,DOWN,2026-03-22 18:39:00,2026-03-22 18:40:00,197990,1.15597,1.22142857142896,1.156092142857143,1.1557867857142856,2026-03-22 18:40:00,1.156092142857143,SL,0,-1.0000000000005196,0.0,-1.0643274853794793,1.0,0.8187134502921372,-1.0000000000005196,-1.8187134502926567,-42.400622405591655,-41.162691371109446
A_Breakout,breakout_A,401,DOWN,2026-03-24 03:18:00,2026-03-24 03:19:00,199948,1.15974,3.67857142857142,1.1601078571428571,1.1591882142857144,2026-03-24 03:25:00,1.1591882142857144,TP,6,1.4999999999996982,1.6582524271844683,0.0,1.0,0.2718446601941754,1.4999999999996982,1.228155339805523,-41.17246706578613,-39.93453603130392
A_Breakout,breakout_A,403,DOWN,2026-03-24 10:45:00,2026-03-24 10:46:00,200395,1.15859,2.471428571428268,1.158837142857143,1.1582192857142857,2026-03-24 10:49:00,1.1582192857142857,TP,3,1.5000000000003846,1.5375722543356387,-0.0809248554909711,1.0,0.40462427745669705,1.5000000000003846,1.0953757225436875,-40.077091343242444,-38.839160308760235
A_Breakout,breakout_A,407,DOWN,2026-03-25 03:54:00,2026-03-25 03:55:00,201423,1.16047,2.649999999999438,1.160735,1.1600725,2026-03-25 04:01:00,1.160735,SL,6,-1.00000000000006,1.4339622641505867,-1.1698113207550875,1.0,0.37735849056611775,-1.00000000000006,-1.3773584905661778,-41.454449833808624,-40.216518799326415
A_Breakout,breakout_A,409,DOWN,2026-03-26 00:18:00,2026-03-26 00:19:00,202644,1.15673,0.8285714285716228,1.156812857142857,1.1566057142857142,2026-03-26 00:21:00,1.1566057142857142,TP,2,1.50000000000067,1.689655172413747,-0.2413793103436724,1.0,1.206896551723855,1.50000000000067,0.2931034482768149,-41.16134638553181,-39.9234153510496
A_Breakout,breakout_A,413,DOWN,2026-03-27 10:55:00,2026-03-27 10:56:00,204720,1.1525,2.5357142857140857,1.1527535714285717,1.152119642857143,2026-03-27 10:57:00,1.152119642857143,TP,1,1.5,2.8000000000001752,-0.1577464788725339,1.0,0.3943661971831297,1.5,1.1056338028168704,-40.05571258271494,-38.81778154823273
A_Breakout,breakout_A,415,DOWN,2026-03-30 00:48:00,2026-03-30 00:49:00,205419,1.15162,0.7642857142859631,1.1516964285714286,1.1515053571428573,2026-03-30 00:51:00,1.1515053571428573,TP,2,1.499999999998755,1.8317757009343625,-0.5233644859787562,1.0,1.308411214952845,1.499999999998755,0.19158878504590993,-39.86412379766903,-38.62619276318682
A_Breakout,breakout_A,417,DOWN,2026-03-30 17:27:00,2026-03-30 17:28:00,206418,1.14554,1.0214285714279672,1.1456421428571428,1.145386785714286,2026-03-30 17:28:00,1.1456421428571428,SL,0,-1.0000000000003106,0.1958041958034205,-1.0769230769242475,1.0,0.9790209790215582,-1.0000000000003106,-1.9790209790218687,-41.8431447766909,-40.60521374220869
A_Breakout,breakout_A,423,DOWN,2026-04-01 21:31:00,2026-04-01 21:32:00,209533,1.15563,5.5857142857144,1.1561885714285711,1.1547921428571428,2026-04-01 21:34:00,1.1547921428571428,TP,2,1.4999999999999147,1.647058823529435,-0.1969309462916536,1.0,0.1790281329923237,1.4999999999999147,1.320971867007591,-40.522172909683306,-39.2842418752011
A_Breakout,breakout_A,429,DOWN,2026-04-03 07:14:00,2026-04-03 07:15:00,211534,1.15442,0.5857142857144749,1.1544785714285717,1.154332142857143,2026-04-03 07:17:00,1.154332142857143,TP,2,1.4999999999985107,1.8780487804881285,-0.1707317073181365,1.0,1.70731707317018,1.4999999999985107,-0.20731707317166936,-40.72948998285497,-39.49155894837276
A_Breakout,breakout_A,431,DOWN,2026-04-03 16:40:00,2026-04-03 16:41:00,212091,1.15137,1.7714285714284397,1.1515471428571429,1.1511042857142857,2026-04-03 16:59:00,1.1511042857142857,TP,18,1.5000000000002685,1.8064516129039128,-0.7338709677417838,1.0,0.5645161290323001,1.5000000000002685,0.9354838709679684,-39.79400611188701,-38.5560750774048
A_Breakout,breakout_A,433,DOWN,2026-04-06 10:55:00,2026-04-06 10:56:00,213171,1.15465,2.949999999999659,1.154945,1.1542075,2026-04-06 10:57:00,1.154945,SL,1,-0.9999999999998924,1.05084745762735,-1.118644067796541,1.0,0.3389830508474968,-0.9999999999998924,-1.3389830508473892,-41.1329891627344,-39.89505812825219
A_Breakout,breakout_A,437,DOWN,2026-04-09 14:02:00,2026-04-09 14:03:00,217670,1.17101,1.599999999999855,1.17117,1.17077,2026-04-09 14:04:00,1.17077,TP,1,1.5000000000002482,2.500000000001339,-0.2499999999988849,1.0,0.6250000000000566,1.5000000000002482,0.8750000000001916,-40.257989162734205,-39.020058128251996
A_Breakout,breakout_A,441,DOWN,2026-04-13 02:36:00,2026-04-13 02:37:00,219860,1.16838,1.6928571428572894,1.1685492857142856,1.1681260714285713,2026-04-13 02:42:00,1.1681260714285713,TP,5,1.5000000000006088,2.7172995780582747,-0.5316455696197551,1.0,0.5907172995780079,1.5000000000006088,0.909282700422601,-39.348706462311604,-38.110775427829395
A_Breakout,breakout_A,445,DOWN,2026-04-15 02:40:00,2026-04-15 02:41:00,222738,1.17872,1.6071428571427595,1.1788807142857145,1.1784789285714286,2026-04-15 02:49:00,1.1784789285714286,TP,8,1.500000000000148,1.5555555555561695,-0.0622222222226336,1.0,0.62222222222226,1.500000000000148,0.8777777777778881,-38.47092868453372,-37.23299765005151
A_Breakout,breakout_A,447,DOWN,2026-04-15 23:32:00,2026-04-15 23:33:00,223970,1.18145,0.9142857142861528,1.1815414285714283,1.181312857142857,2026-04-15 23:38:00,1.181312857142857,TP,5,1.499999999999046,1.640624999997818,-0.7656249999997913,1.0,1.0937499999994753,1.499999999999046,0.4062499999995708,-38.064678684534144,-36.826747650051935
A_Breakout,breakout_A,451,DOWN,2026-04-20 19:34:00,2026-04-20 19:35:00,228041,1.17845,0.2714285714279705,1.1784771428571428,1.1784092857142858,2026-04-20 19:35:00,1.1784092857142858,TP,0,1.4999999999991238,2.9473684210621043,0.0,1.0,3.684210526323946,1.4999999999991238,-2.184210526324822,-40.24888921085896,-39.010958176376754
A_Breakout,breakout_A,453,DOWN,2026-04-21 11:01:00,2026-04-21 11:02:00,228968,1.17498,3.007142857142891,1.1752807142857142,1.1745289285714284,2026-04-21 11:03:00,1.1752807142857142,SL,1,-1.0000000000001057,0.232779097387219,-1.2969121140146114,1.0,0.3325415676959583,-1.0000000000001057,-1.332541567696064,-41.58143077855503,-40.34349974407282
A_Breakout,breakout_A,455,DOWN,2026-04-22 01:55:00,2026-04-22 01:56:00,229859,1.17506,1.092857142857324,1.1751692857142857,1.1748960714285714,2026-04-22 01:58:00,1.1751692857142857,SL,2,-0.9999999999997096,1.00653594771275,-1.00653594771275,1.0,0.9150326797384105,-0.9999999999997096,-1.91503267973812,-43.49646345829315,-42.25853242381094
A_Breakout,breakout_A,457,DOWN,2026-04-22 21:11:00,2026-04-22 21:12:00,231005,1.17096,1.1571428571429834,1.1710757142857142,1.1707864285714285,2026-04-22 21:12:00,1.1710757142857142,SL,0,-0.9999999999993148,0.0,-1.037037037036042,1.0,0.8641975308641032,-0.9999999999993148,-1.864197530863418,-45.36066098915657,-44.12272995467436
A_Breakout,breakout_A,461,DOWN,2026-04-23 22:21:00,2026-04-23 22:22:00,232510,1.16829,0.7142857142856356,1.1683614285714286,1.1681828571428572,2026-04-23 22:22:00,1.1681828571428572,TP,0,1.500000000000222,1.9600000000006217,0.0,1.0,1.4000000000001542,1.500000000000222,0.10000000000006781,-45.2606609891565,-44.02272995467429
A_Breakout,breakout_A,465,DOWN,2026-04-27 08:58:00,2026-04-27 08:59:00,234584,1.17448,1.678571428571323,1.1746478571428571,1.1742282142857143,2026-04-27 09:02:00,1.1746478571428571,SL,3,-1.000000000000189,0.9531914893613924,-1.3106382978730722,1.0,0.5957446808511013,-1.000000000000189,-1.5957446808512903,-46.85640567000779,-45.61847463552558
A_Breakout,breakout_A,467,DOWN,2026-04-27 20:53:00,2026-04-27 20:54:00,235295,1.17188,0.9071428571427732,1.1719707142857143,1.1717439285714286,2026-04-27 20:54:00,1.1717439285714286,TP,0,1.4999999999999998,1.9842519685048807,0.0,1.0,1.1023622047245114,1.4999999999999998,0.39763779527548837,-46.4587678747323,-45.220836840250094
A_Breakout,breakout_A,469,DOWN,2026-04-28 21:00:00,2026-04-28 21:01:00,236727,1.17139,0.9285714285711676,1.171482857142857,1.1712507142857145,2026-04-28 21:01:00,1.1712507142857145,TP,0,1.5,2.261538461537174,0.0,1.0,1.0769230769233795,1.5,0.4230769230766205,-46.03569095165568,-44.79775991717347
A_Breakout,breakout_A,471,DOWN,2026-04-29 07:43:00,2026-04-29 07:44:00,237369,1.17034,1.3499999999999623,1.170475,1.1701375,2026-04-29 07:45:00,1.170475,SL,1,-1.0,0.2962962962966008,-1.1851851851864037,1.0,0.7407407407407613,-1.0,-1.7407407407407613,-47.77643169239644,-46.538500657914234
A_Breakout,breakout_A,473,DOWN,2026-04-29 20:32:00,2026-04-29 20:33:00,238133,1.16851,1.035714285714251,1.1686135714285713,1.1683546428571427,2026-04-29 20:37:00,1.1683546428571427,TP,4,1.500000000000536,2.5103448275855857,-0.4827586206906901,1.0,0.9655172413793428,1.500000000000536,0.5344827586211932,-47.24194893377525,-46.00401789929304
A_Breakout,breakout_A,480,UP,2026-05-05 01:23:00,2026-05-05 01:24:00,242727,1.16804,0.8071428571425938,1.1679592857142858,1.1681610714285713,2026-05-05 01:25:00,1.1681610714285713,TP,1,1.4999999999991158,1.6106194690266216,0.0,1.0,1.2389380530977494,1.4999999999991158,0.2610619469013664,-46.980886986873884,-45.742955952391675
A_Breakout,breakout_A,482,UP,2026-05-05 17:46:00,2026-05-05 17:47:00,243692,1.16932,0.2214285714287532,1.169297857142857,1.169353214285714,2026-05-05 17:47:00,1.169353214285714,TP,0,1.4999999999964189,2.709677419360338,0.0,1.0,4.516129032254358,1.4999999999964189,-3.016129032257939,-49.99701601913182,-48.75908498464961
A_Breakout,breakout_A,486,UP,2026-05-07 03:12:00,2026-05-07 03:13:00,245684,1.17658,2.671428571428309,1.1763128571428572,1.1769807142857145,2026-05-07 03:18:00,1.1763128571428572,SL,5,-0.9999999999998812,1.0481283422463097,-1.272727272727424,1.0,0.37433155080217584,-0.9999999999998812,-1.374331550802057,-51.37134756993388,-50.13341653545167
A_Breakout,breakout_A,488,UP,2026-05-07 18:11:00,2026-05-07 18:12:00,246582,1.17279,1.2714285714291291,1.172662857142857,1.1729807142857145,2026-05-07 18:14:00,1.172662857142857,SL,2,-1.0000000000006235,0.3932584269669495,-1.258426966291095,1.0,0.7865168539322392,-1.0000000000006235,-1.7865168539328629,-53.15786442386674,-51.91993338938453
A_Breakout,breakout_A,502,UP,2026-05-17 21:31:00,2026-05-17 21:32:00,255207,1.16141,1.3285714285718848,1.161277142857143,1.161609285714286,2026-05-17 21:35:00,1.161609285714286,TP,3,1.5000000000004776,1.8064516129027408,-0.6774193548395723,1.0,0.7526881720427523,1.5000000000004776,0.7473118279577253,-52.41055259590902,-51.17262156142681
A_Breakout,breakout_A,504,UP,2026-05-18 15:39:00,2026-05-18 15:40:00,256295,1.16515,1.3071428571428558,1.1650192857142856,1.1653460714285713,2026-05-18 15:48:00,1.1653460714285713,TP,8,1.4999999999995146,2.142076502732686,-0.3825136612012946,1.0,0.7650273224043723,1.4999999999995146,0.7349726775951423,-51.67557991831387,-50.43764888383166
A_Breakout,breakout_A,506,UP,2026-05-20 10:31:00,2026-05-20 10:32:00,258855,1.16212,4.928571428571519,1.161627142857143,1.162859285714286,2026-05-20 10:34:00,1.161627142857143,SL,2,-0.9999999999998392,0.3246376811592884,-1.1971014492755236,1.0,0.20289855072463395,-0.9999999999998392,-1.2028985507244732,-52.87847846903835,-51.64054743455614
A_Breakout,breakout_A,514,UP,2026-05-22 11:05:00,2026-05-22 11:06:00,261631,1.16041,2.000000000000097,1.16021,1.16071,2026-05-22 11:06:00,1.16021,SL,0,-0.9999999999998416,0.2999999999997303,-1.2499999999992466,1.0,0.4999999999999758,-0.9999999999998416,-1.4999999999998175,-54.378478469038164,-53.140547434555955
A_Breakout,breakout_A,516,UP,2026-05-25 03:59:00,2026-05-25 04:00:00,262405,1.16374,1.014285714285539,1.1636385714285715,1.163892142857143,2026-05-25 04:00:00,1.1636385714285715,SL,0,-0.9999999999992182,0.2957746478871235,-3.549295774647672,1.0,0.9859154929579168,-0.9999999999992182,-1.985915492957135,-56.3643939619953,-55.12646292751309
A_Breakout,breakout_A,520,UP,2026-05-26 12:07:00,2026-05-26 12:08:00,264317,1.16223,1.1857142857141234,1.162111428571429,1.162407857142857,2026-05-26 12:11:00,1.162407857142857,TP,3,1.4999999999990636,2.024096385540725,-0.2530120481944632,1.0,0.843373493976019,1.4999999999990636,0.6566265060230446,-55.70776745597225,-54.469836421490044
A_Breakout,breakout_A,522,UP,2026-05-27 08:18:00,2026-05-27 08:19:00,265520,1.16432,2.271428571428544,1.1640928571428573,1.1646607142857144,2026-05-27 08:19:00,1.1640928571428573,SL_AND_TP_SAME_BAR_SL_FIRST,0,-0.9999999999995808,1.5849056603770075,-1.2327044025159934,1.0,0.44025157232704937,-0.9999999999995808,-1.44025157232663,-57.14801902829888,-55.910087993816674
A_Breakout,breakout_A,524,UP,2026-05-28 00:39:00,2026-05-28 00:40:00,266496,1.15918,0.8571428571430799,1.159094285714286,1.1593085714285716,2026-05-28 00:42:00,1.159094285714286,SL,2,-0.99999999999926,0.9333333333314336,-1.2833333333336356,1.0,1.1666666666663634,-0.99999999999926,-2.1666666666656234,-59.31468569496451,-58.0767546604823
A_Breakout,breakout_A,530,UP,2026-06-01 11:02:00,2026-06-01 11:03:00,269982,1.16188,2.0642857142862323,1.1616735714285713,1.162189642857143,2026-06-01 11:03:00,1.1616735714285713,SL,0,-1.000000000000461,0.193771626297723,-1.211072664359962,1.0,0.48442906574382305,-1.000000000000461,-1.484429065744284,-60.79911476070879,-59.56118372622658
A_Breakout,breakout_A,531,DOWN,2026-06-02 09:08:00,2026-06-02 09:09:00,271297,1.16477,1.2285714285720228,1.1648928571428572,1.1645857142857143,2026-06-02 09:09:00,1.1648928571428572,SL,0,-0.9999999999990964,0.1627906976754063,-1.465116279067813,1.0,0.8139534883716993,-0.9999999999990964,-1.8139534883707957,-62.61306824907959,-61.37513721459738
A_Breakout,breakout_A,537,DOWN,2026-06-05 05:42:00,2026-06-05 05:43:00,275393,1.16376,0.8642857142861424,1.1638464285714285,1.163630357142857,2026-06-05 05:43:00,1.1638464285714285,SL,0,-0.9999999999998166,0.0,-1.2727272727272727,1.0,1.1570247933878566,-0.9999999999998166,-2.157024793387673,-64.77009304246727,-63.53216200798506
A_Breakout,breakout_A,549,DOWN,2026-06-10 22:06:00,2026-06-10 22:07:00,280664,1.15516,0.9214285714287396,1.155252142857143,1.1550217857142857,2026-06-10 22:10:00,1.155252142857143,SL,3,-1.0000000000012048,0.1085271317836369,-1.4108527131776407,1.0,1.0852713178292592,-1.0000000000012048,-2.085271317830464,-66.85536436029773,-65.61743332581551
A_Breakout,breakout_A,553,DOWN,2026-06-12 05:49:00,2026-06-12 05:50:00,282557,1.15834,1.4142857142854632,1.1584814285714284,1.158127857142857,2026-06-12 05:50:00,1.158127857142857,TP,0,1.5000000000004488,2.1919191919198107,0.0,1.0,0.7070707070708326,1.5000000000004488,0.7929292929296161,-66.06243506736811,-64.8245040328859
A_Breakout,breakout_A,557,DOWN,2026-06-15 10:13:00,2026-06-15 10:14:00,284260,1.16133,1.4857142857141854,1.1614785714285714,1.161107142857143,2026-06-15 10:15:00,1.1614785714285714,SL,1,-0.9999999999997864,0.6057692307687566,-1.2788461538471454,1.0,0.6730769230769685,-0.9999999999997864,-1.673076923076755,-67.73551199044486,-66.49758095596265
A_Breakout,breakout_A,559,DOWN,2026-06-15 21:24:00,2026-06-15 21:25:00,284924,1.15892,0.9714285714287498,1.1590171428571427,1.1587742857142855,2026-06-15 21:26:00,1.1590171428571427,SL,1,-0.9999999999991838,0.0,-1.2352941176480674,1.0,1.0294117647056933,-0.9999999999991838,-2.029411764704877,-69.76492375514974,-68.52699272066752
A_Breakout,breakout_A,565,DOWN,2026-06-18 03:01:00,2026-06-18 03:02:00,288131,1.15173,1.7928571428568345,1.1519092857142856,1.1514610714285711,2026-06-18 03:05:00,1.1514610714285711,TP,3,1.5000000000002651,2.0637450199205705,-0.3904382470121002,1.0,0.5577689243028848,1.5000000000002651,0.9422310756973803,-68.82269267945236,-67.58476164497014
A_Breakout,breakout_A,567,DOWN,2026-06-18 11:24:00,2026-06-18 11:25:00,288634,1.14772,1.7142857142858428,1.1478914285714286,1.1474628571428571,2026-06-18 11:33:00,1.1474628571428571,TP,8,1.5000000000004623,1.8083333333333875,-0.6416666666656412,1.0,0.5833333333332896,1.5000000000004623,0.9166666666671727,-67.90602601278519,-66.66809497830297
A_Breakout,breakout_A,569,DOWN,2026-06-19 15:39:00,2026-06-19 15:40:00,290323,1.14761,0.3499999999999138,1.147645,1.1475575,2026-06-19 15:40:00,1.1475575,TP,0,1.50000000000068,2.0000000000009064,-0.8571428571423393,1.0,2.8571428571435606,1.50000000000068,-1.3571428571428807,-69.26316886992807,-68.02523783544585
A_Breakout,breakout_A,571,DOWN,2026-06-22 06:35:00,2026-06-22 06:36:00,291212,1.14565,1.3857142857143234,1.1457885714285716,1.1454421428571429,2026-06-22 06:41:00,1.1457885714285716,SL,5,-1.0000000000008011,1.4432989690719666,-1.5154639175260458,1.0,0.7216494845360628,-1.0000000000008011,-1.721649484536864,-70.98481835446493,-69.74688731998272
A_Breakout,breakout_A,573,DOWN,2026-06-22 22:46:00,2026-06-22 22:47:00,292176,1.14284,0.6142857142854563,1.1429014285714287,1.142747857142857,2026-06-22 22:54:00,1.142747857142857,TP,7,1.4999999999990965,3.093023255817442,-0.4883720930230457,1.0,1.6279069767448697,1.4999999999990965,-0.12790697674577323,-71.11272533121071,-69.8747942967285
A_Breakout,breakout_A,575,DOWN,2026-06-23 03:40:00,2026-06-23 03:41:00,292470,1.14201,2.4928571428565034,1.1422592857142857,1.1416360714285716,2026-06-23 03:42:00,1.1416360714285716,TP,1,1.4999999999995866,2.848137535817303,-0.3209169054445293,1.0,0.4011461318052605,1.4999999999995866,1.098853868194326,-70.01387146301639,-68.77594042853417
A_Breakout,breakout_A,587,DOWN,2026-06-28 22:53:00,2026-06-28 22:54:00,297904,1.1388,0.5785714285712539,1.1388578571428571,1.1387132142857144,2026-06-28 22:55:00,1.1388578571428571,SL,1,-0.9999999999997256,0.0,-1.2098765432104923,1.0,1.728395061728917,-0.9999999999997256,-2.7283950617286425,-72.74226652474502,-71.5043354902628
A_Breakout,breakout_A,591,DOWN,2026-06-30 11:21:00,2026-06-30 11:22:00,300086,1.14232,2.071428571428502,1.1425271428571429,1.1420092857142858,2026-06-30 11:27:00,1.1425271428571429,SL,5,-1.0,0.2896551724135565,-1.0620689655167312,1.0,0.4827586206896714,-1.0,-1.4827586206896715,-74.2250251454347,-72.98709411095248
A_Breakout,breakout_A,593,DOWN,2026-07-01 10:27:00,2026-07-01 10:28:00,301468,1.1391,2.54285714285699,1.1393542857142858,1.1387185714285717,2026-07-01 10:32:00,1.1393542857142858,SL,4,-1.0000000000002494,0.3932584269662725,-1.297752808988612,1.0,0.3932584269663158,-1.0000000000002494,-1.393258426966565,-75.61828357240125,-74.38035253791904
A_Breakout,breakout_A,600,UP,2026-07-06 11:38:00,2026-07-06 11:39:00,305829,1.14193,1.1999999999997726,1.14181,1.14211,2026-07-06 11:41:00,1.14211,TP,2,1.500000000000859,1.833333333334589,-0.5833333333317143,1.0,0.8333333333334912,1.500000000000859,0.6666666666673678,-74.95161690573389,-73.71368587125167
A_Breakout,breakout_A,606,UP,2026-07-08 12:05:00,2026-07-08 12:06:00,308716,1.13976,1.3857142857141649,1.1396214285714288,1.1399678571428573,2026-07-08 12:06:00,1.1399678571428573,TP,0,1.5000000000005722,2.237113402060683,-0.1443298969081746,1.0,0.7216494845361454,1.5000000000005722,0.7783505154644268,-74.17326639026946,-72.93533535578725
A_Breakout,breakout_A,616,UP,2026-07-14 03:23:00,2026-07-14 03:24:00,313926,1.1391,1.3714285714280396,1.1389628571428572,1.139305714285714,2026-07-14 03:28:00,1.139305714285714,TP,4,1.4999999999995373,1.6770833333336368,-0.364583333334244,1.0,0.7291666666669494,1.4999999999995373,0.7708333333325879,-73.40243305693687,-72.16450202245466
A_Breakout,breakout_A,618,UP,2026-07-14 17:24:00,2026-07-14 17:25:00,314765,1.14209,0.4999999999999449,1.1420400000000002,1.142165,2026-07-14 17:25:00,1.1420400000000002,SL,0,-0.9999999999977796,0.1999999999968914,-1.800000000003109,1.0,2.0000000000002207,-0.9999999999977796,-2.9999999999980003,-76.40243305693488,-75.16450202245267
A_Breakout,breakout_A,620,UP,2026-07-15 08:30:00,2026-07-15 08:31:00,315665,1.14177,1.8928571428570136,1.1415807142857142,1.1420539285714284,2026-07-15 08:32:00,1.1420539285714284,TP,1,1.499999999999455,3.381132075471791,-0.2113207547172069,1.0,0.5283018867924889,1.499999999999455,0.9716981132069662,-75.43073494372791,-74.1928039092457
A_Breakout,breakout_A,636,UP,2026-07-22 18:01:00,2026-07-22 18:02:00,323381,1.14087,0.3428571428578029,1.1408357142857142,1.1409214285714286,2026-07-22 18:02:00,1.1408357142857142,SL,0,-1.0000000000027758,0.5833333333295555,-4.083333333326318,1.0,2.916666666661052,-1.0000000000027758,-3.9166666666638275,-79.34740161039174,-78.10947057590953
A_Breakout,breakout_A,640,UP,2026-07-24 02:16:00,2026-07-24 02:17:00,325304,1.13813,1.099999999999752,1.13802,1.138295,2026-07-24 02:18:00,1.138295,TP,1,1.5000000000000715,1.545454545454925,-0.4545454545465162,1.0,0.909090909091114,1.5000000000000715,0.5909090909089575,-78.75649251948278,-77.51856148500056
A_Breakout,breakout_A,648,UP,2026-07-28 19:44:00,2026-07-28 19:45:00,329224,1.1386,0.3642857142857217,1.1385635714285716,1.138654642857143,2026-07-28 19:45:00,1.1385635714285716,SL,0,-0.9999999999978232,0.5490196078406274,-4.117647058826039,1.0,2.7450980392156303,-0.9999999999978232,-3.7450980392134534,-82.50159055869624,-81.26365952421402
A_Breakout,breakout_A,652,UP,2026-07-30 04:02:00,2026-07-30 04:03:00,331159,1.14413,1.6285714285717885,1.143967142857143,1.1443742857142858,2026-07-30 04:06:00,1.1443742857142858,TP,3,1.4999999999995617,2.14912280701615,-0.3070175438602291,1.0,0.6140350877191625,1.4999999999995617,0.8859649122803992,-81.61562564641584,-80.37769461193362
A_Breakout,breakout_A,656,UP,2026-07-31 10:15:00,2026-07-31 10:16:00,332970,1.14751,2.978571428571116,1.147212142857143,1.1479567857142856,2026-07-31 10:20:00,1.147212142857143,SL,4,-1.0000000000000533,0.9736211031172772,-1.0407673860913451,1.0,0.33573141486814073,-1.0000000000000533,-1.335731414868194,-82.95135706128403,-81.71342602680181
A_Breakout,breakout_A,657,DOWN,2026-08-02 19:02:00,2026-08-02 19:03:00,333496,1.15474,1.2928571428573652,1.154869285714286,1.1545460714285716,2026-08-02 19:03:00,1.1545460714285716,TP,0,1.4999999999993867,1.6243093922652505,-0.2320441988947904,1.0,0.7734806629832924,1.4999999999993867,0.7265193370160943,-82.22483772426793,-80.98690668978571
A_Breakout,breakout_A,659,DOWN,2026-08-03 21:00:00,2026-08-03 21:01:00,335049,1.15038,1.299999999999793,1.15051,1.150185,2026-08-03 21:10:00,1.15051,SL,9,-0.9999999999998782,1.2307692307689495,-0.9999999999998782,1.0,0.7692307692308916,-0.9999999999998782,-1.7692307692307698,-83.9940684934987,-82.75613745901649
A_Breakout,breakout_A,667,DOWN,2026-08-05 15:06:00,2026-08-05 15:07:00,337569,1.15523,0.9285714285713262,1.155322857142857,1.1550907142857143,2026-08-05 15:07:00,1.155322857142857,SL,0,-0.9999999999998292,0.2153846153836588,-1.184615384616102,1.0,1.0769230769231957,-0.9999999999998292,-2.076923076923025,-86.07099157042173,-84.83306053593951
A_Breakout,breakout_A,671,DOWN,2026-08-10 04:50:00,2026-08-10 04:51:00,341254,1.15612,0.7071428571432075,1.1561907142857144,1.1560139285714286,2026-08-10 04:51:00,1.1561907142857144,SL,0,-1.0000000000006728,0.5656565656568511,-1.8383838383824112,1.0,1.4141414141407136,-1.0000000000006728,-2.4141414141413864,-88.48513298456312,-87.2472019500809
A_Breakout,breakout_A,673,DOWN,2026-08-10 21:44:00,2026-08-10 21:45:00,342263,1.15462,0.6214285714285188,1.1546821428571428,1.1545267857142858,2026-08-10 21:46:00,1.1546821428571428,SL,1,-0.9999999999989791,0.0,-1.126436781609524,1.0,1.6091954022989867,-0.9999999999989791,-2.6091954022979658,-91.09432838686108,-89.85639735237886
A_Breakout,breakout_A,679,DOWN,2026-08-12 20:53:00,2026-08-12 20:54:00,345068,1.15276,0.5714285714288257,1.152817142857143,1.1526742857142858,2026-08-12 20:57:00,1.1526742857142858,TP,3,1.499999999998612,1.9250000000000969,-0.3499999999982513,1.0,1.749999999999221,1.499999999998612,-0.25000000000060907,-91.34432838686169,-90.10639735237947
A_Breakout,breakout_A,687,DOWN,2026-08-17 21:47:00,2026-08-17 21:48:00,349411,1.15802,0.6571428571431971,1.1580857142857144,1.1579214285714283,2026-08-17 21:48:00,1.1579214285714283,TP,0,1.500000000000362,2.1304347826080345,-0.1521739130410175,1.0,1.5217391304339953,1.500000000000362,-0.021739130433633402,-91.36606751729532,-90.1281364828131
A_Breakout,breakout_A,691,DOWN,2026-08-18 20:45:00,2026-08-18 20:46:00,350785,1.1575,0.8857142857142198,1.1575885714285714,1.1573671428571428,2026-08-18 20:50:00,1.1575885714285714,SL,4,-1.000000000000179,1.016129032257276,-1.2419354838716754,1.0,1.1290322580646002,-1.000000000000179,-2.129032258064779,-93.4950997753601,-92.25716874087789
A_Breakout,breakout_A,701,DOWN,2026-08-23 21:14:00,2026-08-23 21:15:00,355105,1.1681,1.1642857142855705,1.1682164285714285,1.1679253571428572,2026-08-23 21:16:00,1.1679253571428572,TP,1,1.4999999999992504,1.8895705521465016,-0.0858895705527205,1.0,0.8588957055215785,1.4999999999992504,0.6411042944776719,-92.85399548088243,-91.61606444640022
A_Breakout,breakout_A,703,DOWN,2026-08-24 20:54:00,2026-08-24 20:55:00,356511,1.16674,0.8000000000001657,1.1668200000000002,1.16662,2026-08-24 20:55:00,1.1668200000000002,SL,0,-1.000000000000793,0.0,-1.374999999997621,1.0,1.249999999999741,-1.000000000000793,-2.250000000000534,-95.10399548088296,-93.86606444640074
A_Breakout,breakout_A,707,DOWN,2026-08-26 04:55:00,2026-08-26 04:56:00,358427,1.16718,0.9500000000001968,1.167275,1.1670375000000002,2026-08-26 04:56:00,1.1670375000000002,TP,0,1.499999999998998,1.7894736842101922,0.0,1.0,1.0526315789471503,1.499999999998998,0.4473684210518476,-94.65662705983112,-93.41869602534891
A_Breakout,breakout_A,709,DOWN,2026-08-26 17:04:00,2026-08-26 17:05:00,359155,1.16467,0.9071428571429316,1.1647607142857144,1.164533928571429,2026-08-26 17:05:00,1.1647607142857144,SL,0,-0.9999999999998253,0.0,-1.8740157480313808,1.0,1.102362204724319,-0.9999999999998253,-2.102362204724144,-96.75898926455527,-95.52105823007305
A_Breakout,breakout_A,713,DOWN,2026-08-27 04:29:00,2026-08-27 04:30:00,359835,1.16507,1.057142857142804,1.1651757142857144,1.1649114285714286,2026-08-27 04:34:00,1.1649114285714286,TP,4,1.5000000000003002,1.6081081081082218,-0.5675675675671135,1.0,0.9459459459459935,1.5000000000003002,0.5540540540543067,-96.20493521050095,-94.96700417601873
A_Breakout,breakout_A,717,DOWN,2026-08-28 10:24:00,2026-08-28 10:25:00,361622,1.16042,3.764285714285633,1.1607964285714285,1.1598553571428571,2026-08-28 10:27:00,1.1598553571428571,TP,2,1.500000000000042,1.833017077799112,-0.2125237191653025,1.0,0.2656546489563625,1.500000000000042,1.2343453510436795,-94.97058985945728,-93.73265882497506
A_Breakout,breakout_A,723,DOWN,2026-08-31 20:56:00,2026-08-31 20:57:00,363687,1.16181,0.935714285713913,1.1619035714285717,1.161669642857143,2026-08-31 21:05:00,1.161669642857143,TP,8,1.5000000000000846,3.099236641221555,-0.7480916030538879,1.0,1.0687022900767615,1.5000000000000846,0.43129770992332306,-94.53929214953395,-93.30136111505173
A_Breakout,breakout_A,725,DOWN,2026-09-01 10:49:00,2026-09-01 10:50:00,364518,1.15987,1.3142857142860769,1.1600014285714286,1.159672857142857,2026-09-01 10:50:00,1.1600014285714286,SL,0,-1.0000000000004827,0.6086956521726643,-1.141304347826491,1.0,0.7608695652171814,-1.0000000000004827,-1.7608695652176642,-96.30016171475161,-95.0622306802694
A_Breakout,breakout_A,727,DOWN,2026-09-01 18:43:00,2026-09-01 18:44:00,364988,1.15925,0.3357142857137888,1.1592835714285712,1.1591996428571427,2026-09-01 18:52:00,1.1592835714285712,SL,8,-0.9999999999976378,0.2978723404213101,-1.7872340425609314,1.0,2.978723404259728,-0.9999999999976378,-3.978723404257366,-100.27888511900898,-99.04095408452676
B_Break_Retest,break_retest_B,14,UP,2025-09-15 02:53:00,2025-09-15 02:54:00,7347,1.17251,1.171428571428157,1.172392857142857,1.172685714285714,2025-09-15 02:58:00,1.172392857142857,SL,4,-1.0000000000009477,0.5121951219509653,-1.365853658536539,1.0,0.8536585365856679,-1.0000000000009477,-1.8536585365866156,-1.8536585365866156,0.0
B_Break_Retest,break_retest_B,16,UP,2025-09-15 21:43:00,2025-09-15 21:44:00,8476,1.17638,1.1714285714283157,1.176262857142857,1.176555714285714,2025-09-15 21:45:00,1.176555714285714,TP,1,1.4999999999993228,2.0487804878054785,-0.8536585365854581,1.0,0.8536585365855522,1.4999999999993228,0.6463414634137705,-1.207317073172845,0.0
B_Break_Retest,break_retest_B,24,UP,2025-09-21 23:11:00,2025-09-21 23:12:00,14307,1.17328,1.2714285714289706,1.173152857142857,1.1734707142857144,2025-09-21 23:34:00,1.173152857142857,SL,22,-1.0000000000007483,1.4943820224707525,-1.0224719101134978,1.0,0.7865168539323374,-1.0000000000007483,-1.7865168539330858,-2.993833927105931,-1.786516853933086
B_Break_Retest,break_retest_B,36,UP,2025-09-26 07:38:00,2025-09-26 07:39:00,20560,1.16701,1.7428571428572996,1.1668357142857144,1.1672714285714287,2025-09-26 07:51:00,1.1672714285714287,TP,12,1.5000000000002276,1.5491803278686698,-0.7459016393452597,1.0,0.573770491803227,1.5000000000002276,0.9262295081970006,-2.0676044189089304,-0.8602873457360853
B_Break_Retest,break_retest_B,38,UP,2025-09-29 04:52:00,2025-09-29 04:53:00,21817,1.17208,1.3999999999994968,1.17194,1.1722899999999998,2025-09-29 04:57:00,1.1722899999999998,TP,4,1.4999999999992637,1.5714285714283287,-0.3571428571437391,1.0,0.7142857142859711,1.4999999999992637,0.7857142857132926,-1.2818901331956378,-0.07457306002279274
B_Break_Retest,break_retest_B,42,UP,2025-09-30 09:53:00,2025-09-30 09:54:00,23546,1.1738,2.014285714286222,1.1735985714285713,1.174102142857143,2025-09-30 09:55:00,1.1735985714285713,SL,1,-1.000000000000315,0.0,-2.3829787234038333,1.0,0.4964539007090948,-1.000000000000315,-1.49645390070941,-2.778344033905048,-1.5710269607322027
B_Break_Retest,break_retest_B,46,UP,2025-10-01 13:23:00,2025-10-01 13:24:00,25191,1.17307,1.2285714285712297,1.172947142857143,1.1732542857142858,2025-10-01 13:32:00,1.172947142857143,SL,8,-0.999999999999742,1.4651162790687589,-1.1395348837213506,1.0,0.8139534883722248,-0.999999999999742,-1.8139534883719668,-4.592297522277015,-3.3849804491041695
B_Break_Retest,break_retest_B,50,UP,2025-10-03 02:14:00,2025-10-03 02:15:00,27392,1.1723,1.3000000000001104,1.17217,1.1724949999999998,2025-10-03 02:16:00,1.1724949999999998,TP,1,1.499999999999451,2.0769230769228426,-0.1538461538454406,1.0,0.7692307692307039,1.499999999999451,0.7307692307687472,-3.861528291508267,-2.654211218335422
B_Break_Retest,break_retest_B,60,UP,2025-10-08 13:08:00,2025-10-08 13:09:00,32354,1.16057,1.1357142857142717,1.1604564285714287,1.1607403571428572,2025-10-08 13:11:00,1.1604564285714287,SL,2,-0.999999999999581,0.6163522012560417,-1.4088050314479672,1.0,0.880503144654099,-0.999999999999581,-1.88050314465368,-5.742031436161947,-4.534714362989102
B_Break_Retest,break_retest_B,64,UP,2025-10-10 03:52:00,2025-10-10 03:53:00,34662,1.15767,1.5214285714282294,1.157517857142857,1.1578982142857142,2025-10-10 03:57:00,1.1578982142857142,TP,4,1.4999999999996352,1.643192488263829,-0.7230046948362014,1.0,0.657276995305312,1.4999999999996352,0.8427230046943232,-4.899308431467624,-3.6919913582947785
B_Break_Retest,break_retest_B,68,UP,2025-10-12 19:08:00,2025-10-12 19:09:00,35577,1.16087,1.7999999999997385,1.16069,1.16114,2025-10-12 19:12:00,1.16069,SL,3,-1.0000000000005285,0.3333333333330983,-2.055555555555751,1.0,0.5555555555556363,-1.0000000000005285,-1.5555555555561646,-6.4548639870237885,-5.247546913850943
B_Break_Retest,break_retest_B,72,UP,2025-10-14 04:33:00,2025-10-14 04:34:00,37577,1.15593,1.9500000000000863,1.155735,1.1562225,2025-10-14 04:36:00,1.155735,SL,2,-0.9999999999996748,0.3589743589744174,-1.1282051282044985,1.0,0.5128205128204901,-0.9999999999996748,-1.512820512820165,-7.967684499843954,-6.760367426671109
B_Break_Retest,break_retest_B,74,UP,2025-10-15 09:33:00,2025-10-15 09:34:00,39309,1.16228,2.0714285714280263,1.1620728571428571,1.162590714285714,2025-10-15 09:36:00,1.162590714285714,TP,2,1.4999999999998084,1.6896551724145874,-0.8206896551726465,1.0,0.4827586206897822,1.4999999999998084,1.0172413793100261,-6.950443120533928,-5.743126047361082
B_Break_Retest,break_retest_B,76,UP,2025-10-16 04:46:00,2025-10-16 04:47:00,40458,1.16589,1.671428571428419,1.1657228571428573,1.1661407142857143,2025-10-16 04:47:00,1.1657228571428573,SL,0,-0.9999999999998104,0.4786324786316724,-1.136752136753045,1.0,0.5982905982906529,-0.9999999999998104,-1.5982905982904634,-8.54873371882439,-7.341416645651545
B_Break_Retest,break_retest_B,79,DOWN,2025-10-20 02:09:00,2025-10-20 02:10:00,43179,1.16658,1.8142857142857047,1.1667614285714285,1.1663078571428571,2025-10-20 02:18:00,1.1663078571428571,TP,8,1.499999999999869,1.6535433070864407,-0.0551181102365818,1.0,0.5511811023622076,1.499999999999869,0.9488188976376614,-7.59991482118673,-6.392597748013885
B_Break_Retest,break_retest_B,81,DOWN,2025-10-20 21:25:00,2025-10-20 21:26:00,44324,1.16483,1.0000000000000484,1.16493,1.16468,2025-10-20 21:29:00,1.16468,TP,3,1.5000000000008724,1.800000000000603,-0.1000000000006502,1.0,0.9999999999999516,1.5000000000008724,0.5000000000009208,-7.099914821185809,-5.892597748012964
B_Break_Retest,break_retest_B,83,DOWN,2025-10-22 02:12:00,2025-10-22 02:13:00,46048,1.16061,2.092857142857372,1.1608192857142856,1.1602960714285713,2025-10-22 02:22:00,1.1608192857142856,SL,9,-0.9999999999997728,0.9556313993171962,-1.1467576791808476,1.0,0.4778156996586507,-0.9999999999997728,-1.4778156996584235,-8.577730520844232,-7.370413447671387
B_Break_Retest,break_retest_B,87,DOWN,2025-10-23 04:50:00,2025-10-23 04:51:00,47635,1.15968,1.299999999999952,1.15981,1.159485,2025-10-23 04:54:00,1.159485,TP,3,1.4999999999996338,1.923076923077636,-0.0769230769235836,1.0,0.7692307692307976,1.4999999999996338,0.7307692307688363,-7.846961290075396,-6.639644216902551
B_Break_Retest,break_retest_B,89,DOWN,2025-10-23 21:13:00,2025-10-23 21:14:00,48613,1.16148,0.914285714285677,1.1615714285714287,1.1613428571428572,2025-10-23 21:19:00,1.1613428571428572,TP,5,1.4999999999998266,1.6406250000011005,-0.4375000000004553,1.0,1.0937500000000446,1.4999999999998266,0.40624999999978195,-7.4407112900756145,-6.233394216902769
B_Break_Retest,break_retest_B,93,DOWN,2025-10-26 20:40:00,2025-10-26 20:41:00,50074,1.16408,1.1714285714286328,1.164197142857143,1.1639042857142856,2025-10-26 20:46:00,1.1639042857142856,TP,5,1.5000000000008122,1.707317073170454,0.0,1.0,0.8536585365853212,1.5000000000008122,0.646341463415491,-6.794369826660123,-5.587052753487278
B_Break_Retest,break_retest_B,97,DOWN,2025-10-28 12:58:00,2025-10-28 12:59:00,52488,1.16622,0.9071428571429316,1.1663107142857143,1.1660839285714286,2025-10-28 13:00:00,1.1663107142857143,SL,1,-0.9999999999998253,0.661417322834029,-1.6535433070850725,1.0,1.102362204724319,-0.9999999999998253,-2.102362204724144,-8.896732031384268,-7.689414958211422
B_Break_Retest,break_retest_B,105,DOWN,2025-10-31 05:25:00,2025-10-31 05:26:00,56345,1.15695,1.28571428571462,1.1570785714285714,1.1567571428571428,2025-10-31 05:35:00,1.1567571428571428,TP,9,1.4999999999993214,1.788888888888054,-0.7777777777774899,1.0,0.7777777777775756,1.4999999999993214,0.7222222222217458,-8.174509809162522,-6.967192735989677
B_Break_Retest,break_retest_B,114,UP,2025-11-05 03:04:00,2025-11-05 03:05:00,60451,1.14897,1.7642857142856945,1.1487935714285715,1.149234642857143,2025-11-05 03:06:00,1.149234642857143,TP,1,1.5000000000002247,2.2672064777325693,-0.1133603238873835,1.0,0.5668016194332047,1.5000000000002247,0.93319838056702,-7.241311428595502,-6.0339943554226565
B_Break_Retest,break_retest_B,116,UP,2025-11-05 09:29:00,2025-11-05 09:30:00,60836,1.14832,1.5714285714283984,1.1481628571428573,1.1485557142857143,2025-11-05 09:37:00,1.1485557142857143,TP,7,1.5000000000005047,2.099999999999859,-0.8272727272725859,1.0,0.6363636363637064,1.5000000000005047,0.8636363636367983,-6.377675064958703,-5.170357991785858
B_Break_Retest,break_retest_B,118,UP,2025-11-07 02:20:00,2025-11-07 02:21:00,63277,1.15338,1.099999999999752,1.15327,1.153545,2025-11-07 02:22:00,1.153545,TP,1,1.5000000000000715,2.09090909090913,0.0,1.0,0.909090909091114,1.5000000000000715,0.5909090909089575,-5.786765974049746,-4.5794489008769
B_Break_Retest,break_retest_B,128,UP,2025-11-12 20:54:00,2025-11-12 20:55:00,68686,1.15881,0.7785714285712952,1.1587321428571429,1.1589267857142855,2025-11-12 20:58:00,1.1589267857142855,TP,3,1.499999999999287,1.7981651376153591,-0.5137614678876581,1.0,1.2844036697249905,1.499999999999287,0.21559633027429648,-5.571169643775449,-4.363852570602604
B_Break_Retest,break_retest_B,151,DOWN,2025-11-21 03:55:00,2025-11-21 03:56:00,77726,1.15455,2.235714285714341,1.1547735714285714,1.1542146428571427,2025-11-21 03:57:00,1.1542146428571427,TP,1,1.5000000000004965,1.923322683705712,-0.0894568690101685,1.0,0.4472843450479123,1.5000000000004965,1.0527156549525842,-4.5184539888228645,-3.311136915650019
B_Break_Retest,break_retest_B,153,DOWN,2025-11-23 18:10:00,2025-11-23 18:11:00,78574,1.15107,0.9285714285716434,1.1511628571428572,1.1509307142857144,2025-11-23 18:17:00,1.1509307142857144,TP,6,1.4999999999992313,1.7230769230758562,-0.5384615384601589,1.0,1.0769230769228277,1.4999999999992313,0.42307692307640354,-4.095377065746462,-2.8880599925736163
B_Break_Retest,break_retest_B,159,DOWN,2025-11-24 22:31:00,2025-11-24 22:32:00,80270,1.15219,0.9928571428573032,1.1522892857142857,1.1520410714285714,2025-11-24 22:33:00,1.1522892857142857,SL,1,-0.9999999999990412,0.1007194244610752,-1.4100719424461072,1.0,1.007194244604154,-0.9999999999990412,-2.007194244603195,-6.102571310349656,-4.895254237176811
B_Break_Retest,break_retest_B,160,UP,2025-11-25 01:33:00,2025-11-25 01:34:00,80452,1.15189,0.7857142857138819,1.1518114285714287,1.1520078571428571,2025-11-25 01:34:00,1.1518114285714287,SL,0,-0.9999999999997982,0.0,-1.0181818181833595,1.0,1.2727272727279269,-0.9999999999997982,-2.272727272727725,-8.375298583077381,-7.167981509904536
B_Break_Retest,break_retest_B,162,UP,2025-11-26 09:37:00,2025-11-26 09:38:00,82373,1.15717,2.17142857142884,1.1569528571428571,1.1574957142857143,2025-11-26 09:42:00,1.1574957142857143,TP,4,1.4999999999997076,1.7499999999999998,-0.3684210526319018,1.0,0.4605263157894167,1.4999999999997076,1.0394736842102907,-7.335824898867091,-6.128507825694245
B_Break_Retest,break_retest_B,164,UP,2025-11-27 05:19:00,2025-11-27 05:20:00,83551,1.15798,0.9285714285711676,1.157887142857143,1.1581192857142857,2025-11-27 05:27:00,1.1581192857142857,TP,7,1.5,1.615384615386087,-0.9692307692302174,1.0,1.0769230769233795,1.5,0.4230769230766205,-6.91274797579047,-5.705430902617625
B_Break_Retest,break_retest_B,168,UP,2025-11-30 17:33:00,2025-11-30 17:34:00,85680,1.1595,1.207142857142518,1.1593792857142855,1.1596810714285717,2025-11-30 17:57:00,1.1596810714285717,TP,23,1.5000000000009197,1.73964497041505,-0.9940828402361204,1.0,0.828402366864138,1.5000000000009197,0.6715976331367817,-6.241150342653689,-5.033833269480843
B_Break_Retest,break_retest_B,170,UP,2025-11-30 22:29:00,2025-11-30 22:30:00,85976,1.15964,0.6571428571427214,1.1595742857142857,1.1597385714285715,2025-11-30 22:32:00,1.1595742857142857,SL,2,-1.0000000000009654,0.6086956521746476,-1.5217391304349297,1.0,1.5217391304350971,-1.0000000000009654,-2.5217391304360626,-8.76288947308975,-7.555572399916905
B_Break_Retest,break_retest_B,176,UP,2025-12-02 12:35:00,2025-12-02 12:36:00,88247,1.16067,1.6357142857146925,1.1605064285714286,1.1609153571428572,2025-12-02 12:39:00,1.1605064285714286,SL,3,-1.000000000000097,0.4279475982532573,-1.039301310043431,1.0,0.611353711790241,-1.000000000000097,-1.611353711790338,-10.37424318488009,-9.166926111707244
B_Break_Retest,break_retest_B,178,UP,2025-12-03 04:39:00,2025-12-03 04:40:00,89205,1.16451,1.5500000000001624,1.164355,1.1647425,2025-12-03 04:41:00,1.1647425,TP,1,1.5000000000003582,1.6774193548394951,-0.3225806451605047,1.0,0.645161290322513,1.5000000000003582,0.8548387096778451,-9.519404475202244,-8.312087402029398
B_Break_Retest,break_retest_B,188,UP,2025-12-09 04:30:00,2025-12-09 04:31:00,94941,1.16494,1.5642857142859703,1.1647835714285717,1.165174642857143,2025-12-09 04:32:00,1.1647835714285717,SL,1,-1.0000000000001017,0.1917808219176137,-1.0867579908674243,1.0,0.6392694063925894,-1.0000000000001017,-1.6392694063926911,-11.158673881594934,-9.951356808422089
B_Break_Retest,break_retest_B,190,UP,2025-12-09 10:31:00,2025-12-09 10:32:00,95302,1.16356,2.150000000000128,1.163345,1.1638825,2025-12-09 10:33:00,1.163345,SL,1,-1.000000000000295,0.3255813953488852,-1.2558139534882624,1.0,0.4651162790697398,-1.000000000000295,-1.465116279070035,-12.62379016066497,-11.416473087492125
B_Break_Retest,break_retest_B,192,UP,2025-12-11 01:43:00,2025-12-11 01:44:00,97649,1.16866,0.9285714285714848,1.168567142857143,1.1687992857142857,2025-12-11 01:57:00,1.1687992857142857,TP,13,1.4999999999994875,1.8307692307691572,-0.6461538461532575,1.0,1.0769230769230118,1.4999999999994875,0.4230769230764757,-12.200713237588495,-10.99339616441565
B_Break_Retest,break_retest_B,198,UP,2025-12-15 04:16:00,2025-12-15 04:17:00,100678,1.17414,1.5999999999995382,1.17398,1.17438,2025-12-15 04:17:00,1.17398,SL,0,-0.9999999999999007,0.1250000000008549,-0.9999999999999007,1.0,0.6250000000001804,-0.9999999999999007,-1.6250000000000813,-13.825713237588575,-12.61839616441573
B_Break_Retest,break_retest_B,202,UP,2025-12-15 21:27:00,2025-12-15 21:28:00,101704,1.17546,0.7999999999996898,1.17538,1.1755799999999998,2025-12-15 21:34:00,1.17538,SL,6,-0.9999999999986122,1.125000000002255,-0.9999999999986122,1.0,1.2500000000004847,-0.9999999999986122,-2.2499999999990967,-16.07571323758767,-14.868396164414825
B_Break_Retest,break_retest_B,204,UP,2025-12-16 02:38:00,2025-12-16 02:39:00,102014,1.175,1.3000000000001104,1.17487,1.175195,2025-12-16 02:41:00,1.175195,TP,2,1.499999999999451,1.6153846153848126,-0.3076923076925892,1.0,0.7692307692307039,1.499999999999451,0.7307692307687472,-15.344944006818924,-14.137626933646079
B_Break_Retest,break_retest_B,216,UP,2025-12-22 02:24:00,2025-12-22 02:25:00,107740,1.17185,1.335714285714313,1.1717164285714283,1.172050357142857,2025-12-22 02:26:00,1.172050357142857,TP,1,1.4999999999992282,1.87165775400962,0.0,1.0,0.7486631016042629,1.4999999999992282,0.7513368983949653,-14.59360710842396,-13.386290035251115
B_Break_Retest,break_retest_B,218,UP,2025-12-23 11:49:00,2025-12-23 11:50:00,109743,1.1779,1.207142857142994,1.1777792857142857,1.1780810714285714,2025-12-23 11:56:00,1.1777792857142857,SL,6,-0.9999999999996056,1.076923076922652,-1.9053254437863725,1.0,0.8284023668638113,-0.9999999999996056,-1.828402366863417,-16.422009475287375,-15.21469240211453
B_Break_Retest,break_retest_B,222,UP,2025-12-25 19:28:00,2025-12-25 19:29:00,111836,1.179,1.564285714285653,1.1788435714285714,1.179234642857143,2025-12-25 19:35:00,1.1788435714285714,SL,6,-1.0000000000003042,0.8310502283103013,-1.0228310502279538,1.0,0.6392694063927191,-1.0000000000003042,-1.6392694063930233,-18.0612788816804,-16.853961808507556
B_Break_Retest,break_retest_B,230,UP,2025-12-29 13:05:00,2025-12-29 13:06:00,114324,1.17552,1.0928571428571652,1.1754107142857142,1.1756839285714284,2025-12-29 13:10:00,1.1754107142857142,SL,4,-0.9999999999998548,0.640522875817113,-1.372549019606648,1.0,0.9150326797385434,-0.9999999999998548,-1.915032679738398,-19.976311561418797,-18.76899448824595
B_Break_Retest,break_retest_B,234,UP,2025-12-31 10:38:00,2025-12-31 10:39:00,117037,1.17356,1.9142857142857248,1.173368571428571,1.1738471428571429,2025-12-31 10:41:00,1.173368571428571,SL,2,-1.0000000000002487,0.3134328358217871,-1.044776119402864,1.0,0.5223880597014897,-1.0000000000002487,-1.5223880597017385,-21.498699621120537,-20.29138254794769
B_Break_Retest,break_retest_B,240,UP,2026-01-05 09:08:00,2026-01-05 09:09:00,119815,1.16796,1.9642857142858945,1.1677635714285717,1.168254642857143,2026-01-05 09:11:00,1.168254642857143,TP,2,1.4999999999999192,1.629090909090128,-0.1018181818188395,1.0,0.5090909090908624,1.4999999999999192,0.9909090909090568,-20.50779053021148,-19.300473457038635
B_Break_Retest,break_retest_B,242,UP,2026-01-05 20:50:00,2026-01-05 20:51:00,120515,1.1722,1.0571428571434385,1.1720942857142855,1.1723585714285714,2026-01-05 20:57:00,1.1723585714285714,TP,6,1.4999999999994,2.0810810810809675,-0.8513513513501593,1.0,0.9459459459454258,1.4999999999994,0.5540540540539742,-19.953736476157506,-18.74641940298466
B_Break_Retest,break_retest_B,252,UP,2026-01-09 10:50:00,2026-01-09 10:51:00,125655,1.16378,2.392857142857593,1.1635407142857144,1.1641389285714288,2026-01-09 10:53:00,1.1635407142857144,SL,2,-0.9999999999996022,1.2119402985068226,-1.4626865671642066,1.0,0.4179104477611154,-0.9999999999996022,-1.4179104477607176,-21.371646923918224,-20.16432985074538
B_Break_Retest,break_retest_B,264,UP,2026-01-18 18:22:00,2026-01-18 18:23:00,133281,1.16104,3.5214285714284848,1.1606878571428572,1.1615682142857144,2026-01-18 18:32:00,1.1615682142857144,TP,9,1.5000000000002702,2.044624746449877,-0.8235294117650768,1.0,0.2839756592292159,1.5000000000002702,1.2160243407710543,-20.15562258314717,-18.948305509974325
B_Break_Retest,break_retest_B,266,UP,2026-01-19 04:54:00,2026-01-19 04:55:00,133913,1.1625,1.557142857142749,1.1623442857142858,1.1627335714285716,2026-01-19 04:55:00,1.1623442857142858,SL,0,-0.9999999999998982,0.0,-1.155963302752817,1.0,0.6422018348624299,-0.9999999999998982,-1.6422018348623282,-21.797824418009498,-20.590507344836652
B_Break_Retest,break_retest_B,268,UP,2026-01-19 21:28:00,2026-01-19 21:29:00,134888,1.16434,0.7428571428577271,1.1642657142857142,1.1644514285714287,2026-01-19 21:30:00,1.1644514285714287,TP,1,1.500000000001388,1.8846153846142928,-0.2692307692293322,1.0,1.3461538461527875,1.500000000001388,0.15384615384860045,-21.643978264160896,-20.43666119098805
B_Break_Retest,break_retest_B,274,UP,2026-01-21 19:11:00,2026-01-21 19:12:00,137629,1.16788,1.128571428571685,1.1677671428571428,1.1680492857142857,2026-01-21 19:15:00,1.1677671428571428,SL,3,-1.0000000000007023,0.2658227848098401,-1.1518987341766298,1.0,0.8860759493668873,-1.0000000000007023,-1.8860759493675896,-23.530054213528487,-22.322737140355642
B_Break_Retest,break_retest_B,276,UP,2026-01-23 06:00:00,2026-01-23 06:01:00,139712,1.17353,1.2285714285718643,1.1734071428571429,1.1737142857142857,2026-01-23 06:02:00,1.1734071428571429,SL,1,-0.9999999999992254,0.2441860465113337,-1.709302325581143,1.0,0.8139534883718044,-0.9999999999992254,-1.8139534883710298,-25.344007701899518,-24.136690628726672
B_Break_Retest,break_retest_B,280,UP,2026-01-27 04:08:00,2026-01-27 04:09:00,142478,1.18638,1.435714285714651,1.1862364285714286,1.1865953571428571,2026-01-27 04:15:00,1.1865953571428571,TP,6,1.4999999999996134,1.671641791044476,-0.2786069651743371,1.0,0.6965174129351461,1.4999999999996134,0.8034825870644673,-24.54052511483505,-23.333208041662203
B_Break_Retest,break_retest_B,284,UP,2026-01-28 14:42:00,2026-01-28 14:43:00,144550,1.19219,6.09285714285709,1.1915807142857144,1.1931039285714289,2026-01-28 14:49:00,1.1931039285714289,TP,6,1.500000000000026,1.5263774912073116,-0.6729191090270047,1.0,0.16412661195779743,1.500000000000026,1.3358733880422284,-23.20465172679282,-21.997334653619976
B_Break_Retest,break_retest_B,299,DOWN,2026-02-04 03:36:00,2026-02-04 03:37:00,151071,1.18251,1.721428571428588,1.1826821428571428,1.1822517857142856,2026-02-04 03:40:00,1.1826821428571428,SL,3,-0.999999999999908,0.4066390041494578,-1.2780082987558077,1.0,0.5809128630705338,-0.999999999999908,-1.5809128630704419,-24.785564589863263,-23.578247516690418
B_Break_Retest,break_retest_B,315,DOWN,2026-02-10 10:10:00,2026-02-10 10:11:00,157218,1.19042,2.400000000000021,1.19066,1.19006,2026-02-10 10:15:00,1.19066,SL,4,-1.0000000000000662,0.9166666666671128,-1.0000000000000662,1.0,0.4166666666666631,-1.0000000000000662,-1.4166666666667291,-26.20223125652999,-24.994914183357146
B_Break_Retest,break_retest_B,319,DOWN,2026-02-11 21:29:00,2026-02-11 21:30:00,159329,1.18751,1.028571428571347,1.1876128571428572,1.1873557142857143,2026-02-11 21:30:00,1.1876128571428572,SL,0,-1.0000000000004623,0.2916666666664418,-1.0694444444429003,1.0,0.9722222222222994,-1.0000000000004623,-1.9722222222227617,-28.174453478752753,-26.967136405579907
B_Break_Retest,break_retest_B,323,DOWN,2026-02-12 20:30:00,2026-02-12 20:31:00,160708,1.18647,1.3642857142859288,1.1866064285714284,1.186265357142857,2026-02-12 20:33:00,1.1866064285714284,SL,2,-0.9999999999991862,0.7329842931935213,-1.6125654450267233,1.0,0.732984293193602,-0.9999999999991862,-1.7329842931927883,-29.907437771945542,-28.700120698772697
B_Break_Retest,break_retest_B,327,DOWN,2026-02-16 02:17:00,2026-02-16 02:18:00,162494,1.18634,0.9928571428566688,1.1864392857142856,1.1861910714285715,2026-02-16 02:25:00,1.1864392857142856,SL,7,-0.9999999999996804,1.2086330935247291,-2.115107913670512,1.0,1.0071942446047975,-0.9999999999996804,-2.0071942446044777,-31.91463201655002,-30.707314943377174
B_Break_Retest,break_retest_B,329,DOWN,2026-02-16 03:36:00,2026-02-16 03:37:00,162573,1.18612,1.8214285714287672,1.186302142857143,1.1858467857142858,2026-02-16 03:39:00,1.1858467857142858,TP,2,1.4999999999996516,2.2509803921567384,-0.6039215686264662,1.0,0.5490196078430782,1.4999999999996516,0.9509803921565734,-30.963651624393446,-29.7563345512206
B_Break_Retest,break_retest_B,331,DOWN,2026-02-17 05:04:00,2026-02-17 05:05:00,164065,1.18448,1.2785714285717158,1.184607857142857,1.1842882142857143,2026-02-17 05:05:00,1.184607857142857,SL,0,-0.999999999999628,0.2346368715081276,-1.173184357542375,1.0,0.7821229050277573,-0.999999999999628,-1.7821229050273852,-32.74577452942083,-31.538457456247983
B_Break_Retest,break_retest_B,335,DOWN,2026-02-18 08:31:00,2026-02-18 08:32:00,165710,1.18362,1.5285714285711332,1.183772857142857,1.1833907142857143,2026-02-18 08:32:00,1.183772857142857,SL,0,-0.9999999999996888,0.0,-1.2429906542067275,1.0,0.6542056074767619,-0.9999999999996888,-1.6542056074764506,-34.399980136897284,-33.19266306372444
B_Break_Retest,break_retest_B,342,UP,2026-02-20 04:18:00,2026-02-20 04:19:00,168327,1.1765,1.6999999999998765,1.17633,1.176755,2026-02-20 04:23:00,1.176755,TP,4,1.4999999999994866,1.6470588235285664,-0.5882352941189312,1.0,0.5882352941176898,1.4999999999994866,0.9117647058817968,-33.48821543101548,-32.28089835784264
B_Break_Retest,break_retest_B,344,UP,2026-02-20 12:05:00,2026-02-20 12:06:00,168794,1.17818,2.271428571428702,1.177952857142857,1.1785207142857144,2026-02-20 12:09:00,1.177952857142857,SL,3,-1.0000000000004887,1.3207547169809108,-2.069182389936858,1.0,0.4402515723270187,-1.0000000000004887,-1.4402515723275076,-34.928467003342995,-33.72114993017015
B_Break_Retest,break_retest_B,350,UP,2026-02-24 17:34:00,2026-02-24 17:35:00,171988,1.17743,0.7214285714282223,1.1773578571428571,1.1775382142857145,2026-02-24 17:37:00,1.1775382142857145,TP,2,1.5000000000006597,3.326732673269186,-0.9702970297036408,1.0,1.386138613862057,1.5000000000006597,0.11386138613860264,-34.81460561720439,-33.60728854403155
B_Break_Retest,break_retest_B,352,UP,2026-02-25 07:00:00,2026-02-25 07:01:00,172792,1.17761,1.3285714285715675,1.1774771428571429,1.1778092857142857,2026-02-25 07:05:00,1.1778092857142857,TP,4,1.499999999999165,1.8817204301062875,-0.9784946236555369,1.0,0.752688172042932,1.499999999999165,0.7473118279562329,-34.067293789248154,-32.85997671607531
B_Break_Retest,break_retest_B,354,UP,2026-02-26 13:28:00,2026-02-26 13:29:00,174618,1.1779,1.1928571428570274,1.1777807142857142,1.1780789285714286,2026-02-26 13:30:00,1.1777807142857142,SL,1,-1.0000000000005318,0.4191616766476317,-1.5089820359270063,1.0,0.8383233532934943,-1.0000000000005318,-1.838323353294026,-35.905617142542184,-34.69830006936934
B_Break_Retest,break_retest_B,363,DOWN,2026-03-05 04:32:00,2026-03-05 04:33:00,181273,1.16235,4.492857142857552,1.1627992857142857,1.1616760714285714,2026-03-05 04:39:00,1.1616760714285714,TP,6,1.499999999999841,1.7138314785370652,-0.2448330683625791,1.0,0.22257551669314346,1.499999999999841,1.2774244833066977,-34.62819265923549,-33.42087558606264
B_Break_Retest,break_retest_B,365,DOWN,2026-03-06 00:04:00,2026-03-06 00:05:00,182437,1.16127,0.9499999999998796,1.161365,1.1611275,2026-03-06 00:05:00,1.161365,SL,0,-0.999999999999666,0.631578947367964,-1.57894736841991,1.0,1.0526315789475018,-0.999999999999666,-2.052631578947168,-36.68082423818265,-35.473507165009806
B_Break_Retest,break_retest_B,371,DOWN,2026-03-10 13:07:00,2026-03-10 13:08:00,186160,1.16402,2.1357142857149545,1.1642335714285716,1.163699642857143,2026-03-10 13:13:00,1.1642335714285716,SL_AND_TP_SAME_BAR_SL_FIRST,5,-1.0000000000004456,2.2006688963202428,-1.3578595317716886,1.0,0.46822742474901724,-1.0000000000004456,-1.4682274247494629,-38.149051662932116,-36.94173458975927
B_Break_Retest,break_retest_B,373,DOWN,2026-03-11 02:46:00,2026-03-11 02:47:00,186974,1.162,2.649999999999597,1.162265,1.1616025,2026-03-11 02:55:00,1.1616025,TP,8,1.500000000000419,1.6603773584908033,-0.9433962264155528,1.0,0.3773584905660951,1.500000000000419,1.1226415094343238,-37.02641015349779,-35.81909308032495
B_Break_Retest,break_retest_B,375,DOWN,2026-03-12 07:10:00,2026-03-12 07:11:00,188675,1.15454,2.042857142857045,1.1547442857142856,1.1542335714285714,2026-03-12 07:12:00,1.1547442857142856,SL,1,-0.9999999999997669,0.0,-1.321678321678348,1.0,0.48951048951051296,-0.9999999999997669,-1.4895104895102798,-38.51592064300807,-37.30860356983523
B_Break_Retest,break_retest_B,377,DOWN,2026-03-12 20:35:00,2026-03-12 20:36:00,189479,1.15237,1.1142857142861942,1.1524814285714284,1.1522028571428569,2026-03-12 20:36:00,1.1522028571428569,TP,0,1.5000000000009253,1.8846153846129703,0.0,1.0,0.897435897435511,1.5000000000009253,0.6025641025654143,-37.913356540442656,-36.70603946726981
B_Break_Retest,break_retest_B,379,DOWN,2026-03-13 09:19:00,2026-03-13 09:20:00,190243,1.14713,2.635714285714741,1.1473935714285717,1.1467346428571428,2026-03-13 09:20:00,1.1473935714285717,SL,0,-1.0,0.0,-2.0108401084004317,1.0,0.3794037940378749,-1.0,-1.379403794037875,-39.29276033448053,-38.08544326130769
B_Break_Retest,break_retest_B,389,DOWN,2026-03-18 07:16:00,2026-03-18 07:17:00,194432,1.15306,3.4571428571423493,1.153405714285714,1.1525414285714286,2026-03-18 07:25:00,1.1525414285714286,TP,8,1.500000000000046,1.82231404958678,-0.8966942148762587,1.0,0.28925619834714994,1.500000000000046,1.210743801652896,-38.08201653282764,-36.87469945965479
B_Break_Retest,break_retest_B,391,DOWN,2026-03-18 21:48:00,2026-03-18 21:49:00,195304,1.14867,1.514285714285484,1.1488214285714289,1.148442857142857,2026-03-18 21:51:00,1.148442857142857,TP,2,1.499999999999581,2.179245283020278,-0.6603773584905936,1.0,0.6603773584906665,1.499999999999581,0.8396226415089145,-37.24239389131872,-36.035076818145875
B_Break_Retest,break_retest_B,395,DOWN,2026-03-20 03:46:00,2026-03-20 03:47:00,197101,1.1571,1.9928571428570343,1.1572992857142856,1.1568010714285717,2026-03-20 03:51:00,1.1568010714285717,TP,4,1.4999999999999605,1.5053763440859376,-0.1003584229386168,1.0,0.5017921146953679,1.4999999999999605,0.9982078853045926,-36.24418600601413,-35.03686893284129
B_Break_Retest,break_retest_B,397,DOWN,2026-03-22 18:41:00,2026-03-22 18:42:00,197992,1.156,1.2142857142860564,1.1561214285714283,1.155817857142857,2026-03-22 18:42:00,1.1561214285714283,SL,0,-1.0,0.0,-1.1529411764705022,1.0,0.8235294117644739,-1.0,-1.8235294117644738,-38.0677154177786,-36.860398344605755
B_Break_Retest,break_retest_B,401,DOWN,2026-03-24 03:26:00,2026-03-24 03:27:00,199956,1.15919,2.82857142857172,1.1594728571428572,1.1587657142857142,2026-03-24 03:30:00,1.1594728571428572,SL,3,-1.0000000000002802,0.3535353535352781,-1.237373737373866,1.0,0.3535353535353171,-1.0000000000002802,-1.3535353535355974,-39.4212507713142,-38.21393369814135
B_Break_Retest,break_retest_B,403,DOWN,2026-03-24 10:53:00,2026-03-24 10:54:00,200403,1.15816,1.985714285713972,1.1583585714285716,1.157862142857143,2026-03-24 10:55:00,1.157862142857143,TP,1,1.5000000000001597,1.8633093525181863,-0.0503597122294354,1.0,0.5035971223022379,1.5000000000001597,0.9964028776979218,-38.42484789361628,-37.217530820443436
B_Break_Retest,break_retest_B,407,DOWN,2026-03-25 03:59:00,2026-03-25 04:00:00,201428,1.16026,2.235714285714024,1.1604835714285715,1.159924642857143,2026-03-25 04:01:00,1.1604835714285715,SL,1,-1.0000000000001417,0.7603833865815741,-2.32587859424882,1.0,0.44728434504797565,-1.0000000000001417,-1.4472843450481174,-39.8721322386644,-38.664815165491554
B_Break_Retest,break_retest_B,409,DOWN,2026-03-26 00:19:00,2026-03-26 00:20:00,202645,1.15668,0.8071428571429109,1.156760714285714,1.1565589285714284,2026-03-26 00:25:00,1.1565589285714284,TP,5,1.5000000000012774,3.09734513274144,-0.7433628318604765,1.0,1.2389380530972627,1.5000000000012774,0.26106194690401474,-39.611070291760385,-38.40375321858754
B_Break_Retest,break_retest_B,413,DOWN,2026-03-27 10:59:00,2026-03-27 11:00:00,204724,1.15193,3.107142857142436,1.152240714285714,1.1514639285714283,2026-03-27 11:02:00,1.152240714285714,SL,2,-0.9999999999997444,0.096551724137862,-1.7379310344836605,1.0,0.32183908045981374,-0.9999999999997444,-1.3218390804595581,-40.93290937221994,-39.72559229904709
B_Break_Retest,break_retest_B,415,DOWN,2026-03-30 00:56:00,2026-03-30 00:57:00,205427,1.15143,0.842857142857272,1.1515142857142855,1.151303571428571,2026-03-30 01:00:00,1.151303571428571,TP,3,1.5000000000005649,2.13559322033684,-0.4745762711868426,1.0,1.18644067796592,1.5000000000005649,0.31355932203464487,-40.6193500501853,-39.41203297701245
B_Break_Retest,break_retest_B,417,DOWN,2026-03-30 17:31:00,2026-03-30 17:32:00,206422,1.14567,1.035714285713775,1.1457735714285713,1.145514642857143,2026-03-30 17:34:00,1.1457735714285713,SL,2,-0.9999999999993876,0.0,-2.317241379311661,1.0,0.9655172413797863,-0.9999999999993876,-1.965517241379174,-42.58486729156447,-41.377550218391626
B_Break_Retest,break_retest_B,423,DOWN,2026-04-01 21:35:00,2026-04-01 21:36:00,209537,1.15507,5.542857142856976,1.1556242857142858,1.1542385714285714,2026-04-01 21:36:00,1.1556242857142858,SL,0,-1.0000000000000573,0.0,-1.335051546391726,1.0,0.18041237113402606,-1.0000000000000573,-1.1804123711340833,-43.76527966269855,-42.55796258952571
B_Break_Retest,break_retest_B,429,DOWN,2026-04-03 07:22:00,2026-04-03 07:23:00,211542,1.15439,0.6500000000001346,1.154455,1.1542925,2026-04-03 07:25:00,1.1542925,TP,2,1.500000000000976,1.69230769230818,-0.1538461538471298,1.0,1.53846153846122,1.500000000000976,-0.038461538460243805,-43.80374120115879,-42.59642412798595
B_Break_Retest,break_retest_B,431,DOWN,2026-04-03 16:42:00,2026-04-03 16:43:00,212093,1.15149,1.6714285714285777,1.1516571428571427,1.1512392857142857,2026-04-03 16:44:00,1.1512392857142857,TP,1,1.4999999999995728,2.1538461538456426,-0.0598290598294515,1.0,0.598290598290596,1.4999999999995728,0.9017094017089767,-42.902031799449816,-41.69471472627697
B_Break_Retest,break_retest_B,433,DOWN,2026-04-06 10:57:00,2026-04-06 10:58:00,213173,1.15447,3.2571428571426253,1.1547957142857144,1.1539814285714287,2026-04-06 11:01:00,1.1539814285714287,TP,3,1.5,1.5043859649126994,-0.3070175438596371,1.0,0.30701754385967095,1.5,1.192982456140329,-41.70904934330949,-40.50173227013664
B_Break_Retest,break_retest_B,437,DOWN,2026-04-09 14:08:00,2026-04-09 14:09:00,217676,1.17084,1.9071428571428213,1.1710307142857144,1.1705539285714286,2026-04-09 14:12:00,1.1705539285714286,TP,3,1.5000000000004576,1.8876404494389611,-0.2621722846435886,1.0,0.5243445692883993,1.5000000000004576,0.9756554307120583,-40.73339391259743,-39.52607683942458
B_Break_Retest,break_retest_B,441,DOWN,2026-04-13 02:41:00,2026-04-13 02:42:00,219865,1.16819,1.6500000000000243,1.168355,1.1679425,2026-04-13 02:42:00,1.1679425,TP,0,1.4999999999997118,1.6363636363635663,-0.3030303030295923,1.0,0.6060606060605971,1.4999999999997118,0.8939393939391147,-39.839454518658314,-38.63213744548547
B_Break_Retest,break_retest_B,445,DOWN,2026-04-15 02:44:00,2026-04-15 02:45:00,222742,1.17866,1.657142857143087,1.1788257142857144,1.1784114285714289,2026-04-15 02:59:00,1.1784114285714289,TP,14,1.4999999999994735,1.7500000000005025,-0.4224137931034771,1.0,0.6034482758619852,1.4999999999994735,0.8965517241374883,-38.942902794520826,-37.73558572134798
B_Break_Retest,break_retest_B,447,DOWN,2026-04-15 23:36:00,2026-04-15 23:37:00,223974,1.1814,0.9357142857148646,1.1814935714285717,1.181259642857143,2026-04-15 23:42:00,1.181259642857143,TP,5,1.5000000000009324,2.030534351142846,0.0,1.0,1.0687022900756746,1.5000000000009324,0.43129770992525773,-38.51160508459557,-37.30428801142273
B_Break_Retest,break_retest_B,451,DOWN,2026-04-20 19:45:00,2026-04-20 19:46:00,228052,1.17846,0.6642857142859424,1.1785264285714288,1.1783603571428571,2026-04-20 19:55:00,1.1783603571428571,TP,9,1.5000000000004776,1.655913978494875,-0.3010752688157307,1.0,1.5053763440855046,1.5000000000004776,-0.005376344085026963,-38.516981428680594,-37.30966435550775
B_Break_Retest,break_retest_B,453,DOWN,2026-04-21 11:33:00,2026-04-21 11:34:00,229000,1.17466,1.9071428571423457,1.1748507142857143,1.1743739285714287,2026-04-21 11:36:00,1.1743739285714287,TP,2,1.4999999999996674,2.88389513108718,-0.6292134831457011,1.0,0.5243445692885301,1.4999999999996674,0.9756554307111373,-37.54132599796946,-36.33400892479661
B_Break_Retest,break_retest_B,455,DOWN,2026-04-22 01:59:00,2026-04-22 02:00:00,229863,1.1751,1.1214285714284635,1.175212142857143,1.1749317857142858,2026-04-22 02:00:00,1.175212142857143,SL,0,-1.0000000000004243,1.070063694268689,-1.070063694266709,1.0,0.8917197452230158,-1.0000000000004243,-1.89171974522344,-39.4330457431929,-38.225728670020054
B_Break_Retest,break_retest_B,457,DOWN,2026-04-22 21:14:00,2026-04-22 21:15:00,231008,1.17094,1.0928571428571652,1.1710492857142858,1.1707760714285715,2026-04-22 21:22:00,1.1707760714285715,TP,7,1.4999999999997824,1.5555555555555556,-0.2745098039213296,1.0,0.9150326797385434,1.4999999999997824,0.584967320261239,-38.848078422931664,-37.64076134975882
B_Break_Retest,break_retest_B,461,DOWN,2026-04-23 22:50:00,2026-04-23 22:51:00,232539,1.16786,0.6857142857146543,1.1679285714285714,1.1677571428571427,2026-04-23 22:54:00,1.1679285714285714,SL,3,-1.0000000000009253,0.1458333333309721,-1.1666666666672063,1.0,1.4583333333325494,-1.0000000000009253,-2.4583333333334747,-41.306411756265135,-40.09909468309229
B_Break_Retest,break_retest_B,465,DOWN,2026-04-27 08:59:00,2026-04-27 09:00:00,234585,1.17445,1.6785714285711644,1.1746178571428572,1.1741982142857144,2026-04-27 09:02:00,1.1746178571428572,SL,2,-1.000000000000283,0.7744680851062873,-1.4893617021283911,1.0,0.5957446808511576,-1.000000000000283,-1.5957446808514408,-42.902156437116574,-41.69483936394373
B_Break_Retest,break_retest_B,467,DOWN,2026-04-27 20:59:00,2026-04-27 21:00:00,235301,1.17186,0.9928571428574616,1.1719592857142858,1.1717110714285712,2026-04-27 21:00:00,1.1717110714285712,TP,0,1.500000000000559,2.3165467625887053,0.0,1.0,1.0071942446039932,1.500000000000559,0.4928057553965659,-42.409350681720014,-41.20203360854717
B_Break_Retest,break_retest_B,469,DOWN,2026-04-28 21:05:00,2026-04-28 21:06:00,236732,1.17095,1.3285714285712504,1.171082857142857,1.1707507142857143,2026-04-28 21:07:00,1.1707507142857143,TP,1,1.4999999999995224,1.7311827956987988,-0.37634408602235,1.0,0.7526881720431117,1.4999999999995224,0.7473118279564107,-41.6620388537636,-40.45472178059075
B_Break_Retest,break_retest_B,471,DOWN,2026-04-29 07:47:00,2026-04-29 07:48:00,237373,1.17036,1.357142857142866,1.1704957142857144,1.1701564285714283,2026-04-29 07:56:00,1.1701564285714283,TP,8,1.5000000000007012,2.6526315789483674,-0.4421052631575158,1.0,0.7368421052631531,1.5000000000007012,0.7631578947375481,-40.89888095902605,-39.691563885853206
B_Break_Retest,break_retest_B,473,DOWN,2026-04-29 20:34:00,2026-04-29 20:35:00,238135,1.16854,1.035714285714251,1.1686435714285714,1.1683846428571427,2026-04-29 20:36:00,1.1683846428571427,TP,1,1.500000000000536,1.6413793103449164,-0.0965517241385668,1.0,0.9655172413793428,1.500000000000536,0.5344827586211932,-40.36439820040486,-39.15708112723201
B_Break_Retest,break_retest_B,480,UP,2026-05-05 01:27:00,2026-05-05 01:28:00,242731,1.16811,0.8285714285713055,1.168027142857143,1.1682342857142858,2026-05-05 01:29:00,1.168027142857143,SL,1,-0.999999999999043,0.1206896551732223,-1.9310344827581587,1.0,1.206896551724317,-0.999999999999043,-2.20689655172336,-42.57129475212822,-41.36397767895537
B_Break_Retest,break_retest_B,482,UP,2026-05-05 17:49:00,2026-05-05 17:50:00,243695,1.16928,0.2785714285715089,1.169252142857143,1.169321785714286,2026-05-05 18:00:00,1.169321785714286,TP,8,1.5000000000031315,4.6666666666640095,-0.3589743589766072,1.0,3.5897435897425547,1.5000000000031315,-2.089743589739423,-44.661038341867645,-43.4537212686948
B_Break_Retest,break_retest_B,486,UP,2026-05-07 04:26:00,2026-05-07 04:27:00,245758,1.17682,2.1142857142860843,1.1766085714285714,1.1771371428571429,2026-05-07 04:30:00,1.1771371428571429,TP,3,1.4999999999999625,1.749999999999606,-0.0945945945941475,1.0,0.4729729729728902,1.4999999999999625,1.0270270270270723,-43.63401131484057,-42.426694241667725
B_Break_Retest,break_retest_B,488,UP,2026-05-07 18:17:00,2026-05-07 18:18:00,246588,1.17286,1.428571428571747,1.1727171428571428,1.1730742857142855,2026-05-07 18:21:00,1.1730742857142855,TP,3,1.4999999999997222,2.0999999999993,-0.6299999999993238,1.0,0.699999999999844,1.4999999999997222,0.7999999999998783,-42.834011314840694,-41.62669424166785
B_Break_Retest,break_retest_B,502,UP,2026-05-17 21:33:00,2026-05-17 21:34:00,255209,1.16147,1.4071428571431936,1.1613292857142856,1.1616810714285717,2026-05-17 21:38:00,1.1613292857142856,SL,4,-1.000000000000451,1.2791878172590676,-1.065989847716153,1.0,0.7106598984769874,-1.000000000000451,-1.7106598984774384,-44.54467121331813,-43.33735414014529
B_Break_Retest,break_retest_B,504,UP,2026-05-18 15:40:00,2026-05-18 15:41:00,256296,1.16514,1.335714285714313,1.1650064285714286,1.165340357142857,2026-05-18 15:48:00,1.165340357142857,TP,7,1.4999999999992282,2.171122994651624,-0.2994652406420046,1.0,0.7486631016042629,1.4999999999992282,0.7513368983949653,-43.793334314923165,-42.58601724175032
B_Break_Retest,break_retest_B,514,UP,2026-05-22 11:07:00,2026-05-22 11:08:00,261633,1.16045,2.1499999999998107,1.160235,1.1607725,2026-05-22 11:08:00,1.160235,SL,0,-1.0000000000004423,0.0465116279072855,-1.7674418604654902,1.0,0.4651162790698084,-1.0000000000004423,-1.4651162790702508,-45.258450593993416,-44.05113352082057
B_Break_Retest,break_retest_B,516,UP,2026-05-25 04:06:00,2026-05-25 04:07:00,262412,1.16366,1.2857142857144612,1.1635314285714284,1.163852857142857,2026-05-25 04:08:00,1.163852857142857,TP,1,1.4999999999995064,1.711111111111725,-0.233333333333103,1.0,0.7777777777776717,1.4999999999995064,0.7222222222218347,-44.53622837177158,-43.32891129859873
B_Break_Retest,break_retest_B,520,UP,2026-05-26 12:23:00,2026-05-26 12:24:00,264333,1.16276,1.3071428571428558,1.1626292857142857,1.1629560714285714,2026-05-26 12:25:00,1.1626292857142857,SL,1,-1.0000000000002427,0.1530054644801781,-1.071038251366343,1.0,0.7650273224043723,-1.0000000000002427,-1.765027322404615,-46.3012556941762,-45.09393862100335
B_Break_Retest,break_retest_B,522,UP,2026-05-27 08:25:00,2026-05-27 08:26:00,265527,1.16558,5.228571428571423,1.165057142857143,1.1663642857142855,2026-05-27 08:48:00,1.165057142857143,SL,22,-0.999999999999818,1.0710382513659182,-1.128415300546622,1.0,0.19125683060109308,-0.999999999999818,-1.191256830600911,-47.492512524777105,-46.28519545160426
B_Break_Retest,break_retest_B,524,UP,2026-05-28 00:44:00,2026-05-28 00:45:00,266501,1.15916,0.8357142857142095,1.1590764285714286,1.1592853571428572,2026-05-28 00:46:00,1.1590764285714286,SL,1,-0.9999999999998104,0.4786324786330009,-1.7948717948704325,1.0,1.1965811965813058,-0.9999999999998104,-2.196581196581116,-49.68909372135822,-48.481776648185374
B_Break_Retest,break_retest_B,530,UP,2026-06-01 11:04:00,2026-06-01 11:05:00,269984,1.16182,2.0928571428576896,1.1616107142857144,1.1621339285714287,2026-06-01 11:05:00,1.1616107142857144,SL,0,-0.999999999999621,0.2389078498287323,-1.1467576791806735,1.0,0.47781569965857823,-0.999999999999621,-1.4778156996581993,-51.16690942101642,-49.959592347843575
B_Break_Retest,break_retest_B,531,DOWN,2026-06-02 09:12:00,2026-06-02 09:13:00,271301,1.1649,1.5142857142861184,1.1650514285714286,1.164672857142857,2026-06-02 09:28:00,1.164672857142857,TP,15,1.500000000000419,1.518867924527583,-0.7264150943397887,1.0,0.6603773584903898,1.500000000000419,0.8396226415100292,-50.327286779506395,-49.11996970633355
B_Break_Retest,break_retest_B,537,DOWN,2026-06-05 05:45:00,2026-06-05 05:46:00,275396,1.16383,0.7857142857146749,1.1639085714285713,1.1637121428571426,2026-06-05 05:46:00,1.1639085714285713,SL,0,-0.9999999999987887,0.0,-1.018181818182332,1.0,1.2727272727266423,-0.9999999999987887,-2.2727272727254313,-52.60001405223183,-51.39269697905898
B_Break_Retest,break_retest_B,549,DOWN,2026-06-10 22:09:00,2026-06-10 22:10:00,280667,1.15519,0.885714285714537,1.1552785714285714,1.1550571428571428,2026-06-10 22:10:00,1.1552785714285714,SL,0,-0.9999999999998208,0.2258064516118115,-1.1290322580640717,1.0,1.1290322580641958,-0.9999999999998208,-2.129032258064017,-54.72904631029584,-53.521729237123
B_Break_Retest,break_retest_B,553,DOWN,2026-06-12 05:54:00,2026-06-12 05:55:00,282562,1.15835,1.5142857142856427,1.1585014285714286,1.1581228571428572,2026-06-12 05:55:00,1.1585014285714286,SL,0,-1.0000000000001048,0.0660377358494923,-1.2547169811315566,1.0,0.6603773584905972,-1.0000000000001048,-1.660377358490702,-56.38942366878654,-55.182106595613696
B_Break_Retest,break_retest_B,557,DOWN,2026-06-15 10:16:00,2026-06-15 10:17:00,284263,1.1613,1.557142857142749,1.1614557142857145,1.1610664285714285,2026-06-15 10:21:00,1.1610664285714285,TP,4,1.5000000000005602,1.7981651376151762,-0.6422018348623592,1.0,0.6422018348624299,1.5000000000005602,0.8577981651381303,-55.531625503648414,-54.32430843047557
B_Break_Retest,break_retest_B,559,DOWN,2026-06-15 21:33:00,2026-06-15 21:34:00,284933,1.15905,0.9357142857143887,1.1591435714285714,1.1589096428571428,2026-06-15 21:35:00,1.1589096428571428,TP,1,1.499999999999322,1.6030534351129642,-0.5343511450392368,1.0,1.0687022900762182,1.499999999999322,0.4312977099231039,-55.100327793725306,-53.89301072055246
B_Break_Retest,break_retest_B,565,DOWN,2026-06-18 03:08:00,2026-06-18 03:09:00,288138,1.15149,2.292857142856938,1.1517192857142855,1.1511460714285713,2026-06-18 03:17:00,1.1511460714285713,TP,8,1.500000000000346,1.6137071651090975,-0.2180685358260248,1.0,0.4361370716511293,1.500000000000346,1.0638629283492167,-54.03646486537609,-52.829147792203244
B_Break_Retest,break_retest_B,567,DOWN,2026-06-18 11:31:00,2026-06-18 11:32:00,288641,1.14763,1.528571428571292,1.147782857142857,1.1474007142857143,2026-06-18 11:36:00,1.147782857142857,SL,4,-0.9999999999995848,1.439252336447987,-1.2429906542065985,1.0,0.654205607476694,-0.9999999999995848,-1.6542056074762788,-55.69067047285237,-54.48335339967952
B_Break_Retest,break_retest_B,569,DOWN,2026-06-19 15:42:00,2026-06-19 15:43:00,290326,1.14752,0.4500000000002517,1.1475650000000002,1.1474525,2026-06-19 15:45:00,1.1475650000000002,SL,2,-1.0000000000010576,0.4444444444471075,-1.9999999999971807,1.0,2.2222222222209793,-1.0000000000010576,-3.2222222222220367,-58.912892695074405,-57.70557562190156
B_Break_Retest,break_retest_B,571,DOWN,2026-06-22 06:38:00,2026-06-22 06:39:00,291215,1.14555,1.2785714285713987,1.1456778571428572,1.1453582142857144,2026-06-22 06:40:00,1.1456778571428572,SL,1,-0.999999999999876,0.7821229050278651,-1.5642458100557302,1.0,0.7821229050279512,-0.999999999999876,-1.782122905027827,-60.69501560010224,-59.48769852692939
B_Break_Retest,break_retest_B,573,DOWN,2026-06-22 22:49:00,2026-06-22 22:50:00,292179,1.1428,0.5428571428567341,1.1428542857142858,1.1427185714285717,2026-06-22 22:52:00,1.1428542857142858,SL,2,-1.0000000000020453,0.3684210526342699,-1.1052631578946293,1.0,1.8421052631592816,-1.0000000000020453,-2.8421052631613266,-63.53712086326356,-62.329803790090715
B_Break_Retest,break_retest_B,575,DOWN,2026-06-23 03:47:00,2026-06-23 03:48:00,292477,1.14171,2.6214285714284573,1.1419721428571428,1.1413167857142856,2026-06-23 03:51:00,1.1413167857142856,TP,3,1.5000000000003932,2.0217983651223963,-0.1525885558584698,1.0,0.3814713896457932,1.5000000000003932,1.1185286103546002,-62.41859225290896,-61.21127517973611
B_Break_Retest,break_retest_B,587,DOWN,2026-06-28 22:59:00,2026-06-28 23:00:00,297910,1.13875,0.5357142857141474,1.1388035714285714,1.1386696428571428,2026-06-28 23:00:00,1.1388035714285714,SL,0,-1.0000000000002962,0.0,-1.4933333333352123,1.0,1.8666666666671488,-1.0000000000002962,-2.866666666667445,-65.2852589195764,-64.07794184640356
B_Break_Retest,break_retest_B,591,DOWN,2026-06-30 11:22:00,2026-06-30 11:23:00,300087,1.14228,1.9357142857142784,1.1424735714285714,1.1419896428571428,2026-06-30 11:26:00,1.1424735714285714,SL,3,-1.000000000000164,0.1033210332098622,-1.0848708487087158,1.0,0.5166051660516625,-1.000000000000164,-1.5166051660518267,-66.80186408562824,-65.5945470124554
B_Break_Retest,break_retest_B,593,DOWN,2026-07-01 10:28:00,2026-07-01 10:29:00,301469,1.13905,2.485714285714076,1.1392985714285713,1.1386771428571427,2026-07-01 10:32:00,1.1392985714285713,SL,3,-0.9999999999998722,0.0,-1.528735632184226,1.0,0.40229885057474657,-0.9999999999998722,-1.4022988505746188,-68.20416293620285,-66.99684586303
B_Break_Retest,break_retest_B,600,UP,2026-07-06 11:42:00,2026-07-06 11:43:00,305833,1.14212,1.2857142857139854,1.1419914285714283,1.1423128571428571,2026-07-06 11:44:00,1.1423128571428571,TP,1,1.5000000000000615,1.944444444445548,-0.0777777777783054,1.0,0.7777777777779594,1.5000000000000615,0.7222222222221021,-67.48194071398075,-66.2746236408079
B_Break_Retest,break_retest_B,606,UP,2026-07-08 12:10:00,2026-07-08 12:11:00,308721,1.13987,1.5357142857140371,1.1397164285714283,1.140100357142857,2026-07-08 12:12:00,1.1397164285714283,SL,1,-1.0000000000001033,0.4558139534885402,-1.0418604651160437,1.0,0.6511627906977798,-1.0000000000001033,-1.651162790697883,-69.13310350467863,-67.92578643150578
B_Break_Retest,break_retest_B,616,UP,2026-07-14 03:24:00,2026-07-14 03:25:00,313927,1.13909,1.3928571428567516,1.1389507142857145,1.1392989285714283,2026-07-14 03:25:00,1.1392989285714283,TP,0,1.4999999999992029,1.5076923076930435,0.0,1.0,0.7179487179489197,1.4999999999992029,0.7820512820502832,-68.35105222262835,-67.14373514945551
B_Break_Retest,break_retest_B,618,UP,2026-07-14 17:28:00,2026-07-14 17:29:00,314769,1.14209,0.6285714285714228,1.142027142857143,1.142184285714286,2026-07-14 17:30:00,1.142027142857143,SL,1,-1.0,0.0,-2.068181818181256,1.0,1.5909090909091055,-1.0,-2.5909090909091055,-70.94196131353746,-69.73464424036462
B_Break_Retest,break_retest_B,620,UP,2026-07-15 08:36:00,2026-07-15 08:37:00,315671,1.14199,2.471428571428585,1.1417428571428572,1.1423607142857144,2026-07-15 08:42:00,1.1423607142857144,TP,5,1.5000000000001923,1.739884393063293,-0.526011560693491,1.0,0.4046242774566452,1.5000000000001923,1.095375722543547,-69.84658559099391,-68.63926851782107
B_Break_Retest,break_retest_B,636,UP,2026-07-22 18:05:00,2026-07-22 18:06:00,323385,1.14084,0.5428571428575272,1.1407857142857143,1.1409214285714286,2026-07-22 18:09:00,1.1407857142857143,SL,3,-1.0000000000005842,1.1052631578930143,-1.2894736842098804,1.0,1.8421052631565906,-1.0000000000005842,-2.842105263157175,-72.68869085415108,-71.48137378097823
B_Break_Retest,break_retest_B,640,UP,2026-07-24 02:29:00,2026-07-24 02:30:00,325317,1.13853,1.0500000000002174,1.138425,1.1386875,2026-07-24 02:32:00,1.138425,SL,2,-1.0,0.5714285714279672,-1.7142857142860164,1.0,0.9523809523807552,-1.0,-1.9523809523807552,-74.64107180653184,-73.433754733359
B_Break_Retest,break_retest_B,648,UP,2026-07-28 19:49:00,2026-07-28 19:50:00,329229,1.13857,0.5499999999997967,1.1385150000000002,1.1386525,2026-07-28 19:51:00,1.1385150000000002,SL,1,-0.9999999999988466,0.3636363636348431,-1.0909090909126038,1.0,1.8181818181824905,-0.9999999999988466,-2.818181818181337,-77.45925362471317,-76.25193655154033
B_Break_Retest,break_retest_B,652,UP,2026-07-30 04:09:00,2026-07-30 04:10:00,331166,1.14438,1.735714285714396,1.1442064285714286,1.1446403571428572,2026-07-30 04:13:00,1.1446403571428572,TP,3,1.5000000000003195,2.074074074074737,0.0,1.0,0.5761316872427618,1.5000000000003195,0.9238683127575578,-76.53538531195562,-75.32806823878278
B_Break_Retest,break_retest_B,656,UP,2026-07-31 10:16:00,2026-07-31 10:17:00,332971,1.14757,2.8642857142854465,1.1472835714285714,1.1479996428571428,2026-07-31 10:19:00,1.1472835714285714,SL,2,-1.0000000000001108,0.802992518703151,-1.152119700748033,1.0,0.34912718204492044,-1.0000000000001108,-1.3491271820450312,-77.88451249400065,-76.6771954208278
B_Break_Retest,break_retest_B,657,DOWN,2026-08-02 19:05:00,2026-08-02 19:06:00,333499,1.15454,1.500000000000152,1.15469,1.154315,2026-08-02 19:11:00,1.154315,TP,5,1.4999999999993123,1.533333333332861,-0.6666666666680059,1.0,0.666666666666599,1.4999999999993123,0.8333333333327133,-77.05117916066793,-75.84386208749508
B_Break_Retest,break_retest_B,667,DOWN,2026-08-05 15:08:00,2026-08-05 15:09:00,337571,1.15526,1.0071428571426353,1.1553607142857143,1.1551089285714289,2026-08-05 15:10:00,1.1551089285714289,TP,1,1.4999999999989762,1.8865248226945817,-0.0992907801425163,1.0,0.9929078014186584,1.4999999999989762,0.5070921985803177,-76.54408696208762,-75.33676988891477
B_Break_Retest,break_retest_B,671,DOWN,2026-08-10 04:52:00,2026-08-10 04:53:00,341256,1.15614,0.8142857142859735,1.1562214285714283,1.156017857142857,2026-08-10 05:00:00,1.156017857142857,TP,7,1.500000000000779,2.5789473684207653,-0.4912280701757734,1.0,1.2280701754382055,1.500000000000779,0.2719298245625734,-76.27215713752504,-75.0648400643522
B_Break_Retest,break_retest_B,673,DOWN,2026-08-10 22:02:00,2026-08-10 22:03:00,342281,1.15454,0.6285714285711055,1.154602857142857,1.1544457142857143,2026-08-10 22:06:00,1.154602857142857,SL,3,-1.0000000000005047,0.7954545454531003,-1.2727272727291996,1.0,1.5909090909099086,-1.0000000000005047,-2.5909090909104133,-78.86306622843546,-77.65574915526261
B_Break_Retest,break_retest_B,679,DOWN,2026-08-12 20:55:00,2026-08-12 20:56:00,345070,1.15272,0.5928571428573789,1.1527792857142858,1.1526310714285717,2026-08-12 20:58:00,1.1527792857142858,SL,2,-1.0000000000013376,1.1807228915660395,-2.361445783132079,1.0,1.6867469879511356,-1.0000000000013376,-2.686746987952473,-81.54981321638793,-80.34249614321509
B_Break_Retest,break_retest_B,687,DOWN,2026-08-17 21:56:00,2026-08-17 21:57:00,349420,1.15801,0.8071428571427524,1.1580907142857142,1.1578889285714289,2026-08-17 21:59:00,1.1578889285714289,TP,2,1.499999999998821,1.8584070796474297,-0.2477876106183735,1.0,1.238938053097506,1.499999999998821,0.2610619469013149,-81.28875126948661,-80.08143419631377
B_Break_Retest,break_retest_B,691,DOWN,2026-08-18 20:47:00,2026-08-18 20:48:00,350787,1.15749,0.7428571428570927,1.1575642857142856,1.1573785714285714,2026-08-18 20:50:00,1.1575642857142856,SL,2,-0.9999999999997864,1.0769230769212377,-1.6153846153863398,1.0,1.346153846153937,-0.9999999999997864,-2.3461538461537232,-83.63490511564034,-82.42758804246749
B_Break_Retest,break_retest_B,701,DOWN,2026-08-23 21:19:00,2026-08-23 21:20:00,355110,1.16799,1.092857142856848,1.1680992857142858,1.1678260714285715,2026-08-23 21:26:00,1.1678260714285715,TP,6,1.5000000000002174,1.7385620915049675,-0.1830065359469289,1.0,0.9150326797388089,1.5000000000002174,0.5849673202614085,-83.04993779537892,-81.84262072220608
B_Break_Retest,break_retest_B,703,DOWN,2026-08-24 21:03:00,2026-08-24 21:04:00,356520,1.1667,0.985714285714082,1.1667985714285716,1.166552142857143,2026-08-24 21:06:00,1.1667985714285716,SL,2,-1.0000000000009652,0.6086956521757738,-1.0144927536232862,1.0,1.014492753623398,-1.0000000000009652,-2.0144927536243635,-85.06443054900329,-83.85711347583045
B_Break_Retest,break_retest_B,707,DOWN,2026-08-26 05:00:00,2026-08-26 05:01:00,358432,1.16703,1.0785714285716743,1.1671378571428572,1.1668682142857143,2026-08-26 05:01:00,1.1668682142857143,TP,0,1.4999999999996323,1.6688741721856897,-0.2781456953639385,1.0,0.9271523178805835,1.4999999999996323,0.5728476821190488,-84.49158286688424,-83.2842657937114
B_Break_Retest,break_retest_B,713,DOWN,2026-08-27 04:32:00,2026-08-27 04:33:00,359838,1.16498,1.0285714285715055,1.165082857142857,1.164825714285714,2026-08-27 04:33:00,1.165082857142857,SL,0,-1.0000000000003084,0.0,-1.166666666667746,1.0,0.9722222222221495,-1.0000000000003084,-1.972222222222458,-86.4638050891067,-85.25648801593385
B_Break_Retest,break_retest_B,717,DOWN,2026-08-28 11:34:00,2026-08-28 11:35:00,361692,1.16027,1.9428571428571824,1.1604642857142855,1.1599785714285713,2026-08-28 11:39:00,1.1599785714285713,TP,4,1.5000000000001634,2.0073529411758657,-0.8750000000000001,1.0,0.5147058823529307,1.5000000000001634,0.9852941176472327,-85.47851097145947,-84.27119389828663
B_Break_Retest,break_retest_B,723,DOWN,2026-08-31 20:59:00,2026-08-31 21:00:00,363690,1.16181,0.9499999999995624,1.161905,1.1616675,2026-08-31 21:05:00,1.1616675,TP,5,1.4999999999999998,3.052631578947737,-0.7368421052636499,1.0,1.0526315789478533,1.4999999999999998,0.44736842105214647,-85.03114255040732,-83.82382547723448
B_Break_Retest,break_retest_B,725,DOWN,2026-09-01 10:58:00,2026-09-01 10:59:00,364527,1.15961,1.5714285714283984,1.1597671428571428,1.1593742857142857,2026-09-01 11:00:00,1.1597671428571428,SL,1,-0.9999999999993944,0.4454545454546867,-1.5272727272730098,1.0,0.6363636363637064,-0.9999999999993944,-1.6363636363631007,-86.66750618677042,-85.46018911359758
B_Break_Retest,break_retest_B,727,DOWN,2026-09-01 18:48:00,2026-09-01 18:49:00,364993,1.15925,0.2285714285710227,1.159272857142857,1.1592157142857142,2026-09-01 18:52:00,1.159272857142857,SL,3,-1.0000000000000002,0.4374999999939285,-2.625000000012144,1.0,4.375000000007769,-1.0000000000000002,-5.375000000007769,-92.0425061867782,-90.83518911360535
C_Fibonacci_Rejection,fib_rejection_C,14,UP,2025-09-15 03:08:00,2025-09-15 03:09:00,7362,1.17332,2.085714285714152,1.1731114285714286,1.1736328571428571,2025-09-15 03:15:00,1.1736328571428571,TP,6,1.5000000000004938,1.7260273972610465,-0.5273972602732032,1.0,0.4794520547945512,1.5000000000004938,1.0205479452059425,1.0205479452059425,0.0
C_Fibonacci_Rejection,fib_rejection_C,16,UP,2025-09-15 22:06:00,2025-09-15 22:07:00,8499,1.17711,1.164285714285253,1.1769935714285715,1.1772846428571428,2025-09-15 22:09:00,1.1769935714285715,SL,2,-1.0000000000004088,0.2576687116563247,-1.11656441717995,1.0,0.8588957055218127,-1.0000000000004088,-1.8588957055222215,-0.838347760316279,-1.8588957055222215
C_Fibonacci_Rejection,fib_rejection_C,24,UP,2025-09-22 06:20:00,2025-09-22 06:21:00,14736,1.17801,2.007142857143001,1.1778092857142857,1.1783110714285714,2025-09-22 06:24:00,1.1783110714285714,TP,3,1.4999999999996836,1.5943060498224375,-0.1494661921706807,1.0,0.49822064056935933,1.4999999999996836,1.0017793594303241,0.16343159911404515,-0.8571163460918974
C_Fibonacci_Rejection,fib_rejection_C,34,UP,2025-09-26 04:23:00,2025-09-26 04:24:00,20365,1.16808,1.5857142857145234,1.1679214285714286,1.1683178571428572,2025-09-26 04:26:00,1.1679214285714286,SL,2,-1.0,0.2522522522524667,-1.7657657657658667,1.0,0.630630630630536,-1.0,-1.630630630630536,-1.467199031516491,-2.487746976722433
C_Fibonacci_Rejection,fib_rejection_C,36,UP,2025-09-26 08:58:00,2025-09-26 08:59:00,20640,1.16819,3.000000000000145,1.16789,1.16864,2025-09-26 09:00:00,1.16864,TP,1,1.500000000000132,2.133333333333143,-0.2333333333333703,1.0,0.3333333333333172,1.500000000000132,1.1666666666668146,-0.30053236484967627,-1.3210803100556188
C_Fibonacci_Rejection,fib_rejection_C,38,UP,2025-09-29 08:42:00,2025-09-29 08:43:00,22047,1.17356,3.2857142857144,1.1732314285714285,1.174052857142857,2025-09-29 08:48:00,1.174052857142857,TP,5,1.4999999999997344,2.252173913043287,-0.8521739130429493,1.0,0.30434782608694594,1.4999999999997344,1.1956521739127886,0.8951198090631123,-0.12542813614283022
C_Fibonacci_Rejection,fib_rejection_C,42,UP,2025-09-30 12:50:00,2025-09-30 12:51:00,23723,1.17537,1.6071428571426007,1.1752092857142855,1.1756110714285717,2025-09-30 12:52:00,1.1756110714285717,TP,1,1.500000000000296,1.9288888888893985,0.0,1.0,0.6222222222223215,1.500000000000296,0.8777777777779745,1.7728975868410868,0.0
C_Fibonacci_Rejection,fib_rejection_C,50,UP,2025-10-03 02:36:00,2025-10-03 02:37:00,27414,1.17273,1.6857142857142269,1.1725614285714283,1.172982857142857,2025-10-03 02:38:00,1.1725614285714283,SL,1,-1.0000000000005644,0.0,-1.245762711864708,1.0,0.5932203389830716,-1.0000000000005644,-1.593220338983636,0.17967724785745087,-1.593220338983636
C_Fibonacci_Rejection,fib_rejection_C,60,UP,2025-10-08 22:37:00,2025-10-08 22:38:00,32918,1.16447,0.8571428571427627,1.1643842857142856,1.1645985714285714,2025-10-08 22:45:00,1.1645985714285714,TP,7,1.50000000000074,2.916666666667962,-0.6999999999994818,1.0,1.166666666666795,1.50000000000074,0.333333333333945,0.5130105811913959,-1.259887005649691
C_Fibonacci_Rejection,fib_rejection_C,64,UP,2025-10-10 03:05:00,2025-10-10 03:06:00,34615,1.15743,2.7000000000000832,1.15716,1.157835,2025-10-10 03:06:00,1.15716,SL,0,-0.9999999999999412,0.1851851851855702,-1.7407407407405775,1.0,0.37037037037035897,-0.9999999999999412,-1.3703703703703,-0.8573597891789042,-2.630257376019991
C_Fibonacci_Rejection,fib_rejection_C,68,UP,2025-10-13 00:37:00,2025-10-13 00:38:00,35906,1.16224,0.6999999999999863,1.16217,1.162345,2025-10-13 00:42:00,1.16217,SL,4,-1.0000000000002265,1.428571428571299,-4.571428571426888,1.0,1.4285714285714566,-1.0000000000002265,-2.428571428571683,-3.285931217750587,-5.058828804591673
C_Fibonacci_Rejection,fib_rejection_C,72,UP,2025-10-14 10:27:00,2025-10-14 10:28:00,37931,1.15843,2.357142857143073,1.1581942857142855,1.1587835714285717,2025-10-14 10:29:00,1.1581942857142855,SL,1,-1.0000000000001346,0.6787878787875534,-1.6969696969702963,1.0,0.4242424242423854,-1.0000000000001346,-1.42424242424252,-4.710173641993107,-6.483071228834193
C_Fibonacci_Rejection,fib_rejection_C,74,UP,2025-10-15 12:51:00,2025-10-15 12:52:00,39507,1.16391,1.6714285714285777,1.1637428571428572,1.1641607142857142,2025-10-15 12:52:00,1.1637428571428572,SL,0,-0.9999999999997152,0.4188034188035039,-1.2564102564105115,1.0,0.598290598290596,-0.9999999999997152,-1.5982905982903113,-6.308464240283419,-8.081361827124505
C_Fibonacci_Rejection,fib_rejection_C,76,UP,2025-10-16 10:19:00,2025-10-16 10:20:00,40791,1.16694,1.857142857142811,1.166754285714286,1.1672185714285714,2025-10-16 10:25:00,1.166754285714286,SL,5,-0.999999999999744,1.0230769230764771,-1.5076923076926574,1.0,0.5384615384615519,-0.999999999999744,-1.5384615384612959,-7.846925778744714,-9.6198233655858
C_Fibonacci_Rejection,fib_rejection_C,79,DOWN,2025-10-20 06:13:00,2025-10-20 06:14:00,43423,1.16552,1.59285714285711,1.1656792857142857,1.1652810714285713,2025-10-20 06:14:00,1.1656792857142857,SL,0,-1.0000000000005975,0.125560538116023,-1.5695067264579554,1.0,0.6278026905829726,-1.0000000000005975,-1.62780269058357,-9.474728469328284,-11.24762605616937
C_Fibonacci_Rejection,fib_rejection_C,81,DOWN,2025-10-20 22:09:00,2025-10-20 22:10:00,44368,1.1641,1.1857142857136476,1.164218571428571,1.163922142857143,2025-10-20 22:10:00,1.163922142857143,TP,0,1.4999999999996656,1.6867469879525292,0.0,1.0,0.8433734939763575,1.4999999999996656,0.6566265060233081,-8.818101963304976,-10.590999550146062
C_Fibonacci_Rejection,fib_rejection_C,83,DOWN,2025-10-22 03:16:00,2025-10-22 03:17:00,46112,1.16016,2.0357142857143,1.1603635714285716,1.159854642857143,2025-10-22 03:18:00,1.1603635714285716,SL,1,-1.0000000000004672,0.3438596491228758,-1.5719298245607831,1.0,0.4912280701754352,-1.0000000000004672,-1.4912280701759024,-10.30933003348088,-12.082227620321966
C_Fibonacci_Rejection,fib_rejection_C,87,DOWN,2025-10-23 05:56:00,2025-10-23 05:57:00,47701,1.15928,1.050000000000376,1.159385,1.1591225,2025-10-23 05:57:00,1.159385,SL,0,-0.999999999999849,0.0,-1.0476190476170768,1.0,0.9523809523806114,-0.999999999999849,-1.9523809523804605,-12.261710985861338,-14.034608572702425
C_Fibonacci_Rejection,fib_rejection_C,93,DOWN,2025-10-26 23:02:00,2025-10-26 23:03:00,50215,1.16259,0.7428571428570927,1.1626642857142857,1.1624785714285717,2025-10-26 23:05:00,1.1624785714285717,TP,2,1.4999999999996798,3.230769230769691,0.0,1.0,1.346153846153937,1.4999999999996798,0.15384615384574274,-12.107864832015597,-13.880762418856683
C_Fibonacci_Rejection,fib_rejection_C,97,DOWN,2025-10-28 23:30:00,2025-10-28 23:31:00,53116,1.16346,0.5714285714285084,1.1635171428571427,1.1633742857142857,2025-10-28 23:31:00,1.1635171428571427,SL,0,-0.9999999999983348,1.0499999999992229,-1.2250000000003889,1.0,1.750000000000193,-0.9999999999983348,-2.749999999998528,-14.857864832014124,-16.630762418855213
C_Fibonacci_Rejection,fib_rejection_C,105,DOWN,2025-10-31 07:13:00,2025-10-31 07:14:00,56453,1.15563,1.9000000000003927,1.15582,1.1553449999999998,2025-10-31 07:16:00,1.1553449999999998,TP,2,1.5000000000001672,1.684210526314788,-0.6842105263154556,1.0,0.5263157894735754,1.5000000000001672,0.9736842105265918,-13.884180621487532,-15.657078208328619
C_Fibonacci_Rejection,fib_rejection_C,114,UP,2025-11-05 03:09:00,2025-11-05 03:10:00,60456,1.14949,2.0857142857144684,1.1492814285714283,1.1498028571428571,2025-11-05 03:10:00,1.1492814285714283,SL,0,-1.0000000000005322,0.0479452054797619,-1.3424657534237534,1.0,0.47945205479447855,-1.0000000000005322,-1.4794520547950107,-15.363632676282544,-17.136530263123632
C_Fibonacci_Rejection,fib_rejection_C,116,UP,2025-11-05 15:06:00,2025-11-05 15:07:00,61173,1.14898,1.128571428571685,1.1488671428571426,1.1491492857142855,2025-11-05 15:09:00,1.1488671428571426,SL,2,-1.0000000000007023,0.5316455696216478,-1.0632911392393605,1.0,0.8860759493668873,-1.0000000000007023,-1.8860759493675896,-17.249708625650133,-19.02260621249122
C_Fibonacci_Rejection,fib_rejection_C,118,UP,2025-11-07 05:29:00,2025-11-07 05:30:00,63466,1.15477,1.207142857142518,1.1546492857142858,1.1549510714285716,2025-11-07 05:34:00,1.1546492857142858,SL,4,-1.0,0.8284023668640468,-1.1597633136100334,1.0,0.828402366864138,-1.0,-1.828402366864138,-19.078110992514272,-20.85100857935536
C_Fibonacci_Rejection,fib_rejection_C,128,UP,2025-11-13 02:31:00,2025-11-13 02:32:00,69022,1.15952,1.264285714285749,1.1593935714285717,1.159709642857143,2025-11-13 02:32:00,1.159709642857143,TP,0,1.499999999999875,2.372881355931877,0.0,1.0,0.7909604519773793,1.499999999999875,0.7090395480224957,-18.369071444491777,-20.141969031332863
C_Fibonacci_Rejection,fib_rejection_C,151,DOWN,2025-11-21 04:56:00,2025-11-21 04:57:00,77787,1.15296,1.7428571428574584,1.1531342857142857,1.1526985714285714,2025-11-21 04:58:00,1.1526985714285714,TP,1,1.5000000000000908,1.606557377049222,-0.2295081967214994,1.0,0.5737704918031749,1.5000000000000908,0.926229508196916,-17.442841936294858,-19.215739523135944
C_Fibonacci_Rejection,fib_rejection_C,159,DOWN,2025-11-24 23:46:00,2025-11-24 23:47:00,80345,1.15154,0.6142857142859321,1.1516014285714289,1.151447857142857,2025-11-24 23:57:00,1.151447857142857,TP,10,1.5000000000015492,1.627906976743429,-0.32558139534724,1.0,1.6279069767436087,1.5000000000015492,-0.12790697674205953,-17.57074891303692,-19.343646499878005
C_Fibonacci_Rejection,fib_rejection_C,160,UP,2025-11-25 02:30:00,2025-11-25 02:31:00,80509,1.1527,1.064285714285708,1.1525935714285716,1.152859642857143,2025-11-25 02:33:00,1.152859642857143,TP,2,1.500000000000149,1.5033557046974124,-0.1879194630884805,1.0,0.9395973154362471,1.500000000000149,0.5604026845639019,-17.01034622847302,-18.783243815314105
C_Fibonacci_Rejection,fib_rejection_C,162,UP,2025-11-26 10:05:00,2025-11-26 10:06:00,82401,1.15896,2.2499999999999902,1.158735,1.1592975,2025-11-26 10:09:00,1.158735,SL,3,-0.9999999999996474,0.9333333333335304,-1.1999999999999715,1.0,0.44444444444444636,-0.9999999999996474,-1.4444444444440938,-18.45479067291711,-20.227688259758196
C_Fibonacci_Rejection,fib_rejection_C,168,UP,2025-11-30 18:09:00,2025-11-30 18:10:00,85716,1.16042,1.6642857142855152,1.1602535714285716,1.1606696428571428,2025-11-30 18:14:00,1.1606696428571428,TP,4,1.4999999999998093,2.1630901287551185,-0.2403433476397541,1.0,0.6008583690987843,1.4999999999998093,0.899141630901025,-17.555649042016086,-19.328546628857172
C_Fibonacci_Rejection,fib_rejection_C,170,UP,2025-12-01 02:45:00,2025-12-01 02:46:00,86231,1.16117,1.3214285714286638,1.1610378571428572,1.1613682142857142,2025-12-01 02:55:00,1.1610378571428572,SL,6,-0.9999999999995198,0.8324324324327866,-2.4216216216221937,1.0,0.7567567567567038,-0.9999999999995198,-1.7567567567562237,-19.31240579877231,-21.085303385613397
C_Fibonacci_Rejection,fib_rejection_C,176,UP,2025-12-02 14:44:00,2025-12-02 14:45:00,88376,1.16165,0.6357142857143268,1.1615864285714286,1.161745357142857,2025-12-02 14:45:00,1.1615864285714286,SL,0,-1.000000000000998,0.0,-2.0449438202240127,1.0,1.573033707865067,-1.000000000000998,-2.573033707866065,-21.885439506638374,-23.65833709347946
C_Fibonacci_Rejection,fib_rejection_C,178,UP,2025-12-03 05:18:00,2025-12-03 05:19:00,89244,1.16579,1.3214285714283465,1.1656578571428573,1.1659882142857143,2025-12-03 05:22:00,1.1659882142857143,TP,3,1.49999999999964,2.8000000000003364,-0.4540540540554256,1.0,0.7567567567568856,1.49999999999964,0.7432432432427545,-21.14219626339562,-22.915093850236705
C_Fibonacci_Rejection,fib_rejection_C,188,UP,2025-12-09 04:22:00,2025-12-09 04:23:00,94933,1.16468,1.4714285714286948,1.164532857142857,1.1649007142857142,2025-12-09 04:25:00,1.164532857142857,SL,2,-1.0000000000002156,0.679611650485305,-1.35922330097061,1.0,0.67961165048538,-1.0000000000002156,-1.6796116504855956,-22.821807913881216,-24.594705500722302
C_Fibonacci_Rejection,fib_rejection_C,190,UP,2025-12-10 03:07:00,2025-12-10 03:08:00,96293,1.16487,2.7214285714281603,1.1645978571428572,1.1652782142857143,2025-12-10 03:12:00,1.1645978571428572,SL,4,-1.0000000000000584,0.1469816272959412,-1.3595800524935755,1.0,0.3674540682415253,-1.0000000000000584,-1.3674540682415837,-24.1892619821228,-25.962159568963887
C_Fibonacci_Rejection,fib_rejection_C,192,UP,2025-12-11 03:10:00,2025-12-11 03:11:00,97736,1.17024,1.5785714285714607,1.1700821428571428,1.1704767857142857,2025-12-11 03:12:00,1.1700821428571428,SL,1,-0.9999999999996988,0.1266968325800129,-1.0135746606330704,1.0,0.6334841628959147,-0.9999999999996988,-1.6334841628956136,-25.822746145018414,-27.5956437318595
C_Fibonacci_Rejection,fib_rejection_C,198,UP,2025-12-15 06:12:00,2025-12-15 06:13:00,100794,1.17451,0.8642857142856666,1.1744235714285711,1.1746396428571428,2025-12-15 06:15:00,1.1746396428571428,TP,2,1.500000000000551,1.9669421487604792,-0.9256198347091514,1.0,1.1570247933884936,1.500000000000551,0.34297520661205727,-25.479770938406357,-27.252668525247444
C_Fibonacci_Rejection,fib_rejection_C,202,UP,2025-12-15 21:43:00,2025-12-15 21:44:00,101720,1.17557,0.692857142857241,1.1755007142857143,1.1756739285714286,2025-12-15 21:46:00,1.1755007142857143,SL,2,-0.9999999999990844,1.0103092783505816,-1.29896907216366,1.0,1.4432989690719606,-0.9999999999990844,-2.443298969071045,-27.9230699074774,-29.695967494318488
C_Fibonacci_Rejection,fib_rejection_C,204,UP,2025-12-16 03:05:00,2025-12-16 03:06:00,102041,1.17564,1.8999999999999173,1.17545,1.175925,2025-12-16 03:07:00,1.17545,SL,1,-0.9999999999995828,0.6315789473679114,-0.9999999999995828,1.0,0.5263157894737072,-0.9999999999995828,-1.52631578947329,-29.449385696950692,-31.22228328379178
C_Fibonacci_Rejection,fib_rejection_C,216,UP,2025-12-22 02:29:00,2025-12-22 02:30:00,107745,1.17201,1.3071428571431731,1.1718792857142857,1.1722060714285716,2025-12-22 02:34:00,1.1722060714285716,TP,4,1.500000000000849,2.2950819672123077,-0.9945355191251632,1.0,0.7650273224041867,1.500000000000849,0.7349726775966624,-28.71441301935403,-30.487310606195116
C_Fibonacci_Rejection,fib_rejection_C,218,UP,2025-12-23 17:07:00,2025-12-23 17:08:00,110061,1.1794,1.5000000000003104,1.17925,1.179625,2025-12-23 17:09:00,1.17925,SL,1,-1.000000000000423,0.1999999999997885,-1.2000000000002116,1.0,0.6666666666665287,-1.000000000000423,-1.6666666666669516,-30.38107968602098,-32.153977272862065
C_Fibonacci_Rejection,fib_rejection_C,222,UP,2025-12-25 18:11:00,2025-12-25 18:12:00,111759,1.17802,1.628571428571154,1.177857142857143,1.1782642857142858,2025-12-25 18:34:00,1.177857142857143,SL,22,-1.0000000000000973,1.3508771929819896,-1.7807017543870234,1.0,0.6140350877194019,-1.0000000000000973,-1.614035087719499,-31.99511477374048,-33.768012360581565
C_Fibonacci_Rejection,fib_rejection_C,234,UP,2025-12-31 15:58:00,2025-12-31 15:59:00,117357,1.17521,1.092857142856848,1.1751007142857144,1.1753739285714286,2025-12-31 16:02:00,1.1751007142857144,SL,3,-1.000000000000145,0.6405228758172988,-1.4640522875835582,1.0,0.9150326797388089,-1.000000000000145,-1.9150326797389539,-33.91014745347943,-35.68304504032052
C_Fibonacci_Rejection,fib_rejection_C,240,UP,2026-01-05 10:02:00,2026-01-05 10:03:00,119869,1.16918,2.585714285714096,1.1689214285714289,1.1695678571428572,2026-01-05 10:10:00,1.1689214285714289,SL,7,-1.0000000000001226,1.2375690607730916,-1.430939226520229,1.0,0.38674033149174114,-1.0000000000001226,-1.3867403314918638,-35.2968877849713,-37.06978537181239
C_Fibonacci_Rejection,fib_rejection_C,242,UP,2026-01-05 21:01:00,2026-01-05 21:02:00,120526,1.17262,1.1000000000002277,1.17251,1.172785,2026-01-05 21:04:00,1.17251,SL,2,-1.0000000000002884,1.4545454545445895,-1.0000000000002884,1.0,0.9090909090907209,-1.0000000000002884,-1.9090909090910093,-37.2059786940623,-38.97887628090339
C_Fibonacci_Rejection,fib_rejection_C,252,UP,2026-01-11 19:36:00,2026-01-11 19:37:00,126177,1.16527,2.814285714285753,1.1649885714285717,1.165692142857143,2026-01-11 19:39:00,1.165692142857143,TP,2,1.5000000000002254,2.0609137055838165,-0.0710659898481803,1.0,0.35532994923857375,1.5000000000002254,1.1446700507616516,-36.061308643300656,-37.834206230141746
C_Fibonacci_Rejection,fib_rejection_C,264,UP,2026-01-18 18:39:00,2026-01-18 18:40:00,133298,1.16197,2.2428571428569275,1.1617457142857142,1.1623064285714284,2026-01-18 18:42:00,1.1623064285714284,TP,2,1.4999999999996465,1.7388535031853818,-0.6242038216562401,1.0,0.4458598726115078,1.4999999999996465,1.0541401273881388,-35.00716851591252,-36.78006610275361
C_Fibonacci_Rejection,fib_rejection_C,266,UP,2026-01-19 08:34:00,2026-01-19 08:35:00,134133,1.16348,1.192857142857186,1.1633607142857143,1.1636589285714287,2026-01-19 08:35:00,1.1633607142857143,SL,0,-1.0000000000003988,0.3353293413176885,-1.5089820359286676,1.0,0.8383233532933829,-1.0000000000003988,-1.8383233532937817,-36.8454918692063,-38.61838945604739
C_Fibonacci_Rejection,fib_rejection_C,268,UP,2026-01-19 21:48:00,2026-01-19 21:49:00,134908,1.1646,0.685714285714337,1.1645314285714286,1.1647028571428573,2026-01-19 21:49:00,1.1645314285714286,SL,0,-1.0000000000013878,0.1458333333310396,-1.7500000000016191,1.0,1.4583333333332242,-1.0000000000013878,-2.458333333334612,-39.30382520254091,-41.076722789381996
C_Fibonacci_Rejection,fib_rejection_C,274,UP,2026-01-22 10:20:00,2026-01-22 10:21:00,138538,1.17277,1.7142857142858428,1.1725985714285716,1.173027142857143,2026-01-22 10:25:00,1.1725985714285716,SL,4,-0.9999999999994448,0.1749999999998381,-1.574999999999838,1.0,0.5833333333332896,-0.9999999999994448,-1.5833333333327344,-40.887158535873645,-42.660056122714735
C_Fibonacci_Rejection,fib_rejection_C,276,UP,2026-01-23 10:53:00,2026-01-23 10:54:00,140005,1.17607,1.59285714285711,1.175910714285714,1.1763089285714283,2026-01-23 10:54:00,1.175910714285714,SL,0,-1.0000000000005975,0.3139013452921487,-1.0044843049323666,1.0,0.6278026905829726,-1.0000000000005975,-1.62780269058357,-42.51496122645722,-44.28785881329831
C_Fibonacci_Rejection,fib_rejection_C,280,UP,2026-01-27 06:55:00,2026-01-27 06:56:00,142645,1.18949,1.4499999999996658,1.189345,1.1897075,2026-01-27 06:59:00,1.1897075,TP,3,1.5000000000002187,1.5172413793114463,-0.2068965517240097,1.0,0.689655172413952,1.5000000000002187,0.8103448275862667,-41.70461639887095,-43.47751398571204
C_Fibonacci_Rejection,fib_rejection_C,299,DOWN,2026-02-04 11:21:00,2026-02-04 11:22:00,151536,1.17912,2.2642857142854806,1.1793464285714286,1.1787803571428572,2026-02-04 11:22:00,1.1793464285714286,SL,0,-1.0000000000003502,0.1324921135645697,-1.457413249212229,1.0,0.44164037854894145,-1.0000000000003502,-1.4416403785492915,-43.14625677742024,-44.91915436426133
C_Fibonacci_Rejection,fib_rejection_C,315,DOWN,2026-02-10 10:33:00,2026-02-10 10:34:00,157241,1.18967,2.064285714285598,1.1898764285714285,1.1893603571428573,2026-02-10 10:34:00,1.1898764285714285,SL,0,-0.9999999999996924,0.0968858131483534,-1.8408304498273205,1.0,0.4844290657439719,-0.9999999999996924,-1.4844290657436643,-44.6306858431639,-46.40358343000499
C_Fibonacci_Rejection,fib_rejection_C,323,DOWN,2026-02-13 00:51:00,2026-02-13 00:52:00,160969,1.1859,0.8642857142858252,1.1859864285714286,1.185770357142857,2026-02-13 00:55:00,1.1859864285714286,SL,3,-1.0000000000001834,1.27272727272774,-1.388429752067326,1.0,1.1570247933882811,-1.0000000000001834,-2.1570247933884645,-46.78771063655237,-48.56060822339346
C_Fibonacci_Rejection,fib_rejection_C,329,DOWN,2026-02-16 03:24:00,2026-02-16 03:25:00,162561,1.18617,1.7142857142858428,1.1863414285714284,1.185912857142857,2026-02-16 03:26:00,1.185912857142857,TP,1,1.5000000000004623,2.2166666666667747,-0.1749999999998381,1.0,0.5833333333332896,1.5000000000004623,0.9166666666671727,-45.87104396988519,-47.64394155672628
C_Fibonacci_Rejection,fib_rejection_C,331,DOWN,2026-02-17 07:05:00,2026-02-17 07:06:00,164186,1.18327,2.41428571428567,1.1835114285714283,1.1829078571428573,2026-02-17 07:13:00,1.1835114285714283,SL,7,-0.9999999999997372,0.4142011834319146,-1.1183431952662617,1.0,0.4142011834319602,-0.9999999999997372,-1.4142011834316974,-47.28524515331689,-49.05814274015798
C_Fibonacci_Rejection,fib_rejection_C,335,DOWN,2026-02-18 08:43:00,2026-02-18 08:44:00,165722,1.18326,1.864285714285715,1.1834464285714286,1.1829803571428572,2026-02-18 08:49:00,1.1829803571428572,TP,5,1.4999999999995322,1.5019157088125707,-0.5900383141765373,1.0,0.5363984674329499,1.4999999999995322,0.9636015325665822,-46.32164362075031,-48.0945412075914
C_Fibonacci_Rejection,fib_rejection_C,342,UP,2026-02-20 03:46:00,2026-02-20 03:47:00,168295,1.17591,1.921428571428471,1.1757178571428573,1.1761982142857144,2026-02-20 03:51:00,1.1761982142857144,TP,4,1.5000000000004128,1.7695167286246642,-0.8847583643123321,1.0,0.5204460966543023,1.5000000000004128,0.9795539033461105,-45.3420897174042,-47.11498730424529
C_Fibonacci_Rejection,fib_rejection_C,344,UP,2026-02-20 10:22:00,2026-02-20 10:23:00,168691,1.17998,7.278571428571531,1.179252142857143,1.1810717857142858,2026-02-20 10:25:00,1.179252142857143,SL,2,-0.9999999999998692,0.0137389597645647,-1.0853778213936018,1.0,0.13738959764474784,-0.9999999999998692,-1.1373895976446171,-46.47947931504882,-48.25237690188991
C_Fibonacci_Rejection,fib_rejection_C,350,UP,2026-02-24 21:34:00,2026-02-24 21:35:00,172226,1.17888,1.2285714285710712,1.1787571428571428,1.1790642857142857,2026-02-24 21:37:00,1.1787571428571428,SL,2,-0.9999999999998708,0.5697674418607488,-1.2209302325574565,1.0,0.8139534883723298,-0.9999999999998708,-1.8139534883722006,-48.29343280342102,-50.06633039026211
C_Fibonacci_Rejection,fib_rejection_C,352,UP,2026-02-25 11:08:00,2026-02-25 11:09:00,173040,1.18016,2.142857142857065,1.1799457142857144,1.180481428571429,2026-02-25 11:10:00,1.180481428571429,TP,1,1.5000000000001112,1.6333333333326945,-0.2333333333338342,1.0,0.4666666666666836,1.5000000000001112,1.0333333333334276,-47.26009947008759,-49.03299705692868
C_Fibonacci_Rejection,fib_rejection_C,354,UP,2026-02-27 02:55:00,2026-02-27 02:56:00,175422,1.18183,2.328571428571616,1.1815971428571428,1.1821792857142857,2026-02-27 02:57:00,1.1815971428571428,SL,1,-0.999999999999932,0.4294478527606543,-1.20245398772926,1.0,0.4294478527607016,-0.999999999999932,-1.4294478527606336,-48.68954732284822,-50.46244490968931
C_Fibonacci_Rejection,fib_rejection_C,363,DOWN,2026-03-05 09:45:00,2026-03-05 09:46:00,181586,1.15937,3.5714285714286538,1.159727142857143,1.1588342857142857,2026-03-05 09:47:00,1.159727142857143,SL,1,-1.000000000000222,0.1400000000002922,-1.6240000000000323,1.0,0.27999999999999353,-1.000000000000222,-1.2800000000002156,-49.96954732284844,-51.74244490968953
C_Fibonacci_Rejection,fib_rejection_C,365,DOWN,2026-03-06 04:52:00,2026-03-06 04:53:00,182725,1.15717,2.4999999999997247,1.15742,1.156795,2026-03-06 04:53:00,1.15742,SL,0,-1.000000000000444,0.0,-1.2799999999996448,1.0,0.40000000000004404,-1.000000000000444,-1.4000000000004882,-51.36954732284893,-53.14244490969002
C_Fibonacci_Rejection,fib_rejection_C,371,DOWN,2026-03-10 13:18:00,2026-03-10 13:19:00,186171,1.1615,4.157142857142811,1.1619157142857142,1.1608764285714286,2026-03-10 13:20:00,1.1619157142857142,SL,1,-0.9999999999997712,0.2646048109966976,-1.2989690721649263,1.0,0.2405498281786968,-0.9999999999997712,-1.240549828178468,-52.6100971510274,-54.382994737868486
C_Fibonacci_Rejection,fib_rejection_C,373,DOWN,2026-03-11 03:20:00,2026-03-11 03:21:00,187008,1.16118,1.928571428571216,1.1613728571428572,1.1608907142857143,2026-03-11 03:22:00,1.1613728571428572,SL,1,-0.9999999999999176,0.2074074074076377,-2.333333333332757,1.0,0.5185185185185757,-0.9999999999999176,-1.5185185185184933,-54.12861566954589,-55.90151325638698
C_Fibonacci_Rejection,fib_rejection_C,375,DOWN,2026-03-12 07:50:00,2026-03-12 07:51:00,188715,1.15386,1.9714285714283224,1.154057142857143,1.1535642857142858,2026-03-12 07:53:00,1.1535642857142858,TP,2,1.5000000000002012,1.876811594204168,0.0,1.0,0.5072463768116583,1.5000000000002012,0.9927536231885429,-53.135862046357346,-54.908759633198436
C_Fibonacci_Rejection,fib_rejection_C,377,DOWN,2026-03-12 21:41:00,2026-03-12 21:42:00,189545,1.15135,0.9428571428572928,1.151444285714286,1.1512085714285716,2026-03-12 21:45:00,1.1512085714285716,TP,3,1.499999999999159,1.909090909091337,-0.318181818181497,1.0,1.0606060606058918,1.499999999999159,0.4393939393932671,-52.696468106964076,-54.469365693805166
C_Fibonacci_Rejection,fib_rejection_C,379,DOWN,2026-03-13 10:39:00,2026-03-13 10:40:00,190323,1.14423,2.400000000000021,1.14447,1.1438700000000002,2026-03-13 10:43:00,1.1438700000000002,TP,3,1.4999999999996367,2.5833333333335813,-0.4999999999995705,1.0,0.4166666666666631,1.4999999999996367,1.0833333333329738,-51.6131347736311,-53.38603236047219
C_Fibonacci_Rejection,fib_rejection_C,389,DOWN,2026-03-18 07:28:00,2026-03-18 07:29:00,194444,1.15246,3.114285714285815,1.1527714285714286,1.1519928571428573,2026-03-18 07:30:00,1.1519928571428573,TP,1,1.4999999999996945,2.279816513761357,-0.7064220183482379,1.0,0.32110091743118224,1.4999999999996945,1.1788990825685122,-50.43423569106259,-52.20713327790368
C_Fibonacci_Rejection,fib_rejection_C,391,DOWN,2026-03-19 02:05:00,2026-03-19 02:06:00,195561,1.1457,3.178571428572109,1.1460178571428572,1.1452232142857142,2026-03-19 02:07:00,1.1460178571428572,SL,1,-1.0000000000001497,0.4089887640447413,-2.799999999999581,1.0,0.31460674157296636,-1.0000000000001497,-1.314606741573116,-51.74884243263571,-53.5217400194768
C_Fibonacci_Rejection,fib_rejection_C,395,DOWN,2026-03-20 04:39:00,2026-03-20 04:40:00,197154,1.15583,2.2642857142854806,1.1560564285714283,1.1554903571428572,2026-03-20 04:46:00,1.1554903571428572,TP,6,1.4999999999995448,1.6340694006310017,-0.2649842271301202,1.0,0.44164037854894145,1.4999999999995448,1.0583596214506032,-50.690482811185106,-52.463380398026196
C_Fibonacci_Rejection,fib_rejection_C,397,DOWN,2026-03-23 00:59:00,2026-03-23 01:00:00,198370,1.15341,1.2285714285709126,1.1535328571428571,1.1532257142857143,2026-03-23 01:01:00,1.1532257142857143,TP,1,1.4999999999990965,1.709302325582467,-0.0813953488359693,1.0,0.8139534883724349,1.4999999999990965,0.6860465116266616,-50.00443629955844,-51.77733388639953
C_Fibonacci_Rejection,fib_rejection_C,401,DOWN,2026-03-24 04:14:00,2026-03-24 04:15:00,200004,1.15823,3.3214285714282847,1.1585621428571429,1.157731785714286,2026-03-24 04:28:00,1.1585621428571429,SL,13,-0.9999999999998568,1.1139784946243647,-1.324731182795801,1.0,0.3010752688172303,-0.9999999999998568,-1.301075268817087,-51.30551156837553,-53.07840915521662
C_Fibonacci_Rejection,fib_rejection_C,403,DOWN,2026-03-24 12:04:00,2026-03-24 12:05:00,200474,1.15703,2.4071428571427664,1.1572707142857144,1.156668928571429,2026-03-24 12:05:00,1.156668928571429,TP,0,1.4999999999996705,5.566765578634796,0.0,1.0,0.4154302670623302,1.4999999999996705,1.0845697329373403,-50.22094183543819,-51.99383942227928
C_Fibonacci_Rejection,fib_rejection_C,407,DOWN,2026-03-25 07:32:00,2026-03-25 07:33:00,201641,1.15908,3.464285714285729,1.1594264285714286,1.158560357142857,2026-03-25 07:35:00,1.1594264285714286,SL,2,-0.9999999999998626,0.0577319587632645,-1.2412371134018556,1.0,0.28865979381443174,-0.9999999999998626,-1.2886597938142943,-51.50960162925249,-53.282499216093576
C_Fibonacci_Rejection,fib_rejection_C,409,DOWN,2026-03-26 01:40:00,2026-03-26 01:41:00,202726,1.15572,1.3428571428568996,1.1558542857142855,1.1555185714285716,2026-03-26 01:41:00,1.1555185714285716,TP,0,1.4999999999994686,2.6808510638313003,0.0,1.0,0.7446808510639646,1.4999999999994686,0.755319148935504,-50.75428248031698,-52.52718006715807
C_Fibonacci_Rejection,fib_rejection_C,413,DOWN,2026-03-27 12:18:00,2026-03-27 12:19:00,204803,1.15113,3.028571428571444,1.1514328571428571,1.1506757142857142,2026-03-27 12:41:00,1.1506757142857142,TP,22,1.5000000000000784,1.51886792452798,-0.165094339622989,1.0,0.33018867924528134,1.5000000000000784,1.169811320754797,-49.584471159562185,-51.357368746403274
C_Fibonacci_Rejection,fib_rejection_C,415,DOWN,2026-03-30 03:39:00,2026-03-30 03:40:00,205590,1.14944,1.685714285714544,1.1496085714285715,1.1491871428571427,2026-03-30 03:41:00,1.1496085714285715,SL,1,-1.0000000000003764,0.118644067796052,-1.4237288135592103,1.0,0.59322033898296,-1.0000000000003764,-1.5932203389833364,-51.17769149854552,-52.95058908538661
C_Fibonacci_Rejection,fib_rejection_C,423,DOWN,2026-04-01 21:24:00,2026-04-01 21:25:00,209526,1.15661,7.285714285714276,1.157338571428571,1.155517142857143,2026-04-01 21:31:00,1.155517142857143,TP,6,1.50000000000012,1.5784313725490002,-0.3843137254902761,1.0,0.1372549019607845,1.50000000000012,1.3627450980393354,-49.81494640050619,-51.58784398734728
C_Fibonacci_Rejection,fib_rejection_C,429,DOWN,2026-04-03 08:31:00,2026-04-03 08:32:00,211610,1.15278,3.6928571428573855,1.1531492857142855,1.1522260714285713,2026-04-03 08:34:00,1.1531492857142855,SL,2,-0.9999999999996996,0.4874274661504238,-1.3539651837527809,1.0,0.2707930367504658,-0.9999999999996996,-1.2707930367501654,-51.08573943725635,-52.85863702409744
C_Fibonacci_Rejection,fib_rejection_C,431,DOWN,2026-04-03 16:32:00,2026-04-03 16:33:00,212084,1.15144,2.435714285714224,1.1516835714285714,1.1510746428571428,2026-04-03 16:35:00,1.1516835714285714,SL,2,-0.999999999999674,0.2052785923758049,-1.1495601173023198,1.0,0.4105571847507435,-0.999999999999674,-1.4105571847504175,-52.49629662200677,-54.26919420884786
C_Fibonacci_Rejection,fib_rejection_C,445,DOWN,2026-04-15 05:16:00,2026-04-15 05:17:00,222894,1.17832,3.271428571428433,1.1786471428571428,1.1778292857142858,2026-04-15 05:22:00,1.1786471428571428,SL,5,-0.9999999999997092,0.2139737991266909,-1.100436681222497,1.0,0.3056768558952095,-0.9999999999997092,-1.3056768558949188,-53.80197347790168,-55.57487106474277
C_Fibonacci_Rejection,fib_rejection_C,447,DOWN,2026-04-16 04:22:00,2026-04-16 04:23:00,224260,1.17827,1.8214285714286087,1.1784521428571428,1.1779967857142857,2026-04-16 04:24:00,1.1779967857142857,TP,1,1.4999999999997822,1.6470588235291963,-0.43921568627494,1.0,0.549019607843126,1.4999999999997822,0.9509803921566562,-52.85099308574503,-54.62389067258612
C_Fibonacci_Rejection,fib_rejection_C,453,DOWN,2026-04-21 10:58:00,2026-04-21 10:59:00,228965,1.17519,3.3214285714286023,1.1755221428571427,1.1746917857142856,2026-04-21 11:05:00,1.1755221428571427,SL,6,-0.9999999999997612,1.053763440859755,-1.0838709677423408,1.0,0.3010752688172015,-0.9999999999997612,-1.3010752688169627,-54.15206835456199,-55.92496594140308
C_Fibonacci_Rejection,fib_rejection_C,455,DOWN,2026-04-22 08:30:00,2026-04-22 08:31:00,230254,1.17267,1.9142857142855667,1.1728614285714287,1.1723828571428572,2026-04-22 08:33:00,1.1728614285714287,SL,2,-1.0000000000003315,0.6268656716424663,-1.1492537313427815,1.0,0.5223880597015328,-1.0000000000003315,-1.5223880597018642,-55.67445641426386,-57.44735400110495
C_Fibonacci_Rejection,fib_rejection_C,457,DOWN,2026-04-22 23:26:00,2026-04-22 23:27:00,231140,1.1696,0.9285714285713262,1.169692857142857,1.1694607142857143,2026-04-22 23:28:00,1.169692857142857,SL,1,-0.9999999999998292,0.107692307693025,-1.399999999999761,1.0,1.0769230769231957,-0.9999999999998292,-2.076923076923025,-57.75137949118688,-59.52427707802797
C_Fibonacci_Rejection,fib_rejection_C,461,DOWN,2026-04-23 23:31:00,2026-04-23 23:32:00,232580,1.16736,0.8214285714285603,1.1674421428571429,1.1672367857142856,2026-04-23 23:33:00,1.1674421428571429,SL,1,-1.0000000000007725,1.0956521739121268,-1.09565217391483,1.0,1.2173913043478426,-1.0000000000007725,-2.217391304348615,-59.9687707955355,-61.74166838237659
C_Fibonacci_Rejection,fib_rejection_C,467,DOWN,2026-04-27 21:02:00,2026-04-27 21:03:00,235304,1.17145,1.22142857142896,1.171572142857143,1.1712667857142858,2026-04-27 21:05:00,1.171572142857143,SL,2,-1.0000000000005196,0.08187134502975,-1.146198830407411,1.0,0.8187134502921372,-1.0000000000005196,-1.8187134502926567,-61.78748424582815,-63.56038183266924
C_Fibonacci_Rejection,fib_rejection_C,471,DOWN,2026-04-29 08:50:00,2026-04-29 08:51:00,237436,1.16971,2.121428571428829,1.169922142857143,1.1693917857142857,2026-04-29 08:51:00,1.1693917857142857,TP,0,1.5000000000000002,1.7441077441074448,-0.424242424242012,1.0,0.47138047138041417,1.5000000000000002,1.028619528619586,-60.75886471720857,-62.53176230404966
C_Fibonacci_Rejection,fib_rejection_C,473,DOWN,2026-04-29 22:35:00,2026-04-29 22:36:00,238256,1.1666,1.82142857142845,1.166782142857143,1.1663267857142858,2026-04-29 22:45:00,1.1663267857142858,TP,9,1.499999999999913,2.031372549019641,-0.6039215686265714,1.0,0.5490196078431738,1.499999999999913,0.9509803921567391,-59.80788432505183,-61.58078191189292
C_Fibonacci_Rejection,fib_rejection_C,482,UP,2026-05-05 19:04:00,2026-05-05 19:05:00,243767,1.17096,3.178571428571316,1.170642142857143,1.1714367857142858,2026-05-05 19:07:00,1.1714367857142858,TP,2,1.5000000000002496,1.6359550561800722,0.0,1.0,0.31460674157304486,1.5000000000002496,1.1853932584272047,-58.622491066624626,-60.395388653465716
C_Fibonacci_Rejection,fib_rejection_C,486,UP,2026-05-07 03:07:00,2026-05-07 03:08:00,245679,1.17597,2.1071428571427044,1.1757592857142858,1.1762860714285714,2026-05-07 03:08:00,1.1762860714285714,TP,0,1.5000000000003764,2.277966101695251,-0.3322033898306013,1.0,0.47457627118647505,1.5000000000003764,1.0254237288139012,-57.59706733781072,-59.36996492465181
C_Fibonacci_Rejection,fib_rejection_C,488,UP,2026-05-08 06:45:00,2026-05-08 06:46:00,247334,1.17678,1.271428571428495,1.1766528571428572,1.1769707142857142,2026-05-08 06:46:00,1.1766528571428572,SL,0,-0.9999999999993762,0.0,-1.1011235955059122,1.0,0.7865168539326316,-0.9999999999993762,-1.7865168539320078,-59.38358419174273,-61.15648177858382
C_Fibonacci_Rejection,fib_rejection_C,502,UP,2026-05-18 07:44:00,2026-05-18 07:45:00,255820,1.16491,3.2571428571426253,1.1645842857142856,1.1653985714285713,2026-05-18 07:45:00,1.1645842857142856,SL,0,-1.0,0.0614035087723364,-1.3201754385963715,1.0,0.30701754385967095,-1.0,-1.307017543859671,-60.6906017356024,-62.46349932244349
C_Fibonacci_Rejection,fib_rejection_C,504,UP,2026-05-18 15:40:00,2026-05-18 15:41:00,256296,1.16514,1.335714285714313,1.1650064285714286,1.165340357142857,2026-05-18 15:48:00,1.165340357142857,TP,7,1.4999999999992282,2.171122994651624,-0.2994652406420046,1.0,0.7486631016042629,1.4999999999992282,0.7513368983949653,-59.93926483720744,-61.71216242404853
C_Fibonacci_Rejection,fib_rejection_C,514,UP,2026-05-22 15:00:00,2026-05-22 15:01:00,261686,1.16135,2.1499999999999693,1.161135,1.1616725,2026-05-22 15:01:00,1.161135,SL,0,-1.0000000000003688,0.0930232558135314,-1.3023255813956371,1.0,0.4651162790697741,-1.0000000000003688,-1.4651162790701429,-61.40438111627758,-63.17727870311867
C_Fibonacci_Rejection,fib_rejection_C,516,UP,2026-05-25 05:01:00,2026-05-25 05:02:00,262467,1.16449,0.885714285714537,1.1644014285714286,1.1646228571428572,2026-05-25 05:04:00,1.1644014285714286,SL,2,-0.9999999999998208,0.2258064516118115,-1.1290322580640717,1.0,1.1290322580641958,-0.9999999999998208,-2.129032258064017,-63.53341337434159,-65.30631096118267
C_Fibonacci_Rejection,fib_rejection_C,520,UP,2026-05-26 20:25:00,2026-05-26 20:26:00,264807,1.16394,0.8071428571432282,1.1638592857142855,1.1640610714285715,2026-05-26 20:29:00,1.1638592857142855,SL,3,-1.0000000000013756,0.4955752212392058,-1.11504424778615,1.0,1.2389380530967755,-1.0000000000013756,-2.238938053098151,-65.77235142743974,-67.54524901428083
C_Fibonacci_Rejection,fib_rejection_C,522,UP,2026-05-27 08:21:00,2026-05-27 08:22:00,265523,1.16532,3.5928571428570484,1.164960714285714,1.1658589285714285,2026-05-27 08:22:00,1.1658589285714285,TP,0,1.5000000000000222,1.8926441351889556,0.0,1.0,0.27833001988072303,1.5000000000000222,1.2216699801192992,-64.55068144732044,-66.32357903416153
C_Fibonacci_Rejection,fib_rejection_C,524,UP,2026-05-28 10:23:00,2026-05-28 10:24:00,267080,1.165,6.192857142857428,1.1643807142857143,1.1659289285714287,2026-05-28 10:52:00,1.1643807142857143,SL,28,-0.9999999999999488,1.0818915801613431,-1.1464821222605974,1.0,0.1614763552479741,-0.9999999999999488,-1.161476355247923,-65.71215780256837,-67.48505538940945
C_Fibonacci_Rejection,fib_rejection_C,530,UP,2026-06-02 08:18:00,2026-06-02 08:19:00,271247,1.16524,1.3071428571426973,1.1651092857142855,1.1654360714285714,2026-06-02 08:30:00,1.1651092857142855,SL,11,-1.000000000000364,1.1475409836057218,-2.2950819672131426,1.0,0.7650273224044651,-1.000000000000364,-1.765027322404829,-67.4771851249732,-69.25008271181429
C_Fibonacci_Rejection,fib_rejection_C,531,DOWN,2026-06-03 02:15:00,2026-06-03 02:16:00,272319,1.16169,1.4999999999999931,1.16184,1.161465,2026-06-03 02:16:00,1.16184,SL,0,-1.0000000000006346,0.1999999999998308,-1.0000000000006346,1.0,0.6666666666666697,-1.0000000000006346,-1.6666666666673042,-69.1438517916405,-70.91674937848158
C_Fibonacci_Rejection,fib_rejection_C,537,DOWN,2026-06-05 08:36:00,2026-06-05 08:37:00,275567,1.16077,4.56428571428564,1.1612264285714289,1.160085357142857,2026-06-05 08:40:00,1.1612264285714289,SL,3,-1.0000000000000346,0.5258215962441793,-1.2488262910797434,1.0,0.21909233176839166,-1.0000000000000346,-1.2190923317684264,-70.36294412340892,-72.13584171025
C_Fibonacci_Rejection,fib_rejection_C,549,DOWN,2026-06-11 04:59:00,2026-06-11 05:00:00,281077,1.15322,1.6000000000001726,1.1533799999999998,1.15298,2026-06-11 05:14:00,1.1533799999999998,SL,14,-0.9999999999995044,1.4374999999995477,-1.1875000000007123,1.0,0.6249999999999326,-0.9999999999995044,-1.624999999999437,-71.98794412340837,-73.76084171024945
C_Fibonacci_Rejection,fib_rejection_C,553,DOWN,2026-06-12 08:24:00,2026-06-12 08:25:00,282712,1.15625,1.2642857142855908,1.1563764285714286,1.1560603571428572,2026-06-12 08:26:00,1.1563764285714286,SL,1,-1.0000000000006273,0.079096045198266,-1.028248587570433,1.0,0.7909604519774784,-1.0000000000006273,-1.7909604519781057,-73.77890457538648,-75.55180216222756
C_Fibonacci_Rejection,fib_rejection_C,557,DOWN,2026-06-15 12:12:00,2026-06-15 12:13:00,284379,1.16015,0.8071428571429109,1.1602307142857142,1.1600289285714285,2026-06-15 12:14:00,1.1602307142857142,SL,1,-0.9999999999990176,0.1238938053105379,-1.7345132743365268,1.0,1.2389380530972627,-0.9999999999990176,-2.2389380530962804,-76.01784262848275,-77.79074021532384
C_Fibonacci_Rejection,fib_rejection_C,559,DOWN,2026-06-15 22:04:00,2026-06-15 22:05:00,284964,1.15852,1.014285714285539,1.1586214285714285,1.158367857142857,2026-06-15 22:06:00,1.1586214285714285,SL,1,-0.9999999999992182,0.4929577464778095,-1.1830985915484942,1.0,0.9859154929579168,-0.9999999999992182,-1.985915492957135,-78.00375812143989,-79.77665570828097
C_Fibonacci_Rejection,fib_rejection_C,565,DOWN,2026-06-18 05:26:00,2026-06-18 05:27:00,288276,1.14766,2.050000000000266,1.147865,1.1473524999999998,2026-06-18 05:35:00,1.147865,SL,8,-0.9999999999999226,0.975609756097327,-1.1219512195129009,1.0,0.48780487804871725,-0.9999999999999226,-1.48780487804864,-79.49156299948852,-81.2644605863296
C_Fibonacci_Rejection,fib_rejection_C,567,DOWN,2026-06-18 14:48:00,2026-06-18 14:49:00,288838,1.14602,0.8214285714285603,1.146102142857143,1.1458967857142857,2026-06-18 14:49:00,1.146102142857143,SL,0,-1.0000000000007725,0.6086956521752058,-1.460869565216169,1.0,1.2173913043478426,-1.0000000000007725,-2.217391304348615,-81.70895430383715,-83.48185189067823
C_Fibonacci_Rejection,fib_rejection_C,571,DOWN,2026-06-22 09:05:00,2026-06-22 09:06:00,291362,1.14454,3.6285714285714095,1.144902857142857,1.1439957142857142,2026-06-22 09:06:00,1.1439957142857142,TP,0,1.499999999999869,1.5984251968498588,-0.0551181102365818,1.0,0.2755905511811038,1.499999999999869,1.2244094488187651,-80.48454485501837,-82.25744244185945
C_Fibonacci_Rejection,fib_rejection_C,575,DOWN,2026-06-23 03:38:00,2026-06-23 03:39:00,292468,1.14227,2.364285714285184,1.1425064285714284,1.141915357142857,2026-06-23 03:41:00,1.141915357142857,TP,2,1.500000000000168,1.9033232628396268,0.0,1.0,0.42296072507562354,1.500000000000168,1.0770392749245445,-79.40750558009383,-81.18040316693491
C_Fibonacci_Rejection,fib_rejection_C,591,DOWN,2026-07-01 03:29:00,2026-07-01 03:30:00,301050,1.13931,0.99999999999989,1.13941,1.13916,2026-07-01 03:31:00,1.13941,SL,1,-1.0,0.1000000000006661,-1.1999999999991116,1.0,1.0000000000001101,-1.0,-2.00000000000011,-81.40750558009394,-83.18040316693502
C_Fibonacci_Rejection,fib_rejection_C,600,UP,2026-07-06 13:14:00,2026-07-06 13:15:00,305925,1.14341,0.735714285714506,1.1433364285714287,1.1435203571428572,2026-07-06 13:22:00,1.1435203571428572,TP,7,1.4999999999992455,2.310679611649841,-0.9514563106795236,1.0,1.3592233009704668,1.4999999999992455,0.14077669902877865,-81.26672888106516,-83.03962646790625
C_Fibonacci_Rejection,fib_rejection_C,606,UP,2026-07-08 13:26:00,2026-07-08 13:27:00,308797,1.14241,1.4999999999998348,1.1422599999999998,1.1426349999999998,2026-07-08 13:28:00,1.1426349999999998,TP,1,1.49999999999963,1.6666666666674068,-0.3333333333325932,1.0,0.6666666666667401,1.49999999999963,0.83333333333289,-80.43339554773227,-82.20629313457336
C_Fibonacci_Rejection,fib_rejection_C,616,UP,2026-07-14 03:52:00,2026-07-14 03:53:00,313955,1.13954,1.557142857143066,1.1393842857142855,1.1397735714285715,2026-07-14 03:56:00,1.1393842857142855,SL,3,-0.9999999999996944,0.706422018348879,-1.220183486237806,1.0,0.6422018348622991,-0.9999999999996944,-1.6422018348619933,-82.07559738259427,-83.84849496943535
C_Fibonacci_Rejection,fib_rejection_C,620,UP,2026-07-15 10:33:00,2026-07-15 10:34:00,315788,1.14357,1.571428571428557,1.1434128571428572,1.1438057142857143,2026-07-15 10:40:00,1.1434128571428572,SL,6,-0.9999999999992936,1.0181818181814328,-1.2090909090903632,1.0,0.6363636363636422,-0.9999999999992936,-1.636363636362936,-83.7119610189572,-85.48485860579828
C_Fibonacci_Rejection,fib_rejection_C,636,UP,2026-07-22 21:07:00,2026-07-22 21:08:00,323565,1.14183,1.3785714285709436,1.1416921428571427,1.1420367857142857,2026-07-22 21:14:00,1.1416921428571427,SL,6,-1.0000000000006903,0.217616580312383,-1.015544041449734,1.0,0.7253886010365246,-1.0000000000006903,-1.7253886010372148,-85.43734961999442,-87.2102472068355
C_Fibonacci_Rejection,fib_rejection_C,640,UP,2026-07-24 02:24:00,2026-07-24 02:25:00,325312,1.13854,1.0142857142860149,1.1384385714285714,1.138692142857143,2026-07-24 02:32:00,1.1384385714285714,SL,7,-1.0000000000009384,0.9859154929573456,-1.8732394366204888,1.0,0.9859154929574543,-1.0000000000009384,-1.9859154929583926,-87.4232651129528,-89.19616269979389
C_Fibonacci_Rejection,fib_rejection_C,652,UP,2026-07-30 06:18:00,2026-07-30 06:19:00,331295,1.14753,2.499999999999883,1.14728,1.147905,2026-07-30 06:20:00,1.14728,SL,1,-1.0000000000003806,0.3600000000005988,-1.2400000000001876,1.0,0.4000000000000187,-1.0000000000003806,-1.4000000000003991,-88.82326511295321,-90.59616269979429
C_Fibonacci_Rejection,fib_rejection_C,656,UP,2026-07-31 11:47:00,2026-07-31 11:48:00,333062,1.15116,1.7571428571427905,1.1509842857142858,1.1514235714285714,2026-07-31 11:50:00,1.1514235714285714,TP,2,1.500000000000316,2.276422764227478,-0.4552845528447374,1.0,0.5691056910569322,1.500000000000316,0.9308943089433838,-87.89237080400983,-89.66526839085091
C_Fibonacci_Rejection,fib_rejection_C,667,DOWN,2026-08-06 10:09:00,2026-08-06 10:10:00,338709,1.15341,1.6785714285716402,1.1535778571428572,1.1531582142857144,2026-08-06 10:15:00,1.1535778571428572,SL,5,-1.0,0.8936170212770461,-1.4893617021266463,1.0,0.5957446808509888,-1.0,-1.5957446808509888,-89.48811548486081,-91.2610130717019
C_Fibonacci_Rejection,fib_rejection_C,671,DOWN,2026-08-10 07:19:00,2026-08-10 07:20:00,341403,1.15516,0.950000000000038,1.155255,1.1550175,2026-08-10 07:20:00,1.155255,SL,0,-0.9999999999994992,0.3157894736839293,-1.1578947368426324,1.0,1.0526315789473262,-0.9999999999994992,-2.0526315789468255,-91.54074706380764,-93.31364465064873
C_Fibonacci_Rejection,fib_rejection_C,673,DOWN,2026-08-11 02:18:00,2026-08-11 02:19:00,342537,1.15389,0.7642857142854873,1.1539664285714286,1.1537753571428573,2026-08-11 02:20:00,1.1537753571428573,TP,1,1.4999999999996887,4.841121495328298,-0.1308411214933178,1.0,1.3084112149536595,1.4999999999996887,0.19158878504602916,-91.3491582787616,-93.12205586560269
C_Fibonacci_Rejection,fib_rejection_C,679,DOWN,2026-08-12 22:29:00,2026-08-12 22:30:00,345164,1.15215,0.4285714285710641,1.152192857142857,1.1520857142857144,2026-08-12 22:30:00,1.1520857142857144,TP,0,1.49999999999926,1.8666666666701208,-0.2333333333350603,1.0,2.3333333333353177,1.49999999999926,-0.8333333333360577,-92.18249161209766,-93.95538919893875
C_Fibonacci_Rejection,fib_rejection_C,687,DOWN,2026-08-17 23:34:00,2026-08-17 23:35:00,349517,1.15739,0.5642857142859218,1.1574464285714283,1.157305357142857,2026-08-17 23:37:00,1.157305357142857,TP,2,1.4999999999988758,2.8354430379725417,-0.3544303797490271,1.0,1.7721518987335256,1.4999999999988758,-0.27215189873464984,-92.45464351083231,-94.2275410976734
C_Fibonacci_Rejection,fib_rejection_C,691,DOWN,2026-08-18 21:01:00,2026-08-18 21:02:00,350801,1.15723,1.2285714285712297,1.157352857142857,1.1570457142857142,2026-08-18 21:04:00,1.157352857142857,SL,2,-0.999999999999742,0.8139534883721351,-1.465116279070566,1.0,0.8139534883722248,-0.999999999999742,-1.8139534883719668,-94.26859699920429,-96.04149458604537
C_Fibonacci_Rejection,fib_rejection_C,701,DOWN,2026-08-24 03:41:00,2026-08-24 03:42:00,355492,1.1671,1.342857142857217,1.1672342857142857,1.1668985714285711,2026-08-24 03:43:00,1.1668985714285711,TP,1,1.5000000000007676,3.64893617021332,-0.0744680851068667,1.0,0.7446808510637887,1.5000000000007676,0.7553191489369789,-93.5132778502673,-95.28617543710838
C_Fibonacci_Rejection,fib_rejection_C,703,DOWN,2026-08-25 00:58:00,2026-08-25 00:59:00,356754,1.16551,0.4714285714284877,1.165557142857143,1.1654392857142857,2026-08-25 00:59:00,1.165557142857143,SL,0,-1.0000000000013458,0.0,-1.484848484849056,1.0,2.121212121212498,-1.0000000000013458,-3.121212121213844,-96.63448997148114,-98.40738755832223
C_Fibonacci_Rejection,fib_rejection_C,707,DOWN,2026-08-26 06:25:00,2026-08-26 06:26:00,358517,1.16633,0.7642857142858046,1.1664064285714286,1.1662153571428573,2026-08-26 06:32:00,1.1664064285714286,SL,6,-0.9999999999993774,1.4392523364491412,-1.1775700934568034,1.0,1.3084112149531164,-0.9999999999993774,-2.3084112149524936,-98.94290118643364,-100.71579877327473
C_Fibonacci_Rejection,fib_rejection_C,713,DOWN,2026-08-27 04:23:00,2026-08-27 04:24:00,359829,1.16513,0.9928571428571444,1.1652292857142856,1.164981071428571,2026-08-27 04:26:00,1.1652292857142856,SL,2,-0.9999999999992012,0.3021582733810375,-1.6115107913662792,1.0,1.007194244604315,-0.9999999999992012,-2.0071942446035163,-100.95009543103716,-102.72299301787824
C_Fibonacci_Rejection,fib_rejection_C,717,DOWN,2026-08-28 10:56:00,2026-08-28 10:57:00,361654,1.16167,3.292857142857145,1.1619992857142858,1.1611760714285717,2026-08-28 10:57:00,1.1619992857142858,SL,0,-1.0000000000002889,0.060737527114691,-1.7613882863341308,1.0,0.30368763557483713,-1.0000000000002889,-1.303687635575126,-102.25378306661229,-104.02668065345337
C_Fibonacci_Rejection,fib_rejection_C,723,DOWN,2026-08-31 21:10:00,2026-08-31 21:11:00,363701,1.16139,1.0428571428573137,1.1614942857142856,1.1612335714285713,2026-08-31 21:16:00,1.1614942857142856,SL,5,-0.9999999999993914,0.6712328767123578,-1.5342465753437486,1.0,0.9589041095888841,-0.9999999999993914,-1.9589041095882753,-104.21268717620056,-105.98558476304164
C_Fibonacci_Rejection,fib_rejection_C,725,DOWN,2026-09-01 11:24:00,2026-09-01 11:25:00,364553,1.1592,1.08571428571442,1.1593085714285714,1.1590371428571429,2026-09-01 11:28:00,1.1593085714285714,SL,3,-0.9999999999991234,1.3815789473691205,-1.0131578947372186,1.0,0.9210526315788334,-0.9999999999991234,-1.9210526315779568,-106.13373980777853,-107.90663739461961
C_Fibonacci_Rejection,fib_rejection_C,727,DOWN,2026-09-01 20:08:00,2026-09-01 20:09:00,365069,1.15873,1.1000000000002277,1.15884,1.158565,2026-09-01 20:11:00,1.15884,SL,2,-1.0000000000002884,0.0,-1.1818181818176052,1.0,0.9090909090907209,-1.0000000000002884,-1.9090909090910093,-108.04283071686953,-109.81572830371061
D_M1_Structure_Break,m1_structure_break_D,14,UP,2025-09-15 02:45:00,2025-09-15 02:46:00,7339,1.17205,1.328571428571092,1.1719171428571429,1.1722492857142857,2025-09-15 02:46:00,1.1722492857142857,TP,0,1.4999999999997014,1.7311827956990054,-0.2258064516127684,1.0,0.7526881720432015,1.4999999999997014,0.7473118279564999,0.7473118279564999,0.0
D_M1_Structure_Break,m1_structure_break_D,16,UP,2025-09-15 21:10:00,2025-09-15 21:11:00,8443,1.17623,1.1571428571429834,1.176114285714286,1.1764035714285717,2025-09-15 21:16:00,1.176114285714286,SL,5,-0.9999999999993148,0.3456790123440681,-1.2098765432099952,1.0,0.8641975308641032,-0.9999999999993148,-1.864197530863418,-1.1168857029069181,-1.864197530863418
D_M1_Structure_Break,m1_structure_break_D,24,UP,2025-09-21 21:09:00,2025-09-21 21:10:00,14185,1.17391,2.457142857143094,1.1736642857142856,1.1742785714285715,2025-09-21 21:26:00,1.1736642857142856,SL,16,-1.0000000000003872,0.5697674418605281,-1.098837209302189,1.0,0.40697674418600727,-1.0000000000003872,-1.4069767441863945,-2.523862447093313,-3.2711742750498125
D_M1_Structure_Break,m1_structure_break_D,34,UP,2025-09-26 04:05:00,2025-09-26 04:06:00,20347,1.16799,1.885714285713951,1.1678014285714289,1.1682728571428571,2025-09-26 04:06:00,1.1678014285714289,SL,0,-1.000000000000168,0.3712121212122639,-1.2727272727275938,1.0,0.5303030303031244,-1.000000000000168,-1.5303030303032925,-4.054165477396605,-4.801477305353105
D_M1_Structure_Break,m1_structure_break_D,36,UP,2025-09-26 07:08:00,2025-09-26 07:09:00,20530,1.16681,1.3142857142859183,1.1666785714285712,1.167007142857143,2025-09-26 07:10:00,1.1666785714285712,SL,1,-1.0000000000006035,0.6847826086966531,-1.6739130434771408,1.0,0.7608695652172732,-1.0000000000006035,-1.7608695652178767,-5.815035042614482,-6.562346870570981
D_M1_Structure_Break,m1_structure_break_D,38,UP,2025-09-29 04:45:00,2025-09-29 04:46:00,21810,1.17195,1.1642857142855705,1.1718335714285717,1.1721246428571428,2025-09-29 04:49:00,1.1721246428571428,TP,3,1.4999999999992504,1.5460122699375267,-0.68711656441795,1.0,0.8588957055215785,1.4999999999992504,0.6411042944776719,-5.17393074813681,-5.921242576093309
D_M1_Structure_Break,m1_structure_break_D,42,UP,2025-09-30 09:45:00,2025-09-30 09:46:00,23538,1.17348,2.135714285714796,1.1732664285714285,1.1738003571428572,2025-09-30 09:51:00,1.1738003571428572,TP,5,1.49999999999974,1.5451505016715976,-0.6086956521746363,1.0,0.46822742474905205,1.49999999999974,1.0317725752506879,-4.142158172886122,-4.889470000842621
D_M1_Structure_Break,m1_structure_break_D,46,UP,2025-10-01 12:58:00,2025-10-01 12:59:00,25166,1.1723,2.1714285714285224,1.172082857142857,1.1726257142857142,2025-10-01 13:02:00,1.1726257142857142,TP,3,1.499999999999927,1.7500000000002558,-0.1842105263149552,1.0,0.46052631578948405,1.499999999999927,1.0394736842104428,-3.1026844886756795,-3.849996316632179
D_M1_Structure_Break,m1_structure_break_D,50,UP,2025-10-03 01:36:00,2025-10-03 01:37:00,27354,1.17185,1.0857142857137856,1.1717414285714287,1.1720128571428572,2025-10-03 01:40:00,1.1717414285714287,SL,3,-0.9999999999997076,0.8289473684207296,-2.855263157896351,1.0,0.9210526315793717,-0.9999999999997076,-1.9210526315790792,-5.023737120254759,-5.771048948211258
D_M1_Structure_Break,m1_structure_break_D,60,UP,2025-10-08 12:53:00,2025-10-08 12:54:00,32339,1.16047,1.214285714285739,1.1603485714285713,1.1606521428571428,2025-10-08 12:55:00,1.1603485714285713,SL,1,-1.0000000000002611,0.0823529411770084,-1.8941176470583931,1.0,0.8235294117646891,-1.0000000000002611,-1.8235294117649503,-6.847266532019709,-7.594578359976208
D_M1_Structure_Break,m1_structure_break_D,64,UP,2025-10-10 03:04:00,2025-10-10 03:05:00,34614,1.15738,2.8857142857143168,1.1570914285714289,1.1578128571428572,2025-10-10 03:06:00,1.1570914285714289,SL,1,-0.9999999999999448,0.6584158415838479,-1.455445544554741,1.0,0.3465346534653428,-0.9999999999999448,-1.3465346534652876,-8.193801185484997,-8.941113013441496
D_M1_Structure_Break,m1_structure_break_D,68,UP,2025-10-12 18:35:00,2025-10-12 18:36:00,35544,1.16006,1.7285714285716505,1.159887142857143,1.160319285714286,2025-10-12 18:38:00,1.160319285714286,TP,2,1.5000000000002751,1.6198347107426443,-0.5206611570255684,1.0,0.5785123966941406,1.5000000000002751,0.9214876033061346,-7.272313582178862,-8.019625410135362
D_M1_Structure_Break,m1_structure_break_D,72,UP,2025-10-14 04:01:00,2025-10-14 04:02:00,37545,1.15516,2.842857142856893,1.1548757142857142,1.1555864285714286,2025-10-14 04:03:00,1.1555864285714286,TP,1,1.5000000000002511,1.5477386934674584,-0.1758793969845301,1.0,0.3517587939698802,1.5000000000002511,1.148241206030371,-6.124072376148491,-6.871384204104991
D_M1_Structure_Break,m1_structure_break_D,74,UP,2025-10-15 09:22:00,2025-10-15 09:23:00,39298,1.16169,1.93571428571412,1.1614964285714284,1.161980357142857,2025-10-15 09:27:00,1.161980357142857,TP,4,1.5000000000003686,1.9630996309967204,-0.4649446494461389,1.0,0.5166051660517047,1.5000000000003686,0.9833948339486639,-5.1406775421998265,-5.887989370156326
D_M1_Structure_Break,m1_structure_break_D,76,UP,2025-10-16 04:10:00,2025-10-16 04:11:00,40422,1.16586,2.850000000000114,1.1655749999999998,1.1662875,2025-10-16 04:12:00,1.1655749999999998,SL,1,-1.0000000000002782,0.035087719298474,-1.2280701754380223,1.0,0.3508771929824421,-1.0000000000002782,-1.3508771929827204,-6.491554735182547,-7.238866563139046
D_M1_Structure_Break,m1_structure_break_D,79,DOWN,2025-10-20 01:51:00,2025-10-20 01:52:00,43161,1.16727,0.8428571428569549,1.1673542857142858,1.1671435714285714,2025-10-20 01:58:00,1.1673542857142858,SL,6,-1.0000000000007527,1.4237288135610635,-1.1864406779662355,1.0,1.1864406779663663,-1.0000000000007527,-2.186440677967119,-8.677995413149667,-9.425307241106166
D_M1_Structure_Break,m1_structure_break_D,81,DOWN,2025-10-20 21:12:00,2025-10-20 21:13:00,44311,1.16509,0.957142857142942,1.1651857142857145,1.1649464285714286,2025-10-20 21:15:00,1.1649464285714286,TP,2,1.4999999999990885,1.985074626864581,0.0,1.0,1.0447761194028924,1.4999999999990885,0.4552238805961961,-8.22277153255347,-8.97008336050997
D_M1_Structure_Break,m1_structure_break_D,83,DOWN,2025-10-22 01:57:00,2025-10-22 01:58:00,46033,1.16129,1.021428571428126,1.1613921428571428,1.1611367857142858,2025-10-22 02:00:00,1.1613921428571428,SL_AND_TP_SAME_BAR_SL_FIRST,2,-1.0000000000001552,4.797202797203709,-1.07692307692408,1.0,0.9790209790214061,-1.0000000000001552,-1.9790209790215614,-10.201792511575032,-10.949104339531532
D_M1_Structure_Break,m1_structure_break_D,87,DOWN,2025-10-23 04:33:00,2025-10-23 04:34:00,47618,1.16015,1.1928571428568688,1.1602692857142858,1.1599710714285716,2025-10-23 04:40:00,1.1599710714285716,TP,6,1.4999999999991356,1.592814371257117,-0.3353293413177776,1.0,0.8383233532936057,1.4999999999991356,0.6616766467055298,-9.540115864869502,-10.287427692826002
D_M1_Structure_Break,m1_structure_break_D,89,DOWN,2025-10-23 20:53:00,2025-10-23 20:54:00,48593,1.16184,0.7785714285717711,1.1619178571428572,1.161723214285714,2025-10-23 21:00:00,1.161723214285714,TP,6,1.500000000001222,1.7981651376142602,-0.642201834863458,1.0,1.2844036697242056,1.500000000001222,0.2155963302770163,-9.324519534592485,-10.071831362548984
D_M1_Structure_Break,m1_structure_break_D,93,DOWN,2025-10-26 20:31:00,2025-10-26 20:32:00,50065,1.16437,1.257142857142687,1.1644957142857142,1.1641814285714285,2025-10-26 20:36:00,1.1641814285714285,TP,4,1.5000000000001892,2.1477272727275034,-0.9545454545465384,1.0,0.7954545454546531,1.5000000000001892,0.7045454545455361,-8.61997408004695,-9.36728590800345
D_M1_Structure_Break,m1_structure_break_D,97,DOWN,2025-10-28 12:23:00,2025-10-28 12:24:00,52453,1.16641,1.7357142857140786,1.1665835714285713,1.1661496428571427,2025-10-28 12:35:00,1.1665835714285713,SL,11,-0.999999999999543,1.2098765432102714,-1.3827160493829844,1.0,0.5761316872428671,-0.999999999999543,-1.5761316872424103,-10.19610576728936,-10.94341759524586
D_M1_Structure_Break,m1_structure_break_D,105,DOWN,2025-10-31 05:16:00,2025-10-31 05:17:00,56336,1.15714,1.3357142857144717,1.1572735714285716,1.1569396428571428,2025-10-31 05:20:00,1.1569396428571428,TP,3,1.5000000000007123,2.1711229946530284,0.0,1.0,0.7486631016041738,1.5000000000007123,0.7513368983965385,-9.44476886889282,-10.19208069684932
D_M1_Structure_Break,m1_structure_break_D,114,UP,2025-11-05 02:37:00,2025-11-05 02:38:00,60424,1.14894,1.1000000000003864,1.14883,1.149105,2025-11-05 02:45:00,1.14883,SL,7,-1.000000000000144,1.3636363636347248,-1.545454545454034,1.0,0.9090909090905898,-1.000000000000144,-1.9090909090907338,-11.353859777983555,-12.101171605940054
D_M1_Structure_Break,m1_structure_break_D,116,UP,2025-11-05 09:17:00,2025-11-05 09:18:00,60824,1.14806,1.628571428571154,1.147897142857143,1.1483042857142858,2025-11-05 09:18:00,1.1483042857142858,TP,0,1.500000000000146,1.5350877192976535,0.0,1.0,0.6140350877194019,1.500000000000146,0.8859649122807443,-10.46789486570281,-11.21520669365931
D_M1_Structure_Break,m1_structure_break_D,118,UP,2025-11-07 01:46:00,2025-11-07 01:47:00,63243,1.15339,0.7928571428572617,1.1533107142857142,1.1535089285714286,2025-11-07 01:49:00,1.1533107142857142,SL,2,-1.0,0.6306306306318669,-2.6486486486459992,1.0,1.261261261261072,-1.0,-2.261261261261072,-12.729156126963883,-13.476467954920382
D_M1_Structure_Break,m1_structure_break_D,128,UP,2025-11-12 20:31:00,2025-11-12 20:32:00,68663,1.15829,1.1785714285712194,1.158172142857143,1.1584667857142856,2025-11-12 20:38:00,1.1584667857142856,TP,6,1.4999999999991926,1.781818181818867,-0.0848484848490557,1.0,0.848484848484999,1.4999999999991926,0.6515151515141936,-12.07764097544969,-12.82495280340619
D_M1_Structure_Break,m1_structure_break_D,151,DOWN,2025-11-21 03:42:00,2025-11-21 03:43:00,77713,1.15457,2.964285714285784,1.1548664285714287,1.1541253571428571,2025-11-21 03:44:00,1.1548664285714287,SL,1,-1.000000000000214,0.202409638554789,-1.1807228915657326,1.0,0.3373493975903535,-1.000000000000214,-1.3373493975905675,-13.414990373040256,-14.162302200996756
D_M1_Structure_Break,m1_structure_break_D,153,DOWN,2025-11-21 16:34:00,2025-11-21 16:35:00,78485,1.15133,0.7785714285714538,1.1514078571428572,1.1512132142857143,2025-11-21 16:40:00,1.1514078571428572,SL,4,-1.0000000000012224,0.8990825688074965,-1.1559633027541252,1.0,1.284403669724729,-1.0000000000012224,-2.2844036697259513,-15.699394042766208,-16.44670587072271
D_M1_Structure_Break,m1_structure_break_D,159,DOWN,2025-11-24 22:18:00,2025-11-24 22:19:00,80257,1.15253,0.6499999999999759,1.152595,1.1524325,2025-11-24 22:21:00,1.1524325,TP,2,1.500000000001342,1.8461538461557607,-0.6153846153852536,1.0,1.5384615384615954,1.500000000001342,-0.03846153846025335,-15.73785558122646,-16.48516740918296
D_M1_Structure_Break,m1_structure_break_D,160,UP,2025-11-25 00:52:00,2025-11-25 00:53:00,80411,1.15156,0.6214285714282016,1.1514978571428571,1.151653214285714,2025-11-25 00:56:00,1.151653214285714,TP,3,1.4999999999992342,2.4137931034512325,0.0,1.0,1.6091954022998083,1.4999999999992342,-0.10919540230057412,-15.847050983527035,-16.594362811483535
D_M1_Structure_Break,m1_structure_break_D,162,UP,2025-11-26 09:16:00,2025-11-26 09:17:00,82352,1.15563,2.1785714285714266,1.1554121428571429,1.1559567857142856,2025-11-26 09:20:00,1.1559567857142856,TP,3,1.4999999999998543,1.5147540983614076,-0.2295081967207768,1.0,0.45901639344262335,1.4999999999998543,1.0409836065572309,-14.806067376969803,-15.553379204926303
D_M1_Structure_Break,m1_structure_break_D,164,UP,2025-11-27 04:43:00,2025-11-27 04:44:00,83515,1.15814,1.0357142857145685,1.1580364285714284,1.1582953571428571,2025-11-27 04:46:00,1.1580364285714284,SL,2,-1.0000000000007654,0.9655172413789403,-1.9310344827578807,1.0,0.9655172413790467,-1.0000000000007654,-1.965517241379812,-16.771584618349618,-17.51889644630612
D_M1_Structure_Break,m1_structure_break_D,168,UP,2025-11-30 17:28:00,2025-11-30 17:29:00,85675,1.15952,0.9142857142853598,1.1594285714285717,1.159657142857143,2025-11-30 17:30:00,1.1594285714285717,SL,1,-1.000000000001041,0.3281249999998482,-1.0937500000027325,1.0,1.093750000000424,-1.000000000001041,-2.093750000001465,-18.86533461835108,-19.612646446307583
D_M1_Structure_Break,m1_structure_break_D,170,UP,2025-11-30 22:18:00,2025-11-30 22:19:00,85965,1.15932,1.057142857142804,1.1592142857142855,1.1594785714285714,2025-11-30 22:21:00,1.1594785714285714,TP,2,1.5000000000003002,1.6081081081082218,0.0,1.0,0.9459459459459935,1.5000000000003002,0.5540540540543067,-18.311280564296773,-19.058592392253274
D_M1_Structure_Break,m1_structure_break_D,176,UP,2025-12-02 12:14:00,2025-12-02 12:15:00,88226,1.15959,1.7642857142853772,1.1594135714285714,1.1598546428571428,2025-12-02 12:21:00,1.1598546428571428,TP,6,1.5000000000004945,1.6437246963572891,-0.7935222672055351,1.0,0.5668016194333066,1.5000000000004945,0.9331983805671878,-17.378082183729585,-18.125394011686087
D_M1_Structure_Break,m1_structure_break_D,178,UP,2025-12-03 04:08:00,2025-12-03 04:09:00,89174,1.16433,1.721428571428588,1.1641578571428572,1.1645882142857145,2025-12-03 04:18:00,1.1641578571428572,SL,9,-0.999999999999908,1.0456431535260715,-1.0456431535273616,1.0,0.5809128630705338,-0.999999999999908,-1.5809128630704419,-18.958995046800027,-19.706306874756528
D_M1_Structure_Break,m1_structure_break_D,188,UP,2025-12-09 03:22:00,2025-12-09 03:23:00,94873,1.16405,1.3500000000001209,1.163915,1.1642525,2025-12-09 03:25:00,1.1642525,TP,2,1.500000000000646,1.85185185185066,-0.5185185185185794,1.0,0.7407407407406744,1.500000000000646,0.7592592592599715,-18.199735787540057,-18.947047615496558
D_M1_Structure_Break,m1_structure_break_D,190,UP,2025-12-09 10:24:00,2025-12-09 10:25:00,95295,1.1632,2.328571428571933,1.1629671428571429,1.1635492857142855,2025-12-09 10:30:00,1.1635492857142855,TP,5,1.4999999999996936,1.8036809815950745,-0.944785276073883,1.0,0.4294478527606431,1.4999999999996936,1.0705521472390505,-17.129183640301008,-17.87649546825751
D_M1_Structure_Break,m1_structure_break_D,192,UP,2025-12-11 01:42:00,2025-12-11 01:43:00,97648,1.16864,0.9357142857142302,1.1685464285714284,1.168780357142857,2025-12-11 01:57:00,1.168780357142857,TP,14,1.4999999999995763,2.030534351146596,-0.4274809160286142,1.0,1.0687022900763992,1.4999999999995763,0.4312977099231772,-16.69788593037783,-17.44519775833433
D_M1_Structure_Break,m1_structure_break_D,198,UP,2025-12-15 03:30:00,2025-12-15 03:31:00,100632,1.17341,1.3285714285714092,1.173277142857143,1.1736092857142857,2025-12-15 03:31:00,1.1736092857142857,TP,0,1.4999999999993434,2.032258064516102,0.0,1.0,0.7526881720430217,1.4999999999993434,0.7473118279563217,-15.950574102421507,-16.697885930378007
D_M1_Structure_Break,m1_structure_break_D,202,UP,2025-12-15 21:05:00,2025-12-15 21:06:00,101682,1.17524,1.3214285714283465,1.1751078571428573,1.1754382142857145,2025-12-15 21:26:00,1.1754382142857145,TP,20,1.49999999999964,1.740540540540477,-0.5297297297299296,1.0,0.7567567567568856,1.49999999999964,0.7432432432427545,-15.207330859178754,-15.954642687135253
D_M1_Structure_Break,m1_structure_break_D,204,UP,2025-12-16 02:31:00,2025-12-16 02:32:00,102007,1.17506,1.1500000000002382,1.174945,1.1752325,2025-12-16 02:35:00,1.174945,SL,3,-1.0000000000005516,0.7826086956513464,-1.4782608695649415,1.0,0.8695652173911242,-1.0000000000005516,-1.869565217391676,-17.076896076570428,-17.82420790452693
D_M1_Structure_Break,m1_structure_break_D,216,UP,2025-12-22 02:12:00,2025-12-22 02:13:00,107728,1.17167,1.4285714285711126,1.1715271428571428,1.1718842857142855,2025-12-22 02:17:00,1.1715271428571428,SL,4,-1.0000000000007772,0.560000000000684,-1.4000000000001551,1.0,0.7000000000001548,-1.0000000000007772,-1.7000000000009319,-18.77689607657136,-19.524207904527863
D_M1_Structure_Break,m1_structure_break_D,218,UP,2025-12-23 10:59:00,2025-12-23 11:00:00,109693,1.17742,2.5285714285716576,1.1771671428571429,1.1777992857142856,2025-12-23 11:22:00,1.1777992857142856,TP,22,1.4999999999997804,1.6610169491527358,-0.1977401129938715,1.0,0.3954802259886647,1.4999999999997804,1.1045197740111157,-17.672376302560245,-18.419688130516747
D_M1_Structure_Break,m1_structure_break_D,222,UP,2025-12-25 17:08:00,2025-12-25 17:09:00,111697,1.17816,2.721428571428478,1.1778878571428573,1.1785682142857143,2025-12-25 17:52:00,1.1778878571428573,SL,42,-0.9999999999999416,0.293963254592664,-1.7270341207356747,1.0,0.36745406824148247,-0.9999999999999416,-1.367454068241424,-19.03983037080167,-19.787142198758172
D_M1_Structure_Break,m1_structure_break_D,230,UP,2025-12-29 12:43:00,2025-12-29 12:44:00,114302,1.17528,1.1428571428574927,1.1751657142857144,1.1754514285714288,2025-12-29 12:48:00,1.1751657142857144,SL,4,-0.9999999999998612,0.5249999999993928,-1.4000000000009716,1.0,0.8749999999997321,-0.9999999999998612,-1.8749999999995932,-20.914830370801262,-21.662142198757763
D_M1_Structure_Break,m1_structure_break_D,234,UP,2025-12-31 10:30:00,2025-12-31 10:31:00,117029,1.17296,1.914285714285408,1.1727685714285714,1.1732471428571427,2025-12-31 10:32:00,1.1732471428571427,TP,1,1.4999999999994618,1.9328358208957348,-0.1567164179103395,1.0,0.5223880597015761,1.4999999999994618,0.9776119402978857,-19.93721843050338,-20.68453025845988
D_M1_Structure_Break,m1_structure_break_D,240,UP,2026-01-05 08:55:00,2026-01-05 08:56:00,119802,1.16708,1.7928571428571516,1.1669007142857142,1.1673489285714285,2026-01-05 08:57:00,1.1673489285714285,TP,1,1.5,1.8406374502001064,-0.3904382470107926,1.0,0.5577689243027861,1.5,0.9422310756972139,-18.994987354806163,-19.742299182762665
D_M1_Structure_Break,m1_structure_break_D,242,UP,2026-01-05 19:55:00,2026-01-05 19:56:00,120460,1.17147,0.992857142856986,1.1713707142857144,1.1716189285714285,2026-01-05 19:59:00,1.1716189285714285,TP,3,1.4999999999990414,2.1151079136698367,-0.7050359712232789,1.0,1.0071942446044757,1.4999999999990414,0.4928057553945657,-18.502181599411596,-19.249493427368098
D_M1_Structure_Break,m1_structure_break_D,252,UP,2026-01-09 10:34:00,2026-01-09 10:35:00,125639,1.16324,2.614285714285553,1.1629785714285714,1.1636321428571428,2026-01-09 10:35:00,1.1636321428571428,TP,0,1.4999999999996056,1.530054644808669,0.0,1.0,0.38251366120220937,1.4999999999996056,1.1174863387973963,-17.3846952606142,-18.132007088570703
D_M1_Structure_Break,m1_structure_break_D,264,UP,2026-01-18 17:30:00,2026-01-18 17:31:00,133229,1.15807,0.9428571428571342,1.157975714285714,1.1582114285714284,2026-01-18 17:32:00,1.157975714285714,SL,1,-1.0000000000011775,0.742424242424403,-1.5909090909077528,1.0,1.0606060606060703,-1.0000000000011775,-2.060606060607248,-19.44530132122145,-20.19261314917795
D_M1_Structure_Break,m1_structure_break_D,266,UP,2026-01-19 04:38:00,2026-01-19 04:39:00,133897,1.16203,1.285714285714303,1.1619014285714284,1.162222857142857,2026-01-19 04:42:00,1.162222857142857,TP,3,1.4999999999996911,1.9444444444450677,-0.7777777777776816,1.0,0.7777777777777674,1.4999999999996911,0.7222222222219238,-18.723079098999527,-19.47039092695603
D_M1_Structure_Break,m1_structure_break_D,268,UP,2026-01-19 19:54:00,2026-01-19 19:55:00,134794,1.16365,1.007142857143111,1.1635492857142855,1.1638010714285716,2026-01-19 19:57:00,1.1638010714285716,TP,2,1.5000000000004725,3.574468085104648,-0.397163120567673,1.0,0.9929078014181896,1.5000000000004725,0.5070921985822829,-18.215986900417242,-18.963298728373744
D_M1_Structure_Break,m1_structure_break_D,274,UP,2026-01-21 18:51:00,2026-01-21 18:52:00,137609,1.16735,0.8571428571429214,1.167264285714286,1.1674785714285716,2026-01-21 18:53:00,1.1674785714285716,TP,1,1.5000000000004623,1.9833333333306349,0.0,1.0,1.1666666666665793,1.5000000000004623,0.33333333333388304,-17.88265356708336,-18.62996539503986
D_M1_Structure_Break,m1_structure_break_D,276,UP,2026-01-23 03:34:00,2026-01-23 03:35:00,139566,1.17374,1.9571428571429903,1.1735442857142857,1.1740335714285717,2026-01-23 03:41:00,1.1740335714285717,TP,6,1.5,2.197080291970298,-0.7664233576646642,1.0,0.5109489051094543,1.5,0.9890510948905457,-16.893602472192814,-17.640914300149316
D_M1_Structure_Break,m1_structure_break_D,280,UP,2026-01-27 03:58:00,2026-01-27 03:59:00,142468,1.18604,1.6142857142858218,1.1858785714285711,1.1862821428571428,2026-01-27 04:06:00,1.1862821428571428,TP,7,1.499999999999902,1.7964601769917956,-0.9911504424774258,1.0,0.6194690265486313,1.499999999999902,0.8805309734512707,-16.013071498741542,-16.760383326698044
D_M1_Structure_Break,m1_structure_break_D,284,UP,2026-01-28 14:15:00,2026-01-28 14:16:00,144523,1.19141,6.214285714285664,1.1907885714285715,1.192342142857143,2026-01-28 14:21:00,1.1907885714285715,SL,5,-0.9999999999999746,0.3057471264366432,-1.2229885057472876,1.0,0.16091954022988636,-0.9999999999999746,-1.1609195402298609,-17.173991038971405,-17.921302866927906
D_M1_Structure_Break,m1_structure_break_D,299,DOWN,2026-02-04 03:30:00,2026-02-04 03:31:00,151065,1.18274,1.9428571428571824,1.1829342857142855,1.1824485714285713,2026-02-04 03:37:00,1.1824485714285713,TP,6,1.5000000000001634,1.5441176470586222,-0.9264705882356304,1.0,0.5147058823529307,1.5000000000001634,0.9852941176472327,-16.188696921324173,-16.936008749280674
D_M1_Structure_Break,m1_structure_break_D,315,DOWN,2026-02-10 09:47:00,2026-02-10 09:48:00,157195,1.1913,3.3214285714287604,1.1916321428571428,1.1908017857142856,2026-02-10 09:58:00,1.1916321428571428,SL,10,-0.9999999999997136,1.4451612903226063,-1.234408602150532,1.0,0.30107526881718716,-0.9999999999997136,-1.3010752688169007,-17.48977219014107,-18.237084018097573
D_M1_Structure_Break,m1_structure_break_D,319,DOWN,2026-02-11 21:18:00,2026-02-11 21:19:00,159318,1.1881,0.9785714285714951,1.188197857142857,1.1879532142857143,2026-02-11 21:21:00,1.1879532142857143,TP,2,1.4999999999988656,1.73722627737218,-0.6131386861330929,1.0,1.0218978102189087,1.4999999999988656,0.4781021897799569,-17.011670000361114,-17.758981828317616
D_M1_Structure_Break,m1_structure_break_D,323,DOWN,2026-02-12 20:25:00,2026-02-12 20:26:00,160703,1.18648,1.435714285714651,1.1866235714285716,1.1862646428571428,2026-02-12 20:33:00,1.1866235714285716,SL,7,-1.0000000000007734,1.1840796019897728,-1.4626865671641098,1.0,0.6965174129351461,-1.0000000000007734,-1.6965174129359195,-18.708187413297033,-19.455499241253534
D_M1_Structure_Break,m1_structure_break_D,327,DOWN,2026-02-16 01:59:00,2026-02-16 02:00:00,162476,1.1866,0.6357142857141681,1.1866635714285716,1.186504642857143,2026-02-16 02:03:00,1.186504642857143,TP,3,1.4999999999983782,2.831460674158912,-0.3146067415716601,1.0,1.5730337078654595,1.4999999999983782,-0.0730337078670813,-18.781221121164116,-19.528532949120617
D_M1_Structure_Break,m1_structure_break_D,329,DOWN,2026-02-16 03:22:00,2026-02-16 03:23:00,162559,1.18659,1.5214285714288638,1.186742142857143,1.1863617857142856,2026-02-16 03:23:00,1.1863617857142856,TP,0,1.500000000000469,2.826291079811206,-0.0657276995309344,1.0,0.657276995305038,1.500000000000469,0.8427230046954309,-17.938498116468686,-18.685809944425188
D_M1_Structure_Break,m1_structure_break_D,331,DOWN,2026-02-17 04:49:00,2026-02-17 04:50:00,164050,1.18451,1.071428571428612,1.1846171428571428,1.1843492857142857,2026-02-17 04:52:00,1.1846171428571428,SL,2,-1.0,0.0933333333318688,-1.9600000000003317,1.0,0.9333333333332979,-1.0,-1.933333333333298,-19.871831449801984,-20.619143277758486
D_M1_Structure_Break,m1_structure_break_D,335,DOWN,2026-02-18 08:22:00,2026-02-18 08:23:00,165701,1.18424,1.371428571428674,1.1843771428571428,1.1840342857142856,2026-02-18 08:25:00,1.1840342857142856,TP,2,1.5000000000004627,1.895833333332659,0.0,1.0,0.7291666666666121,1.5000000000004627,0.7708333333338506,-19.100998116468134,-19.848309944424635
D_M1_Structure_Break,m1_structure_break_D,342,UP,2026-02-20 03:26:00,2026-02-20 03:27:00,168275,1.17573,1.70714285714278,1.1755592857142856,1.1759860714285713,2026-02-20 03:28:00,1.1755592857142856,SL,1,-1.0000000000004643,0.1171548117162539,-1.8744769874470568,1.0,0.5857740585774324,-1.0000000000004643,-1.5857740585778966,-20.68677217504603,-21.434084003002532
D_M1_Structure_Break,m1_structure_break_D,344,UP,2026-02-20 10:27:00,2026-02-20 10:28:00,168696,1.17987,5.992857142857228,1.1792707142857142,1.1807689285714285,2026-02-20 10:32:00,1.1792707142857142,SL,4,-1.0000000000001323,0.7508939213350143,-1.0011918951131054,1.0,0.16686531585220263,-1.0000000000001323,-1.166865315852335,-21.853637490898365,-22.600949318854866
D_M1_Structure_Break,m1_structure_break_D,350,UP,2026-02-24 17:20:00,2026-02-24 17:22:00,171975,1.17736,0.1071428571429246,1.1773492857142858,1.1773760714285717,2026-02-24 17:23:00,1.1773492857142858,SL,1,-0.9999999999911188,0.0,-1.866666666656996,1.0,9.333333333327458,-0.9999999999911188,-10.333333333318576,-32.18697082421694,-32.934282652173444
D_M1_Structure_Break,m1_structure_break_D,352,UP,2026-02-25 06:47:00,2026-02-25 06:48:00,172779,1.17738,1.0428571428573137,1.1772757142857144,1.1775364285714287,2026-02-25 06:55:00,1.1775364285714287,TP,7,1.5000000000001517,1.5342465753416197,-0.863013698631391,1.0,0.9589041095888841,1.5000000000001517,0.5410958904112676,-31.645874933805672,-32.39318676176217
D_M1_Structure_Break,m1_structure_break_D,354,UP,2026-02-26 13:05:00,2026-02-26 13:06:00,174595,1.17779,1.4428571428570791,1.1776457142857142,1.1780064285714285,2026-02-26 13:07:00,1.1776457142857142,SL,1,-1.0,0.6930693069321863,-1.524752475246809,1.0,0.6930693069307237,-1.0,-1.6930693069307237,-33.338944240736396,-34.0862560686929
D_M1_Structure_Break,m1_structure_break_D,363,DOWN,2026-03-05 04:27:00,2026-03-05 04:28:00,181268,1.1627,5.378571428571772,1.1632378571428572,1.1618932142857143,2026-03-05 04:39:00,1.1618932142857143,TP,11,1.4999999999999114,2.082337317396964,-0.130146082337336,1.0,0.1859229747675844,1.4999999999999114,1.314077025232327,-32.02486721550407,-32.77217904346057
D_M1_Structure_Break,m1_structure_break_D,365,DOWN,2026-03-05 23:46:00,2026-03-05 23:47:00,182419,1.16165,0.7785714285716124,1.161727857142857,1.1615332142857144,2026-03-05 23:47:00,1.161727857142857,SL,0,-1.0000000000010183,0.0,-1.0275229357777491,1.0,1.2844036697244674,-1.0000000000010183,-2.284403669725486,-34.30927088522956,-35.05658271318606
D_M1_Structure_Break,m1_structure_break_D,371,DOWN,2026-03-10 12:40:00,2026-03-10 12:41:00,186133,1.16446,3.17142857142873,1.164777142857143,1.1639842857142857,2026-03-10 12:41:00,1.164777142857143,SL,0,-1.0000000000001,0.0,-1.2297297297293228,1.0,0.31531531531529955,-1.0000000000001,-1.3153153153153996,-35.624586200544954,-36.371898028501455
D_M1_Structure_Break,m1_structure_break_D,373,DOWN,2026-03-11 02:32:00,2026-03-11 02:33:00,186960,1.16264,2.757142857142839,1.1629157142857145,1.1622264285714283,2026-03-11 02:38:00,1.1622264285714283,TP,5,1.4999999999997122,2.3575129533672285,-0.3264248704668511,1.0,0.3626943005181371,1.4999999999997122,1.1373056994815751,-34.48728050106338,-35.23459232901988
D_M1_Structure_Break,m1_structure_break_D,375,DOWN,2026-03-12 06:50:00,2026-03-12 06:51:00,188655,1.15575,2.107142857142863,1.1559607142857145,1.1554339285714286,2026-03-12 06:52:00,1.1554339285714286,TP,1,1.5000000000002631,2.1355932203392687,-0.0949152542368559,1.0,0.47457627118643936,1.5000000000002631,1.0254237288138237,-33.461856772249554,-34.209168600206056
D_M1_Structure_Break,m1_structure_break_D,377,DOWN,2026-03-12 20:31:00,2026-03-12 20:32:00,189475,1.15241,1.042857142857472,1.1525142857142856,1.152253571428571,2026-03-12 20:36:00,1.152253571428571,TP,4,1.499999999999924,2.3972602739705176,-0.767123287671758,1.0,0.9589041095887385,1.499999999999924,0.5410958904111856,-32.92076088183837,-33.66807270979487
D_M1_Structure_Break,m1_structure_break_D,379,DOWN,2026-03-13 09:02:00,2026-03-13 09:03:00,190226,1.14736,2.964285714285784,1.1476564285714286,1.146915357142857,2026-03-13 09:09:00,1.1476564285714286,SL,6,-1.000000000000214,0.5734939759036126,-1.1807228915664816,1.0,0.3373493975903535,-1.000000000000214,-1.3373493975905675,-34.25811027942894,-35.00542210738544
D_M1_Structure_Break,m1_structure_break_D,389,DOWN,2026-03-18 06:35:00,2026-03-18 06:36:00,194391,1.15378,4.064285714286171,1.1541864285714287,1.153170357142857,2026-03-18 06:42:00,1.1541864285714287,SL,6,-1.0000000000001952,0.9103690685411526,-1.1810193321616431,1.0,0.24604569420032388,-1.0000000000001952,-1.2460456942005191,-35.50415597362946,-36.25146780158596
D_M1_Structure_Break,m1_structure_break_D,391,DOWN,2026-03-18 21:45:00,2026-03-18 21:46:00,195301,1.14871,1.3642857142852942,1.1488464285714284,1.1485053571428572,2026-03-18 21:50:00,1.1485053571428572,TP,4,1.499999999999477,1.5392670157059714,-0.7329842931954897,1.0,0.732984293193943,1.499999999999477,0.7670157068055341,-34.73714026682392,-35.48445209478042
D_M1_Structure_Break,m1_structure_break_D,395,DOWN,2026-03-20 03:44:00,2026-03-20 03:45:00,197099,1.15747,1.8071428571428008,1.1576507142857142,1.1571989285714286,2026-03-20 03:45:00,1.1571989285714286,TP,0,1.499999999999956,2.3794466403158947,0.0,1.0,0.5533596837944836,1.499999999999956,0.9466403162054724,-33.790499950618454,-34.537811778574955
D_M1_Structure_Break,m1_structure_break_D,397,DOWN,2026-03-22 16:24:00,2026-03-22 16:25:00,197856,1.15378,0.5785714285717296,1.1538378571428571,1.1536932142857144,2026-03-22 16:30:00,1.1538378571428571,SL,5,-0.9999999999989037,1.3827160493833794,-1.0370370370356157,1.0,1.7283950617274957,-0.9999999999989037,-2.7283950617263995,-36.51889501234485,-37.26620684030135
D_M1_Structure_Break,m1_structure_break_D,401,DOWN,2026-03-24 02:26:00,2026-03-24 02:27:00,199896,1.16039,3.507142857142677,1.1607407142857142,1.1598639285714287,2026-03-24 02:32:00,1.1598639285714287,TP,5,1.4999999999997289,2.1955193482687734,-0.6843177189410233,1.0,0.2851323828920717,1.4999999999997289,1.2148676171076571,-35.30402739523719,-36.05133922319369
D_M1_Structure_Break,m1_structure_break_D,403,DOWN,2026-03-24 10:06:00,2026-03-24 10:07:00,200356,1.15878,5.357142857142901,1.1593157142857142,1.1579764285714285,2026-03-24 10:25:00,1.1593157142857142,SL,18,-1.0000000000000295,0.7466666666665782,-1.530666666666734,1.0,0.18666666666666512,-1.0000000000000295,-1.1866666666666947,-36.49069406190389,-37.23800588986039
D_M1_Structure_Break,m1_structure_break_D,407,DOWN,2026-03-25 03:46:00,2026-03-25 03:47:00,201415,1.16097,3.350000000000059,1.161305,1.1604675,2026-03-25 03:54:00,1.1604675,TP,7,1.5000000000001894,1.5223880597014967,-0.9253731343284388,1.0,0.2985074626865619,1.5000000000001894,1.2014925373136274,-35.28920152459026,-36.03651335254676
D_M1_Structure_Break,m1_structure_break_D,409,DOWN,2026-03-25 23:46:00,2026-03-25 23:47:00,202612,1.15701,0.5357142857144647,1.1570635714285715,1.156929642857143,2026-03-25 23:50:00,1.156929642857143,TP,3,1.4999999999995557,1.680000000002155,-0.9333333333308462,1.0,1.8666666666660432,1.4999999999995557,-0.3666666666664875,-35.65586819125675,-36.40318001921325
D_M1_Structure_Break,m1_structure_break_D,413,DOWN,2026-03-27 10:46:00,2026-03-27 10:47:00,204711,1.15335,2.6428571428576446,1.153614285714286,1.1529535714285717,2026-03-27 10:50:00,1.1529535714285717,TP,3,1.4999999999999398,1.551351351351138,-0.6810810810803726,1.0,0.37837837837830657,1.4999999999999398,1.1216216216216333,-34.534246569635116,-35.28155839759162
D_M1_Structure_Break,m1_structure_break_D,415,DOWN,2026-03-30 00:47:00,2026-03-30 00:48:00,205418,1.15176,0.6857142857146543,1.1518285714285714,1.1516571428571427,2026-03-30 00:48:00,1.1516571428571427,TP,0,1.4999999999997686,2.624999999996357,0.0,1.0,1.4583333333325494,1.4999999999997686,0.04166666666721919,-34.4925799029679,-35.2398917309244
D_M1_Structure_Break,m1_structure_break_D,417,DOWN,2026-03-30 17:27:00,2026-03-30 17:28:00,206418,1.14554,1.0214285714279672,1.1456421428571428,1.145386785714286,2026-03-30 17:28:00,1.1456421428571428,SL,0,-1.0000000000003106,0.1958041958034205,-1.0769230769242475,1.0,0.9790209790215582,-1.0000000000003106,-1.9790209790218687,-36.471600881989765,-37.21891270994627
D_M1_Structure_Break,m1_structure_break_D,423,DOWN,2026-04-01 21:24:00,2026-04-01 21:25:00,209526,1.15661,7.285714285714276,1.157338571428571,1.155517142857143,2026-04-01 21:31:00,1.155517142857143,TP,6,1.50000000000012,1.5784313725490002,-0.3843137254902761,1.0,0.1372549019607845,1.50000000000012,1.3627450980393354,-35.10885578395043,-35.85616761190693
D_M1_Structure_Break,m1_structure_break_D,429,DOWN,2026-04-03 07:11:00,2026-04-03 07:12:00,211531,1.15454,0.5714285714286671,1.1545971428571429,1.1544542857142857,2026-04-03 07:14:00,1.1544542857142857,TP,2,1.4999999999990286,2.449999999996211,-0.5250000000033515,1.0,1.7499999999997071,1.4999999999990286,-0.25000000000067857,-35.35885578395111,-36.10616761190761
D_M1_Structure_Break,m1_structure_break_D,431,DOWN,2026-04-03 16:28:00,2026-04-03 16:29:00,212080,1.15146,2.714285714285732,1.1517314285714284,1.151052857142857,2026-04-03 16:30:00,1.1517314285714284,SL,1,-0.9999999999996496,0.0368421052625809,-1.5105263157895428,1.0,0.36842105263157654,-0.9999999999996496,-1.3684210526312262,-36.727276836582334,-37.474588664538835
D_M1_Structure_Break,m1_structure_break_D,433,DOWN,2026-04-06 10:51:00,2026-04-06 10:52:00,213167,1.15539,3.849999999999528,1.1557749999999998,1.1548125,2026-04-06 10:54:00,1.1548125,TP,2,1.4999999999999176,1.5584415584415778,-0.5974025974031238,1.0,0.2597402597402916,1.4999999999999176,1.240259740259626,-35.48701709632271,-36.23432892427921
D_M1_Structure_Break,m1_structure_break_D,437,DOWN,2026-04-09 13:51:00,2026-04-09 13:52:00,217659,1.17147,1.5571428571425905,1.1716257142857145,1.1712364285714283,2026-04-09 13:55:00,1.1712364285714283,TP,3,1.500000000000713,1.541284403670104,0.0,1.0,0.6422018348624953,1.500000000000713,0.8577981651382177,-34.62921893118449,-35.37653075914099
D_M1_Structure_Break,m1_structure_break_D,441,DOWN,2026-04-13 02:27:00,2026-04-13 02:28:00,219851,1.16895,1.9142857142857248,1.1691414285714286,1.168662857142857,2026-04-13 02:36:00,1.168662857142857,TP,8,1.500000000000373,3.186567164179083,-0.4701492537321007,1.0,0.5223880597014897,1.500000000000373,0.9776119402988833,-33.651606990885604,-34.398918818842105
D_M1_Structure_Break,m1_structure_break_D,445,DOWN,2026-04-15 02:28:00,2026-04-15 02:29:00,222726,1.17914,1.3928571428572272,1.1792792857142858,1.1789310714285717,2026-04-15 02:31:00,1.1789310714285717,TP,2,1.5000000000002849,2.441025641025543,-0.5743589743579198,1.0,0.7179487179486745,1.5000000000002849,0.7820512820516103,-32.869555708834,-33.6168675367905
D_M1_Structure_Break,m1_structure_break_D,447,DOWN,2026-04-15 23:22:00,2026-04-15 23:23:00,223960,1.18157,0.992857142856986,1.1816692857142856,1.1814210714285716,2026-04-15 23:23:00,1.1816692857142856,SL,0,-0.999999999999361,0.0,-1.4100719424465578,1.0,1.0071942446044757,-0.999999999999361,-2.007194244603837,-34.87674995343783,-35.62406178139433
D_M1_Structure_Break,m1_structure_break_D,451,DOWN,2026-04-20 19:15:00,2026-04-20 19:16:00,228022,1.1786,0.6285714285715813,1.1786628571428572,1.1785057142857145,2026-04-20 19:19:00,1.1785057142857145,TP,3,1.5000000000013878,1.7500000000004416,0.0,1.0,1.5909090909087042,1.5000000000013878,-0.09090909090731647,-34.96765904434515,-35.71497087230165
D_M1_Structure_Break,m1_structure_break_D,453,DOWN,2026-04-21 10:55:00,2026-04-21 10:56:00,228962,1.17572,3.0214285714286984,1.176022142857143,1.1752667857142858,2026-04-21 10:57:00,1.1752667857142858,TP,1,1.5000000000000526,1.6548463356978826,-0.1323877068551839,1.0,0.330969267139466,1.5000000000000526,1.1690307328605867,-33.79862831148456,-34.545940139441065
D_M1_Structure_Break,m1_structure_break_D,455,DOWN,2026-04-22 01:39:00,2026-04-22 01:40:00,229843,1.17528,1.992857142857669,1.175479285714286,1.1749810714285716,2026-04-22 01:57:00,1.1749810714285716,TP,17,1.4999999999994826,1.6559139784950068,-0.6021505376337376,1.0,0.501792114695208,1.4999999999994826,0.9982078853042746,-32.80042042618029,-33.54773225413679
D_M1_Structure_Break,m1_structure_break_D,457,DOWN,2026-04-22 21:07:00,2026-04-22 21:08:00,231001,1.17103,1.1500000000005552,1.171145,1.1708575,2026-04-22 21:10:00,1.171145,SL,2,-1.0000000000002758,0.2608695652170435,-1.1304347826078325,1.0,0.8695652173908845,-1.0000000000002758,-1.8695652173911603,-34.66998564357145,-35.41729747152795
D_M1_Structure_Break,m1_structure_break_D,461,DOWN,2026-04-23 22:21:00,2026-04-23 22:22:00,232510,1.16829,0.7142857142856356,1.1683614285714286,1.1681828571428572,2026-04-23 22:22:00,1.1681828571428572,TP,0,1.500000000000222,1.9600000000006217,0.0,1.0,1.4000000000001542,1.500000000000222,0.10000000000006781,-34.56998564357138,-35.31729747152788
D_M1_Structure_Break,m1_structure_break_D,465,DOWN,2026-04-27 08:36:00,2026-04-27 08:37:00,234562,1.17464,1.3928571428572272,1.1747792857142856,1.1744310714285713,2026-04-27 08:41:00,1.1747792857142856,SL,4,-0.9999999999996584,0.7179487179485954,-1.0051282051283523,1.0,0.7179487179486745,-0.9999999999996584,-1.717948717948333,-36.28793436151972,-37.03524618947622
D_M1_Structure_Break,m1_structure_break_D,467,DOWN,2026-04-27 20:26:00,2026-04-27 20:27:00,235268,1.17224,0.8142857142854977,1.1723214285714283,1.1721178571428572,2026-04-27 20:27:00,1.1721178571428572,TP,0,1.4999999999989286,4.912280701755151,0.0,1.0,1.2280701754389232,1.4999999999989286,0.2719298245600055,-36.016004536959706,-36.76331636491621
D_M1_Structure_Break,m1_structure_break_D,469,DOWN,2026-04-28 20:17:00,2026-04-28 20:18:00,236684,1.17169,0.6714285714285292,1.1717571428571427,1.1715892857142856,2026-04-28 20:23:00,1.1715892857142856,TP,5,1.5000000000009448,3.127659574465622,-0.297872340427502,1.0,1.4893617021277532,1.5000000000009448,0.010638297873191593,-36.00536623908652,-36.75267806704302
D_M1_Structure_Break,m1_structure_break_D,471,DOWN,2026-04-29 07:14:00,2026-04-29 07:15:00,237340,1.17049,1.2071428571431524,1.1706107142857145,1.1703089285714283,2026-04-29 07:21:00,1.1706107142857145,SL,6,-0.9999999999994744,1.159763313609424,-1.2426035502944974,1.0,0.8284023668637027,-0.9999999999994744,-1.8284023668631773,-37.83376860594969,-38.581080433906195
D_M1_Structure_Break,m1_structure_break_D,473,DOWN,2026-04-29 20:27:00,2026-04-29 20:28:00,238128,1.16869,1.0785714285713577,1.1687978571428572,1.1685282142857143,2026-04-29 20:32:00,1.1685282142857143,TP,4,1.500000000000073,1.6688741721861795,-0.2781456953640202,1.0,0.9271523178808556,1.500000000000073,0.5728476821192174,-37.260920923830476,-38.00823275178698
D_M1_Structure_Break,m1_structure_break_D,480,UP,2026-05-05 01:21:00,2026-05-05 01:22:00,242725,1.16795,0.7857142857138819,1.167871428571429,1.168067857142857,2026-05-05 01:23:00,1.168067857142857,TP,1,1.4999999999996974,1.7818181818194665,-0.3818181818180534,1.0,1.2727272727279269,1.4999999999996974,0.2272727272717705,-37.03364819655871,-37.78096002451521
D_M1_Structure_Break,m1_structure_break_D,482,UP,2026-05-05 17:39:00,2026-05-05 17:40:00,243688,1.16929,0.2285714285716571,1.1692671428571428,1.1693242857142856,2026-05-05 17:46:00,1.1693242857142856,TP,3,1.499999999995837,3.9375000000024296,-0.4374999999927143,1.0,4.374999999995626,1.499999999995837,-2.8749999999997886,-39.908648196558495,-40.655960024515
D_M1_Structure_Break,m1_structure_break_D,486,UP,2026-05-07 03:05:00,2026-05-07 03:06:00,245677,1.17576,1.9357142857142784,1.1755664285714285,1.176050357142857,2026-05-07 03:07:00,1.1755664285714285,SL,1,-1.000000000000164,1.0332103321032111,-1.2915129151284404,1.0,0.5166051660516625,-1.000000000000164,-1.5166051660518267,-41.42525336261032,-42.17256519056682
D_M1_Structure_Break,m1_structure_break_D,488,UP,2026-05-07 17:14:00,2026-05-07 17:15:00,246526,1.1728,1.385714285714482,1.1726614285714283,1.1730078571428573,2026-05-07 17:32:00,1.1726614285714283,SL,17,-1.0000000000006868,1.0103092783505816,-2.309278350515844,1.0,0.7216494845359803,-1.0000000000006868,-1.721649484536667,-43.14690284714699,-43.89421467510349
D_M1_Structure_Break,m1_structure_break_D,502,UP,2026-05-17 21:09:00,2026-05-17 21:10:00,255185,1.16133,1.4500000000001416,1.161185,1.1615475,2026-05-17 21:13:00,1.161185,SL,3,-1.000000000000328,0.1379310344836487,-1.6551724137930657,1.0,0.6896551724137258,-1.000000000000328,-1.6896551724140538,-44.83655801956104,-45.58386984751754
D_M1_Structure_Break,m1_structure_break_D,504,UP,2026-05-18 15:18:00,2026-05-18 15:19:00,256274,1.16494,2.400000000000021,1.1647,1.1653,2026-05-18 15:24:00,1.1647,SL,5,-1.0000000000000662,0.6666666666664024,-1.4166666666666834,1.0,0.4166666666666631,-1.0000000000000662,-1.4166666666667291,-46.25322468622777,-47.00053651418427
D_M1_Structure_Break,m1_structure_break_D,506,UP,2026-05-20 10:28:00,2026-05-20 10:29:00,258852,1.16135,6.671428571428661,1.1606828571428571,1.1623507142857143,2026-05-20 10:31:00,1.1623507142857143,TP,2,1.4999999999999167,1.5588865096358482,-0.3447537473235973,1.0,0.14989293361884165,1.4999999999999167,1.350107066381075,-44.9031176198467,-45.6504294478032
D_M1_Structure_Break,m1_structure_break_D,514,UP,2026-05-22 10:30:00,2026-05-22 10:31:00,261596,1.15976,1.542857142856941,1.159605714285714,1.1599914285714283,2026-05-22 10:32:00,1.1599914285714283,TP,1,1.499999999999332,1.944444444445924,-0.1296296296290566,1.0,0.648148148148233,1.499999999999332,0.8518518518510991,-44.051265767995595,-44.798577595952096
D_M1_Structure_Break,m1_structure_break_D,516,UP,2026-05-25 03:32:00,2026-05-25 03:33:00,262378,1.16366,1.357142857142866,1.1635242857142856,1.1638635714285714,2026-05-25 03:34:00,1.1635242857142856,SL,1,-1.0000000000004676,1.031578947368628,-2.2105263157892154,1.0,0.7368421052631531,-1.0000000000004676,-1.7368421052636207,-45.788107873259214,-46.535419701215716
D_M1_Structure_Break,m1_structure_break_D,520,UP,2026-05-26 11:54:00,2026-05-26 11:55:00,264304,1.16207,1.2928571428572069,1.161940714285714,1.1622639285714285,2026-05-26 11:57:00,1.161940714285714,SL,2,-1.0000000000008584,0.6187845303873285,-1.392265193368913,1.0,0.7734806629833871,-1.0000000000008584,-1.7734806629842454,-47.56158853624346,-48.308900364199964
D_M1_Structure_Break,m1_structure_break_D,522,UP,2026-05-27 08:18:00,2026-05-27 08:19:00,265520,1.16432,2.271428571428544,1.1640928571428573,1.1646607142857144,2026-05-27 08:19:00,1.1640928571428573,SL_AND_TP_SAME_BAR_SL_FIRST,0,-0.9999999999995808,1.5849056603770075,-1.2327044025159934,1.0,0.44025157232704937,-0.9999999999995808,-1.44025157232663,-49.00184010857009,-49.749151936526594
D_M1_Structure_Break,m1_structure_break_D,524,UP,2026-05-28 00:31:00,2026-05-28 00:32:00,266488,1.15894,1.078571428571516,1.1588321428571429,1.1591017857142858,2026-05-28 00:39:00,1.1591017857142858,TP,7,1.499999999999853,2.1324503311252143,-0.5562913907300174,1.0,0.9271523178807195,1.499999999999853,0.5728476821191335,-48.42899242645096,-49.17630425440746
D_M1_Structure_Break,m1_structure_break_D,530,UP,2026-06-01 10:16:00,2026-06-01 10:17:00,269936,1.16152,2.635714285714582,1.1612564285714286,1.161915357142857,2026-06-01 10:18:00,1.1612564285714286,SL,1,-1.0000000000000602,0.1897018970185067,-1.5934959349595004,1.0,0.37940379403789776,-1.0000000000000602,-1.379403794037958,-49.808396220488916,-50.55570804844542
D_M1_Structure_Break,m1_structure_break_D,531,DOWN,2026-06-02 09:08:00,2026-06-02 09:09:00,271297,1.16477,1.2285714285720228,1.1648928571428572,1.1645857142857143,2026-06-02 09:09:00,1.1648928571428572,SL,0,-0.9999999999990964,0.1627906976754063,-1.465116279067813,1.0,0.8139534883716993,-0.9999999999990964,-1.8139534883707957,-51.622349708859716,-52.36966153681622
D_M1_Structure_Break,m1_structure_break_D,537,DOWN,2026-06-05 05:42:00,2026-06-05 05:43:00,275393,1.16376,0.8642857142861424,1.1638464285714285,1.163630357142857,2026-06-05 05:43:00,1.1638464285714285,SL,0,-0.9999999999998166,0.0,-1.2727272727272727,1.0,1.1570247933878566,-0.9999999999998166,-2.157024793387673,-53.779374502247386,-54.52668633020389
D_M1_Structure_Break,m1_structure_break_D,549,DOWN,2026-06-10 21:55:00,2026-06-10 21:56:00,280653,1.15533,0.9214285714282636,1.1554221428571427,1.1551917857142855,2026-06-10 21:56:00,1.1554221428571427,SL,0,-0.9999999999993116,0.0,-1.193798449613393,1.0,1.08527131782982,-0.9999999999993116,-2.0852713178291316,-55.86464582007652,-56.61195764803302
D_M1_Structure_Break,m1_structure_break_D,553,DOWN,2026-06-12 05:44:00,2026-06-12 05:45:00,282552,1.15856,1.492857142856455,1.1587092857142858,1.1583360714285715,2026-06-12 05:46:00,1.1587092857142858,SL,1,-1.0000000000006375,0.1339712918669681,-1.004784688994824,1.0,0.6698564593304522,-1.0000000000006375,-1.6698564593310898,-57.534502279407604,-58.281814107364106
D_M1_Structure_Break,m1_structure_break_D,557,DOWN,2026-06-15 10:02:00,2026-06-15 10:03:00,284249,1.16156,1.4285714285712712,1.1617028571428571,1.1613457142857142,2026-06-15 10:06:00,1.1617028571428571,SL,3,-1.000000000000666,0.2799999999987566,-1.4700000000004665,1.0,0.7000000000000771,-1.000000000000666,-1.7000000000007431,-59.23450227940835,-59.981814107364855
D_M1_Structure_Break,m1_structure_break_D,559,DOWN,2026-06-15 21:24:00,2026-06-15 21:25:00,284924,1.15892,0.9714285714287498,1.1590171428571427,1.1587742857142855,2026-06-15 21:26:00,1.1590171428571427,SL,1,-0.9999999999991838,0.0,-1.2352941176480674,1.0,1.0294117647056933,-0.9999999999991838,-2.029411764704877,-61.26391404411323,-62.01122587206973
D_M1_Structure_Break,m1_structure_break_D,565,DOWN,2026-06-18 02:49:00,2026-06-18 02:50:00,288119,1.15221,2.2928571428567794,1.1524392857142856,1.1518660714285711,2026-06-18 03:00:00,1.1518660714285711,TP,10,1.5000000000004494,1.5264797507784056,-0.2616822429904731,1.0,0.43613707165115945,1.5000000000004494,1.06386292834929,-60.20005111576394,-60.94736294372044
D_M1_Structure_Break,m1_structure_break_D,567,DOWN,2026-06-18 11:14:00,2026-06-18 11:15:00,288624,1.14783,2.107142857143021,1.1480407142857143,1.1475139285714284,2026-06-18 11:15:00,1.1480407142857143,SL,0,-1.000000000000452,0.0,-1.1864406779664054,1.0,0.4745762711864038,-1.000000000000452,-1.474576271186856,-61.674627386950796,-62.4219392149073
D_M1_Structure_Break,m1_structure_break_D,569,DOWN,2026-06-19 15:12:00,2026-06-19 15:13:00,290296,1.14771,0.6357142857141681,1.1477735714285715,1.147614642857143,2026-06-19 15:30:00,1.1477735714285715,SL,17,-1.0000000000012474,0.4719101123592366,-1.1011235955060497,1.0,1.5730337078654595,-1.0000000000012474,-2.573033707866707,-64.2476610948175,-64.994972922774
D_M1_Structure_Break,m1_structure_break_D,571,DOWN,2026-06-22 06:23:00,2026-06-22 06:24:00,291200,1.14571,1.3500000000002794,1.145845,1.1455075,2026-06-22 06:24:00,1.145845,SL,0,-0.9999999999997652,0.0,-1.111111111111581,1.0,0.7407407407405874,-0.9999999999997652,-1.7407407407403526,-65.98840183555785,-66.73571366351435
D_M1_Structure_Break,m1_structure_break_D,573,DOWN,2026-06-22 22:34:00,2026-06-22 22:35:00,292164,1.14285,0.6857142857144957,1.1429185714285717,1.1427471428571427,2026-06-22 22:35:00,1.1429185714285717,SL,0,-1.0000000000011564,0.0,-1.60416666666697,1.0,1.4583333333328867,-1.0000000000011564,-2.458333333334043,-68.44673516889189,-69.19404699684839
D_M1_Structure_Break,m1_structure_break_D,575,DOWN,2026-06-23 03:33:00,2026-06-23 03:34:00,292463,1.14247,2.514285714285532,1.1427214285714289,1.1420928571428572,2026-06-23 03:40:00,1.1420928571428572,TP,6,1.5000000000000948,1.948863636364181,-0.9943181818177028,1.0,0.3977272727273015,1.5000000000000948,1.1022727272727932,-67.3444624416191,-68.0917742695756
D_M1_Structure_Break,m1_structure_break_D,587,DOWN,2026-06-28 22:48:00,2026-06-28 22:49:00,297899,1.13885,0.6285714285714228,1.138912857142857,1.1387557142857143,2026-06-28 22:49:00,1.138912857142857,SL,0,-1.0,0.0,-1.1136363636366045,1.0,1.5909090909091055,-1.0,-2.5909090909091055,-69.93537153252821,-70.6826833604847
D_M1_Structure_Break,m1_structure_break_D,591,DOWN,2026-06-30 11:18:00,2026-06-30 11:19:00,300083,1.14235,2.1285714285715747,1.1425628571428572,1.1420307142857142,2026-06-30 11:32:00,1.1425628571428572,SL,13,-1.0000000000003726,0.9865771812081904,-1.127516778523497,1.0,0.46979865771808854,-1.0000000000003726,-1.4697986577184612,-71.40517019024666,-72.15248201820316
D_M1_Structure_Break,m1_structure_break_D,593,DOWN,2026-07-01 09:58:00,2026-07-01 09:59:00,301439,1.13936,3.414285714285877,1.1397014285714284,1.138847857142857,2026-07-01 10:00:00,1.1397014285714284,SL,1,-0.9999999999997212,0.2635983263595959,-2.577405857740439,1.0,0.292887029288689,-0.9999999999997212,-1.2928870292884103,-72.69805721953509,-73.44536904749158
D_M1_Structure_Break,m1_structure_break_D,600,UP,2026-07-06 10:14:00,2026-07-06 10:15:00,305745,1.14191,1.878571428571523,1.141722142857143,1.1421917857142858,2026-07-06 10:15:00,1.141722142857143,SL,0,-0.9999999999995778,0.3193916349807009,-1.2243346007601417,1.0,0.5323193916349542,-0.9999999999995778,-1.5323193916345321,-74.23037661116962,-74.97768843912611
D_M1_Structure_Break,m1_structure_break_D,606,UP,2026-07-08 12:00:00,2026-07-08 12:01:00,308711,1.13965,1.4428571428572377,1.1395057142857143,1.1398664285714286,2026-07-08 12:02:00,1.1395057142857143,SL,1,-0.99999999999989,0.2079207920790174,-1.2475247524756437,1.0,0.6930693069306475,-0.99999999999989,-1.6930693069305374,-75.92344591810016,-76.67075774605665
D_M1_Structure_Break,m1_structure_break_D,616,UP,2026-07-14 03:22:00,2026-07-14 03:23:00,313925,1.139,1.2999999999994762,1.13887,1.139195,2026-07-14 03:25:00,1.139195,TP,2,1.500000000000183,2.3076923076929834,-0.1538461538455156,1.0,0.7692307692310791,1.500000000000183,0.7307692307691038,-75.19267668733104,-75.93998851528754
D_M1_Structure_Break,m1_structure_break_D,618,UP,2026-07-14 17:21:00,2026-07-14 17:22:00,314762,1.14202,0.642857142857072,1.1419557142857144,1.1421164285714287,2026-07-14 17:23:00,1.1419557142857144,SL,1,-0.9999999999987664,0.4666666666663213,-1.2444444444458262,1.0,1.555555555555727,-0.9999999999987664,-2.5555555555544935,-77.74823224288554,-78.49554407084203
D_M1_Structure_Break,m1_structure_break_D,620,UP,2026-07-15 08:22:00,2026-07-15 08:23:00,315657,1.14112,1.6714285714282604,1.140952857142857,1.141370714285714,2026-07-15 08:24:00,1.141370714285714,TP,1,1.4999999999998577,1.615384615384871,0.0,1.0,0.5982905982907096,1.4999999999998577,0.901709401709148,-76.8465228411764,-77.59383466913289
D_M1_Structure_Break,m1_structure_break_D,636,UP,2026-07-22 17:48:00,2026-07-22 17:49:00,323368,1.14072,0.8428571428569549,1.1406357142857142,1.1408464285714286,2026-07-22 18:00:00,1.1408464285714286,TP,11,1.500000000001129,1.6610169491532567,-0.3559322033896072,1.0,1.1864406779663663,1.500000000001129,0.3135593220347628,-76.53296351914163,-77.28027534709813
D_M1_Structure_Break,m1_structure_break_D,640,UP,2026-07-24 02:14:00,2026-07-24 02:15:00,325302,1.138,1.1571428571425078,1.1378842857142857,1.1381735714285712,2026-07-24 02:17:00,1.1381735714285712,TP,2,1.4999999999995886,1.7283950617306454,-0.2592592592591171,1.0,0.8641975308644585,1.4999999999995886,0.63580246913513,-75.8971610500065,-76.644472877963
D_M1_Structure_Break,m1_structure_break_D,648,UP,2026-07-28 19:23:00,2026-07-28 19:24:00,329203,1.13851,0.5214285714283395,1.138457857142857,1.1385882142857142,2026-07-28 19:25:00,1.138457857142857,SL,1,-1.0000000000021292,0.0,-1.534246575340424,1.0,1.9178082191789352,-1.0000000000021292,-2.9178082191810644,-78.81496926918756,-79.56228109714405
D_M1_Structure_Break,m1_structure_break_D,652,UP,2026-07-30 04:02:00,2026-07-30 04:03:00,331159,1.14413,1.6285714285717885,1.143967142857143,1.1443742857142858,2026-07-30 04:06:00,1.1443742857142858,TP,3,1.4999999999995617,2.14912280701615,-0.3070175438602291,1.0,0.6140350877191625,1.4999999999995617,0.8859649122803992,-77.92900435690717,-78.67631618486367
D_M1_Structure_Break,m1_structure_break_D,656,UP,2026-07-31 09:54:00,2026-07-31 09:55:00,332949,1.14719,4.185714285714586,1.1467714285714286,1.1478178571428572,2026-07-31 09:59:00,1.1467714285714286,SL,4,-0.9999999999998104,0.7167235494879243,-1.3378839590440192,1.0,0.23890784982933438,-0.9999999999998104,-1.2389078498291448,-79.1679122067363,-79.9152240346928
D_M1_Structure_Break,m1_structure_break_D,657,DOWN,2026-08-02 18:34:00,2026-08-02 18:35:00,333468,1.1549,1.3000000000004277,1.15503,1.154705,2026-08-02 18:37:00,1.15503,SL,2,-0.99999999999939,0.0769230769235555,-1.0769230769229454,1.0,0.7692307692305161,-0.99999999999939,-1.7692307692299063,-80.93714297596621,-81.6844548039227
D_M1_Structure_Break,m1_structure_break_D,659,DOWN,2026-08-03 20:56:00,2026-08-03 20:57:00,335045,1.15059,1.1214285714283052,1.150702142857143,1.1504217857142858,2026-08-03 21:00:00,1.1504217857142858,TP,3,1.4999999999998586,2.2292993630585984,-0.4458598726125117,1.0,0.8917197452231416,1.4999999999998586,0.608280254776717,-80.3288627211895,-81.07617454914599
D_M1_Structure_Break,m1_structure_break_D,667,DOWN,2026-08-05 14:41:00,2026-08-05 14:42:00,337544,1.15543,0.8142857142854977,1.1555114285714283,1.1553078571428572,2026-08-05 14:45:00,1.1553078571428572,TP,3,1.4999999999989286,1.5964912280701515,-0.3684210526313636,1.0,1.2280701754389232,1.4999999999989286,0.2719298245600055,-80.05693289662949,-80.80424472458598
D_M1_Structure_Break,m1_structure_break_D,671,DOWN,2026-08-10 04:32:00,2026-08-10 04:33:00,341236,1.15625,0.7357142857143474,1.1563235714285711,1.1561396428571429,2026-08-10 04:35:00,1.1563235714285711,SL,2,-0.9999999999987064,1.35922330097061,-1.6310679611635248,1.0,1.35922330097076,-0.9999999999987064,-2.3592233009694663,-82.41615619759897,-83.16346802555546
D_M1_Structure_Break,m1_structure_break_D,673,DOWN,2026-08-10 20:57:00,2026-08-10 20:58:00,342216,1.15467,0.642857142857072,1.1547342857142855,1.1545735714285714,2026-08-10 21:00:00,1.1545735714285714,TP,2,1.5000000000016038,2.800000000001382,0.0,1.0,1.555555555555727,1.5000000000016038,-0.05555555555412317,-82.47171175315309,-83.21902358110958
D_M1_Structure_Break,m1_structure_break_D,679,DOWN,2026-08-12 20:45:00,2026-08-12 20:46:00,345060,1.15298,0.5857142857147922,1.1530385714285714,1.1528921428571426,2026-08-12 20:47:00,1.1528921428571426,TP,1,1.500000000001489,1.87804878048332,-0.170731707318044,1.0,1.7073170731692553,1.500000000001489,-0.20731707316776626,-82.67902882632085,-83.42634065427734
D_M1_Structure_Break,m1_structure_break_D,687,DOWN,2026-08-17 21:25:00,2026-08-17 21:26:00,349389,1.15801,1.0928571428570066,1.1581192857142857,1.1578460714285714,2026-08-17 21:27:00,1.1581192857142857,SL,1,-1.0,0.0,-1.5555555555557814,1.0,0.9150326797386762,-1.0,-1.915032679738676,-84.59406150605952,-85.34137333401601
D_M1_Structure_Break,m1_structure_break_D,691,DOWN,2026-08-18 20:31:00,2026-08-18 20:32:00,350771,1.15781,0.8999999999998691,1.1579,1.157675,2026-08-18 20:33:00,1.157675,TP,1,1.5000000000001763,3.444444444445306,0.0,1.0,1.1111111111112726,1.5000000000001763,0.3888888888889037,-84.20517261717062,-84.95248444512711
D_M1_Structure_Break,m1_structure_break_D,701,DOWN,2026-08-23 20:53:00,2026-08-23 20:54:00,355084,1.16832,0.7285714285716021,1.1683928571428572,1.1682107142857143,2026-08-23 20:55:00,1.1683928571428572,SL,1,-1.000000000000653,0.8235294117638096,-1.098039215687111,1.0,1.3725490196075163,-1.000000000000653,-2.3725490196081696,-86.57772163677879,-87.32503346473528
D_M1_Structure_Break,m1_structure_break_D,703,DOWN,2026-08-24 20:26:00,2026-08-24 20:27:00,356483,1.16679,0.5857142857143164,1.1668485714285717,1.166702142857143,2026-08-24 20:27:00,1.1668485714285717,SL,0,-1.0000000000005411,0.1707317073181827,-1.1951219512196969,1.0,1.7073170731706424,-1.0000000000005411,-2.7073170731711835,-89.28503870994997,-90.03235053790647
D_M1_Structure_Break,m1_structure_break_D,707,DOWN,2026-08-26 04:47:00,2026-08-26 04:48:00,358419,1.16723,0.8928571428572825,1.1673192857142858,1.1670960714285714,2026-08-26 04:48:00,1.1673192857142858,SL,0,-1.0000000000007103,0.0,-1.1199999999997017,1.0,1.119999999999825,-1.0000000000007103,-2.1200000000005352,-91.4050387099505,-92.152350537907
D_M1_Structure_Break,m1_structure_break_D,709,DOWN,2026-08-26 16:56:00,2026-08-26 16:57:00,359147,1.1653,0.3571428571428178,1.1653357142857144,1.1652464285714286,2026-08-26 16:57:00,1.1653357142857144,SL,0,-1.0000000000022204,0.5599999999975132,-1.9600000000006217,1.0,2.8000000000003085,-1.0000000000022204,-3.800000000002529,-95.20503870995304,-95.95235053790954
D_M1_Structure_Break,m1_structure_break_D,713,DOWN,2026-08-27 04:21:00,2026-08-27 04:22:00,359827,1.1652,1.028571428571347,1.1653028571428572,1.1650457142857142,2026-08-27 04:29:00,1.1650457142857142,TP,7,1.500000000000694,2.138888888890118,-0.8749999999993254,1.0,0.9722222222222994,1.500000000000694,0.5277777777783945,-94.67726093217465,-95.42457276013114
D_M1_Structure_Break,m1_structure_break_D,717,DOWN,2026-08-28 10:13:00,2026-08-28 10:14:00,361611,1.16134,7.292857142857497,1.1620692857142858,1.1602460714285714,2026-08-28 10:25:00,1.1602460714285714,TP,11,1.5000000000000326,1.5768854064641529,-0.3976493633690913,1.0,0.13712047012731948,1.5000000000000326,1.3628795298727132,-93.31438140230193,-94.06169323025843
D_M1_Structure_Break,m1_structure_break_D,723,DOWN,2026-08-31 20:46:00,2026-08-31 20:47:00,363677,1.16208,0.9071428571427732,1.1621707142857145,1.1619439285714286,2026-08-31 20:49:00,1.1619439285714286,TP,2,1.4999999999999998,1.874015748031708,-0.2204724409438989,1.0,1.1023622047245114,1.4999999999999998,0.39763779527548837,-92.91674360702645,-93.66405543498294
D_M1_Structure_Break,m1_structure_break_D,725,DOWN,2026-09-01 10:27:00,2026-09-01 10:28:00,364496,1.16028,1.4071428571424007,1.160420714285714,1.1600689285714283,2026-09-01 10:30:00,1.1600689285714283,TP,2,1.5000000000007323,1.847715736040689,-0.213197969543035,1.0,0.7106598984773879,1.5000000000007323,0.7893401015233444,-92.1274035055031,-92.87471533345959
D_M1_Structure_Break,m1_structure_break_D,727,DOWN,2026-09-01 18:53:00,2026-09-01 18:54:00,364998,1.15921,0.2428571428569892,1.1592342857142857,1.1591735714285716,2026-09-01 18:54:00,1.1592342857142857,SL,0,-0.9999999999954284,0.0,-1.23529411764679,1.0,4.117647058826135,-0.9999999999954284,-5.1176470588215635,-97.24505056432466,-97.99236239228115
E_Momentum_Continuation,momentum_E,14,UP,2025-09-15 02:49:00,2025-09-15 02:50:00,7343,1.17237,1.3714285714281984,1.172232857142857,1.172575714285714,2025-09-15 02:52:00,1.172575714285714,TP,2,1.4999999999993638,1.6041666666678978,-0.1458333333327093,1.0,0.729166666666865,1.4999999999993638,0.7708333333324988,0.7708333333324988,0.0
E_Momentum_Continuation,momentum_E,16,UP,2025-09-15 21:31:00,2025-09-15 21:32:00,8464,1.17602,1.064285714285391,1.1759135714285716,1.176179642857143,2025-09-15 21:37:00,1.176179642857143,TP,5,1.5000000000005955,1.5033557046978605,-0.657718120805705,1.0,0.939597315436527,1.5000000000005955,0.5604026845640685,1.3312360178965674,0.0
E_Momentum_Continuation,momentum_E,24,UP,2025-09-21 21:33:00,2025-09-21 21:34:00,14209,1.17367,1.621428571428409,1.1735078571428572,1.1739132142857145,2025-09-21 21:41:00,1.1735078571428572,SL,7,-0.9999999999996084,0.6167400881057207,-1.5418502202649864,1.0,0.6167400881057887,-0.9999999999996084,-1.6167400881053973,-0.28550407020882984,-1.6167400881053973
E_Momentum_Continuation,momentum_E,34,UP,2025-09-26 04:17:00,2025-09-26 04:18:00,20359,1.1681,1.7928571428571516,1.1679207142857142,1.1683689285714285,2025-09-26 04:18:00,1.1679207142857142,SL,0,-1.0,0.111553784861288,-1.1155378486054497,1.0,0.5577689243027861,-1.0,-1.5577689243027861,-1.843272994511616,-3.1745090124081834
E_Momentum_Continuation,momentum_E,36,UP,2025-09-26 07:16:00,2025-09-26 07:17:00,20538,1.16671,1.4285714285714295,1.1665671428571427,1.1669242857142856,2025-09-26 07:25:00,1.1665671428571427,SL,8,-1.0000000000005551,0.6999999999999225,-1.609999999999666,1.0,0.6999999999999995,-1.0000000000005551,-1.7000000000005546,-3.5432729945121704,-4.874509012408738
E_Momentum_Continuation,momentum_E,38,UP,2025-09-29 04:48:00,2025-09-29 04:49:00,21813,1.17202,1.1642857142854115,1.1719035714285717,1.1721946428571428,2025-09-29 04:51:00,1.1719035714285717,SL,2,-1.0000000000002724,1.0306748466251583,-1.202453987730623,1.0,0.8588957055216958,-1.0000000000002724,-1.8588957055219684,-5.402168700034139,-6.733404717930706
E_Momentum_Continuation,momentum_E,42,UP,2025-09-30 09:45:00,2025-09-30 09:46:00,23538,1.17348,2.135714285714796,1.1732664285714285,1.1738003571428572,2025-09-30 09:51:00,1.1738003571428572,TP,5,1.49999999999974,1.5451505016715976,-0.6086956521746363,1.0,0.46822742474905205,1.49999999999974,1.0317725752506879,-4.370396124783451,-5.701632142680018
E_Momentum_Continuation,momentum_E,46,UP,2025-10-01 12:58:00,2025-10-01 12:59:00,25166,1.1723,2.1714285714285224,1.172082857142857,1.1726257142857142,2025-10-01 13:02:00,1.1726257142857142,TP,3,1.499999999999927,1.7500000000002558,-0.1842105263149552,1.0,0.46052631578948405,1.499999999999927,1.0394736842104428,-3.3309224405730085,-4.662158458469576
E_Momentum_Continuation,momentum_E,50,UP,2025-10-03 01:36:00,2025-10-03 01:37:00,27354,1.17185,1.0857142857137856,1.1717414285714287,1.1720128571428572,2025-10-03 01:40:00,1.1717414285714287,SL,3,-0.9999999999997076,0.8289473684207296,-2.855263157896351,1.0,0.9210526315793717,-0.9999999999997076,-1.9210526315790792,-5.251975072152088,-6.583211090048655
E_Momentum_Continuation,momentum_E,60,UP,2025-10-08 13:02:00,2025-10-08 13:03:00,32348,1.16058,1.0142857142856978,1.1604785714285717,1.1607321428571429,2025-10-08 13:05:00,1.1604785714285717,SL,2,-0.9999999999990616,0.0,-2.8591549295765395,1.0,0.9859154929577625,-0.9999999999990616,-1.9859154929568241,-7.237890565108912,-8.56912658300548
E_Momentum_Continuation,momentum_E,64,UP,2025-10-10 03:04:00,2025-10-10 03:05:00,34614,1.15738,2.8857142857143168,1.1570914285714289,1.1578128571428572,2025-10-10 03:06:00,1.1570914285714289,SL,1,-0.9999999999999448,0.6584158415838479,-1.455445544554741,1.0,0.3465346534653428,-0.9999999999999448,-1.3465346534652876,-8.5844252185742,-9.915661236470768
E_Momentum_Continuation,momentum_E,68,UP,2025-10-12 18:38:00,2025-10-12 18:39:00,35547,1.1603,1.6285714285716295,1.160137142857143,1.1605442857142858,2025-10-12 18:45:00,1.160137142857143,SL,6,-0.9999999999998056,0.859649122805726,-1.4122807017552832,1.0,0.6140350877192224,-0.9999999999998056,-1.614035087719028,-10.198460306293228,-11.529696324189796
E_Momentum_Continuation,momentum_E,72,UP,2025-10-14 04:01:00,2025-10-14 04:02:00,37545,1.15516,2.842857142856893,1.1548757142857142,1.1555864285714286,2025-10-14 04:03:00,1.1555864285714286,TP,1,1.5000000000002511,1.5477386934674584,-0.1758793969845301,1.0,0.3517587939698802,1.5000000000002511,1.148241206030371,-9.050219100262856,-10.381455118159423
E_Momentum_Continuation,momentum_E,74,UP,2025-10-15 09:27:00,2025-10-15 09:28:00,39303,1.16206,1.8928571428570136,1.1618707142857143,1.1623439285714283,2025-10-15 09:32:00,1.1623439285714283,TP,4,1.499999999999455,2.113207547169723,-0.5811320754720257,1.0,0.5283018867924889,1.499999999999455,0.9716981132069662,-8.07852098705589,-9.409757004952457
E_Momentum_Continuation,momentum_E,76,UP,2025-10-16 04:15:00,2025-10-16 04:16:00,40427,1.16573,2.2142857142859462,1.1655085714285711,1.1660621428571427,2025-10-16 04:18:00,1.1655085714285711,SL,2,-1.0,0.3612903225809686,-1.716129032257094,1.0,0.45161290322575914,-1.0,-1.4516129032257592,-9.530133890281649,-10.861369908178215
E_Momentum_Continuation,momentum_E,79,DOWN,2025-10-20 01:51:00,2025-10-20 01:52:00,43161,1.16727,0.8428571428569549,1.1673542857142858,1.1671435714285714,2025-10-20 01:58:00,1.1673542857142858,SL,6,-1.0000000000007527,1.4237288135610635,-1.1864406779662355,1.0,1.1864406779663663,-1.0000000000007527,-2.186440677967119,-11.716574568248769,-13.047810586145335
E_Momentum_Continuation,momentum_E,81,DOWN,2025-10-20 21:22:00,2025-10-20 21:23:00,44321,1.16489,0.99999999999989,1.16499,1.16474,2025-10-20 21:29:00,1.16474,TP,6,1.50000000000111,2.400000000000444,-0.2999999999997779,1.0,1.0000000000001101,1.50000000000111,0.5000000000009999,-11.216574568247768,-12.547810586144337
E_Momentum_Continuation,momentum_E,83,DOWN,2025-10-22 01:57:00,2025-10-22 01:58:00,46033,1.16129,1.021428571428126,1.1613921428571428,1.1611367857142858,2025-10-22 02:00:00,1.1613921428571428,SL_AND_TP_SAME_BAR_SL_FIRST,2,-1.0000000000001552,4.797202797203709,-1.07692307692408,1.0,0.9790209790214061,-1.0000000000001552,-1.9790209790215614,-13.19559554726933,-14.526831565165896
E_Momentum_Continuation,momentum_E,87,DOWN,2025-10-23 04:46:00,2025-10-23 04:47:00,47631,1.15954,1.2285714285712297,1.159662857142857,1.1593557142857145,2025-10-23 04:49:00,1.159662857142857,SL,2,-0.999999999999742,0.5697674418606753,-1.6279069767442702,1.0,0.8139534883722248,-0.999999999999742,-1.8139534883719668,-15.009549035641296,-16.340785053537864
E_Momentum_Continuation,momentum_E,89,DOWN,2025-10-23 20:53:00,2025-10-23 20:54:00,48593,1.16184,0.7785714285717711,1.1619178571428572,1.161723214285714,2025-10-23 21:00:00,1.161723214285714,TP,6,1.500000000001222,1.7981651376142602,-0.642201834863458,1.0,1.2844036697242056,1.500000000001222,0.2155963302770163,-14.79395270536428,-16.125188723260848
E_Momentum_Continuation,momentum_E,93,DOWN,2025-10-26 20:31:00,2025-10-26 20:32:00,50065,1.16437,1.257142857142687,1.1644957142857142,1.1641814285714285,2025-10-26 20:36:00,1.1641814285714285,TP,4,1.5000000000001892,2.1477272727275034,-0.9545454545465384,1.0,0.7954545454546531,1.5000000000001892,0.7045454545455361,-14.089407250818745,-15.420643268715313
E_Momentum_Continuation,momentum_E,97,DOWN,2025-10-28 12:41:00,2025-10-28 12:42:00,52471,1.16648,1.0785714285713577,1.1665878571428572,1.1663182142857142,2025-10-28 12:50:00,1.1663182142857142,TP,8,1.500000000000073,1.854304635761507,-0.2781456953640202,1.0,0.9271523178808556,1.500000000000073,0.5728476821192174,-13.516559568699527,-14.847795586596096
E_Momentum_Continuation,momentum_E,105,DOWN,2025-10-31 05:16:00,2025-10-31 05:17:00,56336,1.15714,1.3357142857144717,1.1572735714285716,1.1569396428571428,2025-10-31 05:20:00,1.1569396428571428,TP,3,1.5000000000007123,2.1711229946530284,0.0,1.0,0.7486631016041738,1.5000000000007123,0.7513368983965385,-12.765222670302988,-14.096458688199554
E_Momentum_Continuation,momentum_E,114,UP,2025-11-05 02:37:00,2025-11-05 02:38:00,60424,1.14894,1.1000000000003864,1.14883,1.149105,2025-11-05 02:45:00,1.14883,SL,7,-1.000000000000144,1.3636363636347248,-1.545454545454034,1.0,0.9090909090905898,-1.000000000000144,-1.9090909090907338,-14.674313579393722,-16.00554959729029
E_Momentum_Continuation,momentum_E,116,UP,2025-11-05 09:18:00,2025-11-05 09:19:00,60825,1.14829,1.6071428571426007,1.1481292857142855,1.1485310714285717,2025-11-05 09:21:00,1.1481292857142855,SL,2,-1.0000000000001974,0.1244444444438979,-1.4933333333336831,1.0,0.6222222222223215,-1.0000000000001974,-1.6222222222225189,-16.29653580161624,-17.62777181951281
E_Momentum_Continuation,momentum_E,118,UP,2025-11-07 02:02:00,2025-11-07 02:03:00,63259,1.15334,0.9357142857140716,1.1532464285714286,1.1534803571428571,2025-11-07 02:05:00,1.1532464285714286,SL,2,-1.000000000000678,0.0,-1.923664122138582,1.0,1.0687022900765806,-1.000000000000678,-2.0687022900772583,-18.3652380916935,-19.696474109590067
E_Momentum_Continuation,momentum_E,128,UP,2025-11-12 20:31:00,2025-11-12 20:32:00,68663,1.15829,1.1785714285712194,1.158172142857143,1.1584667857142856,2025-11-12 20:38:00,1.1584667857142856,TP,6,1.4999999999991926,1.781818181818867,-0.0848484848490557,1.0,0.848484848484999,1.4999999999991926,0.6515151515141936,-17.713722940179306,-19.044958958075874
E_Momentum_Continuation,momentum_E,151,DOWN,2025-11-21 03:51:00,2025-11-21 03:52:00,77722,1.15419,2.2214285714286914,1.154412142857143,1.1538567857142858,2025-11-21 03:54:00,1.154412142857143,SL,2,-1.000000000000357,0.4501607717041062,-2.025723472668977,1.0,0.45016077170415575,-1.000000000000357,-1.4501607717045129,-19.16388371188382,-20.495119729780388
E_Momentum_Continuation,momentum_E,153,DOWN,2025-11-21 16:50:00,2025-11-21 16:51:00,78500,1.15157,1.0571428571429629,1.1516757142857144,1.1514114285714283,2025-11-21 16:56:00,1.1514114285714283,TP,5,1.5000000000000748,2.0810810810798035,-0.8513513513505423,1.0,0.9459459459458514,1.5000000000000748,0.5540540540542235,-18.609829657829593,-19.94106567572616
E_Momentum_Continuation,momentum_E,159,DOWN,2025-11-24 22:21:00,2025-11-24 22:22:00,80260,1.15245,0.5857142857143164,1.1525085714285714,1.152362142857143,2025-11-24 22:23:00,1.1525085714285714,SL,1,-1.0000000000005411,1.0243902439015142,-2.04878048780682,1.0,1.7073170731706424,-1.0000000000005411,-2.7073170731711835,-21.31714673100078,-22.648382748897347
E_Momentum_Continuation,momentum_E,160,UP,2025-11-25 01:05:00,2025-11-25 01:06:00,80424,1.15165,0.9357142857142302,1.1515564285714286,1.1517903571428572,2025-11-25 01:17:00,1.1515564285714286,SL,11,-1.0000000000005085,1.4961832061072688,-1.1755725190846216,1.0,1.0687022900763992,-1.0000000000005085,-2.0687022900769074,-23.385849021077686,-24.717085038974254
E_Momentum_Continuation,momentum_E,162,UP,2025-11-26 09:27:00,2025-11-26 09:28:00,82363,1.15604,2.0928571428572136,1.1558307142857145,1.1563539285714286,2025-11-26 09:31:00,1.1563539285714286,TP,3,1.500000000000303,1.5290102389082665,-0.8600682593849052,1.0,0.4778156996586869,1.500000000000303,1.0221843003416162,-22.363664720736068,-23.694900738632636
E_Momentum_Continuation,momentum_E,164,UP,2025-11-27 04:43:00,2025-11-27 04:44:00,83515,1.15814,1.0357142857145685,1.1580364285714284,1.1582953571428571,2025-11-27 04:46:00,1.1580364285714284,SL,2,-1.0000000000007654,0.9655172413789403,-1.9310344827578807,1.0,0.9655172413790467,-1.0000000000007654,-1.965517241379812,-24.329181962115882,-25.66041798001245
E_Momentum_Continuation,momentum_E,168,UP,2025-11-30 17:28:00,2025-11-30 17:29:00,85675,1.15952,0.9142857142853598,1.1594285714285717,1.159657142857143,2025-11-30 17:30:00,1.1594285714285717,SL,1,-1.000000000001041,0.3281249999998482,-1.0937500000027325,1.0,1.093750000000424,-1.000000000001041,-2.093750000001465,-26.422931962117346,-27.754167980013914
E_Momentum_Continuation,momentum_E,170,UP,2025-11-30 22:19:00,2025-11-30 22:20:00,85966,1.15945,0.9785714285714951,1.159352142857143,1.1595967857142857,2025-11-30 22:28:00,1.1595967857142857,TP,8,1.4999999999988656,1.6350364963496196,-0.3065693430676809,1.0,1.0218978102189087,1.4999999999988656,0.4781021897799569,-25.94482977233739,-27.276065790233957
E_Momentum_Continuation,momentum_E,176,UP,2025-12-02 12:20:00,2025-12-02 12:21:00,88232,1.15966,1.5071428571424217,1.1595092857142857,1.1598860714285713,2025-12-02 12:22:00,1.1598860714285713,TP,1,1.499999999999842,2.0568720379155017,0.0,1.0,0.663507109004931,1.499999999999842,0.8364928909949109,-25.108336881342478,-26.439572899239046
E_Momentum_Continuation,momentum_E,178,UP,2025-12-03 04:35:00,2025-12-03 04:36:00,89201,1.1646,1.421428571428526,1.1644578571428572,1.1648132142857144,2025-12-03 04:37:00,1.1644578571428572,SL,1,-1.0000000000001117,0.9849246231158134,-1.336683417086416,1.0,0.703517587939721,-1.0000000000001117,-1.7035175879398325,-26.81185446928231,-28.143090487178878
E_Momentum_Continuation,momentum_E,188,UP,2025-12-09 03:24:00,2025-12-09 03:25:00,94875,1.16413,1.3000000000001104,1.164,1.164325,2025-12-09 03:26:00,1.164325,TP,1,1.499999999999451,1.7692307692302531,0.0,1.0,0.7692307692307039,1.499999999999451,0.7307692307687472,-26.081085238513563,-27.41232125641013
E_Momentum_Continuation,momentum_E,190,UP,2025-12-09 10:48:00,2025-12-09 10:49:00,95319,1.16271,1.9500000000000863,1.162515,1.1630025,2025-12-09 10:56:00,1.162515,SL,7,-0.9999999999996748,0.6153846153852035,-1.4358974358965308,1.0,0.5128205128204901,-0.9999999999996748,-1.512820512820165,-27.59390575133373,-28.925141769230297
E_Momentum_Continuation,momentum_E,192,UP,2025-12-11 01:39:00,2025-12-11 01:40:00,97645,1.16856,0.8857142857142198,1.1684714285714286,1.1686928571428572,2025-12-11 01:44:00,1.1686928571428572,TP,4,1.5000000000002685,2.032258064514552,-0.338709677419092,1.0,1.1290322580646002,1.5000000000002685,0.3709677419356683,-27.22293800939806,-28.55417402729463
E_Momentum_Continuation,momentum_E,198,UP,2025-12-15 03:30:00,2025-12-15 03:31:00,100632,1.17341,1.3285714285714092,1.173277142857143,1.1736092857142857,2025-12-15 03:31:00,1.1736092857142857,TP,0,1.4999999999993434,2.032258064516102,0.0,1.0,0.7526881720430217,1.4999999999993434,0.7473118279563217,-26.47562618144174,-27.80686219933831
E_Momentum_Continuation,momentum_E,202,UP,2025-12-15 21:05:00,2025-12-15 21:06:00,101682,1.17524,1.3214285714283465,1.1751078571428573,1.1754382142857145,2025-12-15 21:26:00,1.1754382142857145,TP,20,1.49999999999964,1.740540540540477,-0.5297297297299296,1.0,0.7567567567568856,1.49999999999964,0.7432432432427545,-25.732382938198985,-27.063618956095553
E_Momentum_Continuation,momentum_E,204,UP,2025-12-16 02:31:00,2025-12-16 02:32:00,102007,1.17506,1.1500000000002382,1.174945,1.1752325,2025-12-16 02:35:00,1.174945,SL,3,-1.0000000000005516,0.7826086956513464,-1.4782608695649415,1.0,0.8695652173911242,-1.0000000000005516,-1.869565217391676,-27.60194815559066,-28.933184173487227
E_Momentum_Continuation,momentum_E,216,UP,2025-12-22 02:12:00,2025-12-22 02:13:00,107728,1.17167,1.4285714285711126,1.1715271428571428,1.1718842857142855,2025-12-22 02:17:00,1.1715271428571428,SL,4,-1.0000000000007772,0.560000000000684,-1.4000000000001551,1.0,0.7000000000001548,-1.0000000000007772,-1.7000000000009319,-29.301948155591592,-30.63318417348816
E_Momentum_Continuation,momentum_E,218,UP,2025-12-23 11:18:00,2025-12-23 11:19:00,109712,1.17765,1.4071428571425597,1.177509285714286,1.1778610714285715,2025-12-23 11:31:00,1.177509285714286,SL,12,-0.9999999999993237,1.3502538071062622,-2.2030456852798843,1.0,0.7106598984773076,-0.9999999999993237,-1.7106598984766312,-31.012608054068224,-32.34384407196479
E_Momentum_Continuation,momentum_E,222,UP,2025-12-25 17:08:00,2025-12-25 17:09:00,111697,1.17816,2.721428571428478,1.1778878571428573,1.1785682142857143,2025-12-25 17:52:00,1.1778878571428573,SL,42,-0.9999999999999416,0.293963254592664,-1.7270341207356747,1.0,0.36745406824148247,-0.9999999999999416,-1.367454068241424,-32.380062122309646,-33.71129814020621
E_Momentum_Continuation,momentum_E,230,UP,2025-12-29 13:02:00,2025-12-29 13:03:00,114321,1.17529,1.0571428571426456,1.1751842857142858,1.1754485714285714,2025-12-29 13:03:00,1.1754485714285714,TP,0,1.5000000000005251,1.608108108108463,0.0,1.0,0.9459459459461352,1.5000000000005251,0.5540540540543899,-31.826008068255256,-33.15724408615182
E_Momentum_Continuation,momentum_E,234,UP,2025-12-31 10:30:00,2025-12-31 10:31:00,117029,1.17296,1.914285714285408,1.1727685714285714,1.1732471428571427,2025-12-31 10:32:00,1.1732471428571427,TP,1,1.4999999999994618,1.9328358208957348,-0.1567164179103395,1.0,0.5223880597015761,1.4999999999994618,0.9776119402978857,-30.848396127957372,-32.17963214585394
E_Momentum_Continuation,momentum_E,240,UP,2026-01-05 08:55:00,2026-01-05 08:56:00,119802,1.16708,1.7928571428571516,1.1669007142857142,1.1673489285714285,2026-01-05 08:57:00,1.1673489285714285,TP,1,1.5,1.8406374502001064,-0.3904382470107926,1.0,0.5577689243027861,1.5,0.9422310756972139,-29.906165052260157,-31.237401070156725
E_Momentum_Continuation,momentum_E,242,UP,2026-01-05 19:55:00,2026-01-05 19:56:00,120460,1.17147,0.992857142856986,1.1713707142857144,1.1716189285714285,2026-01-05 19:59:00,1.1716189285714285,TP,3,1.4999999999990414,2.1151079136698367,-0.7050359712232789,1.0,1.0071942446044757,1.4999999999990414,0.4928057553945657,-29.413359296865593,-30.74459531476216
E_Momentum_Continuation,momentum_E,252,UP,2026-01-09 10:45:00,2026-01-09 10:46:00,125650,1.16374,2.414285714285512,1.1634985714285715,1.1641021428571428,2026-01-09 10:48:00,1.1634985714285715,SL,2,-0.9999999999998028,0.4556213017754117,-2.029585798817158,1.0,0.41420118343198736,-0.9999999999998028,-1.4142011834317902,-30.827560480297382,-32.15879649819395
E_Momentum_Continuation,momentum_E,264,UP,2026-01-18 17:30:00,2026-01-18 17:31:00,133229,1.15807,0.9428571428571342,1.157975714285714,1.1582114285714284,2026-01-18 17:32:00,1.157975714285714,SL,1,-1.0000000000011775,0.742424242424403,-1.5909090909077528,1.0,1.0606060606060703,-1.0000000000011775,-2.060606060607248,-32.88816654090463,-34.21940255880119
E_Momentum_Continuation,momentum_E,266,UP,2026-01-19 04:41:00,2026-01-19 04:42:00,133900,1.16217,1.2500000000001004,1.162045,1.1623575,2026-01-19 04:44:00,1.1623575,TP,2,1.4999999999999365,2.1599999999997666,0.0,1.0,0.7999999999999358,1.4999999999999365,0.7000000000000007,-32.18816654090463,-33.5194025588012
E_Momentum_Continuation,momentum_E,268,UP,2026-01-19 19:54:00,2026-01-19 19:55:00,134794,1.16365,1.007142857143111,1.1635492857142855,1.1638010714285716,2026-01-19 19:57:00,1.1638010714285716,TP,2,1.5000000000004725,3.574468085104648,-0.397163120567673,1.0,0.9929078014181896,1.5000000000004725,0.5070921985822829,-31.681074342322347,-33.01231036021891
E_Momentum_Continuation,momentum_E,274,UP,2026-01-21 19:00:00,2026-01-21 19:01:00,137618,1.16735,0.9214285714285808,1.1672578571428571,1.1674882142857144,2026-01-21 19:01:00,1.1674882142857144,TP,0,1.4999999999996558,2.821705426355768,0.0,1.0,1.0852713178294464,1.4999999999996558,0.4147286821702094,-31.266345660152137,-32.597581678048705
E_Momentum_Continuation,momentum_E,276,UP,2026-01-23 03:41:00,2026-01-23 03:42:00,139573,1.17417,2.121428571428671,1.173957857142857,1.1744882142857145,2026-01-23 03:44:00,1.1744882142857145,TP,2,1.500000000000112,1.649831649831914,-0.047138047137307,1.0,0.47138047138044925,1.500000000000112,1.0286195286196627,-30.237726131532476,-31.568962149429044
E_Momentum_Continuation,momentum_E,280,UP,2026-01-27 04:02:00,2026-01-27 04:03:00,142472,1.18612,1.4428571428570791,1.1859757142857144,1.1863364285714286,2026-01-27 04:07:00,1.1863364285714286,TP,4,1.5,1.8712871287129016,-0.7623762376241737,1.0,0.6930693069307237,1.5,0.8069306930692763,-29.4307954384632,-30.762031456359768
E_Momentum_Continuation,momentum_E,284,UP,2026-01-28 14:37:00,2026-01-28 14:38:00,144545,1.19236,4.5357142857145,1.1919064285714287,1.1930403571428572,2026-01-28 14:41:00,1.1919064285714287,SL,3,-0.99999999999986,1.4771653543305252,-2.3149606299211403,1.0,0.22047244094487148,-0.99999999999986,-1.2204724409447314,-30.65126787940793,-31.982503897304497
E_Momentum_Continuation,momentum_E,299,DOWN,2026-02-04 03:30:00,2026-02-04 03:31:00,151065,1.18274,1.9428571428571824,1.1829342857142855,1.1824485714285713,2026-02-04 03:37:00,1.1824485714285713,TP,6,1.5000000000001634,1.5441176470586222,-0.9264705882356304,1.0,0.5147058823529307,1.5000000000001634,0.9852941176472327,-29.665973761760696,-30.997209779657265
E_Momentum_Continuation,momentum_E,315,DOWN,2026-02-10 10:29:00,2026-02-10 10:30:00,157237,1.19016,2.157142857142556,1.1903757142857143,1.189836428571429,2026-02-10 10:32:00,1.189836428571429,TP,2,1.500000000000184,2.2251655629143845,0.0,1.0,0.46357615894046206,1.500000000000184,1.036423841059722,-28.629549920700974,-29.960785938597542
E_Momentum_Continuation,momentum_E,319,DOWN,2026-02-11 21:21:00,2026-02-11 21:22:00,159321,1.18794,0.957142857142942,1.1880357142857143,1.1877964285714286,2026-02-11 21:22:00,1.1880357142857143,SL,0,-1.0000000000001656,0.6268656716412024,-1.0447761194027774,1.0,1.0447761194028924,-1.0000000000001656,-2.044776119403058,-30.674326040104035,-32.0055620580006
E_Momentum_Continuation,momentum_E,323,DOWN,2026-02-12 20:25:00,2026-02-12 20:26:00,160703,1.18648,1.435714285714651,1.1866235714285716,1.1862646428571428,2026-02-12 20:33:00,1.1866235714285716,SL,7,-1.0000000000007734,1.1840796019897728,-1.4626865671641098,1.0,0.6965174129351461,-1.0000000000007734,-1.6965174129359195,-32.37084345303995,-33.70207947093652
E_Momentum_Continuation,momentum_E,327,DOWN,2026-02-16 02:30:00,2026-02-16 02:31:00,162507,1.18646,0.9285714285713262,1.1865528571428572,1.1863207142857144,2026-02-16 02:33:00,1.1863207142857144,TP,2,1.4999999999997438,2.1538461538461537,-0.2153846153836588,1.0,1.0769230769231957,1.4999999999997438,0.4230769230765481,-31.947766529963403,-33.27900254785997
E_Momentum_Continuation,momentum_E,329,DOWN,2026-02-16 03:23:00,2026-02-16 03:24:00,162560,1.18618,1.707142857143097,1.1863507142857144,1.1859239285714285,2026-02-16 03:26:00,1.1859239285714285,TP,2,1.500000000000418,2.2845188284522204,-0.1757322175730476,1.0,0.5857740585773236,1.500000000000418,0.9142259414230945,-31.03354058854031,-32.36477660643688
E_Momentum_Continuation,momentum_E,331,DOWN,2026-02-17 05:00:00,2026-02-17 05:01:00,164061,1.18426,1.192857142857186,1.184379285714286,1.1840810714285714,2026-02-17 05:01:00,1.184379285714286,SL,0,-1.0000000000003988,0.0838323353298874,-1.005988023951204,1.0,0.8383233532933829,-1.0000000000003988,-1.8383233532937817,-32.87186394183409,-34.20309995973066
E_Momentum_Continuation,momentum_E,335,DOWN,2026-02-18 08:29:00,2026-02-18 08:30:00,165708,1.18371,1.30714285714238,1.1838407142857144,1.183513928571429,2026-02-18 08:31:00,1.1838407142857144,SL,1,-1.0000000000006068,1.4535519125698655,-1.2240437158469668,1.0,0.7650273224046509,-1.0000000000006068,-1.7650273224052577,-34.63689126423935,-35.96812728213592
E_Momentum_Continuation,momentum_E,342,UP,2026-02-20 03:26:00,2026-02-20 03:27:00,168275,1.17573,1.70714285714278,1.1755592857142856,1.1759860714285713,2026-02-20 03:28:00,1.1755592857142856,SL,1,-1.0000000000004643,0.1171548117162539,-1.8744769874470568,1.0,0.5857740585774324,-1.0000000000004643,-1.5857740585778966,-36.22266532281724,-37.55390134071381
E_Momentum_Continuation,momentum_E,344,UP,2026-02-20 11:02:00,2026-02-20 11:03:00,168731,1.17924,3.2571428571429424,1.1789142857142858,1.1797285714285717,2026-02-20 11:13:00,1.1797285714285717,TP,10,1.499999999999854,1.7499999999998297,-0.4605263157897518,1.0,0.3070175438596411,1.499999999999854,1.192982456140213,-35.029682866677035,-36.3609188845736
E_Momentum_Continuation,momentum_E,350,UP,2026-02-24 17:32:00,2026-02-24 17:33:00,171986,1.17741,0.4999999999996277,1.1773600000000002,1.177485,2026-02-24 17:33:00,1.1773600000000002,SL,0,-0.999999999998414,0.1999999999970182,-1.0000000000028548,1.0,2.0000000000014895,-0.999999999998414,-2.9999999999999036,-38.029682866676936,-39.3609188845735
E_Momentum_Continuation,momentum_E,352,UP,2026-02-25 06:47:00,2026-02-25 06:48:00,172779,1.17738,1.0428571428573137,1.1772757142857144,1.1775364285714287,2026-02-25 06:55:00,1.1775364285714287,TP,7,1.5000000000001517,1.5342465753416197,-0.863013698631391,1.0,0.9589041095888841,1.5000000000001517,0.5410958904112676,-37.48858697626567,-38.81982299416224
E_Momentum_Continuation,momentum_E,354,UP,2026-02-26 13:05:00,2026-02-26 13:06:00,174595,1.17779,1.4428571428570791,1.1776457142857142,1.1780064285714285,2026-02-26 13:07:00,1.1776457142857142,SL,1,-1.0,0.6930693069321863,-1.524752475246809,1.0,0.6930693069307237,-1.0,-1.6930693069307237,-39.18165628319639,-40.512892301092954
E_Momentum_Continuation,momentum_E,363,DOWN,2026-03-05 04:39:00,2026-03-05 04:40:00,181280,1.16162,3.657142857143025,1.1619857142857144,1.1610714285714288,2026-03-05 04:41:00,1.1619857142857144,SL,1,-1.0,0.5468750000005218,-1.1210937499994,1.0,0.27343749999998745,-1.0,-1.2734374999999876,-40.45509378319638,-41.78632980109295
E_Momentum_Continuation,momentum_E,365,DOWN,2026-03-05 23:53:00,2026-03-05 23:54:00,182426,1.16146,0.8428571428567962,1.1615442857142857,1.1613335714285715,2026-03-05 23:56:00,1.1613335714285715,TP,2,1.4999999999987768,1.542372881356133,-0.2372881355948724,1.0,1.1864406779665897,1.4999999999987768,0.31355932203218706,-40.14153446116419,-41.472770479060756
E_Momentum_Continuation,momentum_E,371,DOWN,2026-03-10 12:40:00,2026-03-10 12:41:00,186133,1.16446,3.17142857142873,1.164777142857143,1.1639842857142857,2026-03-10 12:41:00,1.164777142857143,SL,0,-1.0000000000001,0.0,-1.2297297297293228,1.0,0.31531531531529955,-1.0000000000001,-1.3153153153153996,-41.456849776479594,-42.78808579437616
E_Momentum_Continuation,momentum_E,373,DOWN,2026-03-11 02:32:00,2026-03-11 02:33:00,186960,1.16264,2.757142857142839,1.1629157142857145,1.1622264285714283,2026-03-11 02:38:00,1.1622264285714283,TP,5,1.4999999999997122,2.3575129533672285,-0.3264248704668511,1.0,0.3626943005181371,1.4999999999997122,1.1373056994815751,-40.31954407699802,-41.650780094894586
E_Momentum_Continuation,momentum_E,375,DOWN,2026-03-12 06:50:00,2026-03-12 06:51:00,188655,1.15575,2.107142857142863,1.1559607142857145,1.1554339285714286,2026-03-12 06:52:00,1.1554339285714286,TP,1,1.5000000000002631,2.1355932203392687,-0.0949152542368559,1.0,0.47457627118643936,1.5000000000002631,1.0254237288138237,-39.294120348184194,-40.62535636608076
E_Momentum_Continuation,momentum_E,377,DOWN,2026-03-12 20:36:00,2026-03-12 20:37:00,189480,1.15217,1.1857142857145992,1.152288571428571,1.151992142857143,2026-03-12 20:38:00,1.151992142857143,TP,1,1.5000000000003342,1.6867469879511752,-0.253012048192489,1.0,0.8433734939756806,1.5000000000003342,0.6566265060246536,-38.63749384215954,-39.96872986005611
E_Momentum_Continuation,momentum_E,379,DOWN,2026-03-13 09:34:00,2026-03-13 09:35:00,190258,1.14805,2.671428571428785,1.1483171428571428,1.1476492857142857,2026-03-13 09:35:00,1.1476492857142857,TP,0,1.4999999999999702,2.283422459892864,0.0,1.0,0.3743315508021091,1.4999999999999702,1.1256684491978612,-37.51182539296168,-38.84306141085825
E_Momentum_Continuation,momentum_E,389,DOWN,2026-03-18 06:46:00,2026-03-18 06:47:00,194402,1.15396,2.814285714285753,1.1542414285714286,1.1535378571428572,2026-03-18 06:51:00,1.1542414285714286,SL,4,-0.9999999999998872,0.6751269035537681,-1.4568527918774397,1.0,0.35532994923857375,-0.9999999999998872,-1.355329949238461,-38.86715534220014,-40.19839136009671
E_Momentum_Continuation,momentum_E,391,DOWN,2026-03-18 21:45:00,2026-03-18 21:46:00,195301,1.14871,1.3642857142852942,1.1488464285714284,1.1485053571428572,2026-03-18 21:50:00,1.1485053571428572,TP,4,1.499999999999477,1.5392670157059714,-0.7329842931954897,1.0,0.732984293193943,1.499999999999477,0.7670157068055341,-38.100139635394605,-39.43137565329117
E_Momentum_Continuation,momentum_E,395,DOWN,2026-03-20 03:45:00,2026-03-20 03:46:00,197100,1.15713,2.0071428571426835,1.1573307142857143,1.1568289285714286,2026-03-20 03:51:00,1.1568289285714286,TP,5,1.4999999999999212,1.6441281138788542,-0.3487544483986789,1.0,0.4982206405694381,1.4999999999999212,1.0017793594304831,-37.098360275964126,-38.42959629386069
E_Momentum_Continuation,momentum_E,397,DOWN,2026-03-22 16:24:00,2026-03-22 16:25:00,197856,1.15378,0.5785714285717296,1.1538378571428571,1.1536932142857144,2026-03-22 16:30:00,1.1538378571428571,SL,5,-0.9999999999989037,1.3827160493833794,-1.0370370370356157,1.0,1.7283950617274957,-0.9999999999989037,-2.7283950617263995,-39.82675533769052,-41.157991355587086
E_Momentum_Continuation,momentum_E,401,DOWN,2026-03-24 02:31:00,2026-03-24 02:32:00,199901,1.15988,2.7785714285715506,1.1601578571428572,1.1594632142857142,2026-03-24 02:32:00,1.1601578571428572,SL,0,-1.0000000000002285,0.935732647814606,-1.1876606683801998,1.0,0.35989717223648804,-1.0000000000002285,-1.3598971722367166,-41.18665250992724,-42.51788852782381
E_Momentum_Continuation,momentum_E,403,DOWN,2026-03-24 10:54:00,2026-03-24 10:55:00,200404,1.1579,2.071428571428185,1.1581071428571428,1.1575892857142858,2026-03-24 10:56:00,1.1581071428571428,SL,1,-1.000000000000153,1.496551724138367,-1.206896551724766,1.0,0.4827586206897453,-1.000000000000153,-1.4827586206898982,-42.669411130617135,-44.0006471485137
E_Momentum_Continuation,momentum_E,407,DOWN,2026-03-25 03:50:00,2026-03-25 03:51:00,201419,1.16077,3.121428571428244,1.161082142857143,1.160301785714286,2026-03-25 03:57:00,1.160301785714286,TP,6,1.4999999999998728,1.6979405034331256,-0.3524027459949235,1.0,0.32036613272314574,1.4999999999998728,1.179633867276727,-41.48977726334041,-42.82101328123697
E_Momentum_Continuation,momentum_E,409,DOWN,2026-03-25 23:46:00,2026-03-25 23:47:00,202612,1.15701,0.5357142857144647,1.1570635714285715,1.156929642857143,2026-03-25 23:50:00,1.156929642857143,TP,3,1.4999999999995557,1.680000000002155,-0.9333333333308462,1.0,1.8666666666660432,1.4999999999995557,-0.3666666666664875,-41.8564439300069,-43.18767994790346
E_Momentum_Continuation,momentum_E,413,DOWN,2026-03-27 10:50:00,2026-03-27 10:51:00,204715,1.15295,2.535714285714879,1.153203571428571,1.1525696428571426,2026-03-27 10:55:00,1.1525696428571426,TP,4,1.5000000000004066,1.8140845070414544,-0.5521126760563232,1.0,0.39436619718300636,1.5000000000004066,1.1056338028174002,-40.750810127189496,-42.08204614508606
E_Momentum_Continuation,momentum_E,415,DOWN,2026-03-30 00:48:00,2026-03-30 00:49:00,205419,1.15162,0.7642857142859631,1.1516964285714286,1.1515053571428573,2026-03-30 00:51:00,1.1515053571428573,TP,2,1.499999999998755,1.8317757009343625,-0.5233644859787562,1.0,1.308411214952845,1.499999999998755,0.19158878504590993,-40.55922134214359,-41.89045736004015
E_Momentum_Continuation,momentum_E,417,DOWN,2026-03-30 17:25:00,2026-03-30 17:26:00,206416,1.14578,0.8285714285708298,1.145862857142857,1.1456557142857144,2026-03-30 17:27:00,1.1456557142857144,TP,1,1.4999999999994256,3.1379310344841445,0.0,1.0,1.20689655172501,1.4999999999994256,0.2931034482744155,-40.26611789386917,-41.59735391176574
E_Momentum_Continuation,momentum_E,423,DOWN,2026-04-01 21:32:00,2026-04-01 21:33:00,209534,1.15493,5.8357142857142925,1.1555135714285714,1.1540546428571428,2026-04-01 21:36:00,1.1555135714285714,SL,3,-0.9999999999998642,0.3769889840883136,-1.5079559363524937,1.0,0.17135862913096675,-0.9999999999998642,-1.1713586291308309,-41.437476523,-42.768712540896566
E_Momentum_Continuation,momentum_E,429,DOWN,2026-04-03 07:14:00,2026-04-03 07:15:00,211534,1.15442,0.5857142857144749,1.1544785714285717,1.154332142857143,2026-04-03 07:17:00,1.154332142857143,TP,2,1.4999999999985107,1.8780487804881285,-0.1707317073181365,1.0,1.70731707317018,1.4999999999985107,-0.20731707317166936,-41.644793596171674,-42.97602961406824
E_Momentum_Continuation,momentum_E,431,DOWN,2026-04-03 16:44:00,2026-04-03 16:45:00,212095,1.15115,1.8071428571429595,1.151330714285714,1.1508789285714285,2026-04-05 17:00:00,1.151330714285714,SL,15,-0.9999999999994734,0.5533596837943742,-5.588932806324776,1.0,0.553359683794435,-0.9999999999994734,-1.5533596837939085,-43.19815327996558,-44.529389297862146
E_Momentum_Continuation,momentum_E,433,DOWN,2026-04-06 10:53:00,2026-04-06 10:54:00,213169,1.15514,2.7928571428567244,1.1554192857142858,1.1547210714285716,2026-04-06 10:55:00,1.1547210714285716,TP,1,1.4999999999997728,2.25575447570413,-0.2148337595906423,1.0,0.3580562659847084,1.4999999999997728,1.1419437340150644,-42.056209545950516,-43.38744556384708
E_Momentum_Continuation,momentum_E,437,DOWN,2026-04-09 14:01:00,2026-04-09 14:02:00,217669,1.17122,1.4428571428570791,1.1713642857142856,1.1710035714285714,2026-04-09 14:02:00,1.1710035714285714,TP,0,1.5,2.6336633663355364,-0.1386138613870528,1.0,0.6930693069307237,1.5,0.8069306930692763,-41.24927885288124,-42.580514870777805
E_Momentum_Continuation,momentum_E,441,DOWN,2026-04-13 02:33:00,2026-04-13 02:34:00,219857,1.16879,1.5642857142854942,1.1689464285714286,1.168555357142857,2026-04-13 02:36:00,1.168555357142857,TP,2,1.5000000000006084,2.876712328767921,-0.1917808219176721,1.0,0.639269406392784,1.5000000000006084,0.8607305936078244,-40.38854825927341,-41.71978427716998
E_Momentum_Continuation,momentum_E,445,DOWN,2026-04-15 02:34:00,2026-04-15 02:35:00,222732,1.17884,1.5785714285711436,1.1789978571428572,1.1786032142857144,2026-04-15 02:36:00,1.1789978571428572,SL,1,-0.9999999999998996,0.1266968325800384,-1.203619909501925,1.0,0.6334841628960419,-0.9999999999998996,-1.6334841628959416,-42.02203242216936,-43.353268440065925
E_Momentum_Continuation,momentum_E,447,DOWN,2026-04-15 23:34:00,2026-04-15 23:35:00,223972,1.18141,0.9571428571432592,1.1815057142857144,1.1812664285714285,2026-04-15 23:42:00,1.1812664285714285,TP,7,1.5000000000009115,2.0895522388048624,-0.3134328358204973,1.0,1.0447761194025462,1.5000000000009115,0.45522388059836527,-41.56680854157099,-42.89804455946756
E_Momentum_Continuation,momentum_E,451,DOWN,2026-04-20 19:14:00,2026-04-20 19:15:00,228021,1.1786,0.6142857142859321,1.1786614285714287,1.178507857142857,2026-04-20 19:19:00,1.178507857142857,TP,4,1.5000000000015492,1.7906976744188567,0.0,1.0,1.6279069767436087,1.5000000000015492,-0.12790697674205953,-41.69471551831305,-43.02595153620962
E_Momentum_Continuation,momentum_E,453,DOWN,2026-04-21 10:55:00,2026-04-21 10:56:00,228962,1.17572,3.0214285714286984,1.176022142857143,1.1752667857142858,2026-04-21 10:57:00,1.1752667857142858,TP,1,1.5000000000000526,1.6548463356978826,-0.1323877068551839,1.0,0.330969267139466,1.5000000000000526,1.1690307328605867,-40.52568478545246,-41.85692080334903
E_Momentum_Continuation,momentum_E,455,DOWN,2026-04-22 01:54:00,2026-04-22 01:55:00,229858,1.17511,1.042857142857472,1.1752142857142858,1.1749535714285717,2026-04-22 01:57:00,1.1749535714285717,TP,2,1.499999999999924,1.534246575343516,-0.5753424657527538,1.0,0.9589041095887385,1.499999999999924,0.5410958904111856,-39.98458889504128,-41.31582491293784
E_Momentum_Continuation,momentum_E,457,DOWN,2026-04-22 21:11:00,2026-04-22 21:12:00,231005,1.17096,1.1571428571429834,1.1710757142857142,1.1707864285714285,2026-04-22 21:12:00,1.1710757142857142,SL,0,-0.9999999999993148,0.0,-1.037037037036042,1.0,0.8641975308641032,-0.9999999999993148,-1.864197530863418,-41.8487864259047,-43.18002244380126
E_Momentum_Continuation,momentum_E,461,DOWN,2026-04-23 22:21:00,2026-04-23 22:22:00,232510,1.16829,0.7142857142856356,1.1683614285714286,1.1681828571428572,2026-04-23 22:22:00,1.1681828571428572,TP,0,1.500000000000222,1.9600000000006217,0.0,1.0,1.4000000000001542,1.500000000000222,0.10000000000006781,-41.748786425904626,-43.08002244380119
E_Momentum_Continuation,momentum_E,465,DOWN,2026-04-27 08:36:00,2026-04-27 08:37:00,234562,1.17464,1.3928571428572272,1.1747792857142856,1.1744310714285713,2026-04-27 08:41:00,1.1747792857142856,SL,4,-0.9999999999996584,0.7179487179485954,-1.0051282051283523,1.0,0.7179487179486745,-0.9999999999996584,-1.717948717948333,-43.466735143852965,-44.79797116174953
E_Momentum_Continuation,momentum_E,467,DOWN,2026-04-27 20:27:00,2026-04-27 20:28:00,235269,1.17195,1.014285714285539,1.1720514285714283,1.1717978571428571,2026-04-27 20:38:00,1.1720514285714283,SL,10,-0.9999999999992182,0.9859154929578082,-1.0845070422542458,1.0,0.9859154929579168,-0.9999999999992182,-1.985915492957135,-45.4526506368101,-46.78388665470666
E_Momentum_Continuation,momentum_E,469,DOWN,2026-04-28 20:17:00,2026-04-28 20:18:00,236684,1.17169,0.6714285714285292,1.1717571428571427,1.1715892857142856,2026-04-28 20:23:00,1.1715892857142856,TP,5,1.5000000000009448,3.127659574465622,-0.297872340427502,1.0,1.4893617021277532,1.5000000000009448,0.010638297873191593,-45.442012338936905,-46.77324835683347
E_Momentum_Continuation,momentum_E,471,DOWN,2026-04-29 07:55:00,2026-04-29 07:56:00,237381,1.1702,1.0142857142860149,1.1703014285714286,1.170047857142857,2026-04-29 07:56:00,1.170047857142857,TP,0,1.5000000000003129,1.9718309859146916,0.0,1.0,0.9859154929574543,1.5000000000003129,0.5140845070428586,-44.927927831894046,-46.25916384979061
E_Momentum_Continuation,momentum_E,473,DOWN,2026-04-29 20:28:00,2026-04-29 20:29:00,238129,1.16858,1.1714285714283157,1.1686971428571429,1.1684042857142858,2026-04-29 20:31:00,1.1686971428571429,SL,2,-1.0000000000008122,0.3414634146345623,-1.1951219512200204,1.0,0.8536585365855522,-1.0000000000008122,-1.8536585365863645,-46.78158636848041,-48.112822386376976
E_Momentum_Continuation,momentum_E,480,UP,2026-05-05 01:21:00,2026-05-05 01:22:00,242725,1.16795,0.7857142857138819,1.167871428571429,1.168067857142857,2026-05-05 01:23:00,1.168067857142857,TP,1,1.4999999999996974,1.7818181818194665,-0.3818181818180534,1.0,1.2727272727279269,1.4999999999996974,0.2272727272717705,-46.554313641208644,-47.88554965910521
E_Momentum_Continuation,momentum_E,482,UP,2026-05-05 18:00:00,2026-05-05 18:01:00,243704,1.16935,0.3642857142855631,1.1693135714285714,1.1694046428571427,2026-05-05 18:01:00,1.1694046428571427,TP,0,1.5000000000004354,2.4705882352991373,0.0,1.0,2.7450980392168254,1.5000000000004354,-1.24509803921639,-47.79941168042503,-49.130647698321596
E_Momentum_Continuation,momentum_E,486,UP,2026-05-07 03:05:00,2026-05-07 03:06:00,245677,1.17576,1.9357142857142784,1.1755664285714285,1.176050357142857,2026-05-07 03:07:00,1.1755664285714285,SL,1,-1.000000000000164,1.0332103321032111,-1.2915129151284404,1.0,0.5166051660516625,-1.000000000000164,-1.5166051660518267,-49.316016846476856,-50.64725286437342
E_Momentum_Continuation,momentum_E,488,UP,2026-05-07 17:14:00,2026-05-07 17:15:00,246526,1.1728,1.385714285714482,1.1726614285714283,1.1730078571428573,2026-05-07 17:32:00,1.1726614285714283,SL,17,-1.0000000000006868,1.0103092783505816,-2.309278350515844,1.0,0.7216494845359803,-1.0000000000006868,-1.721649484536667,-51.037666331013526,-52.36890234891009
E_Momentum_Continuation,momentum_E,502,UP,2026-05-17 21:31:00,2026-05-17 21:32:00,255207,1.16141,1.3285714285718848,1.161277142857143,1.161609285714286,2026-05-17 21:35:00,1.161609285714286,TP,3,1.5000000000004776,1.8064516129027408,-0.6774193548395723,1.0,0.7526881720427523,1.5000000000004776,0.7473118279577253,-50.2903545030558,-51.62159052095237
E_Momentum_Continuation,momentum_E,504,UP,2026-05-18 15:18:00,2026-05-18 15:19:00,256274,1.16494,2.400000000000021,1.1647,1.1653,2026-05-18 15:24:00,1.1647,SL,5,-1.0000000000000662,0.6666666666664024,-1.4166666666666834,1.0,0.4166666666666631,-1.0000000000000662,-1.4166666666667291,-51.70702116972253,-53.038257187619095
E_Momentum_Continuation,momentum_E,506,UP,2026-05-20 10:30:00,2026-05-20 10:31:00,258854,1.16203,5.614285714285698,1.1614685714285713,1.162872142857143,2026-05-20 10:35:00,1.1614685714285713,SL,4,-1.0000000000000566,0.6412213740460492,-1.246819338422258,1.0,0.1781170483460565,-1.0000000000000566,-1.1781170483461132,-52.88513821806864,-54.216374235965205
E_Momentum_Continuation,momentum_E,514,UP,2026-05-22 10:31:00,2026-05-22 10:32:00,261597,1.15993,1.5357142857140371,1.1597764285714285,1.160160357142857,2026-05-22 10:34:00,1.160160357142857,TP,2,1.499999999999432,1.5627906976747885,-0.1953488372091678,1.0,0.6511627906977798,1.499999999999432,0.8488372093016522,-52.03630100876699,-53.367537026663555
E_Momentum_Continuation,momentum_E,516,UP,2026-05-25 03:32:00,2026-05-25 03:33:00,262378,1.16366,1.357142857142866,1.1635242857142856,1.1638635714285714,2026-05-25 03:34:00,1.1635242857142856,SL,1,-1.0000000000004676,1.031578947368628,-2.2105263157892154,1.0,0.7368421052631531,-1.0000000000004676,-1.7368421052636207,-53.77314311403061,-55.104379131927175
E_Momentum_Continuation,momentum_E,520,UP,2026-05-26 12:19:00,2026-05-26 12:20:00,264329,1.16283,1.235714285714134,1.1627064285714286,1.1630153571428572,2026-05-26 12:21:00,1.1627064285714286,SL,1,-1.0000000000002565,0.2427745664738118,-1.213872832370856,1.0,0.8092485549133941,-1.0000000000002565,-1.8092485549136506,-55.58239166894426,-56.913627686840826
E_Momentum_Continuation,momentum_E,522,UP,2026-05-27 08:20:00,2026-05-27 08:21:00,265522,1.16467,3.0714285714285503,1.1643628571428573,1.1651307142857144,2026-05-27 08:21:00,1.1651307142857144,TP,0,1.4999999999999225,2.1488372093019588,-0.4558139534884696,1.0,0.32558139534883945,1.4999999999999225,1.1744186046510832,-54.40797306429318,-55.739209082189745
E_Momentum_Continuation,momentum_E,524,UP,2026-05-28 00:36:00,2026-05-28 00:37:00,266493,1.15905,0.9142857142858356,1.1589585714285713,1.1591871428571427,2026-05-28 00:40:00,1.1591871428571427,TP,3,1.4999999999995663,2.296875000000171,-0.4374999999979508,1.0,1.0937499999998548,1.4999999999995663,0.40624999999971156,-54.001723064293465,-55.33295908219003
E_Momentum_Continuation,momentum_E,530,UP,2026-06-01 10:32:00,2026-06-01 10:33:00,269952,1.16167,1.9857142857138133,1.1614714285714287,1.161967857142857,2026-06-01 10:34:00,1.1614714285714287,SL,1,-0.9999999999994408,0.0,-1.0071942446044453,1.0,0.503597122302278,-0.9999999999994408,-1.5035971223017188,-55.505320186595185,-56.83655620449175
E_Momentum_Continuation,momentum_E,531,DOWN,2026-06-02 09:08:00,2026-06-02 09:09:00,271297,1.16477,1.2285714285720228,1.1648928571428572,1.1645857142857143,2026-06-02 09:09:00,1.1648928571428572,SL,0,-0.9999999999990964,0.1627906976754063,-1.465116279067813,1.0,0.8139534883716993,-0.9999999999990964,-1.8139534883707957,-57.31927367496598,-58.65050969286254
E_Momentum_Continuation,momentum_E,537,DOWN,2026-06-05 05:50:00,2026-06-05 05:51:00,275401,1.16379,0.7357142857140302,1.1638635714285714,1.163679642857143,2026-06-05 05:54:00,1.1638635714285714,SL,3,-0.9999999999991376,0.8155339805851322,-1.90291262135726,1.0,1.359223300971346,-0.9999999999991376,-2.3592233009704833,-59.67849697593646,-61.009732993833026
E_Momentum_Continuation,momentum_E,549,DOWN,2026-06-10 21:55:00,2026-06-10 21:56:00,280653,1.15533,0.9214285714282636,1.1554221428571427,1.1551917857142855,2026-06-10 21:56:00,1.1554221428571427,SL,0,-0.9999999999993116,0.0,-1.193798449613393,1.0,1.08527131782982,-0.9999999999993116,-2.0852713178291316,-61.763768293765594,-63.09500431166216
E_Momentum_Continuation,momentum_E,553,DOWN,2026-06-12 05:50:00,2026-06-12 05:51:00,282558,1.15808,1.549999999999845,1.158235,1.1578475,2026-06-12 05:51:00,1.158235,SL,0,-0.9999999999994884,0.0,-1.0967741935485191,1.0,0.6451612903226451,-0.9999999999994884,-1.6451612903221335,-63.40892958408773,-64.7401656019843
E_Momentum_Continuation,momentum_E,557,DOWN,2026-06-15 10:09:00,2026-06-15 10:10:00,284256,1.16162,1.2499999999994658,1.161745,1.1614325,2026-06-15 10:12:00,1.1614325,TP,2,1.500000000000698,1.5200000000017255,-0.479999999999797,1.0,0.8000000000003419,1.500000000000698,0.7000000000003562,-62.70892958408737,-64.04016560198394
E_Momentum_Continuation,momentum_E,559,DOWN,2026-06-15 21:24:00,2026-06-15 21:25:00,284924,1.15892,0.9714285714287498,1.1590171428571427,1.1587742857142855,2026-06-15 21:26:00,1.1590171428571427,SL,1,-0.9999999999991838,0.0,-1.2352941176480674,1.0,1.0294117647056933,-0.9999999999991838,-2.029411764704877,-64.73834134879225,-66.06957736668882
E_Momentum_Continuation,momentum_E,565,DOWN,2026-06-18 03:01:00,2026-06-18 03:02:00,288131,1.15173,1.7928571428568345,1.1519092857142856,1.1514610714285711,2026-06-18 03:05:00,1.1514610714285711,TP,3,1.5000000000002651,2.0637450199205705,-0.3904382470121002,1.0,0.5577689243028848,1.5000000000002651,0.9422310756973803,-63.79611027309487,-65.12734629099144
E_Momentum_Continuation,momentum_E,567,DOWN,2026-06-18 11:14:00,2026-06-18 11:15:00,288624,1.14783,2.107142857143021,1.1480407142857143,1.1475139285714284,2026-06-18 11:15:00,1.1480407142857143,SL,0,-1.000000000000452,0.0,-1.1864406779664054,1.0,0.4745762711864038,-1.000000000000452,-1.474576271186856,-65.27068654428173,-66.6019225621783
E_Momentum_Continuation,momentum_E,569,DOWN,2026-06-19 15:39:00,2026-06-19 15:40:00,290323,1.14761,0.3499999999999138,1.147645,1.1475575,2026-06-19 15:40:00,1.1475575,TP,0,1.50000000000068,2.0000000000009064,-0.8571428571423393,1.0,2.8571428571435606,1.50000000000068,-1.3571428571428807,-66.6278294014246,-67.95906541932118
E_Momentum_Continuation,momentum_E,571,DOWN,2026-06-22 06:31:00,2026-06-22 06:32:00,291208,1.14582,1.185714285714282,1.1459385714285717,1.1456421428571428,2026-06-22 06:35:00,1.1456421428571428,TP,3,1.5000000000007356,1.6024096385553563,-0.6746987951795271,1.0,0.8433734939759063,1.5000000000007356,0.6566265060248293,-65.97120289539977,-67.30243891329634
E_Momentum_Continuation,momentum_E,573,DOWN,2026-06-22 22:34:00,2026-06-22 22:35:00,292164,1.14285,0.6857142857144957,1.1429185714285717,1.1427471428571427,2026-06-22 22:35:00,1.1429185714285717,SL,0,-1.0000000000011564,0.0,-1.60416666666697,1.0,1.4583333333328867,-1.0000000000011564,-2.458333333334043,-68.42953622873382,-69.7607722466304
E_Momentum_Continuation,momentum_E,575,DOWN,2026-06-23 03:37:00,2026-06-23 03:38:00,292467,1.14229,2.3714285714280883,1.1425271428571429,1.1419342857142858,2026-06-23 03:41:00,1.1419342857142858,TP,3,1.5000000000001,1.9819277108436524,-0.0843373493972237,1.0,0.4216867469880377,1.5000000000001,1.0783132530120623,-67.35122297572175,-68.68245899361833
E_Momentum_Continuation,momentum_E,587,DOWN,2026-06-28 22:57:00,2026-06-28 22:58:00,297908,1.13875,0.5642857142854459,1.1388064285714286,1.138665357142857,2026-06-28 22:58:00,1.1388064285714286,SL,0,-1.000000000001405,0.0,-1.0632911392440427,1.0,1.77215189873502,-1.000000000001405,-2.772151898736425,-70.12337487445818,-71.45461089235475
E_Momentum_Continuation,momentum_E,591,DOWN,2026-06-30 11:34:00,2026-06-30 11:35:00,300099,1.14229,1.5428571428570996,1.1424442857142858,1.1420585714285714,2026-06-30 11:37:00,1.1420585714285714,TP,2,1.5000000000006168,2.138888888888569,-0.2592592592595258,1.0,0.6481481481481663,1.5000000000006168,0.8518518518524505,-69.27152302260573,-70.6027590405023
E_Momentum_Continuation,momentum_E,593,DOWN,2026-07-01 10:19:00,2026-07-01 10:20:00,301460,1.13942,2.800000000000104,1.1397000000000002,1.139,2026-07-01 10:20:00,1.1397000000000002,SL,0,-1.00000000000017,0.2142857142863171,-1.321428571428456,1.0,0.35714285714284383,-1.00000000000017,-1.357142857143014,-70.62866587974875,-71.95990189764532
E_Momentum_Continuation,momentum_E,600,UP,2026-07-06 10:33:00,2026-07-06 10:34:00,305764,1.14167,1.228571428571547,1.1415471428571429,1.1418542857142857,2026-07-06 10:39:00,1.1415471428571429,SL,5,-0.9999999999994836,1.220930232558791,-1.7906976744175116,1.0,0.8139534883720145,-0.9999999999994836,-1.813953488371498,-72.44261936812025,-73.77385538601682
E_Momentum_Continuation,momentum_E,606,UP,2026-07-08 12:06:00,2026-07-08 12:07:00,308717,1.14003,1.5785714285713022,1.139872142857143,1.140266785714286,2026-07-08 12:07:00,1.139872142857143,SL,0,-0.999999999999799,0.3800904977372638,-1.3303167420818298,1.0,0.6334841628959783,-0.999999999999799,-1.6334841628957775,-74.07610353101602,-75.40733954891259
E_Momentum_Continuation,momentum_E,616,UP,2026-07-14 03:22:00,2026-07-14 03:23:00,313925,1.139,1.2999999999994762,1.13887,1.139195,2026-07-14 03:25:00,1.139195,TP,2,1.500000000000183,2.3076923076929834,-0.1538461538455156,1.0,0.7692307692310791,1.500000000000183,0.7307692307691038,-73.34533430024692,-74.67657031814349
E_Momentum_Continuation,momentum_E,618,UP,2026-07-14 17:23:00,2026-07-14 17:24:00,314764,1.14206,0.5142857142857528,1.1420085714285717,1.142137142857143,2026-07-14 17:25:00,1.1420085714285717,SL,1,-1.0000000000003084,0.7777777777741799,-1.1666666666699048,1.0,1.944444444444299,-1.0000000000003084,-2.944444444444607,-76.28977874469152,-77.62101476258809
E_Momentum_Continuation,momentum_E,620,UP,2026-07-15 08:32:00,2026-07-15 08:33:00,315667,1.14234,2.207142857142725,1.1421192857142857,1.1426710714285713,2026-07-15 08:34:00,1.1421192857142857,SL,1,-0.9999999999998564,0.0906148867319906,-1.4045307443357948,1.0,0.4530744336569851,-0.9999999999998564,-1.4530744336568415,-77.74285317834837,-79.07408919624494
E_Momentum_Continuation,momentum_E,636,UP,2026-07-22 17:39:00,2026-07-22 17:40:00,323359,1.14065,0.6571428571427214,1.1405842857142856,1.1407485714285714,2026-07-22 17:40:00,1.1407485714285714,TP,0,1.5000000000014482,3.6521739130445066,-0.3043478260856343,1.0,1.5217391304350971,1.5000000000014482,-0.021739130433648945,-77.76459230878201,-79.09582832667859
E_Momentum_Continuation,momentum_E,640,UP,2026-07-24 02:34:00,2026-07-24 02:35:00,325322,1.13861,1.078571428571516,1.138502142857143,1.1387717857142856,2026-07-24 02:40:00,1.138502142857143,SL,5,-1.0000000000005882,0.1854304635773587,-1.483443708608576,1.0,0.9271523178807195,-1.0000000000005882,-1.9271523178813077,-79.69174462666332,-81.0229806445599
E_Momentum_Continuation,momentum_E,648,UP,2026-07-28 19:23:00,2026-07-28 19:24:00,329203,1.13851,0.5214285714283395,1.138457857142857,1.1385882142857142,2026-07-28 19:25:00,1.138457857142857,SL,1,-1.0000000000021292,0.0,-1.534246575340424,1.0,1.9178082191789352,-1.0000000000021292,-2.9178082191810644,-82.60955284584439,-83.94078886374096
E_Momentum_Continuation,momentum_E,652,UP,2026-07-30 03:50:00,2026-07-30 03:51:00,331147,1.14377,1.2500000000001004,1.143645,1.1439575,2026-07-30 03:55:00,1.143645,SL,4,-0.9999999999993656,0.4799999999995533,-1.279999999999401,1.0,0.7999999999999358,-0.9999999999993656,-1.7999999999993013,-84.40955284584369,-85.74078886374026
E_Momentum_Continuation,momentum_E,656,UP,2026-07-31 10:37:00,2026-07-31 10:38:00,332992,1.14865,2.092857142857055,1.1484407142857145,1.1489639285714286,2026-07-31 10:41:00,1.1489639285714286,TP,3,1.5000000000004168,1.7679180887371868,-0.6689419795223509,1.0,0.4778156996587231,1.5000000000004168,1.0221843003416937,-83.387368545502,-84.71860456339857
E_Momentum_Continuation,momentum_E,657,DOWN,2026-08-02 18:34:00,2026-08-02 18:35:00,333468,1.1549,1.3000000000004277,1.15503,1.154705,2026-08-02 18:37:00,1.15503,SL,2,-0.99999999999939,0.0769230769235555,-1.0769230769229454,1.0,0.7692307692305161,-0.99999999999939,-1.7692307692299063,-85.1565993147319,-86.48783533262848
E_Momentum_Continuation,momentum_E,659,DOWN,2026-08-03 20:56:00,2026-08-03 20:57:00,335045,1.15059,1.1214285714283052,1.150702142857143,1.1504217857142858,2026-08-03 21:00:00,1.1504217857142858,TP,3,1.4999999999998586,2.2292993630585984,-0.4458598726125117,1.0,0.8917197452231416,1.4999999999998586,0.608280254776717,-84.54831905995519,-85.87955507785176
E_Momentum_Continuation,momentum_E,667,DOWN,2026-08-05 14:41:00,2026-08-05 14:42:00,337544,1.15543,0.8142857142854977,1.1555114285714283,1.1553078571428572,2026-08-05 14:45:00,1.1553078571428572,TP,3,1.4999999999989286,1.5964912280701515,-0.3684210526313636,1.0,1.2280701754389232,1.4999999999989286,0.2719298245600055,-84.27638923539517,-85.60762525329174
E_Momentum_Continuation,momentum_E,671,DOWN,2026-08-10 04:32:00,2026-08-10 04:33:00,341236,1.15625,0.7357142857143474,1.1563235714285711,1.1561396428571429,2026-08-10 04:35:00,1.1563235714285711,SL,2,-0.9999999999987064,1.35922330097061,-1.6310679611635248,1.0,1.35922330097076,-0.9999999999987064,-2.3592233009694663,-86.63561253636465,-87.96684855426122
E_Momentum_Continuation,momentum_E,673,DOWN,2026-08-10 20:56:00,2026-08-10 20:57:00,342215,1.15473,0.6714285714285292,1.1547971428571429,1.1546292857142857,2026-08-10 20:58:00,1.1546292857142857,TP,1,1.5000000000009448,1.9361702127655351,0.0,1.0,1.4893617021277532,1.5000000000009448,0.010638297873191593,-86.62497423849145,-87.95621025638802
E_Momentum_Continuation,momentum_E,679,DOWN,2026-08-12 20:46:00,2026-08-12 20:47:00,345061,1.15291,0.5357142857147819,1.1529635714285715,1.152829642857143,2026-08-12 20:49:00,1.152829642857143,TP,2,1.4999999999986675,2.426666666667882,0.0,1.0,1.8666666666649379,1.4999999999986675,-0.36666666666627035,-86.99164090515772,-88.3228769230543
E_Momentum_Continuation,momentum_E,687,DOWN,2026-08-17 21:41:00,2026-08-17 21:42:00,349405,1.15821,0.5785714285715711,1.158267857142857,1.1581232142857143,2026-08-17 21:43:00,1.1581232142857143,TP,1,1.499999999998766,2.0740740740718,-0.3456790123478584,1.0,1.7283950617279693,1.499999999998766,-0.2283950617292032,-87.22003596688693,-88.5512719847835
E_Momentum_Continuation,momentum_E,691,DOWN,2026-08-18 20:31:00,2026-08-18 20:32:00,350771,1.15781,0.8999999999998691,1.1579,1.157675,2026-08-18 20:33:00,1.157675,TP,1,1.5000000000001763,3.444444444445306,0.0,1.0,1.1111111111112726,1.5000000000001763,0.3888888888889037,-86.83114707799803,-88.1623830958946
E_Momentum_Continuation,momentum_E,701,DOWN,2026-08-23 21:02:00,2026-08-23 21:03:00,355093,1.1684,1.071428571428612,1.168507142857143,1.1682392857142858,2026-08-23 21:06:00,1.168507142857143,SL,3,-1.0,0.9333333333352676,-1.026666666665064,1.0,0.9333333333332979,-1.0,-1.933333333333298,-88.76448041133132,-90.09571642922789
E_Momentum_Continuation,momentum_E,703,DOWN,2026-08-24 20:39:00,2026-08-24 20:40:00,356496,1.16687,0.700000000000145,1.16694,1.166765,2026-08-24 20:40:00,1.16694,SL,0,-1.0,0.4285714285709754,-1.2857142857129262,1.0,1.4285714285711328,-1.0,-2.428571428571133,-91.19305183990245,-92.52428785779902
E_Momentum_Continuation,momentum_E,707,DOWN,2026-08-26 04:53:00,2026-08-26 04:54:00,358425,1.16722,0.9428571428572928,1.1673142857142855,1.1670785714285714,2026-08-26 04:56:00,1.1670785714285714,TP,2,1.499999999999159,2.227272727270479,-0.530303030304065,1.0,1.0606060606058918,1.499999999999159,0.4393939393932671,-90.75365790050918,-92.08489391840575
E_Momentum_Continuation,momentum_E,709,DOWN,2026-08-26 16:59:00,2026-08-26 17:00:00,359150,1.16502,0.5499999999997967,1.165075,1.1649375,2026-08-26 17:00:00,1.1649375,TP,0,1.5000000000002884,4.363636363638304,-0.1818181818194401,1.0,1.8181818181824905,1.5000000000002884,-0.31818181818220204,-91.0718397186914,-92.40307573658797
E_Momentum_Continuation,momentum_E,713,DOWN,2026-08-27 04:34:00,2026-08-27 04:35:00,359840,1.16493,1.0285714285716645,1.1650328571428572,1.1647757142857142,2026-08-27 04:36:00,1.1647757142857142,TP,1,1.500000000000231,1.7500000000002691,-0.4861111111098666,1.0,0.9722222222219992,1.500000000000231,0.5277777777782318,-90.54406194091315,-91.87529795880972
E_Momentum_Continuation,momentum_E,717,DOWN,2026-08-28 10:19:00,2026-08-28 10:20:00,361617,1.16069,4.442857142857066,1.1611342857142857,1.1600235714285714,2026-08-28 10:27:00,1.1600235714285714,TP,7,1.5000000000001428,2.1607717041802634,-0.5627009646304227,1.0,0.22508038585209394,1.5000000000001428,1.2749196141480488,-89.2691423267651,-90.60037834466168
E_Momentum_Continuation,momentum_E,723,DOWN,2026-08-31 20:56:00,2026-08-31 20:57:00,363687,1.16181,0.935714285713913,1.1619035714285717,1.161669642857143,2026-08-31 21:05:00,1.161669642857143,TP,8,1.5000000000000846,3.099236641221555,-0.7480916030538879,1.0,1.0687022900767615,1.5000000000000846,0.43129770992332306,-88.83784461684179,-90.16908063473836
E_Momentum_Continuation,momentum_E,725,DOWN,2026-09-01 10:27:00,2026-09-01 10:28:00,364496,1.16028,1.4071428571424007,1.160420714285714,1.1600689285714283,2026-09-01 10:30:00,1.1600689285714283,TP,2,1.5000000000007323,1.847715736040689,-0.213197969543035,1.0,0.7106598984773879,1.5000000000007323,0.7893401015233444,-88.04850451531844,-89.37974053321501
E_Momentum_Continuation,momentum_E,727,DOWN,2026-09-01 18:41:00,2026-09-01 18:42:00,364986,1.15926,0.4428571428565548,1.1593042857142857,1.1591935714285715,2026-09-01 18:52:00,1.1593042857142857,SL,10,-1.0000000000014324,0.6774193548390331,-1.1290322580683978,1.0,2.2580645161320305,-1.0000000000014324,-3.258064516133463,-91.3065690314519,-92.63780504934847
