model,swing_id,direction,entry_time,exit_time,gross_R,cost_pips,cost_R,net_R,equity_R,drawdown_R
A_Breakout,14,UP,2025-09-15 02:52:00,2025-09-15 02:56:00,-0.9999999999993618,1.0,0.8045977011498013,-1.8045977011491632,-1.8045977011491632,0.0
A_Breakout,16,UP,2025-09-15 21:39:00,2025-09-15 21:40:00,1.500000000000666,1.0,0.9333333333337125,0.5666666666669534,-1.2379310344822096,0.0
A_Breakout,24,UP,2025-09-21 22:44:00,2025-09-21 22:46:00,-0.9999999999992516,1.0,0.7865168539325335,-1.786516853931785,-3.0244478884139947,-1.786516853931785
A_Breakout,34,UP,2025-09-26 04:32:00,2025-09-26 04:35:00,1.5000000000006617,1.0,0.5957446808509888,0.9042553191496729,-2.1201925692643218,-0.8822615347821121
A_Breakout,36,UP,2025-09-26 07:33:00,2025-09-26 07:35:00,1.5000000000005602,1.0,0.6422018348624299,0.8577981651381303,-1.2623944041261914,-0.02446336964398177
A_Breakout,38,UP,2025-09-29 04:49:00,2025-09-29 04:51:00,-1.0000000000002724,1.0,0.8588957055216958,-1.8588957055219684,-3.12129010964816,-1.8833590751659504
A_Breakout,42,UP,2025-09-30 09:50:00,2025-09-30 09:55:00,-0.99999999999955,1.0,0.47297297297285473,-1.4729729729724048,-4.594263082620564,-3.3563320481383547
A_Breakout,46,UP,2025-10-01 13:21:00,2025-10-01 13:27:00,1.5000000000007976,1.0,0.8383233532934943,0.6616766467073033,-3.932586435913261,-2.6946554014310515
A_Breakout,50,UP,2025-10-03 01:51:00,2025-10-03 01:55:00,-1.0000000000004012,1.0,0.8433734939763575,-1.8433734939767588,-5.7759599298900195,-4.53802889540781
A_Breakout,60,UP,2025-10-08 13:03:00,2025-10-08 13:05:00,-0.9999999999990616,1.0,0.9859154929577625,-1.9859154929568241,-7.761875422846844,-6.523944388364634
A_Breakout,64,UP,2025-10-10 03:51:00,2025-10-10 03:57:00,1.500000000000402,1.0,0.6334841628959783,0.8665158371044236,-6.895359585742421,-5.657428551260211
A_Breakout,68,UP,2025-10-12 18:44:00,2025-10-12 18:45:00,-1.0000000000003042,1.0,0.6392694063927191,-1.6392694063930233,-8.534628992135444,-7.296697957653234
A_Breakout,72,UP,2025-10-14 04:31:00,2025-10-14 04:37:00,-0.9999999999999282,1.0,0.4530744336570176,-1.4530744336569459,-9.98770342579239,-8.74977239131018
A_Breakout,74,UP,2025-10-15 09:28:00,2025-10-15 09:32:00,1.499999999999455,1.0,0.5283018867924889,0.9716981132069662,-9.016005312585424,-7.778074278103214
A_Breakout,76,UP,2025-10-16 04:44:00,2025-10-16 04:45:00,-1.000000000000514,1.0,0.648148148148233,-1.648148148148747,-10.66415346073417,-9.426222426251961
A_Breakout,79,DOWN,2025-10-20 02:01:00,2025-10-20 02:01:00,-1.0000000000005882,1.0,0.9271523178807195,-1.9271523178813077,-12.591305778615478,-11.35337474413327
A_Breakout,81,DOWN,2025-10-20 21:23:00,2025-10-20 21:29:00,1.50000000000111,1.0,1.0000000000001101,0.5000000000009999,-12.091305778614478,-10.853374744132267
A_Breakout,83,DOWN,2025-10-22 02:01:00,2025-10-22 02:02:00,1.49999999999964,1.0,0.7567567567568856,0.7432432432427545,-11.348062535371724,-10.110131500889516
A_Breakout,87,DOWN,2025-10-23 04:41:00,2025-10-23 04:43:00,1.499999999999719,1.0,0.8860759493672609,0.613924050632458,-10.734138484739265,-9.496207450257057
A_Breakout,89,DOWN,2025-10-23 21:01:00,2025-10-23 21:02:00,-0.9999999999989624,1.0,1.3084112149525735,-2.308411214951536,-13.042549699690802,-11.804618665208594
A_Breakout,93,DOWN,2025-10-26 20:39:00,2025-10-26 20:41:00,1.5000000000003229,1.0,0.8139534883721198,0.6860465116282031,-12.356503188062598,-11.118572153580388
A_Breakout,97,DOWN,2025-10-28 12:52:00,2025-10-28 12:53:00,-1.0000000000012048,1.0,1.0852713178292592,-2.085271317830464,-14.441774505893063,-13.203843471410853
A_Breakout,105,DOWN,2025-10-31 05:21:00,2025-10-31 05:22:00,-1.0,1.0,0.7650273224041867,-1.7650273224041868,-16.206801828297248,-14.96887079381504
A_Breakout,114,UP,2025-11-05 03:03:00,2025-11-05 03:03:00,-1.0,1.0,0.588235294117635,-1.588235294117635,-17.795037122414886,-16.557106087932677
A_Breakout,116,UP,2025-11-05 09:28:00,2025-11-05 09:37:00,1.5000000000000493,1.0,0.6194690265486922,0.8805309734513571,-16.91450614896353,-15.67657511448132
A_Breakout,118,UP,2025-11-07 02:19:00,2025-11-07 02:22:00,1.5000000000003229,1.0,0.8139534883721198,0.6860465116282031,-16.228459637335323,-14.990528602853114
A_Breakout,128,UP,2025-11-12 20:39:00,2025-11-12 20:49:00,1.5000000000000748,1.0,0.9459459459458514,0.5540540540542235,-15.6744055832811,-14.436474548798891
A_Breakout,151,DOWN,2025-11-21 03:52:00,2025-11-21 03:54:00,-1.000000000000357,1.0,0.45016077170415575,-1.4501607717045129,-17.124566354985614,-15.886635320503405
A_Breakout,153,DOWN,2025-11-23 17:05:00,2025-11-23 17:30:00,-0.9999999999994584,1.0,0.5691056910569835,-1.5691056910564418,-18.693672046042057,-17.455741011559848
A_Breakout,159,DOWN,2025-11-24 22:21:00,2025-11-24 22:21:00,1.4999999999992977,1.0,1.772151898734024,-0.2721518987347262,-18.96582394477678,-17.72789291029457
A_Breakout,160,UP,2025-11-25 01:27:00,2025-11-25 01:30:00,1.5000000000000846,1.0,1.0687022900767615,0.43129770992332306,-18.53452623485346,-17.29659520037125
A_Breakout,162,UP,2025-11-26 09:28:00,2025-11-26 09:31:00,1.500000000000303,1.0,0.4778156996586869,1.0221843003416162,-17.51234193451184,-16.274410900029633
A_Breakout,164,UP,2025-11-27 05:10:00,2025-11-27 05:10:00,-0.999999999999815,1.0,1.1666666666670111,-2.166666666666826,-19.67900860117867,-18.44107756669646
A_Breakout,168,UP,2025-11-30 17:32:00,2025-11-30 17:32:00,-1.000000000001041,1.0,1.093750000000424,-2.093750000001465,-21.772758601180133,-20.534827566697924
A_Breakout,170,UP,2025-11-30 22:28:00,2025-11-30 22:31:00,1.499999999998292,1.0,1.5384615384619706,-0.03846153846367861,-21.81122013964381,-20.573289105161603
A_Breakout,176,UP,2025-12-02 12:23:00,2025-12-02 12:25:00,1.499999999999341,1.0,0.6392694063928488,0.8607305936064922,-20.95048954603732,-19.712558511555113
A_Breakout,178,UP,2025-12-03 04:36:00,2025-12-03 04:37:00,-1.0000000000001117,1.0,0.703517587939721,-1.7035175879398325,-22.654007133977153,-21.416076099494944
A_Breakout,188,UP,2025-12-09 03:29:00,2025-12-09 03:30:00,1.5000000000007123,1.0,0.7486631016041738,0.7513368983965385,-21.902670235580615,-20.664739201098406
A_Breakout,190,UP,2025-12-09 10:31:00,2025-12-09 10:33:00,-1.000000000000219,1.0,0.46052631578945036,-1.4605263157896693,-23.363196551370283,-22.125265516888074
A_Breakout,192,UP,2025-12-11 01:43:00,2025-12-11 01:57:00,1.4999999999995763,1.0,1.0687022900763992,0.4312977099231772,-22.931898841447104,-21.693967806964896
A_Breakout,198,UP,2025-12-15 04:07:00,2025-12-15 04:12:00,1.4999999999995786,1.0,0.5907172995781187,0.9092827004214599,-22.022616141025647,-20.78468510654344
A_Breakout,202,UP,2025-12-15 21:27:00,2025-12-15 21:42:00,1.4999999999991158,1.0,1.2389380530977494,0.2610619469013664,-21.76155419412428,-20.52362315964207
A_Breakout,204,UP,2025-12-16 02:32:00,2025-12-16 02:35:00,-1.0000000000005516,1.0,0.8695652173911242,-1.869565217391676,-23.631119411515954,-22.393188377033745
A_Breakout,216,UP,2025-12-22 02:22:00,2025-12-22 02:23:00,-1.000000000000475,1.0,0.7486631016041738,-1.7486631016046488,-25.379782513120603,-24.141851478638394
A_Breakout,218,UP,2025-12-23 11:23:00,2025-12-23 11:24:00,-0.999999999999502,1.0,0.62780269058316,-1.627802690582662,-27.007585203703265,-25.769654169221056
A_Breakout,222,UP,2025-12-25 19:24:00,2025-12-25 19:25:00,1.4999999999993967,1.0,0.7608695652173649,0.7391304347820318,-26.268454768921234,-25.030523734439026
A_Breakout,230,UP,2025-12-29 13:04:00,2025-12-29 13:06:00,1.5000000000000715,1.0,0.909090909091114,0.5909090909089575,-25.677545678012276,-24.439614643530067
A_Breakout,234,UP,2025-12-31 10:37:00,2025-12-31 10:37:00,-0.9999999999993682,1.0,0.5691056910569322,-1.5691056910563004,-27.246651369068577,-26.008720334586368
A_Breakout,240,UP,2026-01-05 09:04:00,2026-01-05 09:06:00,1.5000000000002485,1.0,0.5223880597014462,0.9776119402988023,-26.269039428769776,-25.031108394287568
A_Breakout,242,UP,2026-01-05 20:36:00,2026-01-05 20:39:00,1.4999999999994345,1.0,0.8917197452228895,0.6082802547765449,-25.66075917399323,-24.422828139511022
A_Breakout,252,UP,2026-01-09 10:47:00,2026-01-09 10:47:00,-1.000000000000208,1.0,0.43750000000001776,-1.4375000000002258,-27.098259173993455,-25.860328139511246
A_Breakout,264,UP,2026-01-18 17:40:00,2026-01-18 17:42:00,1.5000000000007356,1.0,0.8433734939759063,0.6566265060248293,-26.441632667968626,-25.203701633486418
A_Breakout,266,UP,2026-01-19 04:49:00,2026-01-19 04:53:00,-0.9999999999994188,1.0,0.7329842931937725,-1.7329842931931911,-28.174616961161817,-26.93668592667961
A_Breakout,268,UP,2026-01-19 20:06:00,2026-01-19 20:16:00,-0.9999999999998078,1.0,0.6060606060605971,-1.6060606060604048,-29.780677567222224,-28.542746532740015
A_Breakout,274,UP,2026-01-21 19:03:00,2026-01-21 19:04:00,-1.0000000000003024,1.0,0.9523809523810431,-1.9523809523813456,-31.733058519603567,-30.49512748512136
A_Breakout,276,UP,2026-01-23 03:42:00,2026-01-23 03:44:00,1.500000000000112,1.0,0.47138047138044925,1.0286195286196627,-30.704438990983906,-29.466507956501697
A_Breakout,280,UP,2026-01-27 04:05:00,2026-01-27 04:09:00,1.4999999999995195,1.0,0.6730769230768967,0.8269230769226228,-29.877515914061284,-28.639584879579076
A_Breakout,284,UP,2026-01-28 14:36:00,2026-01-28 14:38:00,1.499999999999817,1.0,0.23026315789472518,1.2697368421050919,-28.60777907195619,-27.369848037473982
A_Breakout,299,DOWN,2026-02-04 03:35:00,2026-02-04 03:41:00,-0.9999999999994992,1.0,0.5263157894736631,-1.5263157894731623,-30.134094861429354,-28.896163826947145
A_Breakout,315,DOWN,2026-02-10 10:06:00,2026-02-10 10:15:00,1.4999999999998457,1.0,0.38997214484682285,1.1100278551530227,-29.02406700627633,-27.78613597179412
A_Breakout,319,DOWN,2026-02-11 21:26:00,2026-02-11 21:28:00,1.5000000000002265,1.0,0.9523809523808989,0.5476190476193276,-28.476447958657005,-27.238516924174796
A_Breakout,323,DOWN,2026-02-12 20:26:00,2026-02-12 20:33:00,-1.0000000000007734,1.0,0.6965174129351461,-1.6965174129359195,-30.172965371592923,-28.935034337110714
A_Breakout,327,DOWN,2026-02-16 02:12:00,2026-02-16 02:13:00,-0.9999999999987566,1.0,1.1200000000004218,-2.1199999999991785,-32.2929653715921,-31.055034337109895
A_Breakout,329,DOWN,2026-02-16 03:27:00,2026-02-16 03:27:00,-1.0000000000005145,1.0,0.5405405405405214,-1.540540540541036,-33.833505912133134,-32.595574877650925
A_Breakout,331,DOWN,2026-02-17 05:01:00,2026-02-17 05:01:00,-1.0000000000003988,1.0,0.8383233532933829,-1.8383233532937817,-35.67182926542692,-34.43389823094471
A_Breakout,335,DOWN,2026-02-18 08:29:00,2026-02-18 08:30:00,1.500000000000568,1.0,0.7954545454548541,0.7045454545457139,-34.967283810881206,-33.729352776399
A_Breakout,342,UP,2026-02-20 04:14:00,2026-02-20 04:23:00,1.499999999999622,1.0,0.5957446808511013,0.9042553191485208,-34.06302849173269,-32.82509745725048
A_Breakout,344,UP,2026-02-20 12:04:00,2026-02-20 12:08:00,-1.000000000000357,1.0,0.45016077170415575,-1.4501607717045129,-35.5131892634372,-34.27525822895499
A_Breakout,350,UP,2026-02-24 17:33:00,2026-02-24 17:33:00,-0.999999999998414,1.0,2.0000000000014895,-2.9999999999999036,-38.5131892634371,-37.27525822895489
A_Breakout,352,UP,2026-02-25 06:57:00,2026-02-25 06:57:00,-1.0000000000005085,1.0,1.0687022900763992,-2.0687022900769074,-40.581891553514005,-39.343960519031796
A_Breakout,354,UP,2026-02-26 13:28:00,2026-02-26 13:30:00,-1.000000000000126,1.0,0.7954545454546531,-1.795454545454779,-42.377346098968786,-41.13941506448658
A_Breakout,363,DOWN,2026-03-05 04:31:00,2026-03-05 04:39:00,1.5000000000000344,1.0,0.2170542635658743,1.28294573643416,-41.09440036253463,-39.85646932805242
A_Breakout,365,DOWN,2026-03-05 23:54:00,2026-03-05 23:56:00,1.4999999999987768,1.0,1.1864406779665897,0.31355932203218706,-40.78084104050244,-39.54291000602023
A_Breakout,371,DOWN,2026-03-10 13:07:00,2026-03-10 13:13:00,-1.000000000000216,1.0,0.45454545454532763,-1.4545454545455436,-42.23538649504798,-40.997455460565774
A_Breakout,373,DOWN,2026-03-11 02:39:00,2026-03-11 02:43:00,1.4999999999996338,1.0,0.3846153846153988,1.115384615384235,-41.12000187966375,-39.88207084518154
A_Breakout,375,DOWN,2026-03-12 07:05:00,2026-03-12 07:06:00,1.499999999999767,1.0,0.48951048951055104,1.010489510489216,-40.10951236917453,-38.87158133469232
A_Breakout,377,DOWN,2026-03-12 20:34:00,2026-03-12 20:34:00,-1.0000000000003215,1.0,1.014492753622745,-2.014492753623067,-42.1240051227976,-40.88607408831539
A_Breakout,379,DOWN,2026-03-13 09:18:00,2026-03-13 09:20:00,-0.9999999999998176,1.0,0.3835616438355537,-1.3835616438353713,-43.50756676663297,-42.26963573215076
A_Breakout,389,DOWN,2026-03-18 07:08:00,2026-03-18 07:09:00,1.4999999999999456,1.0,0.3431372549019911,1.1568627450979545,-42.350704021535016,-41.11277298705281
A_Breakout,391,DOWN,2026-03-18 21:46:00,2026-03-18 21:50:00,1.499999999999477,1.0,0.732984293193943,0.7670157068055341,-41.58368831472948,-40.34575728024727
A_Breakout,395,DOWN,2026-03-20 03:46:00,2026-03-20 03:51:00,1.4999999999999212,1.0,0.4982206405694381,1.0017793594304831,-40.581908955299,-39.34397792081679
A_Breakout,397,DOWN,2026-03-22 18:40:00,2026-03-22 18:40:00,-1.0000000000005196,1.0,0.8187134502921372,-1.8187134502926567,-42.400622405591655,-41.162691371109446
A_Breakout,401,DOWN,2026-03-24 03:19:00,2026-03-24 03:25:00,1.4999999999996982,1.0,0.2718446601941754,1.228155339805523,-41.17246706578613,-39.93453603130392
A_Breakout,403,DOWN,2026-03-24 10:46:00,2026-03-24 10:49:00,1.5000000000003846,1.0,0.40462427745669705,1.0953757225436875,-40.077091343242444,-38.839160308760235
A_Breakout,407,DOWN,2026-03-25 03:55:00,2026-03-25 04:01:00,-1.00000000000006,1.0,0.37735849056611775,-1.3773584905661778,-41.454449833808624,-40.216518799326415
A_Breakout,409,DOWN,2026-03-26 00:19:00,2026-03-26 00:21:00,1.50000000000067,1.0,1.206896551723855,0.2931034482768149,-41.16134638553181,-39.9234153510496
A_Breakout,413,DOWN,2026-03-27 10:56:00,2026-03-27 10:57:00,1.5,1.0,0.3943661971831297,1.1056338028168704,-40.05571258271494,-38.81778154823273
A_Breakout,415,DOWN,2026-03-30 00:49:00,2026-03-30 00:51:00,1.499999999998755,1.0,1.308411214952845,0.19158878504590993,-39.86412379766903,-38.62619276318682
A_Breakout,417,DOWN,2026-03-30 17:28:00,2026-03-30 17:28:00,-1.0000000000003106,1.0,0.9790209790215582,-1.9790209790218687,-41.8431447766909,-40.60521374220869
A_Breakout,423,DOWN,2026-04-01 21:32:00,2026-04-01 21:34:00,1.4999999999999147,1.0,0.1790281329923237,1.320971867007591,-40.522172909683306,-39.2842418752011
A_Breakout,429,DOWN,2026-04-03 07:15:00,2026-04-03 07:17:00,1.4999999999985107,1.0,1.70731707317018,-0.20731707317166936,-40.72948998285497,-39.49155894837276
A_Breakout,431,DOWN,2026-04-03 16:41:00,2026-04-03 16:59:00,1.5000000000002685,1.0,0.5645161290323001,0.9354838709679684,-39.79400611188701,-38.5560750774048
A_Breakout,433,DOWN,2026-04-06 10:56:00,2026-04-06 10:57:00,-0.9999999999998924,1.0,0.3389830508474968,-1.3389830508473892,-41.1329891627344,-39.89505812825219
A_Breakout,437,DOWN,2026-04-09 14:03:00,2026-04-09 14:04:00,1.5000000000002482,1.0,0.6250000000000566,0.8750000000001916,-40.257989162734205,-39.020058128251996
A_Breakout,441,DOWN,2026-04-13 02:37:00,2026-04-13 02:42:00,1.5000000000006088,1.0,0.5907172995780079,0.909282700422601,-39.348706462311604,-38.110775427829395
A_Breakout,445,DOWN,2026-04-15 02:41:00,2026-04-15 02:49:00,1.500000000000148,1.0,0.62222222222226,0.8777777777778881,-38.47092868453372,-37.23299765005151
A_Breakout,447,DOWN,2026-04-15 23:33:00,2026-04-15 23:38:00,1.499999999999046,1.0,1.0937499999994753,0.4062499999995708,-38.064678684534144,-36.826747650051935
A_Breakout,451,DOWN,2026-04-20 19:35:00,2026-04-20 19:35:00,1.4999999999991238,1.0,3.684210526323946,-2.184210526324822,-40.24888921085896,-39.010958176376754
A_Breakout,453,DOWN,2026-04-21 11:02:00,2026-04-21 11:03:00,-1.0000000000001057,1.0,0.3325415676959583,-1.332541567696064,-41.58143077855503,-40.34349974407282
A_Breakout,455,DOWN,2026-04-22 01:56:00,2026-04-22 01:58:00,-0.9999999999997096,1.0,0.9150326797384105,-1.91503267973812,-43.49646345829315,-42.25853242381094
A_Breakout,457,DOWN,2026-04-22 21:12:00,2026-04-22 21:12:00,-0.9999999999993148,1.0,0.8641975308641032,-1.864197530863418,-45.36066098915657,-44.12272995467436
A_Breakout,461,DOWN,2026-04-23 22:22:00,2026-04-23 22:22:00,1.500000000000222,1.0,1.4000000000001542,0.10000000000006781,-45.2606609891565,-44.02272995467429
A_Breakout,465,DOWN,2026-04-27 08:59:00,2026-04-27 09:02:00,-1.000000000000189,1.0,0.5957446808511013,-1.5957446808512903,-46.85640567000779,-45.61847463552558
A_Breakout,467,DOWN,2026-04-27 20:54:00,2026-04-27 20:54:00,1.4999999999999998,1.0,1.1023622047245114,0.39763779527548837,-46.4587678747323,-45.220836840250094
A_Breakout,469,DOWN,2026-04-28 21:01:00,2026-04-28 21:01:00,1.5,1.0,1.0769230769233795,0.4230769230766205,-46.03569095165568,-44.79775991717347
A_Breakout,471,DOWN,2026-04-29 07:44:00,2026-04-29 07:45:00,-1.0,1.0,0.7407407407407613,-1.7407407407407613,-47.77643169239644,-46.538500657914234
A_Breakout,473,DOWN,2026-04-29 20:33:00,2026-04-29 20:37:00,1.500000000000536,1.0,0.9655172413793428,0.5344827586211932,-47.24194893377525,-46.00401789929304
A_Breakout,480,UP,2026-05-05 01:24:00,2026-05-05 01:25:00,1.4999999999991158,1.0,1.2389380530977494,0.2610619469013664,-46.980886986873884,-45.742955952391675
A_Breakout,482,UP,2026-05-05 17:47:00,2026-05-05 17:47:00,1.4999999999964189,1.0,4.516129032254358,-3.016129032257939,-49.99701601913182,-48.75908498464961
A_Breakout,486,UP,2026-05-07 03:13:00,2026-05-07 03:18:00,-0.9999999999998812,1.0,0.37433155080217584,-1.374331550802057,-51.37134756993388,-50.13341653545167
A_Breakout,488,UP,2026-05-07 18:12:00,2026-05-07 18:14:00,-1.0000000000006235,1.0,0.7865168539322392,-1.7865168539328629,-53.15786442386674,-51.91993338938453
A_Breakout,502,UP,2026-05-17 21:32:00,2026-05-17 21:35:00,1.5000000000004776,1.0,0.7526881720427523,0.7473118279577253,-52.41055259590902,-51.17262156142681
A_Breakout,504,UP,2026-05-18 15:40:00,2026-05-18 15:48:00,1.4999999999995146,1.0,0.7650273224043723,0.7349726775951423,-51.67557991831387,-50.43764888383166
A_Breakout,506,UP,2026-05-20 10:32:00,2026-05-20 10:34:00,-0.9999999999998392,1.0,0.20289855072463395,-1.2028985507244732,-52.87847846903835,-51.64054743455614
A_Breakout,514,UP,2026-05-22 11:06:00,2026-05-22 11:06:00,-0.9999999999998416,1.0,0.4999999999999758,-1.4999999999998175,-54.378478469038164,-53.140547434555955
A_Breakout,516,UP,2026-05-25 04:00:00,2026-05-25 04:00:00,-0.9999999999992182,1.0,0.9859154929579168,-1.985915492957135,-56.3643939619953,-55.12646292751309
A_Breakout,520,UP,2026-05-26 12:08:00,2026-05-26 12:11:00,1.4999999999990636,1.0,0.843373493976019,0.6566265060230446,-55.70776745597225,-54.469836421490044
A_Breakout,522,UP,2026-05-27 08:19:00,2026-05-27 08:19:00,-0.9999999999995808,1.0,0.44025157232704937,-1.44025157232663,-57.14801902829888,-55.910087993816674
A_Breakout,524,UP,2026-05-28 00:40:00,2026-05-28 00:42:00,-0.99999999999926,1.0,1.1666666666663634,-2.1666666666656234,-59.31468569496451,-58.0767546604823
A_Breakout,530,UP,2026-06-01 11:03:00,2026-06-01 11:03:00,-1.000000000000461,1.0,0.48442906574382305,-1.484429065744284,-60.79911476070879,-59.56118372622658
A_Breakout,531,DOWN,2026-06-02 09:09:00,2026-06-02 09:09:00,-0.9999999999990964,1.0,0.8139534883716993,-1.8139534883707957,-62.61306824907959,-61.37513721459738
A_Breakout,537,DOWN,2026-06-05 05:43:00,2026-06-05 05:43:00,-0.9999999999998166,1.0,1.1570247933878566,-2.157024793387673,-64.77009304246727,-63.53216200798506
A_Breakout,549,DOWN,2026-06-10 22:07:00,2026-06-10 22:10:00,-1.0000000000012048,1.0,1.0852713178292592,-2.085271317830464,-66.85536436029773,-65.61743332581551
A_Breakout,553,DOWN,2026-06-12 05:50:00,2026-06-12 05:50:00,1.5000000000004488,1.0,0.7070707070708326,0.7929292929296161,-66.06243506736811,-64.8245040328859
A_Breakout,557,DOWN,2026-06-15 10:14:00,2026-06-15 10:15:00,-0.9999999999997864,1.0,0.6730769230769685,-1.673076923076755,-67.73551199044486,-66.49758095596265
A_Breakout,559,DOWN,2026-06-15 21:25:00,2026-06-15 21:26:00,-0.9999999999991838,1.0,1.0294117647056933,-2.029411764704877,-69.76492375514974,-68.52699272066752
A_Breakout,565,DOWN,2026-06-18 03:02:00,2026-06-18 03:05:00,1.5000000000002651,1.0,0.5577689243028848,0.9422310756973803,-68.82269267945236,-67.58476164497014
A_Breakout,567,DOWN,2026-06-18 11:25:00,2026-06-18 11:33:00,1.5000000000004623,1.0,0.5833333333332896,0.9166666666671727,-67.90602601278519,-66.66809497830297
A_Breakout,569,DOWN,2026-06-19 15:40:00,2026-06-19 15:40:00,1.50000000000068,1.0,2.8571428571435606,-1.3571428571428807,-69.26316886992807,-68.02523783544585
A_Breakout,571,DOWN,2026-06-22 06:36:00,2026-06-22 06:41:00,-1.0000000000008011,1.0,0.7216494845360628,-1.721649484536864,-70.98481835446493,-69.74688731998272
A_Breakout,573,DOWN,2026-06-22 22:47:00,2026-06-22 22:54:00,1.4999999999990965,1.0,1.6279069767448697,-0.12790697674577323,-71.11272533121071,-69.8747942967285
A_Breakout,575,DOWN,2026-06-23 03:41:00,2026-06-23 03:42:00,1.4999999999995866,1.0,0.4011461318052605,1.098853868194326,-70.01387146301639,-68.77594042853417
A_Breakout,587,DOWN,2026-06-28 22:54:00,2026-06-28 22:55:00,-0.9999999999997256,1.0,1.728395061728917,-2.7283950617286425,-72.74226652474502,-71.5043354902628
A_Breakout,591,DOWN,2026-06-30 11:22:00,2026-06-30 11:27:00,-1.0,1.0,0.4827586206896714,-1.4827586206896715,-74.2250251454347,-72.98709411095248
A_Breakout,593,DOWN,2026-07-01 10:28:00,2026-07-01 10:32:00,-1.0000000000002494,1.0,0.3932584269663158,-1.393258426966565,-75.61828357240125,-74.38035253791904
A_Breakout,600,UP,2026-07-06 11:39:00,2026-07-06 11:41:00,1.500000000000859,1.0,0.8333333333334912,0.6666666666673678,-74.95161690573389,-73.71368587125167
A_Breakout,606,UP,2026-07-08 12:06:00,2026-07-08 12:06:00,1.5000000000005722,1.0,0.7216494845361454,0.7783505154644268,-74.17326639026946,-72.93533535578725
A_Breakout,616,UP,2026-07-14 03:24:00,2026-07-14 03:28:00,1.4999999999995373,1.0,0.7291666666669494,0.7708333333325879,-73.40243305693687,-72.16450202245466
A_Breakout,618,UP,2026-07-14 17:25:00,2026-07-14 17:25:00,-0.9999999999977796,1.0,2.0000000000002207,-2.9999999999980003,-76.40243305693488,-75.16450202245267
A_Breakout,620,UP,2026-07-15 08:31:00,2026-07-15 08:32:00,1.499999999999455,1.0,0.5283018867924889,0.9716981132069662,-75.43073494372791,-74.1928039092457
A_Breakout,636,UP,2026-07-22 18:02:00,2026-07-22 18:02:00,-1.0000000000027758,1.0,2.916666666661052,-3.9166666666638275,-79.34740161039174,-78.10947057590953
A_Breakout,640,UP,2026-07-24 02:17:00,2026-07-24 02:18:00,1.5000000000000715,1.0,0.909090909091114,0.5909090909089575,-78.75649251948278,-77.51856148500056
A_Breakout,648,UP,2026-07-28 19:45:00,2026-07-28 19:45:00,-0.9999999999978232,1.0,2.7450980392156303,-3.7450980392134534,-82.50159055869624,-81.26365952421402
A_Breakout,652,UP,2026-07-30 04:03:00,2026-07-30 04:06:00,1.4999999999995617,1.0,0.6140350877191625,0.8859649122803992,-81.61562564641584,-80.37769461193362
A_Breakout,656,UP,2026-07-31 10:16:00,2026-07-31 10:20:00,-1.0000000000000533,1.0,0.33573141486814073,-1.335731414868194,-82.95135706128403,-81.71342602680181
A_Breakout,657,DOWN,2026-08-02 19:03:00,2026-08-02 19:03:00,1.4999999999993867,1.0,0.7734806629832924,0.7265193370160943,-82.22483772426793,-80.98690668978571
A_Breakout,659,DOWN,2026-08-03 21:01:00,2026-08-03 21:10:00,-0.9999999999998782,1.0,0.7692307692308916,-1.7692307692307698,-83.9940684934987,-82.75613745901649
A_Breakout,667,DOWN,2026-08-05 15:07:00,2026-08-05 15:07:00,-0.9999999999998292,1.0,1.0769230769231957,-2.076923076923025,-86.07099157042173,-84.83306053593951
A_Breakout,671,DOWN,2026-08-10 04:51:00,2026-08-10 04:51:00,-1.0000000000006728,1.0,1.4141414141407136,-2.4141414141413864,-88.48513298456312,-87.2472019500809
A_Breakout,673,DOWN,2026-08-10 21:45:00,2026-08-10 21:46:00,-0.9999999999989791,1.0,1.6091954022989867,-2.6091954022979658,-91.09432838686108,-89.85639735237886
A_Breakout,679,DOWN,2026-08-12 20:54:00,2026-08-12 20:57:00,1.499999999998612,1.0,1.749999999999221,-0.25000000000060907,-91.34432838686169,-90.10639735237947
A_Breakout,687,DOWN,2026-08-17 21:48:00,2026-08-17 21:48:00,1.500000000000362,1.0,1.5217391304339953,-0.021739130433633402,-91.36606751729532,-90.1281364828131
A_Breakout,691,DOWN,2026-08-18 20:46:00,2026-08-18 20:50:00,-1.000000000000179,1.0,1.1290322580646002,-2.129032258064779,-93.4950997753601,-92.25716874087789
A_Breakout,701,DOWN,2026-08-23 21:15:00,2026-08-23 21:16:00,1.4999999999992504,1.0,0.8588957055215785,0.6411042944776719,-92.85399548088243,-91.61606444640022
A_Breakout,703,DOWN,2026-08-24 20:55:00,2026-08-24 20:55:00,-1.000000000000793,1.0,1.249999999999741,-2.250000000000534,-95.10399548088296,-93.86606444640074
A_Breakout,707,DOWN,2026-08-26 04:56:00,2026-08-26 04:56:00,1.499999999998998,1.0,1.0526315789471503,0.4473684210518476,-94.65662705983112,-93.41869602534891
A_Breakout,709,DOWN,2026-08-26 17:05:00,2026-08-26 17:05:00,-0.9999999999998253,1.0,1.102362204724319,-2.102362204724144,-96.75898926455527,-95.52105823007305
A_Breakout,713,DOWN,2026-08-27 04:30:00,2026-08-27 04:34:00,1.5000000000003002,1.0,0.9459459459459935,0.5540540540543067,-96.20493521050095,-94.96700417601873
A_Breakout,717,DOWN,2026-08-28 10:25:00,2026-08-28 10:27:00,1.500000000000042,1.0,0.2656546489563625,1.2343453510436795,-94.97058985945728,-93.73265882497506
A_Breakout,723,DOWN,2026-08-31 20:57:00,2026-08-31 21:05:00,1.5000000000000846,1.0,1.0687022900767615,0.43129770992332306,-94.53929214953395,-93.30136111505173
A_Breakout,725,DOWN,2026-09-01 10:50:00,2026-09-01 10:50:00,-1.0000000000004827,1.0,0.7608695652171814,-1.7608695652176642,-96.30016171475161,-95.0622306802694
A_Breakout,727,DOWN,2026-09-01 18:44:00,2026-09-01 18:52:00,-0.9999999999976378,1.0,2.978723404259728,-3.978723404257366,-100.27888511900898,-99.04095408452676
B_Break_Retest,14,UP,2025-09-15 02:54:00,2025-09-15 02:58:00,-1.0000000000009477,1.0,0.8536585365856679,-1.8536585365866156,-1.8536585365866156,0.0
B_Break_Retest,16,UP,2025-09-15 21:44:00,2025-09-15 21:45:00,1.4999999999993228,1.0,0.8536585365855522,0.6463414634137705,-1.207317073172845,0.0
B_Break_Retest,24,UP,2025-09-21 23:12:00,2025-09-21 23:34:00,-1.0000000000007483,1.0,0.7865168539323374,-1.7865168539330858,-2.993833927105931,-1.786516853933086
B_Break_Retest,36,UP,2025-09-26 07:39:00,2025-09-26 07:51:00,1.5000000000002276,1.0,0.573770491803227,0.9262295081970006,-2.0676044189089304,-0.8602873457360853
B_Break_Retest,38,UP,2025-09-29 04:53:00,2025-09-29 04:57:00,1.4999999999992637,1.0,0.7142857142859711,0.7857142857132926,-1.2818901331956378,-0.07457306002279274
B_Break_Retest,42,UP,2025-09-30 09:54:00,2025-09-30 09:55:00,-1.000000000000315,1.0,0.4964539007090948,-1.49645390070941,-2.778344033905048,-1.5710269607322027
B_Break_Retest,46,UP,2025-10-01 13:24:00,2025-10-01 13:32:00,-0.999999999999742,1.0,0.8139534883722248,-1.8139534883719668,-4.592297522277015,-3.3849804491041695
B_Break_Retest,50,UP,2025-10-03 02:15:00,2025-10-03 02:16:00,1.499999999999451,1.0,0.7692307692307039,0.7307692307687472,-3.861528291508267,-2.654211218335422
B_Break_Retest,60,UP,2025-10-08 13:09:00,2025-10-08 13:11:00,-0.999999999999581,1.0,0.880503144654099,-1.88050314465368,-5.742031436161947,-4.534714362989102
B_Break_Retest,64,UP,2025-10-10 03:53:00,2025-10-10 03:57:00,1.4999999999996352,1.0,0.657276995305312,0.8427230046943232,-4.899308431467624,-3.6919913582947785
B_Break_Retest,68,UP,2025-10-12 19:09:00,2025-10-12 19:12:00,-1.0000000000005285,1.0,0.5555555555556363,-1.5555555555561646,-6.4548639870237885,-5.247546913850943
B_Break_Retest,72,UP,2025-10-14 04:34:00,2025-10-14 04:36:00,-0.9999999999996748,1.0,0.5128205128204901,-1.512820512820165,-7.967684499843954,-6.760367426671109
B_Break_Retest,74,UP,2025-10-15 09:34:00,2025-10-15 09:36:00,1.4999999999998084,1.0,0.4827586206897822,1.0172413793100261,-6.950443120533928,-5.743126047361082
B_Break_Retest,76,UP,2025-10-16 04:47:00,2025-10-16 04:47:00,-0.9999999999998104,1.0,0.5982905982906529,-1.5982905982904634,-8.54873371882439,-7.341416645651545
B_Break_Retest,79,DOWN,2025-10-20 02:10:00,2025-10-20 02:18:00,1.499999999999869,1.0,0.5511811023622076,0.9488188976376614,-7.59991482118673,-6.392597748013885
B_Break_Retest,81,DOWN,2025-10-20 21:26:00,2025-10-20 21:29:00,1.5000000000008724,1.0,0.9999999999999516,0.5000000000009208,-7.099914821185809,-5.892597748012964
B_Break_Retest,83,DOWN,2025-10-22 02:13:00,2025-10-22 02:22:00,-0.9999999999997728,1.0,0.4778156996586507,-1.4778156996584235,-8.577730520844232,-7.370413447671387
B_Break_Retest,87,DOWN,2025-10-23 04:51:00,2025-10-23 04:54:00,1.4999999999996338,1.0,0.7692307692307976,0.7307692307688363,-7.846961290075396,-6.639644216902551
B_Break_Retest,89,DOWN,2025-10-23 21:14:00,2025-10-23 21:19:00,1.4999999999998266,1.0,1.0937500000000446,0.40624999999978195,-7.4407112900756145,-6.233394216902769
B_Break_Retest,93,DOWN,2025-10-26 20:41:00,2025-10-26 20:46:00,1.5000000000008122,1.0,0.8536585365853212,0.646341463415491,-6.794369826660123,-5.587052753487278
B_Break_Retest,97,DOWN,2025-10-28 12:59:00,2025-10-28 13:00:00,-0.9999999999998253,1.0,1.102362204724319,-2.102362204724144,-8.896732031384268,-7.689414958211422
B_Break_Retest,105,DOWN,2025-10-31 05:26:00,2025-10-31 05:35:00,1.4999999999993214,1.0,0.7777777777775756,0.7222222222217458,-8.174509809162522,-6.967192735989677
B_Break_Retest,114,UP,2025-11-05 03:05:00,2025-11-05 03:06:00,1.5000000000002247,1.0,0.5668016194332047,0.93319838056702,-7.241311428595502,-6.0339943554226565
B_Break_Retest,116,UP,2025-11-05 09:30:00,2025-11-05 09:37:00,1.5000000000005047,1.0,0.6363636363637064,0.8636363636367983,-6.377675064958703,-5.170357991785858
B_Break_Retest,118,UP,2025-11-07 02:21:00,2025-11-07 02:22:00,1.5000000000000715,1.0,0.909090909091114,0.5909090909089575,-5.786765974049746,-4.5794489008769
B_Break_Retest,128,UP,2025-11-12 20:55:00,2025-11-12 20:58:00,1.499999999999287,1.0,1.2844036697249905,0.21559633027429648,-5.571169643775449,-4.363852570602604
B_Break_Retest,151,DOWN,2025-11-21 03:56:00,2025-11-21 03:57:00,1.5000000000004965,1.0,0.4472843450479123,1.0527156549525842,-4.5184539888228645,-3.311136915650019
B_Break_Retest,153,DOWN,2025-11-23 18:11:00,2025-11-23 18:17:00,1.4999999999992313,1.0,1.0769230769228277,0.42307692307640354,-4.095377065746462,-2.8880599925736163
B_Break_Retest,159,DOWN,2025-11-24 22:32:00,2025-11-24 22:33:00,-0.9999999999990412,1.0,1.007194244604154,-2.007194244603195,-6.102571310349656,-4.895254237176811
B_Break_Retest,160,UP,2025-11-25 01:34:00,2025-11-25 01:34:00,-0.9999999999997982,1.0,1.2727272727279269,-2.272727272727725,-8.375298583077381,-7.167981509904536
B_Break_Retest,162,UP,2025-11-26 09:38:00,2025-11-26 09:42:00,1.4999999999997076,1.0,0.4605263157894167,1.0394736842102907,-7.335824898867091,-6.128507825694245
B_Break_Retest,164,UP,2025-11-27 05:20:00,2025-11-27 05:27:00,1.5,1.0,1.0769230769233795,0.4230769230766205,-6.91274797579047,-5.705430902617625
B_Break_Retest,168,UP,2025-11-30 17:34:00,2025-11-30 17:57:00,1.5000000000009197,1.0,0.828402366864138,0.6715976331367817,-6.241150342653689,-5.033833269480843
B_Break_Retest,170,UP,2025-11-30 22:30:00,2025-11-30 22:32:00,-1.0000000000009654,1.0,1.5217391304350971,-2.5217391304360626,-8.76288947308975,-7.555572399916905
B_Break_Retest,176,UP,2025-12-02 12:36:00,2025-12-02 12:39:00,-1.000000000000097,1.0,0.611353711790241,-1.611353711790338,-10.37424318488009,-9.166926111707244
B_Break_Retest,178,UP,2025-12-03 04:40:00,2025-12-03 04:41:00,1.5000000000003582,1.0,0.645161290322513,0.8548387096778451,-9.519404475202244,-8.312087402029398
B_Break_Retest,188,UP,2025-12-09 04:31:00,2025-12-09 04:32:00,-1.0000000000001017,1.0,0.6392694063925894,-1.6392694063926911,-11.158673881594934,-9.951356808422089
B_Break_Retest,190,UP,2025-12-09 10:32:00,2025-12-09 10:33:00,-1.000000000000295,1.0,0.4651162790697398,-1.465116279070035,-12.62379016066497,-11.416473087492125
B_Break_Retest,192,UP,2025-12-11 01:44:00,2025-12-11 01:57:00,1.4999999999994875,1.0,1.0769230769230118,0.4230769230764757,-12.200713237588495,-10.99339616441565
B_Break_Retest,198,UP,2025-12-15 04:17:00,2025-12-15 04:17:00,-0.9999999999999007,1.0,0.6250000000001804,-1.6250000000000813,-13.825713237588575,-12.61839616441573
B_Break_Retest,202,UP,2025-12-15 21:28:00,2025-12-15 21:34:00,-0.9999999999986122,1.0,1.2500000000004847,-2.2499999999990967,-16.07571323758767,-14.868396164414825
B_Break_Retest,204,UP,2025-12-16 02:39:00,2025-12-16 02:41:00,1.499999999999451,1.0,0.7692307692307039,0.7307692307687472,-15.344944006818924,-14.137626933646079
B_Break_Retest,216,UP,2025-12-22 02:25:00,2025-12-22 02:26:00,1.4999999999992282,1.0,0.7486631016042629,0.7513368983949653,-14.59360710842396,-13.386290035251115
B_Break_Retest,218,UP,2025-12-23 11:50:00,2025-12-23 11:56:00,-0.9999999999996056,1.0,0.8284023668638113,-1.828402366863417,-16.422009475287375,-15.21469240211453
B_Break_Retest,222,UP,2025-12-25 19:29:00,2025-12-25 19:35:00,-1.0000000000003042,1.0,0.6392694063927191,-1.6392694063930233,-18.0612788816804,-16.853961808507556
B_Break_Retest,230,UP,2025-12-29 13:06:00,2025-12-29 13:10:00,-0.9999999999998548,1.0,0.9150326797385434,-1.915032679738398,-19.976311561418797,-18.76899448824595
B_Break_Retest,234,UP,2025-12-31 10:39:00,2025-12-31 10:41:00,-1.0000000000002487,1.0,0.5223880597014897,-1.5223880597017385,-21.498699621120537,-20.29138254794769
B_Break_Retest,240,UP,2026-01-05 09:09:00,2026-01-05 09:11:00,1.4999999999999192,1.0,0.5090909090908624,0.9909090909090568,-20.50779053021148,-19.300473457038635
B_Break_Retest,242,UP,2026-01-05 20:51:00,2026-01-05 20:57:00,1.4999999999994,1.0,0.9459459459454258,0.5540540540539742,-19.953736476157506,-18.74641940298466
B_Break_Retest,252,UP,2026-01-09 10:51:00,2026-01-09 10:53:00,-0.9999999999996022,1.0,0.4179104477611154,-1.4179104477607176,-21.371646923918224,-20.16432985074538
B_Break_Retest,264,UP,2026-01-18 18:23:00,2026-01-18 18:32:00,1.5000000000002702,1.0,0.2839756592292159,1.2160243407710543,-20.15562258314717,-18.948305509974325
B_Break_Retest,266,UP,2026-01-19 04:55:00,2026-01-19 04:55:00,-0.9999999999998982,1.0,0.6422018348624299,-1.6422018348623282,-21.797824418009498,-20.590507344836652
B_Break_Retest,268,UP,2026-01-19 21:29:00,2026-01-19 21:30:00,1.500000000001388,1.0,1.3461538461527875,0.15384615384860045,-21.643978264160896,-20.43666119098805
B_Break_Retest,274,UP,2026-01-21 19:12:00,2026-01-21 19:15:00,-1.0000000000007023,1.0,0.8860759493668873,-1.8860759493675896,-23.530054213528487,-22.322737140355642
B_Break_Retest,276,UP,2026-01-23 06:01:00,2026-01-23 06:02:00,-0.9999999999992254,1.0,0.8139534883718044,-1.8139534883710298,-25.344007701899518,-24.136690628726672
B_Break_Retest,280,UP,2026-01-27 04:09:00,2026-01-27 04:15:00,1.4999999999996134,1.0,0.6965174129351461,0.8034825870644673,-24.54052511483505,-23.333208041662203
B_Break_Retest,284,UP,2026-01-28 14:43:00,2026-01-28 14:49:00,1.500000000000026,1.0,0.16412661195779743,1.3358733880422284,-23.20465172679282,-21.997334653619976
B_Break_Retest,299,DOWN,2026-02-04 03:37:00,2026-02-04 03:40:00,-0.999999999999908,1.0,0.5809128630705338,-1.5809128630704419,-24.785564589863263,-23.578247516690418
B_Break_Retest,315,DOWN,2026-02-10 10:11:00,2026-02-10 10:15:00,-1.0000000000000662,1.0,0.4166666666666631,-1.4166666666667291,-26.20223125652999,-24.994914183357146
B_Break_Retest,319,DOWN,2026-02-11 21:30:00,2026-02-11 21:30:00,-1.0000000000004623,1.0,0.9722222222222994,-1.9722222222227617,-28.174453478752753,-26.967136405579907
B_Break_Retest,323,DOWN,2026-02-12 20:31:00,2026-02-12 20:33:00,-0.9999999999991862,1.0,0.732984293193602,-1.7329842931927883,-29.907437771945542,-28.700120698772697
B_Break_Retest,327,DOWN,2026-02-16 02:18:00,2026-02-16 02:25:00,-0.9999999999996804,1.0,1.0071942446047975,-2.0071942446044777,-31.91463201655002,-30.707314943377174
B_Break_Retest,329,DOWN,2026-02-16 03:37:00,2026-02-16 03:39:00,1.4999999999996516,1.0,0.5490196078430782,0.9509803921565734,-30.963651624393446,-29.7563345512206
B_Break_Retest,331,DOWN,2026-02-17 05:05:00,2026-02-17 05:05:00,-0.999999999999628,1.0,0.7821229050277573,-1.7821229050273852,-32.74577452942083,-31.538457456247983
B_Break_Retest,335,DOWN,2026-02-18 08:32:00,2026-02-18 08:32:00,-0.9999999999996888,1.0,0.6542056074767619,-1.6542056074764506,-34.399980136897284,-33.19266306372444
B_Break_Retest,342,UP,2026-02-20 04:19:00,2026-02-20 04:23:00,1.4999999999994866,1.0,0.5882352941176898,0.9117647058817968,-33.48821543101548,-32.28089835784264
B_Break_Retest,344,UP,2026-02-20 12:06:00,2026-02-20 12:09:00,-1.0000000000004887,1.0,0.4402515723270187,-1.4402515723275076,-34.928467003342995,-33.72114993017015
B_Break_Retest,350,UP,2026-02-24 17:35:00,2026-02-24 17:37:00,1.5000000000006597,1.0,1.386138613862057,0.11386138613860264,-34.81460561720439,-33.60728854403155
B_Break_Retest,352,UP,2026-02-25 07:01:00,2026-02-25 07:05:00,1.499999999999165,1.0,0.752688172042932,0.7473118279562329,-34.067293789248154,-32.85997671607531
B_Break_Retest,354,UP,2026-02-26 13:29:00,2026-02-26 13:30:00,-1.0000000000005318,1.0,0.8383233532934943,-1.838323353294026,-35.905617142542184,-34.69830006936934
B_Break_Retest,363,DOWN,2026-03-05 04:33:00,2026-03-05 04:39:00,1.499999999999841,1.0,0.22257551669314346,1.2774244833066977,-34.62819265923549,-33.42087558606264
B_Break_Retest,365,DOWN,2026-03-06 00:05:00,2026-03-06 00:05:00,-0.999999999999666,1.0,1.0526315789475018,-2.052631578947168,-36.68082423818265,-35.473507165009806
B_Break_Retest,371,DOWN,2026-03-10 13:08:00,2026-03-10 13:13:00,-1.0000000000004456,1.0,0.46822742474901724,-1.4682274247494629,-38.149051662932116,-36.94173458975927
B_Break_Retest,373,DOWN,2026-03-11 02:47:00,2026-03-11 02:55:00,1.500000000000419,1.0,0.3773584905660951,1.1226415094343238,-37.02641015349779,-35.81909308032495
B_Break_Retest,375,DOWN,2026-03-12 07:11:00,2026-03-12 07:12:00,-0.9999999999997669,1.0,0.48951048951051296,-1.4895104895102798,-38.51592064300807,-37.30860356983523
B_Break_Retest,377,DOWN,2026-03-12 20:36:00,2026-03-12 20:36:00,1.5000000000009253,1.0,0.897435897435511,0.6025641025654143,-37.913356540442656,-36.70603946726981
B_Break_Retest,379,DOWN,2026-03-13 09:20:00,2026-03-13 09:20:00,-1.0,1.0,0.3794037940378749,-1.379403794037875,-39.29276033448053,-38.08544326130769
B_Break_Retest,389,DOWN,2026-03-18 07:17:00,2026-03-18 07:25:00,1.500000000000046,1.0,0.28925619834714994,1.210743801652896,-38.08201653282764,-36.87469945965479
B_Break_Retest,391,DOWN,2026-03-18 21:49:00,2026-03-18 21:51:00,1.499999999999581,1.0,0.6603773584906665,0.8396226415089145,-37.24239389131872,-36.035076818145875
B_Break_Retest,395,DOWN,2026-03-20 03:47:00,2026-03-20 03:51:00,1.4999999999999605,1.0,0.5017921146953679,0.9982078853045926,-36.24418600601413,-35.03686893284129
B_Break_Retest,397,DOWN,2026-03-22 18:42:00,2026-03-22 18:42:00,-1.0,1.0,0.8235294117644739,-1.8235294117644738,-38.0677154177786,-36.860398344605755
B_Break_Retest,401,DOWN,2026-03-24 03:27:00,2026-03-24 03:30:00,-1.0000000000002802,1.0,0.3535353535353171,-1.3535353535355974,-39.4212507713142,-38.21393369814135
B_Break_Retest,403,DOWN,2026-03-24 10:54:00,2026-03-24 10:55:00,1.5000000000001597,1.0,0.5035971223022379,0.9964028776979218,-38.42484789361628,-37.217530820443436
B_Break_Retest,407,DOWN,2026-03-25 04:00:00,2026-03-25 04:01:00,-1.0000000000001417,1.0,0.44728434504797565,-1.4472843450481174,-39.8721322386644,-38.664815165491554
B_Break_Retest,409,DOWN,2026-03-26 00:20:00,2026-03-26 00:25:00,1.5000000000012774,1.0,1.2389380530972627,0.26106194690401474,-39.611070291760385,-38.40375321858754
B_Break_Retest,413,DOWN,2026-03-27 11:00:00,2026-03-27 11:02:00,-0.9999999999997444,1.0,0.32183908045981374,-1.3218390804595581,-40.93290937221994,-39.72559229904709
B_Break_Retest,415,DOWN,2026-03-30 00:57:00,2026-03-30 01:00:00,1.5000000000005649,1.0,1.18644067796592,0.31355932203464487,-40.6193500501853,-39.41203297701245
B_Break_Retest,417,DOWN,2026-03-30 17:32:00,2026-03-30 17:34:00,-0.9999999999993876,1.0,0.9655172413797863,-1.965517241379174,-42.58486729156447,-41.377550218391626
B_Break_Retest,423,DOWN,2026-04-01 21:36:00,2026-04-01 21:36:00,-1.0000000000000573,1.0,0.18041237113402606,-1.1804123711340833,-43.76527966269855,-42.55796258952571
B_Break_Retest,429,DOWN,2026-04-03 07:23:00,2026-04-03 07:25:00,1.500000000000976,1.0,1.53846153846122,-0.038461538460243805,-43.80374120115879,-42.59642412798595
B_Break_Retest,431,DOWN,2026-04-03 16:43:00,2026-04-03 16:44:00,1.4999999999995728,1.0,0.598290598290596,0.9017094017089767,-42.902031799449816,-41.69471472627697
B_Break_Retest,433,DOWN,2026-04-06 10:58:00,2026-04-06 11:01:00,1.5,1.0,0.30701754385967095,1.192982456140329,-41.70904934330949,-40.50173227013664
B_Break_Retest,437,DOWN,2026-04-09 14:09:00,2026-04-09 14:12:00,1.5000000000004576,1.0,0.5243445692883993,0.9756554307120583,-40.73339391259743,-39.52607683942458
B_Break_Retest,441,DOWN,2026-04-13 02:42:00,2026-04-13 02:42:00,1.4999999999997118,1.0,0.6060606060605971,0.8939393939391147,-39.839454518658314,-38.63213744548547
B_Break_Retest,445,DOWN,2026-04-15 02:45:00,2026-04-15 02:59:00,1.4999999999994735,1.0,0.6034482758619852,0.8965517241374883,-38.942902794520826,-37.73558572134798
B_Break_Retest,447,DOWN,2026-04-15 23:37:00,2026-04-15 23:42:00,1.5000000000009324,1.0,1.0687022900756746,0.43129770992525773,-38.51160508459557,-37.30428801142273
B_Break_Retest,451,DOWN,2026-04-20 19:46:00,2026-04-20 19:55:00,1.5000000000004776,1.0,1.5053763440855046,-0.005376344085026963,-38.516981428680594,-37.30966435550775
B_Break_Retest,453,DOWN,2026-04-21 11:34:00,2026-04-21 11:36:00,1.4999999999996674,1.0,0.5243445692885301,0.9756554307111373,-37.54132599796946,-36.33400892479661
B_Break_Retest,455,DOWN,2026-04-22 02:00:00,2026-04-22 02:00:00,-1.0000000000004243,1.0,0.8917197452230158,-1.89171974522344,-39.4330457431929,-38.225728670020054
B_Break_Retest,457,DOWN,2026-04-22 21:15:00,2026-04-22 21:22:00,1.4999999999997824,1.0,0.9150326797385434,0.584967320261239,-38.848078422931664,-37.64076134975882
B_Break_Retest,461,DOWN,2026-04-23 22:51:00,2026-04-23 22:54:00,-1.0000000000009253,1.0,1.4583333333325494,-2.4583333333334747,-41.306411756265135,-40.09909468309229
B_Break_Retest,465,DOWN,2026-04-27 09:00:00,2026-04-27 09:02:00,-1.000000000000283,1.0,0.5957446808511576,-1.5957446808514408,-42.902156437116574,-41.69483936394373
B_Break_Retest,467,DOWN,2026-04-27 21:00:00,2026-04-27 21:00:00,1.500000000000559,1.0,1.0071942446039932,0.4928057553965659,-42.409350681720014,-41.20203360854717
B_Break_Retest,469,DOWN,2026-04-28 21:06:00,2026-04-28 21:07:00,1.4999999999995224,1.0,0.7526881720431117,0.7473118279564107,-41.6620388537636,-40.45472178059075
B_Break_Retest,471,DOWN,2026-04-29 07:48:00,2026-04-29 07:56:00,1.5000000000007012,1.0,0.7368421052631531,0.7631578947375481,-40.89888095902605,-39.691563885853206
B_Break_Retest,473,DOWN,2026-04-29 20:35:00,2026-04-29 20:36:00,1.500000000000536,1.0,0.9655172413793428,0.5344827586211932,-40.36439820040486,-39.15708112723201
B_Break_Retest,480,UP,2026-05-05 01:28:00,2026-05-05 01:29:00,-0.999999999999043,1.0,1.206896551724317,-2.20689655172336,-42.57129475212822,-41.36397767895537
B_Break_Retest,482,UP,2026-05-05 17:50:00,2026-05-05 18:00:00,1.5000000000031315,1.0,3.5897435897425547,-2.089743589739423,-44.661038341867645,-43.4537212686948
B_Break_Retest,486,UP,2026-05-07 04:27:00,2026-05-07 04:30:00,1.4999999999999625,1.0,0.4729729729728902,1.0270270270270723,-43.63401131484057,-42.426694241667725
B_Break_Retest,488,UP,2026-05-07 18:18:00,2026-05-07 18:21:00,1.4999999999997222,1.0,0.699999999999844,0.7999999999998783,-42.834011314840694,-41.62669424166785
B_Break_Retest,502,UP,2026-05-17 21:34:00,2026-05-17 21:38:00,-1.000000000000451,1.0,0.7106598984769874,-1.7106598984774384,-44.54467121331813,-43.33735414014529
B_Break_Retest,504,UP,2026-05-18 15:41:00,2026-05-18 15:48:00,1.4999999999992282,1.0,0.7486631016042629,0.7513368983949653,-43.793334314923165,-42.58601724175032
B_Break_Retest,514,UP,2026-05-22 11:08:00,2026-05-22 11:08:00,-1.0000000000004423,1.0,0.4651162790698084,-1.4651162790702508,-45.258450593993416,-44.05113352082057
B_Break_Retest,516,UP,2026-05-25 04:07:00,2026-05-25 04:08:00,1.4999999999995064,1.0,0.7777777777776717,0.7222222222218347,-44.53622837177158,-43.32891129859873
B_Break_Retest,520,UP,2026-05-26 12:24:00,2026-05-26 12:25:00,-1.0000000000002427,1.0,0.7650273224043723,-1.765027322404615,-46.3012556941762,-45.09393862100335
B_Break_Retest,522,UP,2026-05-27 08:26:00,2026-05-27 08:48:00,-0.999999999999818,1.0,0.19125683060109308,-1.191256830600911,-47.492512524777105,-46.28519545160426
B_Break_Retest,524,UP,2026-05-28 00:45:00,2026-05-28 00:46:00,-0.9999999999998104,1.0,1.1965811965813058,-2.196581196581116,-49.68909372135822,-48.481776648185374
B_Break_Retest,530,UP,2026-06-01 11:05:00,2026-06-01 11:05:00,-0.999999999999621,1.0,0.47781569965857823,-1.4778156996581993,-51.16690942101642,-49.959592347843575
B_Break_Retest,531,DOWN,2026-06-02 09:13:00,2026-06-02 09:28:00,1.500000000000419,1.0,0.6603773584903898,0.8396226415100292,-50.327286779506395,-49.11996970633355
B_Break_Retest,537,DOWN,2026-06-05 05:46:00,2026-06-05 05:46:00,-0.9999999999987887,1.0,1.2727272727266423,-2.2727272727254313,-52.60001405223183,-51.39269697905898
B_Break_Retest,549,DOWN,2026-06-10 22:10:00,2026-06-10 22:10:00,-0.9999999999998208,1.0,1.1290322580641958,-2.129032258064017,-54.72904631029584,-53.521729237123
B_Break_Retest,553,DOWN,2026-06-12 05:55:00,2026-06-12 05:55:00,-1.0000000000001048,1.0,0.6603773584905972,-1.660377358490702,-56.38942366878654,-55.182106595613696
B_Break_Retest,557,DOWN,2026-06-15 10:17:00,2026-06-15 10:21:00,1.5000000000005602,1.0,0.6422018348624299,0.8577981651381303,-55.531625503648414,-54.32430843047557
B_Break_Retest,559,DOWN,2026-06-15 21:34:00,2026-06-15 21:35:00,1.499999999999322,1.0,1.0687022900762182,0.4312977099231039,-55.100327793725306,-53.89301072055246
B_Break_Retest,565,DOWN,2026-06-18 03:09:00,2026-06-18 03:17:00,1.500000000000346,1.0,0.4361370716511293,1.0638629283492167,-54.03646486537609,-52.829147792203244
B_Break_Retest,567,DOWN,2026-06-18 11:32:00,2026-06-18 11:36:00,-0.9999999999995848,1.0,0.654205607476694,-1.6542056074762788,-55.69067047285237,-54.48335339967952
B_Break_Retest,569,DOWN,2026-06-19 15:43:00,2026-06-19 15:45:00,-1.0000000000010576,1.0,2.2222222222209793,-3.2222222222220367,-58.912892695074405,-57.70557562190156
B_Break_Retest,571,DOWN,2026-06-22 06:39:00,2026-06-22 06:40:00,-0.999999999999876,1.0,0.7821229050279512,-1.782122905027827,-60.69501560010224,-59.48769852692939
B_Break_Retest,573,DOWN,2026-06-22 22:50:00,2026-06-22 22:52:00,-1.0000000000020453,1.0,1.8421052631592816,-2.8421052631613266,-63.53712086326356,-62.329803790090715
B_Break_Retest,575,DOWN,2026-06-23 03:48:00,2026-06-23 03:51:00,1.5000000000003932,1.0,0.3814713896457932,1.1185286103546002,-62.41859225290896,-61.21127517973611
B_Break_Retest,587,DOWN,2026-06-28 23:00:00,2026-06-28 23:00:00,-1.0000000000002962,1.0,1.8666666666671488,-2.866666666667445,-65.2852589195764,-64.07794184640356
B_Break_Retest,591,DOWN,2026-06-30 11:23:00,2026-06-30 11:26:00,-1.000000000000164,1.0,0.5166051660516625,-1.5166051660518267,-66.80186408562824,-65.5945470124554
B_Break_Retest,593,DOWN,2026-07-01 10:29:00,2026-07-01 10:32:00,-0.9999999999998722,1.0,0.40229885057474657,-1.4022988505746188,-68.20416293620285,-66.99684586303
B_Break_Retest,600,UP,2026-07-06 11:43:00,2026-07-06 11:44:00,1.5000000000000615,1.0,0.7777777777779594,0.7222222222221021,-67.48194071398075,-66.2746236408079
B_Break_Retest,606,UP,2026-07-08 12:11:00,2026-07-08 12:12:00,-1.0000000000001033,1.0,0.6511627906977798,-1.651162790697883,-69.13310350467863,-67.92578643150578
B_Break_Retest,616,UP,2026-07-14 03:25:00,2026-07-14 03:25:00,1.4999999999992029,1.0,0.7179487179489197,0.7820512820502832,-68.35105222262835,-67.14373514945551
B_Break_Retest,618,UP,2026-07-14 17:29:00,2026-07-14 17:30:00,-1.0,1.0,1.5909090909091055,-2.5909090909091055,-70.94196131353746,-69.73464424036462
B_Break_Retest,620,UP,2026-07-15 08:37:00,2026-07-15 08:42:00,1.5000000000001923,1.0,0.4046242774566452,1.095375722543547,-69.84658559099391,-68.63926851782107
B_Break_Retest,636,UP,2026-07-22 18:06:00,2026-07-22 18:09:00,-1.0000000000005842,1.0,1.8421052631565906,-2.842105263157175,-72.68869085415108,-71.48137378097823
B_Break_Retest,640,UP,2026-07-24 02:30:00,2026-07-24 02:32:00,-1.0,1.0,0.9523809523807552,-1.9523809523807552,-74.64107180653184,-73.433754733359
B_Break_Retest,648,UP,2026-07-28 19:50:00,2026-07-28 19:51:00,-0.9999999999988466,1.0,1.8181818181824905,-2.818181818181337,-77.45925362471317,-76.25193655154033
B_Break_Retest,652,UP,2026-07-30 04:10:00,2026-07-30 04:13:00,1.5000000000003195,1.0,0.5761316872427618,0.9238683127575578,-76.53538531195562,-75.32806823878278
B_Break_Retest,656,UP,2026-07-31 10:17:00,2026-07-31 10:19:00,-1.0000000000001108,1.0,0.34912718204492044,-1.3491271820450312,-77.88451249400065,-76.6771954208278
B_Break_Retest,657,DOWN,2026-08-02 19:06:00,2026-08-02 19:11:00,1.4999999999993123,1.0,0.666666666666599,0.8333333333327133,-77.05117916066793,-75.84386208749508
B_Break_Retest,667,DOWN,2026-08-05 15:09:00,2026-08-05 15:10:00,1.4999999999989762,1.0,0.9929078014186584,0.5070921985803177,-76.54408696208762,-75.33676988891477
B_Break_Retest,671,DOWN,2026-08-10 04:53:00,2026-08-10 05:00:00,1.500000000000779,1.0,1.2280701754382055,0.2719298245625734,-76.27215713752504,-75.0648400643522
B_Break_Retest,673,DOWN,2026-08-10 22:03:00,2026-08-10 22:06:00,-1.0000000000005047,1.0,1.5909090909099086,-2.5909090909104133,-78.86306622843546,-77.65574915526261
B_Break_Retest,679,DOWN,2026-08-12 20:56:00,2026-08-12 20:58:00,-1.0000000000013376,1.0,1.6867469879511356,-2.686746987952473,-81.54981321638793,-80.34249614321509
B_Break_Retest,687,DOWN,2026-08-17 21:57:00,2026-08-17 21:59:00,1.499999999998821,1.0,1.238938053097506,0.2610619469013149,-81.28875126948661,-80.08143419631377
B_Break_Retest,691,DOWN,2026-08-18 20:48:00,2026-08-18 20:50:00,-0.9999999999997864,1.0,1.346153846153937,-2.3461538461537232,-83.63490511564034,-82.42758804246749
B_Break_Retest,701,DOWN,2026-08-23 21:20:00,2026-08-23 21:26:00,1.5000000000002174,1.0,0.9150326797388089,0.5849673202614085,-83.04993779537892,-81.84262072220608
B_Break_Retest,703,DOWN,2026-08-24 21:04:00,2026-08-24 21:06:00,-1.0000000000009652,1.0,1.014492753623398,-2.0144927536243635,-85.06443054900329,-83.85711347583045
B_Break_Retest,707,DOWN,2026-08-26 05:01:00,2026-08-26 05:01:00,1.4999999999996323,1.0,0.9271523178805835,0.5728476821190488,-84.49158286688424,-83.2842657937114
B_Break_Retest,713,DOWN,2026-08-27 04:33:00,2026-08-27 04:33:00,-1.0000000000003084,1.0,0.9722222222221495,-1.972222222222458,-86.4638050891067,-85.25648801593385
B_Break_Retest,717,DOWN,2026-08-28 11:35:00,2026-08-28 11:39:00,1.5000000000001634,1.0,0.5147058823529307,0.9852941176472327,-85.47851097145947,-84.27119389828663
B_Break_Retest,723,DOWN,2026-08-31 21:00:00,2026-08-31 21:05:00,1.4999999999999998,1.0,1.0526315789478533,0.44736842105214647,-85.03114255040732,-83.82382547723448
B_Break_Retest,725,DOWN,2026-09-01 10:59:00,2026-09-01 11:00:00,-0.9999999999993944,1.0,0.6363636363637064,-1.6363636363631007,-86.66750618677042,-85.46018911359758
B_Break_Retest,727,DOWN,2026-09-01 18:49:00,2026-09-01 18:52:00,-1.0000000000000002,1.0,4.375000000007769,-5.375000000007769,-92.0425061867782,-90.83518911360535
C_Fibonacci_Rejection,14,UP,2025-09-15 03:09:00,2025-09-15 03:15:00,1.5000000000004938,1.0,0.4794520547945512,1.0205479452059425,1.0205479452059425,0.0
C_Fibonacci_Rejection,16,UP,2025-09-15 22:07:00,2025-09-15 22:09:00,-1.0000000000004088,1.0,0.8588957055218127,-1.8588957055222215,-0.838347760316279,-1.8588957055222215
C_Fibonacci_Rejection,24,UP,2025-09-22 06:21:00,2025-09-22 06:24:00,1.4999999999996836,1.0,0.49822064056935933,1.0017793594303241,0.16343159911404515,-0.8571163460918974
C_Fibonacci_Rejection,34,UP,2025-09-26 04:24:00,2025-09-26 04:26:00,-1.0,1.0,0.630630630630536,-1.630630630630536,-1.467199031516491,-2.487746976722433
C_Fibonacci_Rejection,36,UP,2025-09-26 08:59:00,2025-09-26 09:00:00,1.500000000000132,1.0,0.3333333333333172,1.1666666666668146,-0.30053236484967627,-1.3210803100556188
C_Fibonacci_Rejection,38,UP,2025-09-29 08:43:00,2025-09-29 08:48:00,1.4999999999997344,1.0,0.30434782608694594,1.1956521739127886,0.8951198090631123,-0.12542813614283022
C_Fibonacci_Rejection,42,UP,2025-09-30 12:51:00,2025-09-30 12:52:00,1.500000000000296,1.0,0.6222222222223215,0.8777777777779745,1.7728975868410868,0.0
C_Fibonacci_Rejection,50,UP,2025-10-03 02:37:00,2025-10-03 02:38:00,-1.0000000000005644,1.0,0.5932203389830716,-1.593220338983636,0.17967724785745087,-1.593220338983636
C_Fibonacci_Rejection,60,UP,2025-10-08 22:38:00,2025-10-08 22:45:00,1.50000000000074,1.0,1.166666666666795,0.333333333333945,0.5130105811913959,-1.259887005649691
C_Fibonacci_Rejection,64,UP,2025-10-10 03:06:00,2025-10-10 03:06:00,-0.9999999999999412,1.0,0.37037037037035897,-1.3703703703703,-0.8573597891789042,-2.630257376019991
C_Fibonacci_Rejection,68,UP,2025-10-13 00:38:00,2025-10-13 00:42:00,-1.0000000000002265,1.0,1.4285714285714566,-2.428571428571683,-3.285931217750587,-5.058828804591673
C_Fibonacci_Rejection,72,UP,2025-10-14 10:28:00,2025-10-14 10:29:00,-1.0000000000001346,1.0,0.4242424242423854,-1.42424242424252,-4.710173641993107,-6.483071228834193
C_Fibonacci_Rejection,74,UP,2025-10-15 12:52:00,2025-10-15 12:52:00,-0.9999999999997152,1.0,0.598290598290596,-1.5982905982903113,-6.308464240283419,-8.081361827124505
C_Fibonacci_Rejection,76,UP,2025-10-16 10:20:00,2025-10-16 10:25:00,-0.999999999999744,1.0,0.5384615384615519,-1.5384615384612959,-7.846925778744714,-9.6198233655858
C_Fibonacci_Rejection,79,DOWN,2025-10-20 06:14:00,2025-10-20 06:14:00,-1.0000000000005975,1.0,0.6278026905829726,-1.62780269058357,-9.474728469328284,-11.24762605616937
C_Fibonacci_Rejection,81,DOWN,2025-10-20 22:10:00,2025-10-20 22:10:00,1.4999999999996656,1.0,0.8433734939763575,0.6566265060233081,-8.818101963304976,-10.590999550146062
C_Fibonacci_Rejection,83,DOWN,2025-10-22 03:17:00,2025-10-22 03:18:00,-1.0000000000004672,1.0,0.4912280701754352,-1.4912280701759024,-10.30933003348088,-12.082227620321966
C_Fibonacci_Rejection,87,DOWN,2025-10-23 05:57:00,2025-10-23 05:57:00,-0.999999999999849,1.0,0.9523809523806114,-1.9523809523804605,-12.261710985861338,-14.034608572702425
C_Fibonacci_Rejection,93,DOWN,2025-10-26 23:03:00,2025-10-26 23:05:00,1.4999999999996798,1.0,1.346153846153937,0.15384615384574274,-12.107864832015597,-13.880762418856683
C_Fibonacci_Rejection,97,DOWN,2025-10-28 23:31:00,2025-10-28 23:31:00,-0.9999999999983348,1.0,1.750000000000193,-2.749999999998528,-14.857864832014124,-16.630762418855213
C_Fibonacci_Rejection,105,DOWN,2025-10-31 07:14:00,2025-10-31 07:16:00,1.5000000000001672,1.0,0.5263157894735754,0.9736842105265918,-13.884180621487532,-15.657078208328619
C_Fibonacci_Rejection,114,UP,2025-11-05 03:10:00,2025-11-05 03:10:00,-1.0000000000005322,1.0,0.47945205479447855,-1.4794520547950107,-15.363632676282544,-17.136530263123632
C_Fibonacci_Rejection,116,UP,2025-11-05 15:07:00,2025-11-05 15:09:00,-1.0000000000007023,1.0,0.8860759493668873,-1.8860759493675896,-17.249708625650133,-19.02260621249122
C_Fibonacci_Rejection,118,UP,2025-11-07 05:30:00,2025-11-07 05:34:00,-1.0,1.0,0.828402366864138,-1.828402366864138,-19.078110992514272,-20.85100857935536
C_Fibonacci_Rejection,128,UP,2025-11-13 02:32:00,2025-11-13 02:32:00,1.499999999999875,1.0,0.7909604519773793,0.7090395480224957,-18.369071444491777,-20.141969031332863
C_Fibonacci_Rejection,151,DOWN,2025-11-21 04:57:00,2025-11-21 04:58:00,1.5000000000000908,1.0,0.5737704918031749,0.926229508196916,-17.442841936294858,-19.215739523135944
C_Fibonacci_Rejection,159,DOWN,2025-11-24 23:47:00,2025-11-24 23:57:00,1.5000000000015492,1.0,1.6279069767436087,-0.12790697674205953,-17.57074891303692,-19.343646499878005
C_Fibonacci_Rejection,160,UP,2025-11-25 02:31:00,2025-11-25 02:33:00,1.500000000000149,1.0,0.9395973154362471,0.5604026845639019,-17.01034622847302,-18.783243815314105
C_Fibonacci_Rejection,162,UP,2025-11-26 10:06:00,2025-11-26 10:09:00,-0.9999999999996474,1.0,0.44444444444444636,-1.4444444444440938,-18.45479067291711,-20.227688259758196
C_Fibonacci_Rejection,168,UP,2025-11-30 18:10:00,2025-11-30 18:14:00,1.4999999999998093,1.0,0.6008583690987843,0.899141630901025,-17.555649042016086,-19.328546628857172
C_Fibonacci_Rejection,170,UP,2025-12-01 02:46:00,2025-12-01 02:55:00,-0.9999999999995198,1.0,0.7567567567567038,-1.7567567567562237,-19.31240579877231,-21.085303385613397
C_Fibonacci_Rejection,176,UP,2025-12-02 14:45:00,2025-12-02 14:45:00,-1.000000000000998,1.0,1.573033707865067,-2.573033707866065,-21.885439506638374,-23.65833709347946
C_Fibonacci_Rejection,178,UP,2025-12-03 05:19:00,2025-12-03 05:22:00,1.49999999999964,1.0,0.7567567567568856,0.7432432432427545,-21.14219626339562,-22.915093850236705
C_Fibonacci_Rejection,188,UP,2025-12-09 04:23:00,2025-12-09 04:25:00,-1.0000000000002156,1.0,0.67961165048538,-1.6796116504855956,-22.821807913881216,-24.594705500722302
C_Fibonacci_Rejection,190,UP,2025-12-10 03:08:00,2025-12-10 03:12:00,-1.0000000000000584,1.0,0.3674540682415253,-1.3674540682415837,-24.1892619821228,-25.962159568963887
C_Fibonacci_Rejection,192,UP,2025-12-11 03:11:00,2025-12-11 03:12:00,-0.9999999999996988,1.0,0.6334841628959147,-1.6334841628956136,-25.822746145018414,-27.5956437318595
C_Fibonacci_Rejection,198,UP,2025-12-15 06:13:00,2025-12-15 06:15:00,1.500000000000551,1.0,1.1570247933884936,0.34297520661205727,-25.479770938406357,-27.252668525247444
C_Fibonacci_Rejection,202,UP,2025-12-15 21:44:00,2025-12-15 21:46:00,-0.9999999999990844,1.0,1.4432989690719606,-2.443298969071045,-27.9230699074774,-29.695967494318488
C_Fibonacci_Rejection,204,UP,2025-12-16 03:06:00,2025-12-16 03:07:00,-0.9999999999995828,1.0,0.5263157894737072,-1.52631578947329,-29.449385696950692,-31.22228328379178
C_Fibonacci_Rejection,216,UP,2025-12-22 02:30:00,2025-12-22 02:34:00,1.500000000000849,1.0,0.7650273224041867,0.7349726775966624,-28.71441301935403,-30.487310606195116
C_Fibonacci_Rejection,218,UP,2025-12-23 17:08:00,2025-12-23 17:09:00,-1.000000000000423,1.0,0.6666666666665287,-1.6666666666669516,-30.38107968602098,-32.153977272862065
C_Fibonacci_Rejection,222,UP,2025-12-25 18:12:00,2025-12-25 18:34:00,-1.0000000000000973,1.0,0.6140350877194019,-1.614035087719499,-31.99511477374048,-33.768012360581565
C_Fibonacci_Rejection,234,UP,2025-12-31 15:59:00,2025-12-31 16:02:00,-1.000000000000145,1.0,0.9150326797388089,-1.9150326797389539,-33.91014745347943,-35.68304504032052
C_Fibonacci_Rejection,240,UP,2026-01-05 10:03:00,2026-01-05 10:10:00,-1.0000000000001226,1.0,0.38674033149174114,-1.3867403314918638,-35.2968877849713,-37.06978537181239
C_Fibonacci_Rejection,242,UP,2026-01-05 21:02:00,2026-01-05 21:04:00,-1.0000000000002884,1.0,0.9090909090907209,-1.9090909090910093,-37.2059786940623,-38.97887628090339
C_Fibonacci_Rejection,252,UP,2026-01-11 19:37:00,2026-01-11 19:39:00,1.5000000000002254,1.0,0.35532994923857375,1.1446700507616516,-36.061308643300656,-37.834206230141746
C_Fibonacci_Rejection,264,UP,2026-01-18 18:40:00,2026-01-18 18:42:00,1.4999999999996465,1.0,0.4458598726115078,1.0541401273881388,-35.00716851591252,-36.78006610275361
C_Fibonacci_Rejection,266,UP,2026-01-19 08:35:00,2026-01-19 08:35:00,-1.0000000000003988,1.0,0.8383233532933829,-1.8383233532937817,-36.8454918692063,-38.61838945604739
C_Fibonacci_Rejection,268,UP,2026-01-19 21:49:00,2026-01-19 21:49:00,-1.0000000000013878,1.0,1.4583333333332242,-2.458333333334612,-39.30382520254091,-41.076722789381996
C_Fibonacci_Rejection,274,UP,2026-01-22 10:21:00,2026-01-22 10:25:00,-0.9999999999994448,1.0,0.5833333333332896,-1.5833333333327344,-40.887158535873645,-42.660056122714735
C_Fibonacci_Rejection,276,UP,2026-01-23 10:54:00,2026-01-23 10:54:00,-1.0000000000005975,1.0,0.6278026905829726,-1.62780269058357,-42.51496122645722,-44.28785881329831
C_Fibonacci_Rejection,280,UP,2026-01-27 06:56:00,2026-01-27 06:59:00,1.5000000000002187,1.0,0.689655172413952,0.8103448275862667,-41.70461639887095,-43.47751398571204
C_Fibonacci_Rejection,299,DOWN,2026-02-04 11:22:00,2026-02-04 11:22:00,-1.0000000000003502,1.0,0.44164037854894145,-1.4416403785492915,-43.14625677742024,-44.91915436426133
C_Fibonacci_Rejection,315,DOWN,2026-02-10 10:34:00,2026-02-10 10:34:00,-0.9999999999996924,1.0,0.4844290657439719,-1.4844290657436643,-44.6306858431639,-46.40358343000499
C_Fibonacci_Rejection,323,DOWN,2026-02-13 00:52:00,2026-02-13 00:55:00,-1.0000000000001834,1.0,1.1570247933882811,-2.1570247933884645,-46.78771063655237,-48.56060822339346
C_Fibonacci_Rejection,329,DOWN,2026-02-16 03:25:00,2026-02-16 03:26:00,1.5000000000004623,1.0,0.5833333333332896,0.9166666666671727,-45.87104396988519,-47.64394155672628
C_Fibonacci_Rejection,331,DOWN,2026-02-17 07:06:00,2026-02-17 07:13:00,-0.9999999999997372,1.0,0.4142011834319602,-1.4142011834316974,-47.28524515331689,-49.05814274015798
C_Fibonacci_Rejection,335,DOWN,2026-02-18 08:44:00,2026-02-18 08:49:00,1.4999999999995322,1.0,0.5363984674329499,0.9636015325665822,-46.32164362075031,-48.0945412075914
C_Fibonacci_Rejection,342,UP,2026-02-20 03:47:00,2026-02-20 03:51:00,1.5000000000004128,1.0,0.5204460966543023,0.9795539033461105,-45.3420897174042,-47.11498730424529
C_Fibonacci_Rejection,344,UP,2026-02-20 10:23:00,2026-02-20 10:25:00,-0.9999999999998692,1.0,0.13738959764474784,-1.1373895976446171,-46.47947931504882,-48.25237690188991
C_Fibonacci_Rejection,350,UP,2026-02-24 21:35:00,2026-02-24 21:37:00,-0.9999999999998708,1.0,0.8139534883723298,-1.8139534883722006,-48.29343280342102,-50.06633039026211
C_Fibonacci_Rejection,352,UP,2026-02-25 11:09:00,2026-02-25 11:10:00,1.5000000000001112,1.0,0.4666666666666836,1.0333333333334276,-47.26009947008759,-49.03299705692868
C_Fibonacci_Rejection,354,UP,2026-02-27 02:56:00,2026-02-27 02:57:00,-0.999999999999932,1.0,0.4294478527607016,-1.4294478527606336,-48.68954732284822,-50.46244490968931
C_Fibonacci_Rejection,363,DOWN,2026-03-05 09:46:00,2026-03-05 09:47:00,-1.000000000000222,1.0,0.27999999999999353,-1.2800000000002156,-49.96954732284844,-51.74244490968953
C_Fibonacci_Rejection,365,DOWN,2026-03-06 04:53:00,2026-03-06 04:53:00,-1.000000000000444,1.0,0.40000000000004404,-1.4000000000004882,-51.36954732284893,-53.14244490969002
C_Fibonacci_Rejection,371,DOWN,2026-03-10 13:19:00,2026-03-10 13:20:00,-0.9999999999997712,1.0,0.2405498281786968,-1.240549828178468,-52.6100971510274,-54.382994737868486
C_Fibonacci_Rejection,373,DOWN,2026-03-11 03:21:00,2026-03-11 03:22:00,-0.9999999999999176,1.0,0.5185185185185757,-1.5185185185184933,-54.12861566954589,-55.90151325638698
C_Fibonacci_Rejection,375,DOWN,2026-03-12 07:51:00,2026-03-12 07:53:00,1.5000000000002012,1.0,0.5072463768116583,0.9927536231885429,-53.135862046357346,-54.908759633198436
C_Fibonacci_Rejection,377,DOWN,2026-03-12 21:42:00,2026-03-12 21:45:00,1.499999999999159,1.0,1.0606060606058918,0.4393939393932671,-52.696468106964076,-54.469365693805166
C_Fibonacci_Rejection,379,DOWN,2026-03-13 10:40:00,2026-03-13 10:43:00,1.4999999999996367,1.0,0.4166666666666631,1.0833333333329738,-51.6131347736311,-53.38603236047219
C_Fibonacci_Rejection,389,DOWN,2026-03-18 07:29:00,2026-03-18 07:30:00,1.4999999999996945,1.0,0.32110091743118224,1.1788990825685122,-50.43423569106259,-52.20713327790368
C_Fibonacci_Rejection,391,DOWN,2026-03-19 02:06:00,2026-03-19 02:07:00,-1.0000000000001497,1.0,0.31460674157296636,-1.314606741573116,-51.74884243263571,-53.5217400194768
C_Fibonacci_Rejection,395,DOWN,2026-03-20 04:40:00,2026-03-20 04:46:00,1.4999999999995448,1.0,0.44164037854894145,1.0583596214506032,-50.690482811185106,-52.463380398026196
C_Fibonacci_Rejection,397,DOWN,2026-03-23 01:00:00,2026-03-23 01:01:00,1.4999999999990965,1.0,0.8139534883724349,0.6860465116266616,-50.00443629955844,-51.77733388639953
C_Fibonacci_Rejection,401,DOWN,2026-03-24 04:15:00,2026-03-24 04:28:00,-0.9999999999998568,1.0,0.3010752688172303,-1.301075268817087,-51.30551156837553,-53.07840915521662
C_Fibonacci_Rejection,403,DOWN,2026-03-24 12:05:00,2026-03-24 12:05:00,1.4999999999996705,1.0,0.4154302670623302,1.0845697329373403,-50.22094183543819,-51.99383942227928
C_Fibonacci_Rejection,407,DOWN,2026-03-25 07:33:00,2026-03-25 07:35:00,-0.9999999999998626,1.0,0.28865979381443174,-1.2886597938142943,-51.50960162925249,-53.282499216093576
C_Fibonacci_Rejection,409,DOWN,2026-03-26 01:41:00,2026-03-26 01:41:00,1.4999999999994686,1.0,0.7446808510639646,0.755319148935504,-50.75428248031698,-52.52718006715807
C_Fibonacci_Rejection,413,DOWN,2026-03-27 12:19:00,2026-03-27 12:41:00,1.5000000000000784,1.0,0.33018867924528134,1.169811320754797,-49.584471159562185,-51.357368746403274
C_Fibonacci_Rejection,415,DOWN,2026-03-30 03:40:00,2026-03-30 03:41:00,-1.0000000000003764,1.0,0.59322033898296,-1.5932203389833364,-51.17769149854552,-52.95058908538661
C_Fibonacci_Rejection,423,DOWN,2026-04-01 21:25:00,2026-04-01 21:31:00,1.50000000000012,1.0,0.1372549019607845,1.3627450980393354,-49.81494640050619,-51.58784398734728
C_Fibonacci_Rejection,429,DOWN,2026-04-03 08:32:00,2026-04-03 08:34:00,-0.9999999999996996,1.0,0.2707930367504658,-1.2707930367501654,-51.08573943725635,-52.85863702409744
C_Fibonacci_Rejection,431,DOWN,2026-04-03 16:33:00,2026-04-03 16:35:00,-0.999999999999674,1.0,0.4105571847507435,-1.4105571847504175,-52.49629662200677,-54.26919420884786
C_Fibonacci_Rejection,445,DOWN,2026-04-15 05:17:00,2026-04-15 05:22:00,-0.9999999999997092,1.0,0.3056768558952095,-1.3056768558949188,-53.80197347790168,-55.57487106474277
C_Fibonacci_Rejection,447,DOWN,2026-04-16 04:23:00,2026-04-16 04:24:00,1.4999999999997822,1.0,0.549019607843126,0.9509803921566562,-52.85099308574503,-54.62389067258612
C_Fibonacci_Rejection,453,DOWN,2026-04-21 10:59:00,2026-04-21 11:05:00,-0.9999999999997612,1.0,0.3010752688172015,-1.3010752688169627,-54.15206835456199,-55.92496594140308
C_Fibonacci_Rejection,455,DOWN,2026-04-22 08:31:00,2026-04-22 08:33:00,-1.0000000000003315,1.0,0.5223880597015328,-1.5223880597018642,-55.67445641426386,-57.44735400110495
C_Fibonacci_Rejection,457,DOWN,2026-04-22 23:27:00,2026-04-22 23:28:00,-0.9999999999998292,1.0,1.0769230769231957,-2.076923076923025,-57.75137949118688,-59.52427707802797
C_Fibonacci_Rejection,461,DOWN,2026-04-23 23:32:00,2026-04-23 23:33:00,-1.0000000000007725,1.0,1.2173913043478426,-2.217391304348615,-59.9687707955355,-61.74166838237659
C_Fibonacci_Rejection,467,DOWN,2026-04-27 21:03:00,2026-04-27 21:05:00,-1.0000000000005196,1.0,0.8187134502921372,-1.8187134502926567,-61.78748424582815,-63.56038183266924
C_Fibonacci_Rejection,471,DOWN,2026-04-29 08:51:00,2026-04-29 08:51:00,1.5000000000000002,1.0,0.47138047138041417,1.028619528619586,-60.75886471720857,-62.53176230404966
C_Fibonacci_Rejection,473,DOWN,2026-04-29 22:36:00,2026-04-29 22:45:00,1.499999999999913,1.0,0.5490196078431738,0.9509803921567391,-59.80788432505183,-61.58078191189292
C_Fibonacci_Rejection,482,UP,2026-05-05 19:05:00,2026-05-05 19:07:00,1.5000000000002496,1.0,0.31460674157304486,1.1853932584272047,-58.622491066624626,-60.395388653465716
C_Fibonacci_Rejection,486,UP,2026-05-07 03:08:00,2026-05-07 03:08:00,1.5000000000003764,1.0,0.47457627118647505,1.0254237288139012,-57.59706733781072,-59.36996492465181
C_Fibonacci_Rejection,488,UP,2026-05-08 06:46:00,2026-05-08 06:46:00,-0.9999999999993762,1.0,0.7865168539326316,-1.7865168539320078,-59.38358419174273,-61.15648177858382
C_Fibonacci_Rejection,502,UP,2026-05-18 07:45:00,2026-05-18 07:45:00,-1.0,1.0,0.30701754385967095,-1.307017543859671,-60.6906017356024,-62.46349932244349
C_Fibonacci_Rejection,504,UP,2026-05-18 15:41:00,2026-05-18 15:48:00,1.4999999999992282,1.0,0.7486631016042629,0.7513368983949653,-59.93926483720744,-61.71216242404853
C_Fibonacci_Rejection,514,UP,2026-05-22 15:01:00,2026-05-22 15:01:00,-1.0000000000003688,1.0,0.4651162790697741,-1.4651162790701429,-61.40438111627758,-63.17727870311867
C_Fibonacci_Rejection,516,UP,2026-05-25 05:02:00,2026-05-25 05:04:00,-0.9999999999998208,1.0,1.1290322580641958,-2.129032258064017,-63.53341337434159,-65.30631096118267
C_Fibonacci_Rejection,520,UP,2026-05-26 20:26:00,2026-05-26 20:29:00,-1.0000000000013756,1.0,1.2389380530967755,-2.238938053098151,-65.77235142743974,-67.54524901428083
C_Fibonacci_Rejection,522,UP,2026-05-27 08:22:00,2026-05-27 08:22:00,1.5000000000000222,1.0,0.27833001988072303,1.2216699801192992,-64.55068144732044,-66.32357903416153
C_Fibonacci_Rejection,524,UP,2026-05-28 10:24:00,2026-05-28 10:52:00,-0.9999999999999488,1.0,0.1614763552479741,-1.161476355247923,-65.71215780256837,-67.48505538940945
C_Fibonacci_Rejection,530,UP,2026-06-02 08:19:00,2026-06-02 08:30:00,-1.000000000000364,1.0,0.7650273224044651,-1.765027322404829,-67.4771851249732,-69.25008271181429
C_Fibonacci_Rejection,531,DOWN,2026-06-03 02:16:00,2026-06-03 02:16:00,-1.0000000000006346,1.0,0.6666666666666697,-1.6666666666673042,-69.1438517916405,-70.91674937848158
C_Fibonacci_Rejection,537,DOWN,2026-06-05 08:37:00,2026-06-05 08:40:00,-1.0000000000000346,1.0,0.21909233176839166,-1.2190923317684264,-70.36294412340892,-72.13584171025
C_Fibonacci_Rejection,549,DOWN,2026-06-11 05:00:00,2026-06-11 05:14:00,-0.9999999999995044,1.0,0.6249999999999326,-1.624999999999437,-71.98794412340837,-73.76084171024945
C_Fibonacci_Rejection,553,DOWN,2026-06-12 08:25:00,2026-06-12 08:26:00,-1.0000000000006273,1.0,0.7909604519774784,-1.7909604519781057,-73.77890457538648,-75.55180216222756
C_Fibonacci_Rejection,557,DOWN,2026-06-15 12:13:00,2026-06-15 12:14:00,-0.9999999999990176,1.0,1.2389380530972627,-2.2389380530962804,-76.01784262848275,-77.79074021532384
C_Fibonacci_Rejection,559,DOWN,2026-06-15 22:05:00,2026-06-15 22:06:00,-0.9999999999992182,1.0,0.9859154929579168,-1.985915492957135,-78.00375812143989,-79.77665570828097
C_Fibonacci_Rejection,565,DOWN,2026-06-18 05:27:00,2026-06-18 05:35:00,-0.9999999999999226,1.0,0.48780487804871725,-1.48780487804864,-79.49156299948852,-81.2644605863296
C_Fibonacci_Rejection,567,DOWN,2026-06-18 14:49:00,2026-06-18 14:49:00,-1.0000000000007725,1.0,1.2173913043478426,-2.217391304348615,-81.70895430383715,-83.48185189067823
C_Fibonacci_Rejection,571,DOWN,2026-06-22 09:06:00,2026-06-22 09:06:00,1.499999999999869,1.0,0.2755905511811038,1.2244094488187651,-80.48454485501837,-82.25744244185945
C_Fibonacci_Rejection,575,DOWN,2026-06-23 03:39:00,2026-06-23 03:41:00,1.500000000000168,1.0,0.42296072507562354,1.0770392749245445,-79.40750558009383,-81.18040316693491
C_Fibonacci_Rejection,591,DOWN,2026-07-01 03:30:00,2026-07-01 03:31:00,-1.0,1.0,1.0000000000001101,-2.00000000000011,-81.40750558009394,-83.18040316693502
C_Fibonacci_Rejection,600,UP,2026-07-06 13:15:00,2026-07-06 13:22:00,1.4999999999992455,1.0,1.3592233009704668,0.14077669902877865,-81.26672888106516,-83.03962646790625
C_Fibonacci_Rejection,606,UP,2026-07-08 13:27:00,2026-07-08 13:28:00,1.49999999999963,1.0,0.6666666666667401,0.83333333333289,-80.43339554773227,-82.20629313457336
C_Fibonacci_Rejection,616,UP,2026-07-14 03:53:00,2026-07-14 03:56:00,-0.9999999999996944,1.0,0.6422018348622991,-1.6422018348619933,-82.07559738259427,-83.84849496943535
C_Fibonacci_Rejection,620,UP,2026-07-15 10:34:00,2026-07-15 10:40:00,-0.9999999999992936,1.0,0.6363636363636422,-1.636363636362936,-83.7119610189572,-85.48485860579828
C_Fibonacci_Rejection,636,UP,2026-07-22 21:08:00,2026-07-22 21:14:00,-1.0000000000006903,1.0,0.7253886010365246,-1.7253886010372148,-85.43734961999442,-87.2102472068355
C_Fibonacci_Rejection,640,UP,2026-07-24 02:25:00,2026-07-24 02:32:00,-1.0000000000009384,1.0,0.9859154929574543,-1.9859154929583926,-87.4232651129528,-89.19616269979389
C_Fibonacci_Rejection,652,UP,2026-07-30 06:19:00,2026-07-30 06:20:00,-1.0000000000003806,1.0,0.4000000000000187,-1.4000000000003991,-88.82326511295321,-90.59616269979429
C_Fibonacci_Rejection,656,UP,2026-07-31 11:48:00,2026-07-31 11:50:00,1.500000000000316,1.0,0.5691056910569322,0.9308943089433838,-87.89237080400983,-89.66526839085091
C_Fibonacci_Rejection,667,DOWN,2026-08-06 10:10:00,2026-08-06 10:15:00,-1.0,1.0,0.5957446808509888,-1.5957446808509888,-89.48811548486081,-91.2610130717019
C_Fibonacci_Rejection,671,DOWN,2026-08-10 07:20:00,2026-08-10 07:20:00,-0.9999999999994992,1.0,1.0526315789473262,-2.0526315789468255,-91.54074706380764,-93.31364465064873
C_Fibonacci_Rejection,673,DOWN,2026-08-11 02:19:00,2026-08-11 02:20:00,1.4999999999996887,1.0,1.3084112149536595,0.19158878504602916,-91.3491582787616,-93.12205586560269
C_Fibonacci_Rejection,679,DOWN,2026-08-12 22:30:00,2026-08-12 22:30:00,1.49999999999926,1.0,2.3333333333353177,-0.8333333333360577,-92.18249161209766,-93.95538919893875
C_Fibonacci_Rejection,687,DOWN,2026-08-17 23:35:00,2026-08-17 23:37:00,1.4999999999988758,1.0,1.7721518987335256,-0.27215189873464984,-92.45464351083231,-94.2275410976734
C_Fibonacci_Rejection,691,DOWN,2026-08-18 21:02:00,2026-08-18 21:04:00,-0.999999999999742,1.0,0.8139534883722248,-1.8139534883719668,-94.26859699920429,-96.04149458604537
C_Fibonacci_Rejection,701,DOWN,2026-08-24 03:42:00,2026-08-24 03:43:00,1.5000000000007676,1.0,0.7446808510637887,0.7553191489369789,-93.5132778502673,-95.28617543710838
C_Fibonacci_Rejection,703,DOWN,2026-08-25 00:59:00,2026-08-25 00:59:00,-1.0000000000013458,1.0,2.121212121212498,-3.121212121213844,-96.63448997148114,-98.40738755832223
C_Fibonacci_Rejection,707,DOWN,2026-08-26 06:26:00,2026-08-26 06:32:00,-0.9999999999993774,1.0,1.3084112149531164,-2.3084112149524936,-98.94290118643364,-100.71579877327473
C_Fibonacci_Rejection,713,DOWN,2026-08-27 04:24:00,2026-08-27 04:26:00,-0.9999999999992012,1.0,1.007194244604315,-2.0071942446035163,-100.95009543103716,-102.72299301787824
C_Fibonacci_Rejection,717,DOWN,2026-08-28 10:57:00,2026-08-28 10:57:00,-1.0000000000002889,1.0,0.30368763557483713,-1.303687635575126,-102.25378306661229,-104.02668065345337
C_Fibonacci_Rejection,723,DOWN,2026-08-31 21:11:00,2026-08-31 21:16:00,-0.9999999999993914,1.0,0.9589041095888841,-1.9589041095882753,-104.21268717620056,-105.98558476304164
C_Fibonacci_Rejection,725,DOWN,2026-09-01 11:25:00,2026-09-01 11:28:00,-0.9999999999991234,1.0,0.9210526315788334,-1.9210526315779568,-106.13373980777853,-107.90663739461961
C_Fibonacci_Rejection,727,DOWN,2026-09-01 20:09:00,2026-09-01 20:11:00,-1.0000000000002884,1.0,0.9090909090907209,-1.9090909090910093,-108.04283071686953,-109.81572830371061
D_M1_Structure_Break,14,UP,2025-09-15 02:46:00,2025-09-15 02:46:00,1.4999999999997014,1.0,0.7526881720432015,0.7473118279564999,0.7473118279564999,0.0
D_M1_Structure_Break,16,UP,2025-09-15 21:11:00,2025-09-15 21:16:00,-0.9999999999993148,1.0,0.8641975308641032,-1.864197530863418,-1.1168857029069181,-1.864197530863418
D_M1_Structure_Break,24,UP,2025-09-21 21:10:00,2025-09-21 21:26:00,-1.0000000000003872,1.0,0.40697674418600727,-1.4069767441863945,-2.523862447093313,-3.2711742750498125
D_M1_Structure_Break,34,UP,2025-09-26 04:06:00,2025-09-26 04:06:00,-1.000000000000168,1.0,0.5303030303031244,-1.5303030303032925,-4.054165477396605,-4.801477305353105
D_M1_Structure_Break,36,UP,2025-09-26 07:09:00,2025-09-26 07:10:00,-1.0000000000006035,1.0,0.7608695652172732,-1.7608695652178767,-5.815035042614482,-6.562346870570981
D_M1_Structure_Break,38,UP,2025-09-29 04:46:00,2025-09-29 04:49:00,1.4999999999992504,1.0,0.8588957055215785,0.6411042944776719,-5.17393074813681,-5.921242576093309
D_M1_Structure_Break,42,UP,2025-09-30 09:46:00,2025-09-30 09:51:00,1.49999999999974,1.0,0.46822742474905205,1.0317725752506879,-4.142158172886122,-4.889470000842621
D_M1_Structure_Break,46,UP,2025-10-01 12:59:00,2025-10-01 13:02:00,1.499999999999927,1.0,0.46052631578948405,1.0394736842104428,-3.1026844886756795,-3.849996316632179
D_M1_Structure_Break,50,UP,2025-10-03 01:37:00,2025-10-03 01:40:00,-0.9999999999997076,1.0,0.9210526315793717,-1.9210526315790792,-5.023737120254759,-5.771048948211258
D_M1_Structure_Break,60,UP,2025-10-08 12:54:00,2025-10-08 12:55:00,-1.0000000000002611,1.0,0.8235294117646891,-1.8235294117649503,-6.847266532019709,-7.594578359976208
D_M1_Structure_Break,64,UP,2025-10-10 03:05:00,2025-10-10 03:06:00,-0.9999999999999448,1.0,0.3465346534653428,-1.3465346534652876,-8.193801185484997,-8.941113013441496
D_M1_Structure_Break,68,UP,2025-10-12 18:36:00,2025-10-12 18:38:00,1.5000000000002751,1.0,0.5785123966941406,0.9214876033061346,-7.272313582178862,-8.019625410135362
D_M1_Structure_Break,72,UP,2025-10-14 04:02:00,2025-10-14 04:03:00,1.5000000000002511,1.0,0.3517587939698802,1.148241206030371,-6.124072376148491,-6.871384204104991
D_M1_Structure_Break,74,UP,2025-10-15 09:23:00,2025-10-15 09:27:00,1.5000000000003686,1.0,0.5166051660517047,0.9833948339486639,-5.1406775421998265,-5.887989370156326
D_M1_Structure_Break,76,UP,2025-10-16 04:11:00,2025-10-16 04:12:00,-1.0000000000002782,1.0,0.3508771929824421,-1.3508771929827204,-6.491554735182547,-7.238866563139046
D_M1_Structure_Break,79,DOWN,2025-10-20 01:52:00,2025-10-20 01:58:00,-1.0000000000007527,1.0,1.1864406779663663,-2.186440677967119,-8.677995413149667,-9.425307241106166
D_M1_Structure_Break,81,DOWN,2025-10-20 21:13:00,2025-10-20 21:15:00,1.4999999999990885,1.0,1.0447761194028924,0.4552238805961961,-8.22277153255347,-8.97008336050997
D_M1_Structure_Break,83,DOWN,2025-10-22 01:58:00,2025-10-22 02:00:00,-1.0000000000001552,1.0,0.9790209790214061,-1.9790209790215614,-10.201792511575032,-10.949104339531532
D_M1_Structure_Break,87,DOWN,2025-10-23 04:34:00,2025-10-23 04:40:00,1.4999999999991356,1.0,0.8383233532936057,0.6616766467055298,-9.540115864869502,-10.287427692826002
D_M1_Structure_Break,89,DOWN,2025-10-23 20:54:00,2025-10-23 21:00:00,1.500000000001222,1.0,1.2844036697242056,0.2155963302770163,-9.324519534592485,-10.071831362548984
D_M1_Structure_Break,93,DOWN,2025-10-26 20:32:00,2025-10-26 20:36:00,1.5000000000001892,1.0,0.7954545454546531,0.7045454545455361,-8.61997408004695,-9.36728590800345
D_M1_Structure_Break,97,DOWN,2025-10-28 12:24:00,2025-10-28 12:35:00,-0.999999999999543,1.0,0.5761316872428671,-1.5761316872424103,-10.19610576728936,-10.94341759524586
D_M1_Structure_Break,105,DOWN,2025-10-31 05:17:00,2025-10-31 05:20:00,1.5000000000007123,1.0,0.7486631016041738,0.7513368983965385,-9.44476886889282,-10.19208069684932
D_M1_Structure_Break,114,UP,2025-11-05 02:38:00,2025-11-05 02:45:00,-1.000000000000144,1.0,0.9090909090905898,-1.9090909090907338,-11.353859777983555,-12.101171605940054
D_M1_Structure_Break,116,UP,2025-11-05 09:18:00,2025-11-05 09:18:00,1.500000000000146,1.0,0.6140350877194019,0.8859649122807443,-10.46789486570281,-11.21520669365931
D_M1_Structure_Break,118,UP,2025-11-07 01:47:00,2025-11-07 01:49:00,-1.0,1.0,1.261261261261072,-2.261261261261072,-12.729156126963883,-13.476467954920382
D_M1_Structure_Break,128,UP,2025-11-12 20:32:00,2025-11-12 20:38:00,1.4999999999991926,1.0,0.848484848484999,0.6515151515141936,-12.07764097544969,-12.82495280340619
D_M1_Structure_Break,151,DOWN,2025-11-21 03:43:00,2025-11-21 03:44:00,-1.000000000000214,1.0,0.3373493975903535,-1.3373493975905675,-13.414990373040256,-14.162302200996756
D_M1_Structure_Break,153,DOWN,2025-11-21 16:35:00,2025-11-21 16:40:00,-1.0000000000012224,1.0,1.284403669724729,-2.2844036697259513,-15.699394042766208,-16.44670587072271
D_M1_Structure_Break,159,DOWN,2025-11-24 22:19:00,2025-11-24 22:21:00,1.500000000001342,1.0,1.5384615384615954,-0.03846153846025335,-15.73785558122646,-16.48516740918296
D_M1_Structure_Break,160,UP,2025-11-25 00:53:00,2025-11-25 00:56:00,1.4999999999992342,1.0,1.6091954022998083,-0.10919540230057412,-15.847050983527035,-16.594362811483535
D_M1_Structure_Break,162,UP,2025-11-26 09:17:00,2025-11-26 09:20:00,1.4999999999998543,1.0,0.45901639344262335,1.0409836065572309,-14.806067376969803,-15.553379204926303
D_M1_Structure_Break,164,UP,2025-11-27 04:44:00,2025-11-27 04:46:00,-1.0000000000007654,1.0,0.9655172413790467,-1.965517241379812,-16.771584618349618,-17.51889644630612
D_M1_Structure_Break,168,UP,2025-11-30 17:29:00,2025-11-30 17:30:00,-1.000000000001041,1.0,1.093750000000424,-2.093750000001465,-18.86533461835108,-19.612646446307583
D_M1_Structure_Break,170,UP,2025-11-30 22:19:00,2025-11-30 22:21:00,1.5000000000003002,1.0,0.9459459459459935,0.5540540540543067,-18.311280564296773,-19.058592392253274
D_M1_Structure_Break,176,UP,2025-12-02 12:15:00,2025-12-02 12:21:00,1.5000000000004945,1.0,0.5668016194333066,0.9331983805671878,-17.378082183729585,-18.125394011686087
D_M1_Structure_Break,178,UP,2025-12-03 04:09:00,2025-12-03 04:18:00,-0.999999999999908,1.0,0.5809128630705338,-1.5809128630704419,-18.958995046800027,-19.706306874756528
D_M1_Structure_Break,188,UP,2025-12-09 03:23:00,2025-12-09 03:25:00,1.500000000000646,1.0,0.7407407407406744,0.7592592592599715,-18.199735787540057,-18.947047615496558
D_M1_Structure_Break,190,UP,2025-12-09 10:25:00,2025-12-09 10:30:00,1.4999999999996936,1.0,0.4294478527606431,1.0705521472390505,-17.129183640301008,-17.87649546825751
D_M1_Structure_Break,192,UP,2025-12-11 01:43:00,2025-12-11 01:57:00,1.4999999999995763,1.0,1.0687022900763992,0.4312977099231772,-16.69788593037783,-17.44519775833433
D_M1_Structure_Break,198,UP,2025-12-15 03:31:00,2025-12-15 03:31:00,1.4999999999993434,1.0,0.7526881720430217,0.7473118279563217,-15.950574102421507,-16.697885930378007
D_M1_Structure_Break,202,UP,2025-12-15 21:06:00,2025-12-15 21:26:00,1.49999999999964,1.0,0.7567567567568856,0.7432432432427545,-15.207330859178754,-15.954642687135253
D_M1_Structure_Break,204,UP,2025-12-16 02:32:00,2025-12-16 02:35:00,-1.0000000000005516,1.0,0.8695652173911242,-1.869565217391676,-17.076896076570428,-17.82420790452693
D_M1_Structure_Break,216,UP,2025-12-22 02:13:00,2025-12-22 02:17:00,-1.0000000000007772,1.0,0.7000000000001548,-1.7000000000009319,-18.77689607657136,-19.524207904527863
D_M1_Structure_Break,218,UP,2025-12-23 11:00:00,2025-12-23 11:22:00,1.4999999999997804,1.0,0.3954802259886647,1.1045197740111157,-17.672376302560245,-18.419688130516747
D_M1_Structure_Break,222,UP,2025-12-25 17:09:00,2025-12-25 17:52:00,-0.9999999999999416,1.0,0.36745406824148247,-1.367454068241424,-19.03983037080167,-19.787142198758172
D_M1_Structure_Break,230,UP,2025-12-29 12:44:00,2025-12-29 12:48:00,-0.9999999999998612,1.0,0.8749999999997321,-1.8749999999995932,-20.914830370801262,-21.662142198757763
D_M1_Structure_Break,234,UP,2025-12-31 10:31:00,2025-12-31 10:32:00,1.4999999999994618,1.0,0.5223880597015761,0.9776119402978857,-19.93721843050338,-20.68453025845988
D_M1_Structure_Break,240,UP,2026-01-05 08:56:00,2026-01-05 08:57:00,1.5,1.0,0.5577689243027861,0.9422310756972139,-18.994987354806163,-19.742299182762665
D_M1_Structure_Break,242,UP,2026-01-05 19:56:00,2026-01-05 19:59:00,1.4999999999990414,1.0,1.0071942446044757,0.4928057553945657,-18.502181599411596,-19.249493427368098
D_M1_Structure_Break,252,UP,2026-01-09 10:35:00,2026-01-09 10:35:00,1.4999999999996056,1.0,0.38251366120220937,1.1174863387973963,-17.3846952606142,-18.132007088570703
D_M1_Structure_Break,264,UP,2026-01-18 17:31:00,2026-01-18 17:32:00,-1.0000000000011775,1.0,1.0606060606060703,-2.060606060607248,-19.44530132122145,-20.19261314917795
D_M1_Structure_Break,266,UP,2026-01-19 04:39:00,2026-01-19 04:42:00,1.4999999999996911,1.0,0.7777777777777674,0.7222222222219238,-18.723079098999527,-19.47039092695603
D_M1_Structure_Break,268,UP,2026-01-19 19:55:00,2026-01-19 19:57:00,1.5000000000004725,1.0,0.9929078014181896,0.5070921985822829,-18.215986900417242,-18.963298728373744
D_M1_Structure_Break,274,UP,2026-01-21 18:52:00,2026-01-21 18:53:00,1.5000000000004623,1.0,1.1666666666665793,0.33333333333388304,-17.88265356708336,-18.62996539503986
D_M1_Structure_Break,276,UP,2026-01-23 03:35:00,2026-01-23 03:41:00,1.5,1.0,0.5109489051094543,0.9890510948905457,-16.893602472192814,-17.640914300149316
D_M1_Structure_Break,280,UP,2026-01-27 03:59:00,2026-01-27 04:06:00,1.499999999999902,1.0,0.6194690265486313,0.8805309734512707,-16.013071498741542,-16.760383326698044
D_M1_Structure_Break,284,UP,2026-01-28 14:16:00,2026-01-28 14:21:00,-0.9999999999999746,1.0,0.16091954022988636,-1.1609195402298609,-17.173991038971405,-17.921302866927906
D_M1_Structure_Break,299,DOWN,2026-02-04 03:31:00,2026-02-04 03:37:00,1.5000000000001634,1.0,0.5147058823529307,0.9852941176472327,-16.188696921324173,-16.936008749280674
D_M1_Structure_Break,315,DOWN,2026-02-10 09:48:00,2026-02-10 09:58:00,-0.9999999999997136,1.0,0.30107526881718716,-1.3010752688169007,-17.48977219014107,-18.237084018097573
D_M1_Structure_Break,319,DOWN,2026-02-11 21:19:00,2026-02-11 21:21:00,1.4999999999988656,1.0,1.0218978102189087,0.4781021897799569,-17.011670000361114,-17.758981828317616
D_M1_Structure_Break,323,DOWN,2026-02-12 20:26:00,2026-02-12 20:33:00,-1.0000000000007734,1.0,0.6965174129351461,-1.6965174129359195,-18.708187413297033,-19.455499241253534
D_M1_Structure_Break,327,DOWN,2026-02-16 02:00:00,2026-02-16 02:03:00,1.4999999999983782,1.0,1.5730337078654595,-0.0730337078670813,-18.781221121164116,-19.528532949120617
D_M1_Structure_Break,329,DOWN,2026-02-16 03:23:00,2026-02-16 03:23:00,1.500000000000469,1.0,0.657276995305038,0.8427230046954309,-17.938498116468686,-18.685809944425188
D_M1_Structure_Break,331,DOWN,2026-02-17 04:50:00,2026-02-17 04:52:00,-1.0,1.0,0.9333333333332979,-1.933333333333298,-19.871831449801984,-20.619143277758486
D_M1_Structure_Break,335,DOWN,2026-02-18 08:23:00,2026-02-18 08:25:00,1.5000000000004627,1.0,0.7291666666666121,0.7708333333338506,-19.100998116468134,-19.848309944424635
D_M1_Structure_Break,342,UP,2026-02-20 03:27:00,2026-02-20 03:28:00,-1.0000000000004643,1.0,0.5857740585774324,-1.5857740585778966,-20.68677217504603,-21.434084003002532
D_M1_Structure_Break,344,UP,2026-02-20 10:28:00,2026-02-20 10:32:00,-1.0000000000001323,1.0,0.16686531585220263,-1.166865315852335,-21.853637490898365,-22.600949318854866
D_M1_Structure_Break,350,UP,2026-02-24 17:22:00,2026-02-24 17:23:00,-0.9999999999911188,1.0,9.333333333327458,-10.333333333318576,-32.18697082421694,-32.934282652173444
D_M1_Structure_Break,352,UP,2026-02-25 06:48:00,2026-02-25 06:55:00,1.5000000000001517,1.0,0.9589041095888841,0.5410958904112676,-31.645874933805672,-32.39318676176217
D_M1_Structure_Break,354,UP,2026-02-26 13:06:00,2026-02-26 13:07:00,-1.0,1.0,0.6930693069307237,-1.6930693069307237,-33.338944240736396,-34.0862560686929
D_M1_Structure_Break,363,DOWN,2026-03-05 04:28:00,2026-03-05 04:39:00,1.4999999999999114,1.0,0.1859229747675844,1.314077025232327,-32.02486721550407,-32.77217904346057
D_M1_Structure_Break,365,DOWN,2026-03-05 23:47:00,2026-03-05 23:47:00,-1.0000000000010183,1.0,1.2844036697244674,-2.284403669725486,-34.30927088522956,-35.05658271318606
D_M1_Structure_Break,371,DOWN,2026-03-10 12:41:00,2026-03-10 12:41:00,-1.0000000000001,1.0,0.31531531531529955,-1.3153153153153996,-35.624586200544954,-36.371898028501455
D_M1_Structure_Break,373,DOWN,2026-03-11 02:33:00,2026-03-11 02:38:00,1.4999999999997122,1.0,0.3626943005181371,1.1373056994815751,-34.48728050106338,-35.23459232901988
D_M1_Structure_Break,375,DOWN,2026-03-12 06:51:00,2026-03-12 06:52:00,1.5000000000002631,1.0,0.47457627118643936,1.0254237288138237,-33.461856772249554,-34.209168600206056
D_M1_Structure_Break,377,DOWN,2026-03-12 20:32:00,2026-03-12 20:36:00,1.499999999999924,1.0,0.9589041095887385,0.5410958904111856,-32.92076088183837,-33.66807270979487
D_M1_Structure_Break,379,DOWN,2026-03-13 09:03:00,2026-03-13 09:09:00,-1.000000000000214,1.0,0.3373493975903535,-1.3373493975905675,-34.25811027942894,-35.00542210738544
D_M1_Structure_Break,389,DOWN,2026-03-18 06:36:00,2026-03-18 06:42:00,-1.0000000000001952,1.0,0.24604569420032388,-1.2460456942005191,-35.50415597362946,-36.25146780158596
D_M1_Structure_Break,391,DOWN,2026-03-18 21:46:00,2026-03-18 21:50:00,1.499999999999477,1.0,0.732984293193943,0.7670157068055341,-34.73714026682392,-35.48445209478042
D_M1_Structure_Break,395,DOWN,2026-03-20 03:45:00,2026-03-20 03:45:00,1.499999999999956,1.0,0.5533596837944836,0.9466403162054724,-33.790499950618454,-34.537811778574955
D_M1_Structure_Break,397,DOWN,2026-03-22 16:25:00,2026-03-22 16:30:00,-0.9999999999989037,1.0,1.7283950617274957,-2.7283950617263995,-36.51889501234485,-37.26620684030135
D_M1_Structure_Break,401,DOWN,2026-03-24 02:27:00,2026-03-24 02:32:00,1.4999999999997289,1.0,0.2851323828920717,1.2148676171076571,-35.30402739523719,-36.05133922319369
D_M1_Structure_Break,403,DOWN,2026-03-24 10:07:00,2026-03-24 10:25:00,-1.0000000000000295,1.0,0.18666666666666512,-1.1866666666666947,-36.49069406190389,-37.23800588986039
D_M1_Structure_Break,407,DOWN,2026-03-25 03:47:00,2026-03-25 03:54:00,1.5000000000001894,1.0,0.2985074626865619,1.2014925373136274,-35.28920152459026,-36.03651335254676
D_M1_Structure_Break,409,DOWN,2026-03-25 23:47:00,2026-03-25 23:50:00,1.4999999999995557,1.0,1.8666666666660432,-0.3666666666664875,-35.65586819125675,-36.40318001921325
D_M1_Structure_Break,413,DOWN,2026-03-27 10:47:00,2026-03-27 10:50:00,1.4999999999999398,1.0,0.37837837837830657,1.1216216216216333,-34.534246569635116,-35.28155839759162
D_M1_Structure_Break,415,DOWN,2026-03-30 00:48:00,2026-03-30 00:48:00,1.4999999999997686,1.0,1.4583333333325494,0.04166666666721919,-34.4925799029679,-35.2398917309244
D_M1_Structure_Break,417,DOWN,2026-03-30 17:28:00,2026-03-30 17:28:00,-1.0000000000003106,1.0,0.9790209790215582,-1.9790209790218687,-36.471600881989765,-37.21891270994627
D_M1_Structure_Break,423,DOWN,2026-04-01 21:25:00,2026-04-01 21:31:00,1.50000000000012,1.0,0.1372549019607845,1.3627450980393354,-35.10885578395043,-35.85616761190693
D_M1_Structure_Break,429,DOWN,2026-04-03 07:12:00,2026-04-03 07:14:00,1.4999999999990286,1.0,1.7499999999997071,-0.25000000000067857,-35.35885578395111,-36.10616761190761
D_M1_Structure_Break,431,DOWN,2026-04-03 16:29:00,2026-04-03 16:30:00,-0.9999999999996496,1.0,0.36842105263157654,-1.3684210526312262,-36.727276836582334,-37.474588664538835
D_M1_Structure_Break,433,DOWN,2026-04-06 10:52:00,2026-04-06 10:54:00,1.4999999999999176,1.0,0.2597402597402916,1.240259740259626,-35.48701709632271,-36.23432892427921
D_M1_Structure_Break,437,DOWN,2026-04-09 13:52:00,2026-04-09 13:55:00,1.500000000000713,1.0,0.6422018348624953,0.8577981651382177,-34.62921893118449,-35.37653075914099
D_M1_Structure_Break,441,DOWN,2026-04-13 02:28:00,2026-04-13 02:36:00,1.500000000000373,1.0,0.5223880597014897,0.9776119402988833,-33.651606990885604,-34.398918818842105
D_M1_Structure_Break,445,DOWN,2026-04-15 02:29:00,2026-04-15 02:31:00,1.5000000000002849,1.0,0.7179487179486745,0.7820512820516103,-32.869555708834,-33.6168675367905
D_M1_Structure_Break,447,DOWN,2026-04-15 23:23:00,2026-04-15 23:23:00,-0.999999999999361,1.0,1.0071942446044757,-2.007194244603837,-34.87674995343783,-35.62406178139433
D_M1_Structure_Break,451,DOWN,2026-04-20 19:16:00,2026-04-20 19:19:00,1.5000000000013878,1.0,1.5909090909087042,-0.09090909090731647,-34.96765904434515,-35.71497087230165
D_M1_Structure_Break,453,DOWN,2026-04-21 10:56:00,2026-04-21 10:57:00,1.5000000000000526,1.0,0.330969267139466,1.1690307328605867,-33.79862831148456,-34.545940139441065
D_M1_Structure_Break,455,DOWN,2026-04-22 01:40:00,2026-04-22 01:57:00,1.4999999999994826,1.0,0.501792114695208,0.9982078853042746,-32.80042042618029,-33.54773225413679
D_M1_Structure_Break,457,DOWN,2026-04-22 21:08:00,2026-04-22 21:10:00,-1.0000000000002758,1.0,0.8695652173908845,-1.8695652173911603,-34.66998564357145,-35.41729747152795
D_M1_Structure_Break,461,DOWN,2026-04-23 22:22:00,2026-04-23 22:22:00,1.500000000000222,1.0,1.4000000000001542,0.10000000000006781,-34.56998564357138,-35.31729747152788
D_M1_Structure_Break,465,DOWN,2026-04-27 08:37:00,2026-04-27 08:41:00,-0.9999999999996584,1.0,0.7179487179486745,-1.717948717948333,-36.28793436151972,-37.03524618947622
D_M1_Structure_Break,467,DOWN,2026-04-27 20:27:00,2026-04-27 20:27:00,1.4999999999989286,1.0,1.2280701754389232,0.2719298245600055,-36.016004536959706,-36.76331636491621
D_M1_Structure_Break,469,DOWN,2026-04-28 20:18:00,2026-04-28 20:23:00,1.5000000000009448,1.0,1.4893617021277532,0.010638297873191593,-36.00536623908652,-36.75267806704302
D_M1_Structure_Break,471,DOWN,2026-04-29 07:15:00,2026-04-29 07:21:00,-0.9999999999994744,1.0,0.8284023668637027,-1.8284023668631773,-37.83376860594969,-38.581080433906195
D_M1_Structure_Break,473,DOWN,2026-04-29 20:28:00,2026-04-29 20:32:00,1.500000000000073,1.0,0.9271523178808556,0.5728476821192174,-37.260920923830476,-38.00823275178698
D_M1_Structure_Break,480,UP,2026-05-05 01:22:00,2026-05-05 01:23:00,1.4999999999996974,1.0,1.2727272727279269,0.2272727272717705,-37.03364819655871,-37.78096002451521
D_M1_Structure_Break,482,UP,2026-05-05 17:40:00,2026-05-05 17:46:00,1.499999999995837,1.0,4.374999999995626,-2.8749999999997886,-39.908648196558495,-40.655960024515
D_M1_Structure_Break,486,UP,2026-05-07 03:06:00,2026-05-07 03:07:00,-1.000000000000164,1.0,0.5166051660516625,-1.5166051660518267,-41.42525336261032,-42.17256519056682
D_M1_Structure_Break,488,UP,2026-05-07 17:15:00,2026-05-07 17:32:00,-1.0000000000006868,1.0,0.7216494845359803,-1.721649484536667,-43.14690284714699,-43.89421467510349
D_M1_Structure_Break,502,UP,2026-05-17 21:10:00,2026-05-17 21:13:00,-1.000000000000328,1.0,0.6896551724137258,-1.6896551724140538,-44.83655801956104,-45.58386984751754
D_M1_Structure_Break,504,UP,2026-05-18 15:19:00,2026-05-18 15:24:00,-1.0000000000000662,1.0,0.4166666666666631,-1.4166666666667291,-46.25322468622777,-47.00053651418427
D_M1_Structure_Break,506,UP,2026-05-20 10:29:00,2026-05-20 10:31:00,1.4999999999999167,1.0,0.14989293361884165,1.350107066381075,-44.9031176198467,-45.6504294478032
D_M1_Structure_Break,514,UP,2026-05-22 10:31:00,2026-05-22 10:32:00,1.499999999999332,1.0,0.648148148148233,0.8518518518510991,-44.051265767995595,-44.798577595952096
D_M1_Structure_Break,516,UP,2026-05-25 03:33:00,2026-05-25 03:34:00,-1.0000000000004676,1.0,0.7368421052631531,-1.7368421052636207,-45.788107873259214,-46.535419701215716
D_M1_Structure_Break,520,UP,2026-05-26 11:55:00,2026-05-26 11:57:00,-1.0000000000008584,1.0,0.7734806629833871,-1.7734806629842454,-47.56158853624346,-48.308900364199964
D_M1_Structure_Break,522,UP,2026-05-27 08:19:00,2026-05-27 08:19:00,-0.9999999999995808,1.0,0.44025157232704937,-1.44025157232663,-49.00184010857009,-49.749151936526594
D_M1_Structure_Break,524,UP,2026-05-28 00:32:00,2026-05-28 00:39:00,1.499999999999853,1.0,0.9271523178807195,0.5728476821191335,-48.42899242645096,-49.17630425440746
D_M1_Structure_Break,530,UP,2026-06-01 10:17:00,2026-06-01 10:18:00,-1.0000000000000602,1.0,0.37940379403789776,-1.379403794037958,-49.808396220488916,-50.55570804844542
D_M1_Structure_Break,531,DOWN,2026-06-02 09:09:00,2026-06-02 09:09:00,-0.9999999999990964,1.0,0.8139534883716993,-1.8139534883707957,-51.622349708859716,-52.36966153681622
D_M1_Structure_Break,537,DOWN,2026-06-05 05:43:00,2026-06-05 05:43:00,-0.9999999999998166,1.0,1.1570247933878566,-2.157024793387673,-53.779374502247386,-54.52668633020389
D_M1_Structure_Break,549,DOWN,2026-06-10 21:56:00,2026-06-10 21:56:00,-0.9999999999993116,1.0,1.08527131782982,-2.0852713178291316,-55.86464582007652,-56.61195764803302
D_M1_Structure_Break,553,DOWN,2026-06-12 05:45:00,2026-06-12 05:46:00,-1.0000000000006375,1.0,0.6698564593304522,-1.6698564593310898,-57.534502279407604,-58.281814107364106
D_M1_Structure_Break,557,DOWN,2026-06-15 10:03:00,2026-06-15 10:06:00,-1.000000000000666,1.0,0.7000000000000771,-1.7000000000007431,-59.23450227940835,-59.981814107364855
D_M1_Structure_Break,559,DOWN,2026-06-15 21:25:00,2026-06-15 21:26:00,-0.9999999999991838,1.0,1.0294117647056933,-2.029411764704877,-61.26391404411323,-62.01122587206973
D_M1_Structure_Break,565,DOWN,2026-06-18 02:50:00,2026-06-18 03:00:00,1.5000000000004494,1.0,0.43613707165115945,1.06386292834929,-60.20005111576394,-60.94736294372044
D_M1_Structure_Break,567,DOWN,2026-06-18 11:15:00,2026-06-18 11:15:00,-1.000000000000452,1.0,0.4745762711864038,-1.474576271186856,-61.674627386950796,-62.4219392149073
D_M1_Structure_Break,569,DOWN,2026-06-19 15:13:00,2026-06-19 15:30:00,-1.0000000000012474,1.0,1.5730337078654595,-2.573033707866707,-64.2476610948175,-64.994972922774
D_M1_Structure_Break,571,DOWN,2026-06-22 06:24:00,2026-06-22 06:24:00,-0.9999999999997652,1.0,0.7407407407405874,-1.7407407407403526,-65.98840183555785,-66.73571366351435
D_M1_Structure_Break,573,DOWN,2026-06-22 22:35:00,2026-06-22 22:35:00,-1.0000000000011564,1.0,1.4583333333328867,-2.458333333334043,-68.44673516889189,-69.19404699684839
D_M1_Structure_Break,575,DOWN,2026-06-23 03:34:00,2026-06-23 03:40:00,1.5000000000000948,1.0,0.3977272727273015,1.1022727272727932,-67.3444624416191,-68.0917742695756
D_M1_Structure_Break,587,DOWN,2026-06-28 22:49:00,2026-06-28 22:49:00,-1.0,1.0,1.5909090909091055,-2.5909090909091055,-69.93537153252821,-70.6826833604847
D_M1_Structure_Break,591,DOWN,2026-06-30 11:19:00,2026-06-30 11:32:00,-1.0000000000003726,1.0,0.46979865771808854,-1.4697986577184612,-71.40517019024666,-72.15248201820316
D_M1_Structure_Break,593,DOWN,2026-07-01 09:59:00,2026-07-01 10:00:00,-0.9999999999997212,1.0,0.292887029288689,-1.2928870292884103,-72.69805721953509,-73.44536904749158
D_M1_Structure_Break,600,UP,2026-07-06 10:15:00,2026-07-06 10:15:00,-0.9999999999995778,1.0,0.5323193916349542,-1.5323193916345321,-74.23037661116962,-74.97768843912611
D_M1_Structure_Break,606,UP,2026-07-08 12:01:00,2026-07-08 12:02:00,-0.99999999999989,1.0,0.6930693069306475,-1.6930693069305374,-75.92344591810016,-76.67075774605665
D_M1_Structure_Break,616,UP,2026-07-14 03:23:00,2026-07-14 03:25:00,1.500000000000183,1.0,0.7692307692310791,0.7307692307691038,-75.19267668733104,-75.93998851528754
D_M1_Structure_Break,618,UP,2026-07-14 17:22:00,2026-07-14 17:23:00,-0.9999999999987664,1.0,1.555555555555727,-2.5555555555544935,-77.74823224288554,-78.49554407084203
D_M1_Structure_Break,620,UP,2026-07-15 08:23:00,2026-07-15 08:24:00,1.4999999999998577,1.0,0.5982905982907096,0.901709401709148,-76.8465228411764,-77.59383466913289
D_M1_Structure_Break,636,UP,2026-07-22 17:49:00,2026-07-22 18:00:00,1.500000000001129,1.0,1.1864406779663663,0.3135593220347628,-76.53296351914163,-77.28027534709813
D_M1_Structure_Break,640,UP,2026-07-24 02:15:00,2026-07-24 02:17:00,1.4999999999995886,1.0,0.8641975308644585,0.63580246913513,-75.8971610500065,-76.644472877963
D_M1_Structure_Break,648,UP,2026-07-28 19:24:00,2026-07-28 19:25:00,-1.0000000000021292,1.0,1.9178082191789352,-2.9178082191810644,-78.81496926918756,-79.56228109714405
D_M1_Structure_Break,652,UP,2026-07-30 04:03:00,2026-07-30 04:06:00,1.4999999999995617,1.0,0.6140350877191625,0.8859649122803992,-77.92900435690717,-78.67631618486367
D_M1_Structure_Break,656,UP,2026-07-31 09:55:00,2026-07-31 09:59:00,-0.9999999999998104,1.0,0.23890784982933438,-1.2389078498291448,-79.1679122067363,-79.9152240346928
D_M1_Structure_Break,657,DOWN,2026-08-02 18:35:00,2026-08-02 18:37:00,-0.99999999999939,1.0,0.7692307692305161,-1.7692307692299063,-80.93714297596621,-81.6844548039227
D_M1_Structure_Break,659,DOWN,2026-08-03 20:57:00,2026-08-03 21:00:00,1.4999999999998586,1.0,0.8917197452231416,0.608280254776717,-80.3288627211895,-81.07617454914599
D_M1_Structure_Break,667,DOWN,2026-08-05 14:42:00,2026-08-05 14:45:00,1.4999999999989286,1.0,1.2280701754389232,0.2719298245600055,-80.05693289662949,-80.80424472458598
D_M1_Structure_Break,671,DOWN,2026-08-10 04:33:00,2026-08-10 04:35:00,-0.9999999999987064,1.0,1.35922330097076,-2.3592233009694663,-82.41615619759897,-83.16346802555546
D_M1_Structure_Break,673,DOWN,2026-08-10 20:58:00,2026-08-10 21:00:00,1.5000000000016038,1.0,1.555555555555727,-0.05555555555412317,-82.47171175315309,-83.21902358110958
D_M1_Structure_Break,679,DOWN,2026-08-12 20:46:00,2026-08-12 20:47:00,1.500000000001489,1.0,1.7073170731692553,-0.20731707316776626,-82.67902882632085,-83.42634065427734
D_M1_Structure_Break,687,DOWN,2026-08-17 21:26:00,2026-08-17 21:27:00,-1.0,1.0,0.9150326797386762,-1.915032679738676,-84.59406150605952,-85.34137333401601
D_M1_Structure_Break,691,DOWN,2026-08-18 20:32:00,2026-08-18 20:33:00,1.5000000000001763,1.0,1.1111111111112726,0.3888888888889037,-84.20517261717062,-84.95248444512711
D_M1_Structure_Break,701,DOWN,2026-08-23 20:54:00,2026-08-23 20:55:00,-1.000000000000653,1.0,1.3725490196075163,-2.3725490196081696,-86.57772163677879,-87.32503346473528
D_M1_Structure_Break,703,DOWN,2026-08-24 20:27:00,2026-08-24 20:27:00,-1.0000000000005411,1.0,1.7073170731706424,-2.7073170731711835,-89.28503870994997,-90.03235053790647
D_M1_Structure_Break,707,DOWN,2026-08-26 04:48:00,2026-08-26 04:48:00,-1.0000000000007103,1.0,1.119999999999825,-2.1200000000005352,-91.4050387099505,-92.152350537907
D_M1_Structure_Break,709,DOWN,2026-08-26 16:57:00,2026-08-26 16:57:00,-1.0000000000022204,1.0,2.8000000000003085,-3.800000000002529,-95.20503870995304,-95.95235053790954
D_M1_Structure_Break,713,DOWN,2026-08-27 04:22:00,2026-08-27 04:29:00,1.500000000000694,1.0,0.9722222222222994,0.5277777777783945,-94.67726093217465,-95.42457276013114
D_M1_Structure_Break,717,DOWN,2026-08-28 10:14:00,2026-08-28 10:25:00,1.5000000000000326,1.0,0.13712047012731948,1.3628795298727132,-93.31438140230193,-94.06169323025843
D_M1_Structure_Break,723,DOWN,2026-08-31 20:47:00,2026-08-31 20:49:00,1.4999999999999998,1.0,1.1023622047245114,0.39763779527548837,-92.91674360702645,-93.66405543498294
D_M1_Structure_Break,725,DOWN,2026-09-01 10:28:00,2026-09-01 10:30:00,1.5000000000007323,1.0,0.7106598984773879,0.7893401015233444,-92.1274035055031,-92.87471533345959
D_M1_Structure_Break,727,DOWN,2026-09-01 18:54:00,2026-09-01 18:54:00,-0.9999999999954284,1.0,4.117647058826135,-5.1176470588215635,-97.24505056432466,-97.99236239228115
E_Momentum_Continuation,14,UP,2025-09-15 02:50:00,2025-09-15 02:52:00,1.4999999999993638,1.0,0.729166666666865,0.7708333333324988,0.7708333333324988,0.0
E_Momentum_Continuation,16,UP,2025-09-15 21:32:00,2025-09-15 21:37:00,1.5000000000005955,1.0,0.939597315436527,0.5604026845640685,1.3312360178965674,0.0
E_Momentum_Continuation,24,UP,2025-09-21 21:34:00,2025-09-21 21:41:00,-0.9999999999996084,1.0,0.6167400881057887,-1.6167400881053973,-0.28550407020882984,-1.6167400881053973
E_Momentum_Continuation,34,UP,2025-09-26 04:18:00,2025-09-26 04:18:00,-1.0,1.0,0.5577689243027861,-1.5577689243027861,-1.843272994511616,-3.1745090124081834
E_Momentum_Continuation,36,UP,2025-09-26 07:17:00,2025-09-26 07:25:00,-1.0000000000005551,1.0,0.6999999999999995,-1.7000000000005546,-3.5432729945121704,-4.874509012408738
E_Momentum_Continuation,38,UP,2025-09-29 04:49:00,2025-09-29 04:51:00,-1.0000000000002724,1.0,0.8588957055216958,-1.8588957055219684,-5.402168700034139,-6.733404717930706
E_Momentum_Continuation,42,UP,2025-09-30 09:46:00,2025-09-30 09:51:00,1.49999999999974,1.0,0.46822742474905205,1.0317725752506879,-4.370396124783451,-5.701632142680018
E_Momentum_Continuation,46,UP,2025-10-01 12:59:00,2025-10-01 13:02:00,1.499999999999927,1.0,0.46052631578948405,1.0394736842104428,-3.3309224405730085,-4.662158458469576
E_Momentum_Continuation,50,UP,2025-10-03 01:37:00,2025-10-03 01:40:00,-0.9999999999997076,1.0,0.9210526315793717,-1.9210526315790792,-5.251975072152088,-6.583211090048655
E_Momentum_Continuation,60,UP,2025-10-08 13:03:00,2025-10-08 13:05:00,-0.9999999999990616,1.0,0.9859154929577625,-1.9859154929568241,-7.237890565108912,-8.56912658300548
E_Momentum_Continuation,64,UP,2025-10-10 03:05:00,2025-10-10 03:06:00,-0.9999999999999448,1.0,0.3465346534653428,-1.3465346534652876,-8.5844252185742,-9.915661236470768
E_Momentum_Continuation,68,UP,2025-10-12 18:39:00,2025-10-12 18:45:00,-0.9999999999998056,1.0,0.6140350877192224,-1.614035087719028,-10.198460306293228,-11.529696324189796
E_Momentum_Continuation,72,UP,2025-10-14 04:02:00,2025-10-14 04:03:00,1.5000000000002511,1.0,0.3517587939698802,1.148241206030371,-9.050219100262856,-10.381455118159423
E_Momentum_Continuation,74,UP,2025-10-15 09:28:00,2025-10-15 09:32:00,1.499999999999455,1.0,0.5283018867924889,0.9716981132069662,-8.07852098705589,-9.409757004952457
E_Momentum_Continuation,76,UP,2025-10-16 04:16:00,2025-10-16 04:18:00,-1.0,1.0,0.45161290322575914,-1.4516129032257592,-9.530133890281649,-10.861369908178215
E_Momentum_Continuation,79,DOWN,2025-10-20 01:52:00,2025-10-20 01:58:00,-1.0000000000007527,1.0,1.1864406779663663,-2.186440677967119,-11.716574568248769,-13.047810586145335
E_Momentum_Continuation,81,DOWN,2025-10-20 21:23:00,2025-10-20 21:29:00,1.50000000000111,1.0,1.0000000000001101,0.5000000000009999,-11.216574568247768,-12.547810586144337
E_Momentum_Continuation,83,DOWN,2025-10-22 01:58:00,2025-10-22 02:00:00,-1.0000000000001552,1.0,0.9790209790214061,-1.9790209790215614,-13.19559554726933,-14.526831565165896
E_Momentum_Continuation,87,DOWN,2025-10-23 04:47:00,2025-10-23 04:49:00,-0.999999999999742,1.0,0.8139534883722248,-1.8139534883719668,-15.009549035641296,-16.340785053537864
E_Momentum_Continuation,89,DOWN,2025-10-23 20:54:00,2025-10-23 21:00:00,1.500000000001222,1.0,1.2844036697242056,0.2155963302770163,-14.79395270536428,-16.125188723260848
E_Momentum_Continuation,93,DOWN,2025-10-26 20:32:00,2025-10-26 20:36:00,1.5000000000001892,1.0,0.7954545454546531,0.7045454545455361,-14.089407250818745,-15.420643268715313
E_Momentum_Continuation,97,DOWN,2025-10-28 12:42:00,2025-10-28 12:50:00,1.500000000000073,1.0,0.9271523178808556,0.5728476821192174,-13.516559568699527,-14.847795586596096
E_Momentum_Continuation,105,DOWN,2025-10-31 05:17:00,2025-10-31 05:20:00,1.5000000000007123,1.0,0.7486631016041738,0.7513368983965385,-12.765222670302988,-14.096458688199554
E_Momentum_Continuation,114,UP,2025-11-05 02:38:00,2025-11-05 02:45:00,-1.000000000000144,1.0,0.9090909090905898,-1.9090909090907338,-14.674313579393722,-16.00554959729029
E_Momentum_Continuation,116,UP,2025-11-05 09:19:00,2025-11-05 09:21:00,-1.0000000000001974,1.0,0.6222222222223215,-1.6222222222225189,-16.29653580161624,-17.62777181951281
E_Momentum_Continuation,118,UP,2025-11-07 02:03:00,2025-11-07 02:05:00,-1.000000000000678,1.0,1.0687022900765806,-2.0687022900772583,-18.3652380916935,-19.696474109590067
E_Momentum_Continuation,128,UP,2025-11-12 20:32:00,2025-11-12 20:38:00,1.4999999999991926,1.0,0.848484848484999,0.6515151515141936,-17.713722940179306,-19.044958958075874
E_Momentum_Continuation,151,DOWN,2025-11-21 03:52:00,2025-11-21 03:54:00,-1.000000000000357,1.0,0.45016077170415575,-1.4501607717045129,-19.16388371188382,-20.495119729780388
E_Momentum_Continuation,153,DOWN,2025-11-21 16:51:00,2025-11-21 16:56:00,1.5000000000000748,1.0,0.9459459459458514,0.5540540540542235,-18.609829657829593,-19.94106567572616
E_Momentum_Continuation,159,DOWN,2025-11-24 22:22:00,2025-11-24 22:23:00,-1.0000000000005411,1.0,1.7073170731706424,-2.7073170731711835,-21.31714673100078,-22.648382748897347
E_Momentum_Continuation,160,UP,2025-11-25 01:06:00,2025-11-25 01:17:00,-1.0000000000005085,1.0,1.0687022900763992,-2.0687022900769074,-23.385849021077686,-24.717085038974254
E_Momentum_Continuation,162,UP,2025-11-26 09:28:00,2025-11-26 09:31:00,1.500000000000303,1.0,0.4778156996586869,1.0221843003416162,-22.363664720736068,-23.694900738632636
E_Momentum_Continuation,164,UP,2025-11-27 04:44:00,2025-11-27 04:46:00,-1.0000000000007654,1.0,0.9655172413790467,-1.965517241379812,-24.329181962115882,-25.66041798001245
E_Momentum_Continuation,168,UP,2025-11-30 17:29:00,2025-11-30 17:30:00,-1.000000000001041,1.0,1.093750000000424,-2.093750000001465,-26.422931962117346,-27.754167980013914
E_Momentum_Continuation,170,UP,2025-11-30 22:20:00,2025-11-30 22:28:00,1.4999999999988656,1.0,1.0218978102189087,0.4781021897799569,-25.94482977233739,-27.276065790233957
E_Momentum_Continuation,176,UP,2025-12-02 12:21:00,2025-12-02 12:22:00,1.499999999999842,1.0,0.663507109004931,0.8364928909949109,-25.108336881342478,-26.439572899239046
E_Momentum_Continuation,178,UP,2025-12-03 04:36:00,2025-12-03 04:37:00,-1.0000000000001117,1.0,0.703517587939721,-1.7035175879398325,-26.81185446928231,-28.143090487178878
E_Momentum_Continuation,188,UP,2025-12-09 03:25:00,2025-12-09 03:26:00,1.499999999999451,1.0,0.7692307692307039,0.7307692307687472,-26.081085238513563,-27.41232125641013
E_Momentum_Continuation,190,UP,2025-12-09 10:49:00,2025-12-09 10:56:00,-0.9999999999996748,1.0,0.5128205128204901,-1.512820512820165,-27.59390575133373,-28.925141769230297
E_Momentum_Continuation,192,UP,2025-12-11 01:40:00,2025-12-11 01:44:00,1.5000000000002685,1.0,1.1290322580646002,0.3709677419356683,-27.22293800939806,-28.55417402729463
E_Momentum_Continuation,198,UP,2025-12-15 03:31:00,2025-12-15 03:31:00,1.4999999999993434,1.0,0.7526881720430217,0.7473118279563217,-26.47562618144174,-27.80686219933831
E_Momentum_Continuation,202,UP,2025-12-15 21:06:00,2025-12-15 21:26:00,1.49999999999964,1.0,0.7567567567568856,0.7432432432427545,-25.732382938198985,-27.063618956095553
E_Momentum_Continuation,204,UP,2025-12-16 02:32:00,2025-12-16 02:35:00,-1.0000000000005516,1.0,0.8695652173911242,-1.869565217391676,-27.60194815559066,-28.933184173487227
E_Momentum_Continuation,216,UP,2025-12-22 02:13:00,2025-12-22 02:17:00,-1.0000000000007772,1.0,0.7000000000001548,-1.7000000000009319,-29.301948155591592,-30.63318417348816
E_Momentum_Continuation,218,UP,2025-12-23 11:19:00,2025-12-23 11:31:00,-0.9999999999993237,1.0,0.7106598984773076,-1.7106598984766312,-31.012608054068224,-32.34384407196479
E_Momentum_Continuation,222,UP,2025-12-25 17:09:00,2025-12-25 17:52:00,-0.9999999999999416,1.0,0.36745406824148247,-1.367454068241424,-32.380062122309646,-33.71129814020621
E_Momentum_Continuation,230,UP,2025-12-29 13:03:00,2025-12-29 13:03:00,1.5000000000005251,1.0,0.9459459459461352,0.5540540540543899,-31.826008068255256,-33.15724408615182
E_Momentum_Continuation,234,UP,2025-12-31 10:31:00,2025-12-31 10:32:00,1.4999999999994618,1.0,0.5223880597015761,0.9776119402978857,-30.848396127957372,-32.17963214585394
E_Momentum_Continuation,240,UP,2026-01-05 08:56:00,2026-01-05 08:57:00,1.5,1.0,0.5577689243027861,0.9422310756972139,-29.906165052260157,-31.237401070156725
E_Momentum_Continuation,242,UP,2026-01-05 19:56:00,2026-01-05 19:59:00,1.4999999999990414,1.0,1.0071942446044757,0.4928057553945657,-29.413359296865593,-30.74459531476216
E_Momentum_Continuation,252,UP,2026-01-09 10:46:00,2026-01-09 10:48:00,-0.9999999999998028,1.0,0.41420118343198736,-1.4142011834317902,-30.827560480297382,-32.15879649819395
E_Momentum_Continuation,264,UP,2026-01-18 17:31:00,2026-01-18 17:32:00,-1.0000000000011775,1.0,1.0606060606060703,-2.060606060607248,-32.88816654090463,-34.21940255880119
E_Momentum_Continuation,266,UP,2026-01-19 04:42:00,2026-01-19 04:44:00,1.4999999999999365,1.0,0.7999999999999358,0.7000000000000007,-32.18816654090463,-33.5194025588012
E_Momentum_Continuation,268,UP,2026-01-19 19:55:00,2026-01-19 19:57:00,1.5000000000004725,1.0,0.9929078014181896,0.5070921985822829,-31.681074342322347,-33.01231036021891
E_Momentum_Continuation,274,UP,2026-01-21 19:01:00,2026-01-21 19:01:00,1.4999999999996558,1.0,1.0852713178294464,0.4147286821702094,-31.266345660152137,-32.597581678048705
E_Momentum_Continuation,276,UP,2026-01-23 03:42:00,2026-01-23 03:44:00,1.500000000000112,1.0,0.47138047138044925,1.0286195286196627,-30.237726131532476,-31.568962149429044
E_Momentum_Continuation,280,UP,2026-01-27 04:03:00,2026-01-27 04:07:00,1.5,1.0,0.6930693069307237,0.8069306930692763,-29.4307954384632,-30.762031456359768
E_Momentum_Continuation,284,UP,2026-01-28 14:38:00,2026-01-28 14:41:00,-0.99999999999986,1.0,0.22047244094487148,-1.2204724409447314,-30.65126787940793,-31.982503897304497
E_Momentum_Continuation,299,DOWN,2026-02-04 03:31:00,2026-02-04 03:37:00,1.5000000000001634,1.0,0.5147058823529307,0.9852941176472327,-29.665973761760696,-30.997209779657265
E_Momentum_Continuation,315,DOWN,2026-02-10 10:30:00,2026-02-10 10:32:00,1.500000000000184,1.0,0.46357615894046206,1.036423841059722,-28.629549920700974,-29.960785938597542
E_Momentum_Continuation,319,DOWN,2026-02-11 21:22:00,2026-02-11 21:22:00,-1.0000000000001656,1.0,1.0447761194028924,-2.044776119403058,-30.674326040104035,-32.0055620580006
E_Momentum_Continuation,323,DOWN,2026-02-12 20:26:00,2026-02-12 20:33:00,-1.0000000000007734,1.0,0.6965174129351461,-1.6965174129359195,-32.37084345303995,-33.70207947093652
E_Momentum_Continuation,327,DOWN,2026-02-16 02:31:00,2026-02-16 02:33:00,1.4999999999997438,1.0,1.0769230769231957,0.4230769230765481,-31.947766529963403,-33.27900254785997
E_Momentum_Continuation,329,DOWN,2026-02-16 03:24:00,2026-02-16 03:26:00,1.500000000000418,1.0,0.5857740585773236,0.9142259414230945,-31.03354058854031,-32.36477660643688
E_Momentum_Continuation,331,DOWN,2026-02-17 05:01:00,2026-02-17 05:01:00,-1.0000000000003988,1.0,0.8383233532933829,-1.8383233532937817,-32.87186394183409,-34.20309995973066
E_Momentum_Continuation,335,DOWN,2026-02-18 08:30:00,2026-02-18 08:31:00,-1.0000000000006068,1.0,0.7650273224046509,-1.7650273224052577,-34.63689126423935,-35.96812728213592
E_Momentum_Continuation,342,UP,2026-02-20 03:27:00,2026-02-20 03:28:00,-1.0000000000004643,1.0,0.5857740585774324,-1.5857740585778966,-36.22266532281724,-37.55390134071381
E_Momentum_Continuation,344,UP,2026-02-20 11:03:00,2026-02-20 11:13:00,1.499999999999854,1.0,0.3070175438596411,1.192982456140213,-35.029682866677035,-36.3609188845736
E_Momentum_Continuation,350,UP,2026-02-24 17:33:00,2026-02-24 17:33:00,-0.999999999998414,1.0,2.0000000000014895,-2.9999999999999036,-38.029682866676936,-39.3609188845735
E_Momentum_Continuation,352,UP,2026-02-25 06:48:00,2026-02-25 06:55:00,1.5000000000001517,1.0,0.9589041095888841,0.5410958904112676,-37.48858697626567,-38.81982299416224
E_Momentum_Continuation,354,UP,2026-02-26 13:06:00,2026-02-26 13:07:00,-1.0,1.0,0.6930693069307237,-1.6930693069307237,-39.18165628319639,-40.512892301092954
E_Momentum_Continuation,363,DOWN,2026-03-05 04:40:00,2026-03-05 04:41:00,-1.0,1.0,0.27343749999998745,-1.2734374999999876,-40.45509378319638,-41.78632980109295
E_Momentum_Continuation,365,DOWN,2026-03-05 23:54:00,2026-03-05 23:56:00,1.4999999999987768,1.0,1.1864406779665897,0.31355932203218706,-40.14153446116419,-41.472770479060756
E_Momentum_Continuation,371,DOWN,2026-03-10 12:41:00,2026-03-10 12:41:00,-1.0000000000001,1.0,0.31531531531529955,-1.3153153153153996,-41.456849776479594,-42.78808579437616
E_Momentum_Continuation,373,DOWN,2026-03-11 02:33:00,2026-03-11 02:38:00,1.4999999999997122,1.0,0.3626943005181371,1.1373056994815751,-40.31954407699802,-41.650780094894586
E_Momentum_Continuation,375,DOWN,2026-03-12 06:51:00,2026-03-12 06:52:00,1.5000000000002631,1.0,0.47457627118643936,1.0254237288138237,-39.294120348184194,-40.62535636608076
E_Momentum_Continuation,377,DOWN,2026-03-12 20:37:00,2026-03-12 20:38:00,1.5000000000003342,1.0,0.8433734939756806,0.6566265060246536,-38.63749384215954,-39.96872986005611
E_Momentum_Continuation,379,DOWN,2026-03-13 09:35:00,2026-03-13 09:35:00,1.4999999999999702,1.0,0.3743315508021091,1.1256684491978612,-37.51182539296168,-38.84306141085825
E_Momentum_Continuation,389,DOWN,2026-03-18 06:47:00,2026-03-18 06:51:00,-0.9999999999998872,1.0,0.35532994923857375,-1.355329949238461,-38.86715534220014,-40.19839136009671
E_Momentum_Continuation,391,DOWN,2026-03-18 21:46:00,2026-03-18 21:50:00,1.499999999999477,1.0,0.732984293193943,0.7670157068055341,-38.100139635394605,-39.43137565329117
E_Momentum_Continuation,395,DOWN,2026-03-20 03:46:00,2026-03-20 03:51:00,1.4999999999999212,1.0,0.4982206405694381,1.0017793594304831,-37.098360275964126,-38.42959629386069
E_Momentum_Continuation,397,DOWN,2026-03-22 16:25:00,2026-03-22 16:30:00,-0.9999999999989037,1.0,1.7283950617274957,-2.7283950617263995,-39.82675533769052,-41.157991355587086
E_Momentum_Continuation,401,DOWN,2026-03-24 02:32:00,2026-03-24 02:32:00,-1.0000000000002285,1.0,0.35989717223648804,-1.3598971722367166,-41.18665250992724,-42.51788852782381
E_Momentum_Continuation,403,DOWN,2026-03-24 10:55:00,2026-03-24 10:56:00,-1.000000000000153,1.0,0.4827586206897453,-1.4827586206898982,-42.669411130617135,-44.0006471485137
E_Momentum_Continuation,407,DOWN,2026-03-25 03:51:00,2026-03-25 03:57:00,1.4999999999998728,1.0,0.32036613272314574,1.179633867276727,-41.48977726334041,-42.82101328123697
E_Momentum_Continuation,409,DOWN,2026-03-25 23:47:00,2026-03-25 23:50:00,1.4999999999995557,1.0,1.8666666666660432,-0.3666666666664875,-41.8564439300069,-43.18767994790346
E_Momentum_Continuation,413,DOWN,2026-03-27 10:51:00,2026-03-27 10:55:00,1.5000000000004066,1.0,0.39436619718300636,1.1056338028174002,-40.750810127189496,-42.08204614508606
E_Momentum_Continuation,415,DOWN,2026-03-30 00:49:00,2026-03-30 00:51:00,1.499999999998755,1.0,1.308411214952845,0.19158878504590993,-40.55922134214359,-41.89045736004015
E_Momentum_Continuation,417,DOWN,2026-03-30 17:26:00,2026-03-30 17:27:00,1.4999999999994256,1.0,1.20689655172501,0.2931034482744155,-40.26611789386917,-41.59735391176574
E_Momentum_Continuation,423,DOWN,2026-04-01 21:33:00,2026-04-01 21:36:00,-0.9999999999998642,1.0,0.17135862913096675,-1.1713586291308309,-41.437476523,-42.768712540896566
E_Momentum_Continuation,429,DOWN,2026-04-03 07:15:00,2026-04-03 07:17:00,1.4999999999985107,1.0,1.70731707317018,-0.20731707317166936,-41.644793596171674,-42.97602961406824
E_Momentum_Continuation,431,DOWN,2026-04-03 16:45:00,2026-04-05 17:00:00,-0.9999999999994734,1.0,0.553359683794435,-1.5533596837939085,-43.19815327996558,-44.529389297862146
E_Momentum_Continuation,433,DOWN,2026-04-06 10:54:00,2026-04-06 10:55:00,1.4999999999997728,1.0,0.3580562659847084,1.1419437340150644,-42.056209545950516,-43.38744556384708
E_Momentum_Continuation,437,DOWN,2026-04-09 14:02:00,2026-04-09 14:02:00,1.5,1.0,0.6930693069307237,0.8069306930692763,-41.24927885288124,-42.580514870777805
E_Momentum_Continuation,441,DOWN,2026-04-13 02:34:00,2026-04-13 02:36:00,1.5000000000006084,1.0,0.639269406392784,0.8607305936078244,-40.38854825927341,-41.71978427716998
E_Momentum_Continuation,445,DOWN,2026-04-15 02:35:00,2026-04-15 02:36:00,-0.9999999999998996,1.0,0.6334841628960419,-1.6334841628959416,-42.02203242216936,-43.353268440065925
E_Momentum_Continuation,447,DOWN,2026-04-15 23:35:00,2026-04-15 23:42:00,1.5000000000009115,1.0,1.0447761194025462,0.45522388059836527,-41.56680854157099,-42.89804455946756
E_Momentum_Continuation,451,DOWN,2026-04-20 19:15:00,2026-04-20 19:19:00,1.5000000000015492,1.0,1.6279069767436087,-0.12790697674205953,-41.69471551831305,-43.02595153620962
E_Momentum_Continuation,453,DOWN,2026-04-21 10:56:00,2026-04-21 10:57:00,1.5000000000000526,1.0,0.330969267139466,1.1690307328605867,-40.52568478545246,-41.85692080334903
E_Momentum_Continuation,455,DOWN,2026-04-22 01:55:00,2026-04-22 01:57:00,1.499999999999924,1.0,0.9589041095887385,0.5410958904111856,-39.98458889504128,-41.31582491293784
E_Momentum_Continuation,457,DOWN,2026-04-22 21:12:00,2026-04-22 21:12:00,-0.9999999999993148,1.0,0.8641975308641032,-1.864197530863418,-41.8487864259047,-43.18002244380126
E_Momentum_Continuation,461,DOWN,2026-04-23 22:22:00,2026-04-23 22:22:00,1.500000000000222,1.0,1.4000000000001542,0.10000000000006781,-41.748786425904626,-43.08002244380119
E_Momentum_Continuation,465,DOWN,2026-04-27 08:37:00,2026-04-27 08:41:00,-0.9999999999996584,1.0,0.7179487179486745,-1.717948717948333,-43.466735143852965,-44.79797116174953
E_Momentum_Continuation,467,DOWN,2026-04-27 20:28:00,2026-04-27 20:38:00,-0.9999999999992182,1.0,0.9859154929579168,-1.985915492957135,-45.4526506368101,-46.78388665470666
E_Momentum_Continuation,469,DOWN,2026-04-28 20:18:00,2026-04-28 20:23:00,1.5000000000009448,1.0,1.4893617021277532,0.010638297873191593,-45.442012338936905,-46.77324835683347
E_Momentum_Continuation,471,DOWN,2026-04-29 07:56:00,2026-04-29 07:56:00,1.5000000000003129,1.0,0.9859154929574543,0.5140845070428586,-44.927927831894046,-46.25916384979061
E_Momentum_Continuation,473,DOWN,2026-04-29 20:29:00,2026-04-29 20:31:00,-1.0000000000008122,1.0,0.8536585365855522,-1.8536585365863645,-46.78158636848041,-48.112822386376976
E_Momentum_Continuation,480,UP,2026-05-05 01:22:00,2026-05-05 01:23:00,1.4999999999996974,1.0,1.2727272727279269,0.2272727272717705,-46.554313641208644,-47.88554965910521
E_Momentum_Continuation,482,UP,2026-05-05 18:01:00,2026-05-05 18:01:00,1.5000000000004354,1.0,2.7450980392168254,-1.24509803921639,-47.79941168042503,-49.130647698321596
E_Momentum_Continuation,486,UP,2026-05-07 03:06:00,2026-05-07 03:07:00,-1.000000000000164,1.0,0.5166051660516625,-1.5166051660518267,-49.316016846476856,-50.64725286437342
E_Momentum_Continuation,488,UP,2026-05-07 17:15:00,2026-05-07 17:32:00,-1.0000000000006868,1.0,0.7216494845359803,-1.721649484536667,-51.037666331013526,-52.36890234891009
E_Momentum_Continuation,502,UP,2026-05-17 21:32:00,2026-05-17 21:35:00,1.5000000000004776,1.0,0.7526881720427523,0.7473118279577253,-50.2903545030558,-51.62159052095237
E_Momentum_Continuation,504,UP,2026-05-18 15:19:00,2026-05-18 15:24:00,-1.0000000000000662,1.0,0.4166666666666631,-1.4166666666667291,-51.70702116972253,-53.038257187619095
E_Momentum_Continuation,506,UP,2026-05-20 10:31:00,2026-05-20 10:35:00,-1.0000000000000566,1.0,0.1781170483460565,-1.1781170483461132,-52.88513821806864,-54.216374235965205
E_Momentum_Continuation,514,UP,2026-05-22 10:32:00,2026-05-22 10:34:00,1.499999999999432,1.0,0.6511627906977798,0.8488372093016522,-52.03630100876699,-53.367537026663555
E_Momentum_Continuation,516,UP,2026-05-25 03:33:00,2026-05-25 03:34:00,-1.0000000000004676,1.0,0.7368421052631531,-1.7368421052636207,-53.77314311403061,-55.104379131927175
E_Momentum_Continuation,520,UP,2026-05-26 12:20:00,2026-05-26 12:21:00,-1.0000000000002565,1.0,0.8092485549133941,-1.8092485549136506,-55.58239166894426,-56.913627686840826
E_Momentum_Continuation,522,UP,2026-05-27 08:21:00,2026-05-27 08:21:00,1.4999999999999225,1.0,0.32558139534883945,1.1744186046510832,-54.40797306429318,-55.739209082189745
E_Momentum_Continuation,524,UP,2026-05-28 00:37:00,2026-05-28 00:40:00,1.4999999999995663,1.0,1.0937499999998548,0.40624999999971156,-54.001723064293465,-55.33295908219003
E_Momentum_Continuation,530,UP,2026-06-01 10:33:00,2026-06-01 10:34:00,-0.9999999999994408,1.0,0.503597122302278,-1.5035971223017188,-55.505320186595185,-56.83655620449175
E_Momentum_Continuation,531,DOWN,2026-06-02 09:09:00,2026-06-02 09:09:00,-0.9999999999990964,1.0,0.8139534883716993,-1.8139534883707957,-57.31927367496598,-58.65050969286254
E_Momentum_Continuation,537,DOWN,2026-06-05 05:51:00,2026-06-05 05:54:00,-0.9999999999991376,1.0,1.359223300971346,-2.3592233009704833,-59.67849697593646,-61.009732993833026
E_Momentum_Continuation,549,DOWN,2026-06-10 21:56:00,2026-06-10 21:56:00,-0.9999999999993116,1.0,1.08527131782982,-2.0852713178291316,-61.763768293765594,-63.09500431166216
E_Momentum_Continuation,553,DOWN,2026-06-12 05:51:00,2026-06-12 05:51:00,-0.9999999999994884,1.0,0.6451612903226451,-1.6451612903221335,-63.40892958408773,-64.7401656019843
E_Momentum_Continuation,557,DOWN,2026-06-15 10:10:00,2026-06-15 10:12:00,1.500000000000698,1.0,0.8000000000003419,0.7000000000003562,-62.70892958408737,-64.04016560198394
E_Momentum_Continuation,559,DOWN,2026-06-15 21:25:00,2026-06-15 21:26:00,-0.9999999999991838,1.0,1.0294117647056933,-2.029411764704877,-64.73834134879225,-66.06957736668882
E_Momentum_Continuation,565,DOWN,2026-06-18 03:02:00,2026-06-18 03:05:00,1.5000000000002651,1.0,0.5577689243028848,0.9422310756973803,-63.79611027309487,-65.12734629099144
E_Momentum_Continuation,567,DOWN,2026-06-18 11:15:00,2026-06-18 11:15:00,-1.000000000000452,1.0,0.4745762711864038,-1.474576271186856,-65.27068654428173,-66.6019225621783
E_Momentum_Continuation,569,DOWN,2026-06-19 15:40:00,2026-06-19 15:40:00,1.50000000000068,1.0,2.8571428571435606,-1.3571428571428807,-66.6278294014246,-67.95906541932118
E_Momentum_Continuation,571,DOWN,2026-06-22 06:32:00,2026-06-22 06:35:00,1.5000000000007356,1.0,0.8433734939759063,0.6566265060248293,-65.97120289539977,-67.30243891329634
E_Momentum_Continuation,573,DOWN,2026-06-22 22:35:00,2026-06-22 22:35:00,-1.0000000000011564,1.0,1.4583333333328867,-2.458333333334043,-68.42953622873382,-69.7607722466304
E_Momentum_Continuation,575,DOWN,2026-06-23 03:38:00,2026-06-23 03:41:00,1.5000000000001,1.0,0.4216867469880377,1.0783132530120623,-67.35122297572175,-68.68245899361833
E_Momentum_Continuation,587,DOWN,2026-06-28 22:58:00,2026-06-28 22:58:00,-1.000000000001405,1.0,1.77215189873502,-2.772151898736425,-70.12337487445818,-71.45461089235475
E_Momentum_Continuation,591,DOWN,2026-06-30 11:35:00,2026-06-30 11:37:00,1.5000000000006168,1.0,0.6481481481481663,0.8518518518524505,-69.27152302260573,-70.6027590405023
E_Momentum_Continuation,593,DOWN,2026-07-01 10:20:00,2026-07-01 10:20:00,-1.00000000000017,1.0,0.35714285714284383,-1.357142857143014,-70.62866587974875,-71.95990189764532
E_Momentum_Continuation,600,UP,2026-07-06 10:34:00,2026-07-06 10:39:00,-0.9999999999994836,1.0,0.8139534883720145,-1.813953488371498,-72.44261936812025,-73.77385538601682
E_Momentum_Continuation,606,UP,2026-07-08 12:07:00,2026-07-08 12:07:00,-0.999999999999799,1.0,0.6334841628959783,-1.6334841628957775,-74.07610353101602,-75.40733954891259
E_Momentum_Continuation,616,UP,2026-07-14 03:23:00,2026-07-14 03:25:00,1.500000000000183,1.0,0.7692307692310791,0.7307692307691038,-73.34533430024692,-74.67657031814349
E_Momentum_Continuation,618,UP,2026-07-14 17:24:00,2026-07-14 17:25:00,-1.0000000000003084,1.0,1.944444444444299,-2.944444444444607,-76.28977874469152,-77.62101476258809
E_Momentum_Continuation,620,UP,2026-07-15 08:33:00,2026-07-15 08:34:00,-0.9999999999998564,1.0,0.4530744336569851,-1.4530744336568415,-77.74285317834837,-79.07408919624494
E_Momentum_Continuation,636,UP,2026-07-22 17:40:00,2026-07-22 17:40:00,1.5000000000014482,1.0,1.5217391304350971,-0.021739130433648945,-77.76459230878201,-79.09582832667859
E_Momentum_Continuation,640,UP,2026-07-24 02:35:00,2026-07-24 02:40:00,-1.0000000000005882,1.0,0.9271523178807195,-1.9271523178813077,-79.69174462666332,-81.0229806445599
E_Momentum_Continuation,648,UP,2026-07-28 19:24:00,2026-07-28 19:25:00,-1.0000000000021292,1.0,1.9178082191789352,-2.9178082191810644,-82.60955284584439,-83.94078886374096
E_Momentum_Continuation,652,UP,2026-07-30 03:51:00,2026-07-30 03:55:00,-0.9999999999993656,1.0,0.7999999999999358,-1.7999999999993013,-84.40955284584369,-85.74078886374026
E_Momentum_Continuation,656,UP,2026-07-31 10:38:00,2026-07-31 10:41:00,1.5000000000004168,1.0,0.4778156996587231,1.0221843003416937,-83.387368545502,-84.71860456339857
E_Momentum_Continuation,657,DOWN,2026-08-02 18:35:00,2026-08-02 18:37:00,-0.99999999999939,1.0,0.7692307692305161,-1.7692307692299063,-85.1565993147319,-86.48783533262848
E_Momentum_Continuation,659,DOWN,2026-08-03 20:57:00,2026-08-03 21:00:00,1.4999999999998586,1.0,0.8917197452231416,0.608280254776717,-84.54831905995519,-85.87955507785176
E_Momentum_Continuation,667,DOWN,2026-08-05 14:42:00,2026-08-05 14:45:00,1.4999999999989286,1.0,1.2280701754389232,0.2719298245600055,-84.27638923539517,-85.60762525329174
E_Momentum_Continuation,671,DOWN,2026-08-10 04:33:00,2026-08-10 04:35:00,-0.9999999999987064,1.0,1.35922330097076,-2.3592233009694663,-86.63561253636465,-87.96684855426122
E_Momentum_Continuation,673,DOWN,2026-08-10 20:57:00,2026-08-10 20:58:00,1.5000000000009448,1.0,1.4893617021277532,0.010638297873191593,-86.62497423849145,-87.95621025638802
E_Momentum_Continuation,679,DOWN,2026-08-12 20:47:00,2026-08-12 20:49:00,1.4999999999986675,1.0,1.8666666666649379,-0.36666666666627035,-86.99164090515772,-88.3228769230543
E_Momentum_Continuation,687,DOWN,2026-08-17 21:42:00,2026-08-17 21:43:00,1.499999999998766,1.0,1.7283950617279693,-0.2283950617292032,-87.22003596688693,-88.5512719847835
E_Momentum_Continuation,691,DOWN,2026-08-18 20:32:00,2026-08-18 20:33:00,1.5000000000001763,1.0,1.1111111111112726,0.3888888888889037,-86.83114707799803,-88.1623830958946
E_Momentum_Continuation,701,DOWN,2026-08-23 21:03:00,2026-08-23 21:06:00,-1.0,1.0,0.9333333333332979,-1.933333333333298,-88.76448041133132,-90.09571642922789
E_Momentum_Continuation,703,DOWN,2026-08-24 20:40:00,2026-08-24 20:40:00,-1.0,1.0,1.4285714285711328,-2.428571428571133,-91.19305183990245,-92.52428785779902
E_Momentum_Continuation,707,DOWN,2026-08-26 04:54:00,2026-08-26 04:56:00,1.499999999999159,1.0,1.0606060606058918,0.4393939393932671,-90.75365790050918,-92.08489391840575
E_Momentum_Continuation,709,DOWN,2026-08-26 17:00:00,2026-08-26 17:00:00,1.5000000000002884,1.0,1.8181818181824905,-0.31818181818220204,-91.0718397186914,-92.40307573658797
E_Momentum_Continuation,713,DOWN,2026-08-27 04:35:00,2026-08-27 04:36:00,1.500000000000231,1.0,0.9722222222219992,0.5277777777782318,-90.54406194091315,-91.87529795880972
E_Momentum_Continuation,717,DOWN,2026-08-28 10:20:00,2026-08-28 10:27:00,1.5000000000001428,1.0,0.22508038585209394,1.2749196141480488,-89.2691423267651,-90.60037834466168
E_Momentum_Continuation,723,DOWN,2026-08-31 20:57:00,2026-08-31 21:05:00,1.5000000000000846,1.0,1.0687022900767615,0.43129770992332306,-88.83784461684179,-90.16908063473836
E_Momentum_Continuation,725,DOWN,2026-09-01 10:28:00,2026-09-01 10:30:00,1.5000000000007323,1.0,0.7106598984773879,0.7893401015233444,-88.04850451531844,-89.37974053321501
E_Momentum_Continuation,727,DOWN,2026-09-01 18:42:00,2026-09-01 18:52:00,-1.0000000000014324,1.0,2.2580645161320305,-3.258064516133463,-91.3065690314519,-92.63780504934847
