swing_id,start_bar,end_bar,start_time,end_time,start_kind,end_kind,start_price,end_price,direction,bars,swing_pips,prior_swing_id,prior_direction,prior_swing_pips,prior_bars,prior_start_price,prior_end_price,prior_fib_23.6_price,prior_fib_38.2_price,prior_fib_50.0_price,prior_fib_61.8_price,prior_fib_78.6_price,prior_fib_100.0_price,prior_fib_127.2_price,prior_fib_161.8_price,prior_fib_200.0_price,prior_fib_261.8_price,prior_fib_361.8_price,prior_fib_423.6_price,current_end_retracement_pct,current_end_fib_zone
1,1552,2723,2025-09-09 01:55:00,2025-09-09 21:30:00,high,low,1.17799,1.16891,DOWN,1171,90.80000000000199,,,,,,,,,,,,,,,,,,,,
2,2723,3015,2025-09-09 21:30:00,2025-09-10 02:22:00,low,high,1.16891,1.17184,UP,292,29.300000000000992,1.0,DOWN,90.80000000000199,1171.0,1.17799,1.16891,1.17105288,1.17237856,1.1734499999999999,1.17452144,1.1760468800000001,1.17799,1.1804597600000002,1.1836014400000001,1.1870700000000003,1.1926814400000003,1.2017614400000005,1.2073728800000008,32.26872246696074,23.6-38.2
3,3015,3054,2025-09-10 02:22:00,2025-09-10 03:01:00,high,low,1.17184,1.16824,DOWN,39,36.000000000000476,2.0,UP,29.300000000000992,292.0,1.16891,1.17184,1.17114852,1.17072074,1.170375,1.17002926,1.16953702,1.16891,1.16811304,1.1670992599999999,1.1659799999999998,1.1641692599999998,1.1612392599999997,1.1594285199999996,122.86689419794969,100.0-127.2
4,3054,3521,2025-09-10 03:01:00,2025-09-10 10:48:00,low,high,1.16824,1.17306,UP,467,48.200000000000465,3.0,DOWN,36.000000000000476,39.0,1.17184,1.16824,1.1690896,1.1696152,1.17004,1.1704648,1.1710696,1.17184,1.1728192,1.1740648,1.17544,1.1776648,1.1812648000000001,1.1834896000000001,133.8888888888884,127.2-161.8
5,3521,4817,2025-09-10 10:48:00,2025-09-11 08:30:00,high,low,1.17306,1.16589,DOWN,1296,71.699999999999,4.0,UP,48.200000000000465,467.0,1.16824,1.17306,1.1719224799999999,1.17121876,1.17065,1.17008124,1.16927148,1.16824,1.16692896,1.16526124,1.16342,1.16044124,1.1556212399999999,1.1526424799999997,148.75518672198817,127.2-161.8
6,4817,4991,2025-09-11 08:30:00,2025-09-11 11:24:00,low,high,1.16589,1.1746,UP,174,87.09999999999995,5.0,DOWN,71.699999999999,1296.0,1.17306,1.16589,1.16758212,1.16862894,1.169475,1.17032106,1.17152562,1.17306,1.17501024,1.17749106,1.18023,1.1846610599999998,1.1918310599999997,1.1962621199999997,121.47838214783985,100.0-127.2
7,4991,5764,2025-09-11 11:24:00,2025-09-12 00:19:00,high,low,1.1746,1.17206,DOWN,773,25.399999999999867,6.0,UP,87.09999999999995,174.0,1.16589,1.1746,1.17254444,1.17127278,1.170245,1.1692172200000002,1.16775394,1.16589,1.16352088,1.1605072200000002,1.15718,1.1517972200000002,1.1430872200000002,1.13770444,29.16188289322604,23.6-38.2
8,5764,5947,2025-09-12 00:19:00,2025-09-12 03:22:00,low,high,1.17206,1.17475,UP,183,26.89999999999859,7.0,DOWN,25.399999999999867,773.0,1.1746,1.17206,1.17265944,1.17303028,1.17333,1.17362972,1.1740564400000002,1.1746,1.1752908800000001,1.17616972,1.17714,1.17870972,1.18124972,1.18281944,105.90551181101864,100.0-127.2
9,5947,6266,2025-09-12 03:22:00,2025-09-12 08:41:00,high,low,1.17475,1.17013,DOWN,319,46.200000000000685,8.0,UP,26.89999999999859,183.0,1.17206,1.17475,1.17411516,1.17372242,1.173405,1.17308758,1.17263566,1.17206,1.1713283200000002,1.1703975800000002,1.1693700000000002,1.1677075800000003,1.1650175800000004,1.1633551600000005,171.74721189592233,161.8-200.0
10,6266,6644,2025-09-12 08:41:00,2025-09-12 14:59:00,low,high,1.17013,1.17416,UP,378,40.300000000002,9.0,DOWN,46.200000000000685,319.0,1.17475,1.17013,1.17122032,1.17189484,1.17244,1.1729851599999999,1.1737613199999999,1.17475,1.17600664,1.17760516,1.17937,1.18222516,1.18684516,1.1897003200000003,87.22943722944026,78.6-100.0
11,6644,6964,2025-09-12 14:59:00,2025-09-14 20:30:00,high,low,1.17416,1.17218,DOWN,320,19.800000000000928,10.0,UP,40.300000000002,378.0,1.17013,1.17416,1.17320892,1.17262054,1.172145,1.17166946,1.17099242,1.17013,1.1690338399999998,1.1676394599999997,1.1660999999999997,1.1636094599999995,1.1595794599999993,1.1570889199999992,49.13151364764254,38.2-50.0
12,6964,7198,2025-09-14 20:30:00,2025-09-15 00:24:00,low,high,1.17218,1.17353,UP,234,13.499999999999623,11.0,DOWN,19.800000000000928,320.0,1.17416,1.17218,1.17264728,1.17293636,1.17317,1.17340364,1.17373628,1.17416,1.1746985600000002,1.1753836400000002,1.1761400000000002,1.1773636400000003,1.1793436400000004,1.1805672800000004,68.18181818181309,61.8-78.6
13,7198,7324,2025-09-15 00:24:00,2025-09-15 02:31:00,high,low,1.17353,1.1716,DOWN,126,19.299999999999873,12.0,UP,13.499999999999623,234.0,1.17218,1.17353,1.1732114,1.1730143,1.172855,1.1726957,1.1724689,1.17218,1.1718128,1.1713457,1.17083,1.1699957,1.1686457000000001,1.1678114000000002,142.962962962966,127.2-161.8
14,7324,7896,2025-09-15 02:31:00,2025-09-15 12:03:00,low,high,1.1716,1.17744,UP,572,58.400000000000674,13.0,DOWN,19.299999999999873,126.0,1.17353,1.1716,1.17205548,1.17233726,1.172565,1.17279274,1.1731169799999999,1.17353,1.1740549599999999,1.17472274,1.17546,1.17665274,1.17858274,1.17977548,302.590673575135,261.8-361.8
15,7896,8426,2025-09-15 12:03:00,2025-09-15 20:54:00,high,low,1.17744,1.17572,DOWN,530,17.199999999999438,14.0,UP,58.400000000000674,572.0,1.1716,1.17744,1.17606176,1.17520912,1.17452,1.17383088,1.17284976,1.1716,1.1700115199999999,1.1679908799999998,1.16576,1.1621508799999998,1.1563108799999997,1.1527017599999998,29.452054794519245,23.6-38.2
16,8426,9414,2025-09-15 20:54:00,2025-09-16 13:22:00,low,high,1.17572,1.18783,UP,988,121.09999999999843,15.0,DOWN,17.199999999999438,530.0,1.17744,1.17572,1.17612592,1.17637704,1.17658,1.1767829600000002,1.1770719200000002,1.17744,1.17790784,1.17850296,1.17916,1.18022296,1.18194296,1.1830059199999998,704.0697674418743,>=423.6
17,9414,10423,2025-09-16 13:22:00,2025-09-17 06:13:00,high,low,1.18783,1.18326,DOWN,1009,45.69999999999963,16.0,UP,121.09999999999843,988.0,1.17572,1.18783,1.18497204,1.18320398,1.181775,1.18034602,1.1783115400000002,1.17572,1.1724260800000001,1.1682360200000002,1.1636100000000003,1.1561260200000003,1.1440160200000005,1.1365320400000005,37.73740710156914,23.6-38.2
18,10423,10899,2025-09-17 06:13:00,2025-09-17 14:09:00,low,high,1.18326,1.19186,UP,476,85.9999999999994,17.0,DOWN,45.69999999999963,1009.0,1.18783,1.18326,1.18433852,1.18500574,1.1855449999999998,1.18608426,1.18685202,1.18783,1.18907304,1.1906542599999999,1.1924,1.1952242599999998,1.1997942599999998,1.20261852,188.18380743982516,161.8-200.0
19,10899,11623,2025-09-17 14:09:00,2025-09-18 02:14:00,high,low,1.19186,1.17802,DOWN,724,138.39999999999853,18.0,UP,85.9999999999994,476.0,1.18326,1.19186,1.1898304,1.1885748,1.18756,1.1865451999999999,1.1851004,1.18326,1.1809208,1.1779452,1.17466,1.1693452,1.1607452,1.1554304000000002,160.93023255813893,127.2-161.8
20,11623,11831,2025-09-18 02:14:00,2025-09-18 05:42:00,low,high,1.17802,1.18482,UP,208,67.99999999999918,19.0,DOWN,138.39999999999853,724.0,1.19186,1.17802,1.18128624,1.18330688,1.18494,1.18657312,1.1888982399999999,1.19186,1.1956244799999998,1.20041312,1.2056999999999998,1.2142531199999997,1.2280931199999996,1.2366462399999993,49.13294797687854,38.2-50.0
21,11831,12074,2025-09-18 05:42:00,2025-09-18 09:45:00,high,low,1.18482,1.175,DOWN,243,98.19999999999939,20.0,UP,67.99999999999918,208.0,1.17802,1.18482,1.1832152,1.1822224000000001,1.1814200000000001,1.1806176,1.1794752,1.17802,1.1761704000000002,1.1738176,1.1712200000000001,1.1670176,1.1602176000000002,1.1560152000000004,144.41176470588323,127.2-161.8
22,12074,12909,2025-09-18 09:45:00,2025-09-18 23:48:00,low,high,1.175,1.17925,UP,835,42.49999999999865,21.0,DOWN,98.19999999999939,243.0,1.18482,1.175,1.1773175200000001,1.17875124,1.17991,1.18106876,1.18271852,1.18482,1.18749104,1.19088876,1.19464,1.20070876,1.2105287599999999,1.2165975199999999,43.27902240325754,38.2-50.0
23,12909,14171,2025-09-18 23:48:00,2025-09-21 20:56:00,high,low,1.17925,1.17262,DOWN,1262,66.29999999999913,22.0,UP,42.49999999999865,835.0,1.175,1.17925,1.178247,1.1776265,1.177125,1.1766235,1.1759095,1.175,1.173844,1.1723735000000002,1.1707500000000002,1.1681235000000003,1.1638735000000004,1.1612470000000006,156.00000000000293,127.2-161.8
24,14171,15661,2025-09-21 20:56:00,2025-09-22 21:50:00,low,high,1.17262,1.18199,UP,1490,93.70000000000101,23.0,DOWN,66.29999999999913,1262.0,1.17925,1.17262,1.17418468,1.17515266,1.175935,1.17671734,1.1778311799999999,1.17925,1.18105336,1.1833473399999999,1.1858799999999998,1.1899773399999998,1.1966073399999997,1.2007046799999996,141.3273001508329,127.2-161.8
25,15661,15986,2025-09-22 21:50:00,2025-09-23 03:15:00,high,low,1.18199,1.17787,DOWN,325,41.20000000000124,24.0,UP,93.70000000000101,1490.0,1.17262,1.18199,1.17977868,1.1784106600000002,1.177305,1.17619934,1.17462518,1.17262,1.17007136,1.1668293399999998,1.16325,1.1574593399999997,1.1480893399999998,1.1422986799999997,43.97011739594535,38.2-50.0
26,15986,16879,2025-09-23 03:15:00,2025-09-23 18:09:00,low,high,1.17787,1.1819,UP,893,40.299999999999784,25.0,DOWN,41.20000000000124,325.0,1.18199,1.17787,1.17884232,1.17944384,1.1799300000000001,1.18041616,1.18110832,1.18199,1.1831106400000002,1.1845361600000002,1.1861100000000002,1.1886561600000003,1.1927761600000004,1.1953223200000005,97.81553398057906,78.6-100.0
27,16879,17846,2025-09-23 18:09:00,2025-09-24 10:20:00,high,low,1.1819,1.1728,DOWN,967,90.99999999999886,26.0,UP,40.299999999999784,893.0,1.17787,1.1819,1.1809489199999998,1.18036054,1.179885,1.17940946,1.17873242,1.17787,1.17677384,1.17537946,1.17384,1.17134946,1.16731946,1.1648289200000002,225.8064516129016,200.0-261.8
28,17846,18662,2025-09-24 10:20:00,2025-09-24 23:57:00,low,high,1.1728,1.17535,UP,816,25.499999999998302,27.0,DOWN,90.99999999999886,967.0,1.1819,1.1728,1.1749476,1.1762762,1.1773500000000001,1.1784238,1.1799526,1.1819,1.1843751999999999,1.1875238,1.1909999999999998,1.1966237999999998,1.2057237999999997,1.2113475999999996,28.02197802197651,23.6-38.2
29,18662,18906,2025-09-24 23:57:00,2025-09-25 04:01:00,high,low,1.17535,1.17305,DOWN,244,22.999999999999687,28.0,UP,25.499999999998302,816.0,1.1728,1.17535,1.1747482,1.1743759,1.174075,1.1737741,1.1733457,1.1728,1.1721064,1.1712241,1.1702500000000002,1.1686741000000003,1.1661241000000004,1.1645482000000007,90.19607843137733,78.6-100.0
30,18906,19070,2025-09-25 04:01:00,2025-09-25 06:45:00,low,high,1.17305,1.17538,UP,164,23.300000000001653,29.0,DOWN,22.999999999999687,244.0,1.17535,1.17305,1.1735928,1.1739286,1.1742,1.1744713999999998,1.1748577999999998,1.17535,1.1759756,1.1767713999999998,1.1776499999999999,1.1790713999999998,1.1813713999999997,1.1827927999999999,101.30434782609552,100.0-127.2
31,19070,19517,2025-09-25 06:45:00,2025-09-25 14:12:00,high,low,1.17538,1.16454,DOWN,447,108.40000000000182,30.0,UP,23.300000000001653,164.0,1.17305,1.17538,1.17483012,1.17448994,1.174215,1.17394006,1.17354862,1.17305,1.1724162399999998,1.17161006,1.1707199999999998,1.1692800599999997,1.1669500599999996,1.1655101199999993,465.23605150212074,>=423.6
32,19517,20230,2025-09-25 14:12:00,2025-09-26 02:09:00,low,high,1.16454,1.16837,UP,713,38.3,31.0,DOWN,108.40000000000182,447.0,1.17538,1.16454,1.1670982399999998,1.16868088,1.16996,1.17123912,1.17306024,1.17538,1.1783284800000002,1.1820791200000003,1.1862200000000003,1.1929191200000004,1.2037591200000006,1.2104582400000006,35.33210332103261,23.6-38.2
33,20230,20333,2025-09-26 02:09:00,2025-09-26 03:52:00,high,low,1.16837,1.16684,DOWN,103,15.299999999998093,32.0,UP,38.3,713.0,1.16454,1.16837,1.1674661199999998,1.1669069399999998,1.166455,1.16600306,1.1653596199999998,1.16454,1.16349824,1.16217306,1.16071,1.15834306,1.15451306,1.1521461199999998,39.94778067884619,38.2-50.0
34,20333,20383,2025-09-26 03:52:00,2025-09-26 04:42:00,low,high,1.16684,1.16877,UP,50,19.299999999999873,33.0,DOWN,15.299999999998093,103.0,1.16837,1.16684,1.1672010800000001,1.16742446,1.167605,1.16778554,1.16804258,1.16837,1.1687861599999998,1.1693155399999997,1.1698999999999997,1.1708455399999995,1.1723755399999993,1.1733210799999994,126.1437908496881,100.0-127.2
35,20383,20516,2025-09-26 04:42:00,2025-09-26 06:55:00,high,low,1.16877,1.16615,DOWN,133,26.200000000000667,34.0,UP,19.299999999999873,50.0,1.16684,1.16877,1.16831452,1.1680327400000001,1.167805,1.16757726,1.1672530200000002,1.16684,1.1663150400000002,1.16564726,1.1649100000000001,1.16371726,1.16178726,1.16059452,135.7512953367919,127.2-161.8
36,20516,21592,2025-09-26 06:55:00,2025-09-29 01:08:00,low,high,1.16615,1.17332,UP,1076,71.699999999999,35.0,DOWN,26.200000000000667,133.0,1.16877,1.16615,1.16676832,1.1671508400000001,1.1674600000000002,1.16776916,1.16820932,1.16877,1.16948264,1.17038916,1.1713900000000002,1.17300916,1.1756291600000002,1.1772483200000003,273.66412213739375,261.8-361.8
37,21592,21790,2025-09-29 01:08:00,2025-09-29 04:26:00,high,low,1.17332,1.17075,DOWN,198,25.699999999999612,36.0,UP,71.699999999999,1076.0,1.16615,1.17332,1.17162788,1.17058106,1.169735,1.16888894,1.16768438,1.16615,1.16419976,1.16171894,1.1589800000000001,1.1545489400000002,1.1473789400000003,1.1429478800000004,35.84379358437933,23.6-38.2
38,21790,22110,2025-09-29 04:26:00,2025-09-29 09:46:00,low,high,1.17075,1.17544,UP,320,46.90000000000083,37.0,DOWN,25.699999999999612,198.0,1.17332,1.17075,1.17135652,1.17173174,1.172035,1.1723382599999999,1.17277002,1.17332,1.17401904,1.1749082599999998,1.1758899999999999,1.1774782599999998,1.1800482599999997,1.1816365199999999,182.49027237354684,161.8-200.0
39,22110,22833,2025-09-29 09:46:00,2025-09-29 22:01:00,high,low,1.17544,1.17119,DOWN,723,42.50000000000087,38.0,UP,46.90000000000083,320.0,1.17075,1.17544,1.17433316,1.17364842,1.173095,1.17254158,1.17175366,1.17075,1.16947432,1.16785158,1.1660599999999999,1.16316158,1.1584715799999998,1.1555731599999997,90.61833688699386,78.6-100.0
40,22833,23235,2025-09-29 22:01:00,2025-09-30 04:43:00,low,high,1.17119,1.17615,UP,402,49.600000000000755,39.0,DOWN,42.50000000000087,723.0,1.17544,1.17119,1.172193,1.1728135,1.173315,1.1738165,1.1745305,1.17544,1.176596,1.1780665000000001,1.1796900000000001,1.1823165000000002,1.1865665000000003,1.1891930000000004,116.70588235294058,100.0-127.2
41,23235,23518,2025-09-30 04:43:00,2025-09-30 09:26:00,high,low,1.17615,1.17164,DOWN,283,45.100000000000136,40.0,UP,49.600000000000755,402.0,1.17119,1.17615,1.17497944,1.17425528,1.17367,1.17308472,1.17225144,1.17119,1.16984088,1.16812472,1.1662299999999999,1.16316472,1.1582047199999999,1.1551394399999997,90.92741935483761,78.6-100.0
42,23518,23754,2025-09-30 09:26:00,2025-09-30 13:22:00,low,high,1.17164,1.17614,UP,236,44.99999999999949,41.0,DOWN,45.100000000000136,283.0,1.17615,1.17164,1.17270436,1.17336282,1.173895,1.1744271800000001,1.17518486,1.17615,1.17737672,1.1789371800000001,1.18066,1.1834471800000002,1.1879571800000002,1.19074436,99.77827050997638,78.6-100.0
43,23754,24153,2025-09-30 13:22:00,2025-09-30 20:06:00,high,low,1.17614,1.17296,DOWN,399,31.799999999999606,42.0,UP,44.99999999999949,236.0,1.17164,1.17614,1.175078,1.174421,1.17389,1.173359,1.172603,1.17164,1.1704160000000001,1.168859,1.16714,1.1643590000000001,1.1598590000000002,1.1570780000000003,70.6666666666666,61.8-78.6
44,24153,24581,2025-09-30 20:06:00,2025-10-01 03:14:00,low,high,1.17296,1.17785,UP,428,48.90000000000061,43.0,DOWN,31.799999999999606,399.0,1.17614,1.17296,1.17371048,1.17417476,1.17455,1.1749252399999999,1.17545948,1.17614,1.1770049599999999,1.1781052399999998,1.17932,1.1812852399999998,1.1844652399999998,1.1864304799999998,153.7735849056642,127.2-161.8
45,24581,25151,2025-10-01 03:14:00,2025-10-01 12:44:00,high,low,1.17785,1.17154,DOWN,570,63.10000000000038,44.0,UP,48.90000000000061,428.0,1.17296,1.17785,1.17669596,1.17598202,1.175405,1.17482798,1.17400646,1.17296,1.17162992,1.16993798,1.16807,1.16504798,1.16015798,1.1571359599999997,129.03885480572515,127.2-161.8
46,25151,26306,2025-10-01 12:44:00,2025-10-02 08:05:00,low,high,1.17154,1.17583,UP,1155,42.899999999999054,45.0,DOWN,63.10000000000038,570.0,1.17785,1.17154,1.17302916,1.17395042,1.174695,1.1754395800000002,1.17649966,1.17785,1.1795663200000002,1.1817495800000002,1.18416,1.1880595800000002,1.1943695800000003,1.1982691600000002,67.98732171156703,61.8-78.6
47,26306,26532,2025-10-02 08:05:00,2025-10-02 11:51:00,high,low,1.17583,1.16829,DOWN,226,75.3999999999988,46.0,UP,42.899999999999054,1155.0,1.17154,1.17583,1.17481756,1.17419122,1.1736849999999999,1.17317878,1.17245806,1.17154,1.17037312,1.16888878,1.1672500000000001,1.1645987800000002,1.1603087800000003,1.1576575600000003,175.75757575757683,161.8-200.0
48,26532,27130,2025-10-02 11:51:00,2025-10-02 21:53:00,low,high,1.16829,1.17292,UP,598,46.299999999999116,47.0,DOWN,75.3999999999988,226.0,1.17583,1.16829,1.17006944,1.17117028,1.17206,1.17294972,1.17421644,1.17583,1.1778808799999998,1.18048972,1.1833699999999998,1.1880297199999998,1.1955697199999997,1.2002294399999995,61.405835543766386,50.0-61.8
49,27130,27340,2025-10-02 21:53:00,2025-10-03 01:23:00,high,low,1.17292,1.17146,DOWN,210,14.600000000000168,48.0,UP,46.299999999999116,598.0,1.16829,1.17292,1.17182732,1.17115134,1.1706050000000001,1.17005866,1.16928082,1.16829,1.1670306400000001,1.1654286600000001,1.1636600000000001,1.1607986600000002,1.1561686600000003,1.1533073200000004,31.53347732181522,23.6-38.2
50,27340,27864,2025-10-03 01:23:00,2025-10-03 10:07:00,low,high,1.17146,1.17591,UP,524,44.500000000000654,49.0,DOWN,14.600000000000168,210.0,1.17292,1.17146,1.17180456,1.17201772,1.17219,1.17236228,1.1726075599999999,1.17292,1.1733171199999999,1.17382228,1.17438,1.17528228,1.17674228,1.17764456,304.79452054794615,261.8-361.8
51,27864,28951,2025-10-03 10:07:00,2025-10-06 04:17:00,high,low,1.17591,1.16516,DOWN,1087,107.50000000000037,50.0,UP,44.500000000000654,524.0,1.17146,1.17591,1.1748598,1.1742101,1.1736849999999999,1.1731599,1.1724123,1.17146,1.1702496,1.1687098999999999,1.1670099999999999,1.1642598999999998,1.1598098999999997,1.1570597999999996,241.5730337078625,200.0-261.8
52,28951,29358,2025-10-06 04:17:00,2025-10-06 11:04:00,low,high,1.16516,1.17211,UP,407,69.50000000000011,51.0,DOWN,107.50000000000037,1087.0,1.17591,1.16516,1.167697,1.1692665,1.170535,1.1718035,1.1736095,1.17591,1.178834,1.1825535,1.18666,1.1933035,1.2040535,1.2106970000000001,64.65116279069755,61.8-78.6
53,29358,30602,2025-10-06 11:04:00,2025-10-07 07:52:00,high,low,1.17211,1.16538,DOWN,1244,67.29999999999903,52.0,UP,69.50000000000011,407.0,1.16516,1.17211,1.1704698,1.1694551,1.168635,1.1678149,1.1666473,1.16516,1.1632696,1.1608649,1.15821,1.1539149,1.1469649,1.1426698,96.83453237409915,78.6-100.0
54,30602,30861,2025-10-07 07:52:00,2025-10-07 12:11:00,low,high,1.16538,1.1681,UP,259,27.199999999998337,53.0,DOWN,67.29999999999903,1244.0,1.17211,1.16538,1.16696828,1.1679508600000001,1.168745,1.16953914,1.17066978,1.17211,1.17394056,1.1762691399999998,1.1788399999999999,1.1829991399999997,1.1897291399999996,1.1938882799999997,40.41604754828935,38.2-50.0
55,30861,31725,2025-10-07 12:11:00,2025-10-08 02:40:00,high,low,1.1681,1.16068,DOWN,864,74.19999999999982,54.0,UP,27.199999999998337,259.0,1.16538,1.1681,1.16745808,1.16706096,1.1667399999999999,1.16641904,1.1659620800000001,1.16538,1.16464016,1.1636990400000002,1.1626600000000002,1.1609790400000004,1.1582590400000006,1.1565780800000007,272.79411764707487,261.8-361.8
56,31725,31813,2025-10-08 02:40:00,2025-10-08 04:08:00,low,high,1.16068,1.16353,UP,88,28.500000000000192,55.0,DOWN,74.19999999999982,864.0,1.1681,1.16068,1.16243112,1.16351444,1.16439,1.16526556,1.16651212,1.1681,1.1701182399999999,1.17268556,1.17552,1.1801055599999999,1.1875255599999999,1.1921111199999999,38.40970350404348,38.2-50.0
57,31813,31921,2025-10-08 04:08:00,2025-10-08 05:56:00,high,low,1.16353,1.16059,DOWN,108,29.399999999999427,56.0,UP,28.500000000000192,88.0,1.16068,1.16353,1.1628574,1.1624413,1.162105,1.1617686999999999,1.1612898999999999,1.16068,1.1599047999999998,1.1589186999999999,1.15783,1.1560686999999998,1.1532186999999998,1.1514574,103.15789473683941,100.0-127.2
58,31921,32123,2025-10-08 05:56:00,2025-10-08 09:18:00,low,high,1.16059,1.16447,UP,202,38.79999999999883,57.0,DOWN,29.399999999999427,108.0,1.16353,1.16059,1.16128384,1.16171308,1.1620599999999999,1.16240692,1.16290084,1.16353,1.16432968,1.16534692,1.16647,1.16828692,1.1712269199999998,1.1730438399999998,131.97278911564487,127.2-161.8
59,32123,32320,2025-10-08 09:18:00,2025-10-08 12:35:00,high,low,1.16447,1.15983,DOWN,197,46.39999999999978,58.0,UP,38.79999999999883,202.0,1.16059,1.16447,1.16355432,1.16298784,1.1625299999999998,1.16207216,1.16142032,1.16059,1.15953464,1.15819216,1.1567100000000001,1.1543121600000001,1.1504321600000003,1.1480343200000005,119.5876288659824,100.0-127.2
60,32320,33070,2025-10-08 12:35:00,2025-10-09 01:10:00,low,high,1.15983,1.1648,UP,750,49.70000000000141,59.0,DOWN,46.39999999999978,197.0,1.16447,1.15983,1.16092504,1.16160248,1.16215,1.1626975199999998,1.1634770399999999,1.16447,1.16573208,1.1673375199999998,1.1691099999999999,1.1719775199999998,1.1766175199999998,1.1794850399999999,107.11206896552079,100.0-127.2
61,33070,33892,2025-10-09 01:10:00,2025-10-09 14:52:00,high,low,1.1648,1.1542,DOWN,822,106.00000000000165,60.0,UP,49.70000000000141,750.0,1.15983,1.1648,1.16362708,1.16290146,1.162315,1.16172854,1.16089358,1.15983,1.1584781599999998,1.1567585399999998,1.1548599999999998,1.1517885399999996,1.1468185399999995,1.1437470799999994,213.27967806840772,200.0-261.8
62,33892,34536,2025-10-09 14:52:00,2025-10-10 01:47:00,low,high,1.1542,1.15778,UP,644,35.80000000000139,61.0,DOWN,106.00000000000165,822.0,1.1648,1.1542,1.1567015999999999,1.1582492,1.1595,1.1607508,1.1625316,1.1648,1.1676832000000001,1.1713508000000001,1.1754000000000002,1.1819508000000003,1.1925508000000005,1.1991016000000005,33.77358490566116,23.6-38.2
63,34536,34600,2025-10-10 01:47:00,2025-10-10 02:51:00,high,low,1.15778,1.15609,DOWN,64,16.899999999999693,62.0,UP,35.80000000000139,644.0,1.1542,1.15778,1.15693512,1.15641244,1.15599,1.15556756,1.1549661199999999,1.1542,1.15322624,1.1519875599999998,1.1506199999999998,1.1484075599999997,1.1448275599999995,1.1426151199999994,47.20670391061184,38.2-50.0
64,34600,34695,2025-10-10 02:51:00,2025-10-10 04:26:00,low,high,1.15609,1.15895,UP,95,28.599999999998627,63.0,DOWN,16.899999999999693,64.0,1.15778,1.15609,1.15648884,1.15673558,1.156935,1.15713442,1.15741834,1.15778,1.15823968,1.15882442,1.15947,1.16051442,1.16220442,1.1632488399999998,169.23076923076417,161.8-200.0
65,34695,34910,2025-10-10 04:26:00,2025-10-10 08:01:00,high,low,1.15895,1.1559,DOWN,215,30.49999999999997,64.0,UP,28.599999999998627,95.0,1.15609,1.15895,1.15827504,1.1578574799999999,1.1575199999999999,1.15718252,1.15670204,1.15609,1.15531208,1.1543225200000002,1.1532300000000002,1.1514625200000004,1.1486025200000005,1.1468350400000005,106.64335664336167,100.0-127.2
66,34910,35125,2025-10-10 08:01:00,2025-10-10 11:36:00,low,high,1.1559,1.16305,UP,215,71.4999999999999,65.0,DOWN,30.49999999999997,215.0,1.15895,1.1559,1.1566197999999999,1.1570650999999998,1.157425,1.1577849,1.1582972999999999,1.15895,1.1597796,1.1608349,1.162,1.1638849,1.1669349,1.1688197999999999,234.4262295081966,200.0-261.8
67,35125,35529,2025-10-10 11:36:00,2025-10-12 18:21:00,high,low,1.16305,1.15918,DOWN,404,38.699999999998184,66.0,UP,71.4999999999999,215.0,1.1559,1.16305,1.1613626,1.1603187,1.159475,1.1586313,1.1574301,1.1559,1.1539552,1.1514813,1.14875,1.1443313,1.1371813,1.1327626,54.125874125871654,50.0-61.8
68,35529,36011,2025-10-12 18:21:00,2025-10-13 02:23:00,low,high,1.15918,1.16297,UP,482,37.8999999999996,67.0,DOWN,38.699999999998184,404.0,1.16305,1.15918,1.16009332,1.1606583400000001,1.1611150000000001,1.16157166,1.1622218199999999,1.16305,1.1641026399999999,1.1654416599999997,1.1669199999999997,1.1693116599999995,1.1731816599999993,1.1755733199999994,97.93281653747127,78.6-100.0
69,36011,37092,2025-10-13 02:23:00,2025-10-13 20:29:00,high,low,1.16297,1.15549,DOWN,1081,74.80000000000153,68.0,UP,37.8999999999996,482.0,1.15918,1.16297,1.1620755600000001,1.1615222200000002,1.161075,1.16062778,1.15999106,1.15918,1.15814912,1.15683778,1.1553900000000001,1.15304778,1.1492577800000001,1.1469155600000003,197.3614775725655,161.8-200.0
70,37092,37404,2025-10-13 20:29:00,2025-10-14 01:41:00,low,high,1.15549,1.15935,UP,312,38.60000000000197,69.0,DOWN,74.80000000000153,1081.0,1.16297,1.15549,1.15725528,1.15834736,1.15923,1.16011264,1.16136928,1.16297,1.16500456,1.16759264,1.1704500000000002,1.1750726400000002,1.1825526400000004,1.1871752800000006,51.604278074867885,50.0-61.8
71,37404,37527,2025-10-14 01:41:00,2025-10-14 03:44:00,high,low,1.15935,1.15423,DOWN,123,51.20000000000013,70.0,UP,38.60000000000197,312.0,1.15549,1.15935,1.15843904,1.15787548,1.1574200000000001,1.15696452,1.1563160399999999,1.15549,1.1544400799999999,1.1531045199999999,1.1516299999999997,1.1492445199999997,1.1453845199999995,1.1429990399999992,132.64248704662572,127.2-161.8
72,37527,39025,2025-10-14 03:44:00,2025-10-15 04:50:00,low,high,1.15423,1.16453,UP,1498,102.99999999999976,71.0,DOWN,51.20000000000013,123.0,1.15935,1.15423,1.15543832,1.15618584,1.15679,1.1573941600000002,1.1582543200000002,1.15935,1.16074264,1.1625141600000002,1.1644700000000001,1.1676341600000002,1.1727541600000002,1.17591832,201.17187499999898,200.0-261.8
73,39025,39279,2025-10-15 04:50:00,2025-10-15 09:04:00,high,low,1.16453,1.16103,DOWN,254,35.00000000000058,72.0,UP,102.99999999999976,1498.0,1.15423,1.16453,1.1620992,1.1605954,1.15938,1.1581646,1.1564342,1.15423,1.1514284000000001,1.1478646000000001,1.1439300000000001,1.1375646000000001,1.1272646000000002,1.1208992000000002,33.98058252427249,23.6-38.2
74,39279,40042,2025-10-15 09:04:00,2025-10-15 21:51:00,low,high,1.16103,1.16754,UP,763,65.10000000000016,73.0,DOWN,35.00000000000058,254.0,1.16453,1.16103,1.161856,1.162367,1.1627800000000001,1.1631930000000001,1.163781,1.16453,1.1654820000000001,1.1666930000000002,1.1680300000000001,1.1701930000000003,1.1736930000000003,1.1758560000000002,185.99999999999736,161.8-200.0
75,40042,40408,2025-10-15 21:51:00,2025-10-16 03:57:00,high,low,1.16754,1.16429,DOWN,366,32.49999999999975,74.0,UP,65.10000000000016,763.0,1.16103,1.16754,1.16600364,1.16505318,1.164285,1.1635168200000001,1.16242314,1.16103,1.15925928,1.15700682,1.15452,1.15049682,1.14398682,1.13996364,49.9231950844849,38.2-50.0
76,40408,41727,2025-10-16 03:57:00,2025-10-17 01:57:00,low,high,1.16429,1.17283,UP,1319,85.39999999999992,75.0,DOWN,32.49999999999975,366.0,1.16754,1.16429,1.165057,1.1655315,1.165915,1.1662985000000001,1.1668445,1.16754,1.168424,1.1695485,1.17079,1.1727985,1.1760485,1.178057,262.76923076923254,261.8-361.8
77,41727,42629,2025-10-17 01:57:00,2025-10-17 16:59:00,high,low,1.17283,1.16496,DOWN,902,78.70000000000044,76.0,UP,85.39999999999992,1319.0,1.16429,1.17283,1.17081456,1.16956772,1.16856,1.16755228,1.16611756,1.16429,1.1619671200000001,1.15901228,1.15575,1.15047228,1.14193228,1.13665456,92.15456674473128,78.6-100.0
78,42629,43144,2025-10-17 16:59:00,2025-10-20 01:35:00,low,high,1.16496,1.16753,UP,515,25.699999999999612,77.0,DOWN,78.70000000000044,902.0,1.17283,1.16496,1.16681732,1.16796634,1.168895,1.16982366,1.17114582,1.17283,1.17497064,1.17769366,1.1807,1.1855636600000001,1.1934336600000002,1.1982973200000002,32.65565438373503,23.6-38.2
79,43144,43906,2025-10-20 01:35:00,2025-10-20 14:17:00,high,low,1.16753,1.16382,DOWN,762,37.0999999999988,78.0,UP,25.699999999999612,515.0,1.16496,1.16753,1.16692348,1.16654826,1.166245,1.16594174,1.16550998,1.16496,1.16426096,1.16337174,1.16239,1.1608017400000001,1.1582317400000002,1.15664348,144.357976653694,127.2-161.8
80,43906,44293,2025-10-20 14:17:00,2025-10-20 20:55:00,low,high,1.16382,1.1655,UP,387,16.799999999999038,79.0,DOWN,37.0999999999988,762.0,1.16753,1.16382,1.16469556,1.16523722,1.165675,1.16611278,1.16673606,1.16753,1.16853912,1.1698227799999998,1.1712399999999998,1.1735327799999997,1.1772427799999996,1.1795355599999995,45.283018867923396,38.2-50.0
81,44293,45132,2025-10-20 20:55:00,2025-10-21 10:54:00,high,low,1.1655,1.15975,DOWN,839,57.49999999999922,80.0,UP,16.799999999999038,387.0,1.16382,1.1655,1.16510352,1.16485824,1.16466,1.16446176,1.16417952,1.16382,1.1633630400000001,1.16278176,1.1621400000000002,1.1611017600000002,1.1594217600000003,1.1583835200000003,342.2619047619197,261.8-361.8
82,45132,46012,2025-10-21 10:54:00,2025-10-22 01:37:00,low,high,1.15975,1.16156,UP,880,18.099999999998673,81.0,DOWN,57.49999999999922,839.0,1.1655,1.15975,1.1611070000000001,1.1619465,1.162625,1.1633035,1.1642695,1.1655,1.1670639999999999,1.1690535,1.17125,1.1748035,1.1805534999999998,1.1841069999999998,31.478260869563336,23.6-38.2
83,46012,46441,2025-10-22 01:37:00,2025-10-22 08:46:00,high,low,1.16156,1.15767,DOWN,429,38.899999999999494,82.0,UP,18.099999999998673,880.0,1.15975,1.16156,1.16113284,1.16086858,1.160655,1.16044142,1.1601373400000001,1.15975,1.15925768,1.15863142,1.1579400000000002,1.1568214200000002,1.1550114200000003,1.1538928400000006,214.91712707183615,200.0-261.8
84,46441,46665,2025-10-22 08:46:00,2025-10-22 12:30:00,low,high,1.15767,1.16224,UP,224,45.69999999999963,83.0,DOWN,38.899999999999494,429.0,1.16156,1.15767,1.15858804,1.15915598,1.159615,1.16007402,1.16072754,1.16156,1.1626180799999999,1.1639640199999999,1.1654499999999999,1.1678540199999998,1.1717440199999998,1.1741480399999997,117.48071979434506,100.0-127.2
85,46665,47505,2025-10-22 12:30:00,2025-10-23 02:41:00,high,low,1.16224,1.15905,DOWN,840,31.90000000000026,84.0,UP,45.69999999999963,224.0,1.15767,1.16224,1.1611614799999999,1.1604942599999999,1.159955,1.15941574,1.15864798,1.15767,1.15642696,1.15484574,1.1531,1.15027574,1.1457057400000001,1.14288148,69.80306345733155,61.8-78.6
86,47505,47601,2025-10-23 02:41:00,2025-10-23 04:17:00,low,high,1.15905,1.16061,UP,96,15.600000000000058,85.0,DOWN,31.90000000000026,840.0,1.16224,1.15905,1.15980284,1.1602685799999999,1.160645,1.16102142,1.1615573399999999,1.16224,1.16310768,1.16421142,1.16543,1.16740142,1.17059142,1.17256284,48.9028213166142,38.2-50.0
87,47601,47780,2025-10-23 04:17:00,2025-10-23 07:16:00,high,low,1.16061,1.15853,DOWN,179,20.799999999998597,86.0,UP,15.600000000000058,96.0,1.15905,1.16061,1.1602418399999999,1.1600140799999998,1.15983,1.15964592,1.1593838399999998,1.15905,1.1586256799999999,1.15808592,1.15749,1.15652592,1.15496592,1.1540018399999998,133.33333333332385,127.2-161.8
88,47780,48576,2025-10-23 07:16:00,2025-10-23 20:37:00,low,high,1.15853,1.16215,UP,796,36.19999999999956,87.0,DOWN,20.799999999998597,179.0,1.16061,1.15853,1.15902088,1.15932456,1.15957,1.15981544,1.16016488,1.16061,1.16117576,1.16189544,1.1626899999999998,1.1639754399999998,1.1660554399999996,1.1673408799999994,174.03846153847118,161.8-200.0
89,48576,48911,2025-10-23 20:37:00,2025-10-24 02:14:00,high,low,1.16215,1.16008,DOWN,335,20.700000000000163,88.0,UP,36.19999999999956,796.0,1.15853,1.16215,1.16129568,1.16076716,1.1603400000000001,1.15991284,1.15930468,1.15853,1.15754536,1.15629284,1.15491,1.1526728400000001,1.1490528400000002,1.1468156800000002,57.182320441990086,50.0-61.8
90,48911,49287,2025-10-24 02:14:00,2025-10-24 08:30:00,low,high,1.16008,1.1649,UP,376,48.200000000000465,89.0,DOWN,20.700000000000163,335.0,1.16215,1.16008,1.16056852,1.16087074,1.1611150000000001,1.16135926,1.16170702,1.16215,1.16271304,1.16342926,1.16422,1.16549926,1.16756926,1.16884852,232.85024154589414,200.0-261.8
91,49287,49782,2025-10-24 08:30:00,2025-10-24 16:45:00,high,low,1.1649,1.16207,DOWN,495,28.300000000001102,90.0,UP,48.200000000000465,376.0,1.16008,1.1649,1.16376248,1.16305876,1.16249,1.16192124,1.16111148,1.16008,1.15876896,1.15710124,1.15526,1.15228124,1.14746124,1.1444824799999997,58.713692946059815,50.0-61.8
92,49782,50051,2025-10-24 16:45:00,2025-10-26 20:18:00,low,high,1.16207,1.16475,UP,269,26.800000000000157,91.0,DOWN,28.300000000001102,495.0,1.1649,1.16207,1.16273788,1.16315106,1.163485,1.16381894,1.16429438,1.1649,1.16566976,1.1666489400000002,1.1677300000000002,1.1694789400000003,1.1723089400000004,1.1740578800000003,94.6996466431064,78.6-100.0
93,50051,50461,2025-10-26 20:18:00,2025-10-27 03:09:00,high,low,1.16475,1.16176,DOWN,410,29.90000000000048,92.0,UP,26.800000000000157,269.0,1.16207,1.16475,1.16411752,1.16372624,1.1634099999999998,1.16309376,1.16264352,1.16207,1.16134104,1.16041376,1.15939,1.15773376,1.15505376,1.15339752,111.56716417910562,100.0-127.2
94,50461,51717,2025-10-27 03:09:00,2025-10-28 00:08:00,low,high,1.16176,1.16679,UP,1256,50.3000000000009,93.0,DOWN,29.90000000000048,410.0,1.16475,1.16176,1.16246564,1.16290218,1.163255,1.16360782,1.16411014,1.16475,1.16556328,1.16659782,1.16774,1.16958782,1.17257782,1.1744256400000002,168.22742474916416,161.8-200.0
95,51717,52209,2025-10-28 00:08:00,2025-10-28 08:20:00,high,low,1.16679,1.16255,DOWN,492,42.40000000000022,94.0,UP,50.3000000000009,1256.0,1.16176,1.16679,1.16560292,1.16486854,1.164275,1.1636814599999998,1.1628364199999999,1.16176,1.16039184,1.1586514599999997,1.1567299999999998,1.1536214599999997,1.1485914599999996,1.1454829199999996,84.29423459244425,78.6-100.0
96,52209,52429,2025-10-28 08:20:00,2025-10-28 12:00:00,low,high,1.16255,1.16686,UP,220,43.100000000000364,95.0,DOWN,42.40000000000022,492.0,1.16679,1.16255,1.16355064,1.1641696799999999,1.16467,1.16517032,1.16588264,1.16679,1.16794328,1.1694103200000001,1.17103,1.1736503200000001,1.1778903200000002,1.18051064,101.65094339622675,100.0-127.2
97,52429,53395,2025-10-28 12:00:00,2025-10-29 04:11:00,high,low,1.16686,1.16185,DOWN,966,50.09999999999959,96.0,UP,43.100000000000364,220.0,1.16255,1.16686,1.16584284,1.16521358,1.164705,1.16419642,1.16347234,1.16255,1.16137768,1.1598864199999999,1.15824,1.1555764199999998,1.1512664199999998,1.14860284,116.24129930394238,100.0-127.2
98,53395,53806,2025-10-29 04:11:00,2025-10-29 11:02:00,low,high,1.16185,1.1666,UP,411,47.50000000000032,97.0,DOWN,50.09999999999959,966.0,1.16686,1.16185,1.16303236,1.16376382,1.164355,1.16494618,1.16578786,1.16686,1.16822272,1.16995618,1.17187,1.17496618,1.17997618,1.18307236,94.81037924151838,78.6-100.0
99,53806,54014,2025-10-29 11:02:00,2025-10-29 14:30:00,high,low,1.1666,1.15773,DOWN,208,88.70000000000155,98.0,UP,47.50000000000032,411.0,1.16185,1.1666,1.1654790000000002,1.1647855,1.164225,1.1636645,1.1628665,1.16185,1.160558,1.1589145,1.1571,1.1541645,1.1494145,1.146479,186.73684210526517,161.8-200.0
100,54014,54547,2025-10-29 14:30:00,2025-10-29 23:28:00,low,high,1.15773,1.16374,UP,533,60.100000000000705,99.0,DOWN,88.70000000000155,208.0,1.1666,1.15773,1.1598233199999999,1.16111834,1.162165,1.16321166,1.16470182,1.1666,1.16901264,1.1720816600000001,1.1754700000000002,1.1809516600000003,1.1898216600000004,1.1953033200000005,67.75648252536601,61.8-78.6
101,54547,55069,2025-10-29 23:28:00,2025-10-30 08:10:00,high,low,1.16374,1.1547,DOWN,522,90.39999999999937,100.0,UP,60.100000000000705,533.0,1.15773,1.16374,1.16232164,1.16144418,1.1607349999999999,1.16002582,1.1590161399999999,1.15773,1.15609528,1.15401582,1.1517199999999999,1.1480058199999998,1.1419958199999998,1.1382816399999998,150.415973377701,127.2-161.8
102,55069,55808,2025-10-30 08:10:00,2025-10-30 20:29:00,low,high,1.1547,1.15775,UP,739,30.49999999999997,101.0,DOWN,90.39999999999937,522.0,1.16374,1.1547,1.15683344,1.15815328,1.15922,1.16028672,1.16180544,1.16374,1.16619888,1.16932672,1.17278,1.1783667199999999,1.1874067199999998,1.1929934399999997,33.73893805309755,23.6-38.2
103,55808,56149,2025-10-30 20:29:00,2025-10-31 02:10:00,high,low,1.15775,1.15548,DOWN,341,22.699999999999942,102.0,UP,30.49999999999997,739.0,1.1547,1.15775,1.1570302000000001,1.1565849000000001,1.156225,1.1558651,1.1553527000000001,1.1547,1.1538704,1.1528151,1.15165,1.1497651,1.1467151,1.1448302000000001,74.42622950819661,61.8-78.6
104,56149,56317,2025-10-31 02:10:00,2025-10-31 04:58:00,low,high,1.15548,1.15767,UP,168,21.899999999999142,103.0,DOWN,22.699999999999942,341.0,1.15775,1.15548,1.15601572,1.15634714,1.156615,1.15688286,1.15726422,1.15775,1.1583674400000001,1.15915286,1.16002,1.16142286,1.16369286,1.16509572,96.4757709251066,78.6-100.0
105,56317,56841,2025-10-31 04:58:00,2025-10-31 13:42:00,high,low,1.15767,1.15214,DOWN,524,55.30000000000035,104.0,UP,21.899999999999142,168.0,1.15548,1.15767,1.15715316,1.1568334200000001,1.1565750000000001,1.15631658,1.15594866,1.15548,1.15488432,1.15412658,1.1532900000000001,1.15193658,1.1497465800000002,1.1483931600000004,252.5114155251256,200.0-261.8
106,56841,57504,2025-10-31 13:42:00,2025-11-03 01:45:00,low,high,1.15214,1.15413,UP,663,19.900000000001583,105.0,DOWN,55.30000000000035,524.0,1.15767,1.15214,1.15344508,1.15425246,1.1549049999999998,1.15555754,1.15648658,1.15767,1.15917416,1.16108754,1.1632,1.16661754,1.17214754,1.1755650800000002,35.985533453890525,23.6-38.2
107,57504,57971,2025-11-03 01:45:00,2025-11-03 09:32:00,high,low,1.15413,1.1505,DOWN,467,36.300000000000225,106.0,UP,19.900000000001583,663.0,1.15214,1.15413,1.1536603600000002,1.15336982,1.153135,1.15290018,1.15256586,1.15214,1.15159872,1.15091018,1.1501499999999998,1.1489201799999997,1.1469301799999996,1.1457003599999995,182.41206030149414,161.8-200.0
108,57971,58143,2025-11-03 09:32:00,2025-11-03 12:24:00,low,high,1.1505,1.15378,UP,172,32.7999999999995,107.0,DOWN,36.300000000000225,467.0,1.15413,1.1505,1.1513566800000001,1.1518866600000002,1.1523150000000002,1.15274334,1.15335318,1.15413,1.1551173600000002,1.15637334,1.1577600000000001,1.16000334,1.16363334,1.1658766800000002,90.35812672176114,78.6-100.0
109,58143,58622,2025-11-03 12:24:00,2025-11-03 20:29:00,high,low,1.15378,1.1498,DOWN,479,39.80000000000095,108.0,UP,32.7999999999995,172.0,1.1505,1.15378,1.15300592,1.15252704,1.1521400000000002,1.15175296,1.15120192,1.1505,1.14960784,1.14847296,1.1472200000000001,1.1451929600000001,1.1419129600000002,1.1398859200000002,121.3414634146389,100.0-127.2
110,58622,58994,2025-11-03 20:29:00,2025-11-04 02:42:00,low,high,1.1498,1.15334,UP,372,35.400000000000986,109.0,DOWN,39.80000000000095,479.0,1.15378,1.1498,1.15073928,1.15132036,1.15179,1.15225964,1.15292828,1.15378,1.15486256,1.1562396400000001,1.1577600000000001,1.1602196400000002,1.1641996400000003,1.1666592800000004,88.94472361809082,78.6-100.0
111,58994,59413,2025-11-04 02:42:00,2025-11-04 09:41:00,high,low,1.15334,1.14729,DOWN,419,60.50000000000111,110.0,UP,35.400000000000986,372.0,1.1498,1.15334,1.15250456,1.15198772,1.15157,1.15115228,1.15055756,1.1498,1.1488371199999998,1.14761228,1.1462599999999998,1.1440722799999998,1.1405322799999997,1.1383445599999995,170.90395480225826,161.8-200.0
112,59413,60073,2025-11-04 09:41:00,2025-11-04 20:44:00,low,high,1.14729,1.14978,UP,660,24.900000000001032,111.0,DOWN,60.50000000000111,419.0,1.15334,1.14729,1.1487178,1.1496011,1.150315,1.1510289,1.1520453,1.15334,1.1549856,1.1570789000000001,1.1593900000000001,1.1631289000000002,1.1691789000000004,1.1729178000000005,41.15702479338938,38.2-50.0
113,60073,60408,2025-11-04 20:44:00,2025-11-05 02:22:00,high,low,1.14978,1.14833,DOWN,335,14.499999999999513,112.0,UP,24.900000000001032,660.0,1.14729,1.14978,1.14919236,1.14882882,1.1485349999999999,1.1482411799999999,1.14782286,1.14729,1.1466127199999998,1.1457511799999998,1.1447999999999998,1.1432611799999997,1.1407711799999996,1.1392323599999996,58.23293172690326,50.0-61.8
114,60408,60455,2025-11-05 02:22:00,2025-11-05 03:09:00,low,high,1.14833,1.14952,UP,47,11.900000000000244,113.0,DOWN,14.499999999999513,335.0,1.14978,1.14833,1.1486722,1.1488839,1.1490550000000002,1.1492261000000001,1.1494697,1.14978,1.1501744,1.1506761,1.15123,1.1521261,1.1535761,1.1544721999999998,82.06896551724581,78.6-100.0
115,60455,60810,2025-11-05 03:09:00,2025-11-05 09:04:00,high,low,1.14952,1.14687,DOWN,355,26.500000000000412,114.0,UP,11.900000000000244,47.0,1.14833,1.14952,1.14923916,1.1490654200000001,1.1489250000000002,1.14878458,1.14858466,1.14833,1.1480063200000001,1.14759458,1.14714,1.14640458,1.14521458,1.14447916,222.689075630251,200.0-261.8
116,60810,62572,2025-11-05 09:04:00,2025-11-06 14:33:00,low,high,1.14687,1.15522,UP,1762,83.49999999999858,115.0,DOWN,26.500000000000412,355.0,1.14952,1.14687,1.1474954000000002,1.1478823,1.148195,1.1485077000000001,1.1489529,1.14952,1.1502408000000002,1.1511577000000002,1.1521700000000001,1.1538077000000002,1.1564577000000003,1.1580954000000003,315.09433962263125,261.8-361.8
117,62572,63224,2025-11-06 14:33:00,2025-11-07 01:28:00,high,low,1.15522,1.15294,DOWN,652,22.799999999998377,116.0,UP,83.49999999999858,1762.0,1.14687,1.15522,1.1532494,1.1520303,1.1510449999999999,1.1500597,1.1486569,1.14687,1.1445988,1.1417097,1.1385200000000002,1.1333597000000002,1.1250097000000003,1.1198494000000005,27.30538922155541,23.6-38.2
118,63224,63772,2025-11-07 01:28:00,2025-11-07 10:36:00,low,high,1.15294,1.1591,UP,548,61.59999999999943,117.0,DOWN,22.799999999998377,652.0,1.15522,1.15294,1.15347808,1.15381096,1.15408,1.15434904,1.15473208,1.15522,1.15584016,1.1566290399999999,1.1574999999999998,1.1589090399999997,1.1611890399999996,1.1625980799999993,270.17543859650795,261.8-361.8
119,63772,64255,2025-11-07 10:36:00,2025-11-09 18:47:00,high,low,1.1591,1.15413,DOWN,483,49.69999999999919,118.0,UP,61.59999999999943,548.0,1.15294,1.1591,1.15764624,1.15674688,1.15602,1.15529312,1.15425824,1.15294,1.15126448,1.1491331200000001,1.1467800000000001,1.1429731200000002,1.1368131200000002,1.1330062400000003,80.6818181818176,78.6-100.0
120,64255,64784,2025-11-09 18:47:00,2025-11-10 03:38:00,low,high,1.15413,1.15829,UP,529,41.59999999999941,119.0,DOWN,49.69999999999919,483.0,1.1591,1.15413,1.15530292,1.15602854,1.156615,1.15720146,1.15803642,1.1591,1.16045184,1.16217146,1.16407,1.1671414599999999,1.1721114599999998,1.1751829199999997,83.70221327967826,78.6-100.0
121,64784,65288,2025-11-10 03:38:00,2025-11-10 12:02:00,high,low,1.15829,1.15409,DOWN,504,41.999999999999815,120.0,UP,41.59999999999941,529.0,1.15413,1.15829,1.15730824,1.15670088,1.1562100000000002,1.15571912,1.15502024,1.15413,1.1529984800000002,1.1515591200000002,1.1499700000000002,1.1473991200000002,1.1432391200000003,1.1406682400000003,100.96153846153943,100.0-127.2
122,65288,66536,2025-11-10 12:02:00,2025-11-11 08:57:00,low,high,1.15409,1.16057,UP,1248,64.80000000000041,121.0,DOWN,41.999999999999815,504.0,1.15829,1.15409,1.1550812000000001,1.1556944,1.15619,1.1566856,1.1573912,1.15829,1.1594324,1.1608856,1.16249,1.1650856,1.1692856,1.1718812,154.28571428571595,127.2-161.8
123,66536,67424,2025-11-11 08:57:00,2025-11-11 23:48:00,high,low,1.16057,1.157,DOWN,888,35.70000000000073,122.0,UP,64.80000000000041,1248.0,1.15409,1.16057,1.1590407200000001,1.15809464,1.15733,1.15656536,1.15547672,1.15409,1.15232744,1.15008536,1.14761,1.14360536,1.13712536,1.13312072,55.09259259259337,50.0-61.8
124,67424,67575,2025-11-11 23:48:00,2025-11-12 02:19:00,low,high,1.157,1.15882,UP,151,18.199999999999328,123.0,DOWN,35.70000000000073,888.0,1.16057,1.157,1.15784252,1.15836374,1.158785,1.1592062600000002,1.15980602,1.16057,1.1615410400000001,1.1627762600000002,1.1641400000000002,1.1663462600000003,1.1699162600000004,1.1721225200000003,50.98039215685982,50.0-61.8
125,67575,68003,2025-11-12 02:19:00,2025-11-12 09:27:00,high,low,1.15882,1.15627,DOWN,428,25.500000000000522,124.0,UP,18.199999999999328,151.0,1.157,1.15882,1.15839048,1.15812476,1.15791,1.15769524,1.15738948,1.157,1.1565049600000001,1.15587524,1.15518,1.1540552400000001,1.1522352400000002,1.1511104800000003,140.10989010989817,127.2-161.8
126,68003,68104,2025-11-12 09:27:00,2025-11-12 11:08:00,low,high,1.15627,1.15977,UP,101,35.00000000000058,125.0,DOWN,25.500000000000522,428.0,1.15882,1.15627,1.1568718,1.1572441,1.1575449999999998,1.1578458999999999,1.1582743,1.15882,1.1595136,1.1603959,1.16137,1.1629459,1.1654959,1.1670718000000002,137.2549019607838,127.2-161.8
127,68104,68648,2025-11-12 11:08:00,2025-11-12 20:17:00,high,low,1.15977,1.15789,DOWN,544,18.799999999998818,126.0,UP,35.00000000000058,101.0,1.15627,1.15977,1.158944,1.158433,1.15802,1.1576069999999998,1.157019,1.15627,1.1553179999999998,1.1541069999999998,1.1527699999999999,1.1506069999999997,1.1471069999999997,1.1449439999999997,53.71428571428144,50.0-61.8
128,68648,69640,2025-11-12 20:17:00,2025-11-13 12:50:00,low,high,1.15789,1.16559,UP,992,76.99999999999818,127.0,DOWN,18.799999999998818,544.0,1.15977,1.15789,1.1583336800000001,1.15860816,1.15883,1.15905184,1.15936768,1.15977,1.16028136,1.16093184,1.1616499999999998,1.1628118399999998,1.1646918399999997,1.1658536799999997,409.5744680851225,361.8-423.6
129,69640,69969,2025-11-13 12:50:00,2025-11-13 18:23:00,high,low,1.16559,1.16233,DOWN,329,32.59999999999819,128.0,UP,76.99999999999818,992.0,1.15789,1.16559,1.1637728,1.1626486,1.16174,1.1608314,1.1595378,1.15789,1.1557956,1.1531314000000001,1.1501900000000003,1.1454314000000003,1.1377314000000005,1.1329728000000008,42.33766233766098,38.2-50.0
130,69969,70368,2025-11-13 18:23:00,2025-11-14 01:02:00,low,high,1.16233,1.16485,UP,399,25.199999999998557,129.0,DOWN,32.59999999999819,329.0,1.16559,1.16233,1.1630993600000001,1.16357532,1.1639599999999999,1.16434468,1.1648923599999998,1.16559,1.16647672,1.1676046799999997,1.1688499999999997,1.1708646799999995,1.1741246799999994,1.1761393599999994,77.30061349693239,61.8-78.6
131,70368,70683,2025-11-14 01:02:00,2025-11-14 06:17:00,high,low,1.16485,1.16088,DOWN,315,39.70000000000029,130.0,UP,25.199999999998557,399.0,1.16233,1.16485,1.16425528,1.16388736,1.1635900000000001,1.16329264,1.16286928,1.16233,1.16164456,1.1607726400000002,1.1598100000000002,1.1582526400000004,1.1557326400000005,1.1541752800000005,157.5396825396927,127.2-161.8
132,70683,70786,2025-11-14 06:17:00,2025-11-14 08:00:00,low,high,1.16088,1.16536,UP,103,44.800000000000395,131.0,DOWN,39.70000000000029,315.0,1.16485,1.16088,1.16181692,1.16239654,1.162865,1.1633334599999998,1.16400042,1.16485,1.16592984,1.1673034599999998,1.16882,1.1712734599999999,1.17524346,1.17769692,112.84634760705308,100.0-127.2
133,70786,70959,2025-11-14 08:00:00,2025-11-14 10:53:00,high,low,1.16536,1.1606,DOWN,173,47.59999999999876,132.0,UP,44.800000000000395,103.0,1.16088,1.16536,1.16430272,1.16364864,1.16312,1.16259136,1.16183872,1.16088,1.1596614399999998,1.15811136,1.1563999999999999,1.1536313599999999,1.1491513599999998,1.1463827199999999,106.24999999999629,100.0-127.2
134,70959,71388,2025-11-14 10:53:00,2025-11-16 18:05:00,low,high,1.1606,1.16244,UP,429,18.399999999998418,133.0,DOWN,47.59999999999876,173.0,1.16536,1.1606,1.16172336,1.16241832,1.1629800000000001,1.16354168,1.1643413599999999,1.16536,1.16665472,1.16830168,1.1701199999999998,1.1730616799999998,1.1778216799999996,1.1807633599999996,38.65546218487164,38.2-50.0
135,71388,71812,2025-11-16 18:05:00,2025-11-17 01:10:00,high,low,1.16244,1.15949,DOWN,424,29.50000000000008,134.0,UP,18.399999999998418,429.0,1.1606,1.16244,1.16200576,1.16173712,1.1615199999999999,1.16130288,1.16099376,1.1606,1.1600995200000002,1.1594628800000002,1.1587600000000002,1.1576228800000004,1.1557828800000005,1.1546457600000006,160.32608695653596,127.2-161.8
136,71812,71912,2025-11-17 01:10:00,2025-11-17 02:50:00,low,high,1.15949,1.16149,UP,100,20.000000000000018,135.0,DOWN,29.50000000000008,424.0,1.16244,1.15949,1.1601861999999998,1.1606169,1.160965,1.1613130999999999,1.1618087,1.16244,1.1632424,1.1642630999999999,1.16539,1.1672131,1.1701631,1.1719861999999999,67.7966101694914,61.8-78.6
137,71912,72352,2025-11-17 02:50:00,2025-11-17 10:10:00,high,low,1.16149,1.15818,DOWN,440,33.09999999999924,136.0,UP,20.000000000000018,100.0,1.15949,1.16149,1.1610179999999999,1.160726,1.1604899999999998,1.160254,1.159918,1.15949,1.1589459999999998,1.158254,1.15749,1.156254,1.154254,1.1530179999999999,165.49999999999605,161.8-200.0
138,72352,73373,2025-11-17 10:10:00,2025-11-18 03:14:00,low,high,1.15818,1.16062,UP,1021,24.399999999999977,137.0,DOWN,33.09999999999924,440.0,1.16149,1.15818,1.15896116,1.15944442,1.159835,1.1602255799999999,1.1607816599999998,1.16149,1.1623903199999999,1.1635355799999998,1.1647999999999998,1.1668455799999997,1.1701555799999996,1.1722011599999997,73.71601208459376,61.8-78.6
139,73373,73509,2025-11-18 03:14:00,2025-11-18 05:30:00,high,low,1.16062,1.15793,DOWN,136,26.900000000000812,138.0,UP,24.399999999999977,1021.0,1.15818,1.16062,1.16004416,1.15968792,1.1594,1.1591120799999999,1.15870216,1.15818,1.15751632,1.1566720799999999,1.15574,1.1542320799999999,1.1517920799999999,1.15028416,110.2459016393477,100.0-127.2
140,73509,73810,2025-11-18 05:30:00,2025-11-18 10:31:00,low,high,1.15793,1.16076,UP,301,28.300000000001102,139.0,DOWN,26.900000000000812,136.0,1.16062,1.15793,1.15856484,1.15895758,1.159275,1.1595924199999998,1.16004434,1.16062,1.16135168,1.16228242,1.16331,1.16497242,1.16766242,1.1693248400000003,105.20446096654368,100.0-127.2
141,73810,73944,2025-11-18 10:31:00,2025-11-18 12:45:00,high,low,1.16076,1.15713,DOWN,134,36.300000000000225,140.0,UP,28.300000000001102,301.0,1.15793,1.16076,1.16009212,1.15967894,1.159345,1.1590110599999999,1.1585356199999999,1.15793,1.1571602399999998,1.1561810599999998,1.1550999999999998,1.1533510599999997,1.1505210599999995,1.1487721199999996,128.2685512367449,127.2-161.8
142,73944,74779,2025-11-18 12:45:00,2025-11-19 02:43:00,low,high,1.15713,1.15971,UP,835,25.800000000000267,141.0,DOWN,36.300000000000225,134.0,1.16076,1.15713,1.15798668,1.15851666,1.1589450000000001,1.15937334,1.15998318,1.16076,1.1617473600000001,1.16300334,1.16439,1.16663334,1.17026334,1.1725066800000001,71.07438016528957,61.8-78.6
143,74779,75463,2025-11-19 02:43:00,2025-11-19 14:07:00,high,low,1.15971,1.15178,DOWN,684,79.29999999999993,142.0,UP,25.800000000000267,835.0,1.15713,1.15971,1.15910112,1.15872444,1.15842,1.15811556,1.15768212,1.15713,1.1564282399999999,1.15553556,1.15455,1.1529555599999999,1.1503755599999999,1.14878112,307.3643410852679,261.8-361.8
144,75463,75713,2025-11-19 14:07:00,2025-11-19 18:20:00,low,high,1.15178,1.1542,UP,250,24.199999999998667,143.0,DOWN,79.29999999999993,684.0,1.15971,1.15178,1.15365148,1.15480926,1.155745,1.15668074,1.15801298,1.15971,1.16186696,1.16461074,1.16764,1.17254074,1.18047074,1.18537148,30.517023959645257,23.6-38.2
145,75713,75979,2025-11-19 18:20:00,2025-11-19 22:46:00,high,low,1.1542,1.15101,DOWN,266,31.89999999999804,144.0,UP,24.199999999998667,250.0,1.15178,1.1542,1.1536288799999999,1.15327556,1.15299,1.15270444,1.15229788,1.15178,1.15112176,1.15028444,1.1493600000000002,1.1478644400000002,1.1454444400000003,1.1439488800000004,131.818181818181,127.2-161.8
146,75979,76373,2025-11-19 22:46:00,2025-11-20 05:20:00,low,high,1.15101,1.15295,UP,394,19.399999999998307,145.0,DOWN,31.89999999999804,266.0,1.1542,1.15101,1.15176284,1.15222858,1.1526049999999999,1.15298142,1.1535173399999998,1.1542,1.15506768,1.1561714199999997,1.1573899999999997,1.1593614199999995,1.1625514199999993,1.1645228399999992,60.81504702194201,50.0-61.8
147,76373,76563,2025-11-20 05:20:00,2025-11-20 08:30:00,high,low,1.15295,1.15013,DOWN,190,28.199999999998226,146.0,UP,19.399999999998307,394.0,1.15101,1.15295,1.15249216,1.15220892,1.15198,1.15175108,1.15142516,1.15101,1.15048232,1.14981108,1.1490700000000003,1.1478710800000003,1.1459310800000004,1.1447321600000007,145.36082474227157,127.2-161.8
148,76563,76626,2025-11-20 08:30:00,2025-11-20 09:33:00,low,high,1.15013,1.15499,UP,63,48.599999999998644,147.0,DOWN,28.199999999998226,190.0,1.15295,1.15013,1.15079552,1.15120724,1.15154,1.15187276,1.15234652,1.15295,1.1537170399999999,1.1546927599999999,1.1557699999999997,1.1575127599999997,1.1603327599999995,1.1620755199999993,172.3404255319209,161.8-200.0
149,76626,77148,2025-11-20 09:33:00,2025-11-20 18:18:00,high,low,1.15499,1.15233,DOWN,522,26.599999999998847,148.0,UP,48.599999999998644,63.0,1.15013,1.15499,1.15384304,1.15313348,1.15256,1.1519865200000001,1.15117004,1.15013,1.1488080800000002,1.1471265200000003,1.1452700000000002,1.1422665200000004,1.1374065200000005,1.1344030400000005,54.732510288064994,50.0-61.8
150,77148,77696,2025-11-20 18:18:00,2025-11-21 03:26:00,low,high,1.15233,1.15524,UP,548,29.09999999999968,149.0,DOWN,26.599999999998847,522.0,1.15499,1.15233,1.15295776,1.1533461200000001,1.15366,1.15397388,1.15442076,1.15499,1.15571352,1.1566338799999998,1.1576499999999998,1.1592938799999997,1.1619538799999996,1.1635977599999996,109.39849624060504,100.0-127.2
151,77696,78191,2025-11-21 03:26:00,2025-11-21 11:41:00,high,low,1.15524,1.14909,DOWN,495,61.500000000000995,150.0,UP,29.09999999999968,548.0,1.15233,1.15524,1.15455324,1.15412838,1.153785,1.1534416200000002,1.1529527400000001,1.15233,1.1515384800000001,1.1505316200000002,1.14942,1.1476216200000002,1.1447116200000003,1.1429132400000002,211.34020618557275,200.0-261.8
152,78191,78471,2025-11-21 11:41:00,2025-11-21 16:21:00,low,high,1.14909,1.15208,UP,280,29.90000000000048,151.0,DOWN,61.500000000000995,495.0,1.15524,1.14909,1.1505414,1.1514393,1.152165,1.1528907,1.1539239000000001,1.15524,1.1569128,1.1590407,1.1613900000000001,1.1651907000000001,1.1713407000000002,1.1751414000000004,48.61788617886178,38.2-50.0
153,78471,78642,2025-11-21 16:21:00,2025-11-23 19:19:00,high,low,1.15208,1.15018,DOWN,171,19.000000000000128,152.0,UP,29.90000000000048,280.0,1.14909,1.15208,1.15137436,1.15093782,1.150585,1.15023218,1.1497298599999999,1.14909,1.14827672,1.14724218,1.1461,1.1442521799999998,1.1412621799999998,1.1394143599999997,63.54515050167164,61.8-78.6
154,78642,78929,2025-11-23 19:19:00,2025-11-24 00:08:00,low,high,1.15018,1.15281,UP,287,26.299999999999102,153.0,DOWN,19.000000000000128,171.0,1.15208,1.15018,1.1506284,1.1509058,1.15113,1.1513541999999999,1.1516734,1.15208,1.1525968,1.1532542,1.15398,1.1551542,1.1570542,1.1582284,138.4210526315733,127.2-161.8
155,78929,79101,2025-11-24 00:08:00,2025-11-24 03:00:00,high,low,1.15281,1.15097,DOWN,172,18.399999999998418,154.0,UP,26.299999999999102,287.0,1.15018,1.15281,1.15218932,1.15180534,1.151495,1.15118466,1.15074282,1.15018,1.14946464,1.14855466,1.14755,1.1459246600000002,1.1432946600000002,1.1416693200000003,69.96197718630816,61.8-78.6
156,79101,79387,2025-11-24 03:00:00,2025-11-24 07:46:00,low,high,1.15097,1.15503,UP,286,40.599999999999525,155.0,DOWN,18.399999999998418,172.0,1.15281,1.15097,1.15140424,1.15167288,1.1518899999999999,1.15210712,1.15241624,1.15281,1.1533104799999998,1.1539471199999998,1.1546499999999997,1.1557871199999996,1.1576271199999995,1.1587642399999993,220.6521739130599,200.0-261.8
157,79387,79647,2025-11-24 07:46:00,2025-11-24 12:06:00,high,low,1.15503,1.15114,DOWN,260,38.899999999999494,156.0,UP,40.599999999999525,286.0,1.15097,1.15503,1.15407184,1.15347908,1.153,1.15252092,1.1518388400000001,1.15097,1.14986568,1.14846092,1.14691,1.14440092,1.14034092,1.1378318400000003,95.81280788177327,78.6-100.0
158,79647,80238,2025-11-24 12:06:00,2025-11-24 22:00:00,low,high,1.15114,1.15301,UP,591,18.700000000000383,157.0,DOWN,38.899999999999494,260.0,1.15503,1.15114,1.15205804,1.15262598,1.153085,1.15354402,1.15419754,1.15503,1.15608808,1.15743402,1.15892,1.16132402,1.1652140199999999,1.1676180399999998,48.07197943444891,38.2-50.0
159,80238,80395,2025-11-24 22:00:00,2025-11-25 00:37:00,high,low,1.15301,1.15114,DOWN,157,18.700000000000383,158.0,UP,18.700000000000383,591.0,1.15114,1.15301,1.1525686800000001,1.15229566,1.152075,1.15185434,1.15154018,1.15114,1.15063136,1.14998434,1.14927,1.14811434,1.14624434,1.14508868,100.0,100.0-127.2
160,80395,81884,2025-11-25 00:37:00,2025-11-26 01:29:00,low,high,1.15114,1.15958,UP,1489,84.40000000000003,159.0,DOWN,18.700000000000383,157.0,1.15301,1.15114,1.15158132,1.15185434,1.152075,1.15229566,1.1526098200000001,1.15301,1.1535186400000002,1.15416566,1.1548800000000001,1.1560356600000001,1.1579056600000002,1.1590613200000002,451.3368983957128,>=423.6
161,81884,82336,2025-11-26 01:29:00,2025-11-26 09:01:00,high,low,1.15958,1.1547,DOWN,452,48.799999999999955,160.0,UP,84.40000000000003,1489.0,1.15114,1.15958,1.15758816,1.15635592,1.15536,1.1543640800000001,1.15294616,1.15114,1.14884432,1.1459240800000001,1.1427,1.1374840800000001,1.1290440800000001,1.12382816,57.81990521327006,50.0-61.8
162,82336,83090,2025-11-26 09:01:00,2025-11-26 21:39:00,low,high,1.1547,1.16132,UP,754,66.19999999999848,161.0,DOWN,48.799999999999955,452.0,1.15958,1.1547,1.15585168,1.15656416,1.15714,1.15771584,1.15853568,1.15958,1.16090736,1.16259584,1.16446,1.16747584,1.17235584,1.17537168,135.65573770491505,127.2-161.8
163,83090,83497,2025-11-26 21:39:00,2025-11-27 04:26:00,high,low,1.16132,1.15763,DOWN,407,36.89999999999971,162.0,UP,66.19999999999848,754.0,1.1547,1.16132,1.15975768,1.15879116,1.15801,1.15722884,1.15611668,1.1547,1.1528993600000002,1.15060884,1.1480800000000002,1.1439888400000002,1.1373688400000004,1.1332776800000006,55.74018126888301,50.0-61.8
164,83497,84350,2025-11-27 04:26:00,2025-11-27 19:13:00,low,high,1.15763,1.16018,UP,853,25.500000000000522,163.0,DOWN,36.89999999999971,407.0,1.16132,1.15763,1.1585008399999999,1.15903958,1.159475,1.1599104199999999,1.16053034,1.16132,1.1623236799999999,1.1636004199999999,1.1650099999999999,1.1672904199999998,1.1709804199999998,1.1732608399999997,69.10569105691252,61.8-78.6
165,84350,84992,2025-11-27 19:13:00,2025-11-28 05:55:00,high,low,1.16018,1.1555,DOWN,642,46.800000000000175,164.0,UP,25.500000000000522,853.0,1.15763,1.16018,1.1595782,1.1592059,1.1589049999999999,1.1586041,1.1581757,1.15763,1.1569364,1.1560541,1.1550799999999999,1.1535041,1.1509540999999999,1.1493781999999997,183.52941176470281,161.8-200.0
166,84992,85296,2025-11-28 05:55:00,2025-11-28 10:59:00,low,high,1.1555,1.16075,UP,304,52.49999999999977,165.0,DOWN,46.800000000000175,642.0,1.16018,1.1555,1.15660448,1.15728776,1.15784,1.15839224,1.15917848,1.16018,1.16145296,1.16307224,1.16486,1.16775224,1.17243224,1.17532448,112.17948717948627,100.0-127.2
167,85296,85651,2025-11-28 10:59:00,2025-11-30 17:03:00,high,low,1.16075,1.15912,DOWN,355,16.300000000000203,166.0,UP,52.49999999999977,304.0,1.1555,1.16075,1.159511,1.1587445,1.158125,1.1575054999999999,1.1566235,1.1555,1.154072,1.1522554999999999,1.15025,1.1470055,1.1417555,1.138511,31.047619047619573,23.6-38.2
168,85651,85851,2025-11-30 17:03:00,2025-11-30 20:25:00,low,high,1.15912,1.16158,UP,200,24.600000000001288,167.0,DOWN,16.300000000000203,355.0,1.16075,1.15912,1.15950468,1.15974266,1.159935,1.1601273399999998,1.16040118,1.16075,1.16119336,1.1617573399999999,1.16238,1.1633873399999999,1.16501734,1.16602468,150.92024539877903,127.2-161.8
169,85851,85951,2025-11-30 20:25:00,2025-11-30 22:05:00,high,low,1.16158,1.15893,DOWN,100,26.500000000000412,168.0,UP,24.600000000001288,200.0,1.15912,1.16158,1.16099944,1.16064028,1.16035,1.16005972,1.15964644,1.15912,1.15845088,1.1575997199999999,1.1566599999999998,1.1551397199999998,1.1526797199999996,1.1511594399999996,107.7235772357684,100.0-127.2
170,85951,86547,2025-11-30 22:05:00,2025-12-01 08:05:00,low,high,1.15893,1.16522,UP,596,62.89999999999907,169.0,DOWN,26.500000000000412,100.0,1.16158,1.15893,1.1595554000000001,1.1599423,1.160255,1.1605677,1.1610129,1.16158,1.1623008000000001,1.1632177000000001,1.16423,1.1658677000000002,1.1685177000000002,1.1701554000000003,237.35849056603053,200.0-261.8
171,86547,87225,2025-12-01 08:05:00,2025-12-01 19:32:00,high,low,1.16522,1.16037,DOWN,678,48.50000000000021,170.0,UP,62.89999999999907,596.0,1.15893,1.16522,1.16373556,1.16281722,1.162075,1.16133278,1.16027606,1.15893,1.15721912,1.15504278,1.15264,1.1487527800000001,1.1424627800000002,1.1385755600000003,77.10651828299035,61.8-78.6
172,87225,87631,2025-12-01 19:32:00,2025-12-02 02:20:00,low,high,1.16037,1.16162,UP,406,12.500000000001954,171.0,DOWN,48.50000000000021,678.0,1.16522,1.16037,1.1615145999999998,1.1622226999999998,1.162795,1.1633673,1.1641820999999999,1.16522,1.1665391999999999,1.1682173,1.17007,1.1730673,1.1779173,1.1809146,25.773195876292576,23.6-38.2
173,87631,87814,2025-12-02 02:20:00,2025-12-02 05:23:00,high,low,1.16162,1.15983,DOWN,183,17.900000000001803,172.0,UP,12.500000000001954,406.0,1.16037,1.16162,1.161325,1.1611425,1.160995,1.1608475,1.1606375,1.16037,1.16003,1.1595974999999998,1.1591199999999997,1.1583474999999996,1.1570974999999994,1.1563249999999992,143.19999999999203,127.2-161.8
174,87814,88039,2025-12-02 05:23:00,2025-12-02 09:08:00,low,high,1.15983,1.1623,UP,225,24.700000000001943,173.0,DOWN,17.900000000001803,183.0,1.16162,1.15983,1.16025244,1.16051378,1.160725,1.16093622,1.16123694,1.16162,1.16210688,1.1627262200000001,1.1634100000000003,1.1645162200000003,1.1663062200000005,1.1674124400000008,137.98882681563938,127.2-161.8
175,88039,88209,2025-12-02 09:08:00,2025-12-02 11:58:00,high,low,1.1623,1.1591,DOWN,170,32.00000000000092,174.0,UP,24.700000000001943,225.0,1.15983,1.1623,1.16171708,1.1613564600000001,1.161065,1.1607735399999999,1.16035858,1.15983,1.1591581599999998,1.1583035399999997,1.1573599999999997,1.1558335399999995,1.1533635399999993,1.1518370799999993,129.55465587043886,127.2-161.8
176,88209,89062,2025-12-02 11:58:00,2025-12-03 02:17:00,low,high,1.1591,1.16526,UP,853,61.59999999999943,175.0,DOWN,32.00000000000092,170.0,1.1623,1.1591,1.1598552,1.1603224,1.1607,1.1610776,1.1616152000000002,1.1623,1.1631704,1.1642776000000001,1.1655000000000002,1.1674776000000002,1.1706776000000003,1.1726552000000003,192.49999999999272,161.8-200.0
177,89062,89153,2025-12-03 02:17:00,2025-12-03 03:48:00,high,low,1.16526,1.16356,DOWN,91,17.000000000000348,176.0,UP,61.59999999999943,853.0,1.1591,1.16526,1.16380624,1.16290688,1.16218,1.16145312,1.16041824,1.1591,1.15742448,1.15529312,1.15294,1.1491331200000001,1.1429731200000002,1.1391662400000002,27.597402597403413,23.6-38.2
178,89153,89786,2025-12-03 03:48:00,2025-12-03 14:21:00,low,high,1.16356,1.16775,UP,633,41.900000000001384,177.0,DOWN,17.000000000000348,91.0,1.16526,1.16356,1.1639612,1.1642093999999998,1.16441,1.1646106,1.1648962,1.16526,1.1657224,1.1663106,1.16696,1.1680106000000001,1.1697106000000002,1.1707612,246.47058823529719,200.0-261.8
179,89786,90443,2025-12-03 14:21:00,2025-12-04 01:23:00,high,low,1.16775,1.16529,DOWN,657,24.600000000001288,178.0,UP,41.900000000001384,633.0,1.16356,1.16775,1.16676116,1.16614942,1.165655,1.16516058,1.16445666,1.16356,1.1624203199999998,1.1609705799999999,1.1593699999999998,1.1567805799999997,1.1525905799999996,1.1500011599999995,58.71121718377202,50.0-61.8
180,90443,90596,2025-12-04 01:23:00,2025-12-04 03:56:00,low,high,1.16529,1.16819,UP,153,29.000000000001247,179.0,DOWN,24.600000000001288,657.0,1.16775,1.16529,1.16587056,1.16622972,1.16652,1.16681028,1.16722356,1.16775,1.16841912,1.16927028,1.1702100000000002,1.1717302800000002,1.1741902800000004,1.1757105600000004,117.88617886178751,100.0-127.2
181,90596,91343,2025-12-04 03:56:00,2025-12-04 16:23:00,high,low,1.16819,1.16409,DOWN,747,40.99999999999993,180.0,UP,29.000000000001247,153.0,1.16529,1.16819,1.1675056000000001,1.1670822,1.1667399999999999,1.1663978,1.1659106,1.16529,1.1645012,1.1634977999999998,1.1623899999999998,1.1605977999999997,1.1576977999999996,1.1559055999999996,141.37931034482125,127.2-161.8
182,91343,91956,2025-12-04 16:23:00,2025-12-05 02:40:00,low,high,1.16409,1.16717,UP,613,30.799999999999716,181.0,DOWN,40.99999999999993,747.0,1.16819,1.16409,1.1650576000000001,1.1656562000000001,1.16614,1.1666238,1.1673126,1.16819,1.1693052000000002,1.1707238,1.17229,1.1748238,1.1789238,1.1814576,75.12195121951164,61.8-78.6
183,91956,92476,2025-12-05 02:40:00,2025-12-05 11:20:00,high,low,1.16717,1.16279,DOWN,520,43.80000000000051,182.0,UP,30.799999999999716,613.0,1.16409,1.16717,1.16644312,1.16599344,1.1656300000000002,1.16526656,1.16474912,1.16409,1.16325224,1.16218656,1.16101,1.1591065600000001,1.1560265600000001,1.1541231200000002,142.20779220779517,127.2-161.8
184,92476,93299,2025-12-05 11:20:00,2025-12-08 01:04:00,low,high,1.16279,1.16718,UP,823,43.90000000000116,183.0,DOWN,43.80000000000051,520.0,1.16717,1.16279,1.16382368,1.16446316,1.16498,1.16549684,1.16623268,1.16717,1.16836136,1.1698768400000001,1.17155,1.1742568400000002,1.1786368400000002,1.1813436800000001,100.2283105022846,100.0-127.2
185,93299,93920,2025-12-08 01:04:00,2025-12-08 11:25:00,high,low,1.16718,1.16163,DOWN,621,55.50000000000166,184.0,UP,43.90000000000116,823.0,1.16279,1.16718,1.16614396,1.16550302,1.1649850000000002,1.16446698,1.16372946,1.16279,1.16159592,1.16007698,1.1583999999999999,1.1556869799999998,1.1512969799999997,1.1485839599999996,126.42369020501182,100.0-127.2
186,93920,94729,2025-12-08 11:25:00,2025-12-09 00:59:00,low,high,1.16163,1.16502,UP,809,33.90000000000004,185.0,DOWN,55.50000000000166,621.0,1.16718,1.16163,1.1629398,1.1637501,1.164405,1.1650599000000001,1.1659923,1.16718,1.1686896000000002,1.1706099000000003,1.1727300000000003,1.1761599000000005,1.1817099000000006,1.1851398000000006,61.081081081079326,50.0-61.8
187,94729,94857,2025-12-09 00:59:00,2025-12-09 03:07:00,high,low,1.16502,1.16334,DOWN,128,16.799999999999038,186.0,UP,33.90000000000004,809.0,1.16163,1.16502,1.16421996,1.16372502,1.163325,1.1629249799999999,1.16235546,1.16163,1.16070792,1.1595349799999999,1.15824,1.1561449799999999,1.1527549799999999,1.15065996,49.557522123890905,38.2-50.0
188,94857,94958,2025-12-09 03:07:00,2025-12-09 04:48:00,low,high,1.16334,1.16571,UP,101,23.699999999999832,187.0,DOWN,16.799999999999038,128.0,1.16502,1.16334,1.16373648,1.16398176,1.16418,1.16437824,1.16466048,1.16502,1.16547696,1.16605824,1.1666999999999998,1.1677382399999998,1.1694182399999997,1.1704564799999997,141.07142857143563,127.2-161.8
189,94958,95280,2025-12-09 04:48:00,2025-12-09 10:10:00,high,low,1.16571,1.16149,DOWN,322,42.200000000001125,188.0,UP,23.699999999999832,101.0,1.16334,1.16571,1.16515068,1.16480466,1.164525,1.1642453400000001,1.16384718,1.16334,1.16269536,1.1618753400000001,1.16097,1.1595053400000002,1.1571353400000002,1.15567068,178.05907172996382,161.8-200.0
190,95280,97311,2025-12-09 10:10:00,2025-12-10 20:06:00,low,high,1.16149,1.17072,UP,2031,92.30000000000072,189.0,DOWN,42.200000000001125,322.0,1.16571,1.16149,1.16248592,1.16310204,1.1636,1.1640979599999999,1.16480692,1.16571,1.16685784,1.16831796,1.1699300000000001,1.17253796,1.1767579600000002,1.1793659200000004,218.72037914691532,200.0-261.8
191,97311,97625,2025-12-10 20:06:00,2025-12-11 01:20:00,high,low,1.17072,1.16821,DOWN,314,25.100000000000122,190.0,UP,92.30000000000072,2031.0,1.16149,1.17072,1.16854172,1.1671941399999999,1.166105,1.16501586,1.16346522,1.16149,1.15897944,1.15578586,1.1522599999999998,1.1465558599999999,1.1373258599999998,1.1316217199999996,27.193932827735566,23.6-38.2
192,97625,98277,2025-12-11 01:20:00,2025-12-11 12:12:00,low,high,1.16821,1.17627,UP,652,80.59999999999957,191.0,DOWN,25.100000000000122,314.0,1.17072,1.16821,1.16880236,1.1691688199999999,1.169465,1.16976118,1.17018286,1.17072,1.17140272,1.17227118,1.17323,1.17478118,1.17729118,1.17884236,321.1155378486023,261.8-361.8
193,98277,98940,2025-12-11 12:12:00,2025-12-11 23:16:00,high,low,1.17627,1.1731,DOWN,663,31.69999999999895,192.0,UP,80.59999999999957,652.0,1.16821,1.17627,1.17436784,1.17319108,1.17224,1.1712889199999998,1.16993484,1.16821,1.16601768,1.1632289199999999,1.16015,1.15516892,1.14710892,1.1421278400000001,39.330024813894696,38.2-50.0
194,98940,99138,2025-12-11 23:16:00,2025-12-12 02:35:00,low,high,1.1731,1.17432,UP,198,12.199999999999989,193.0,DOWN,31.69999999999895,663.0,1.17627,1.1731,1.17384812,1.17431094,1.174685,1.17505906,1.17559162,1.17627,1.17713224,1.1782290599999998,1.1794399999999998,1.1813990599999997,1.1845690599999996,1.1865281199999995,38.485804416405024,38.2-50.0
195,99138,99453,2025-12-12 02:35:00,2025-12-12 07:50:00,high,low,1.17432,1.17195,DOWN,315,23.699999999999832,194.0,UP,12.199999999999989,198.0,1.1731,1.17432,1.17403208,1.17385396,1.17371,1.17356604,1.17336108,1.1731,1.17276816,1.17234604,1.17188,1.17112604,1.16990604,1.16915208,194.26229508196602,161.8-200.0
196,99453,99796,2025-12-12 07:50:00,2025-12-12 13:33:00,low,high,1.17195,1.17497,UP,343,30.200000000000227,195.0,DOWN,23.699999999999832,315.0,1.17432,1.17195,1.17250932,1.1728553400000001,1.173135,1.17341466,1.17381282,1.17432,1.17496464,1.17578466,1.17669,1.17815466,1.18052466,1.18198932,127.4261603375546,127.2-161.8
197,99796,100614,2025-12-12 13:33:00,2025-12-15 03:13:00,high,low,1.17497,1.17264,DOWN,818,23.300000000001653,196.0,UP,30.200000000000227,343.0,1.17195,1.17497,1.17425728,1.17381636,1.17346,1.1731036400000001,1.17259628,1.17195,1.17112856,1.17008364,1.16893,1.16706364,1.16404364,1.1621772799999999,77.15231788079959,61.8-78.6
198,100614,101027,2025-12-15 03:13:00,2025-12-15 10:06:00,low,high,1.17264,1.17688,UP,413,42.40000000000022,197.0,DOWN,23.300000000001653,818.0,1.17497,1.17264,1.17318988,1.17353006,1.173805,1.17407994,1.17447138,1.17497,1.1756037600000002,1.17640994,1.1773000000000002,1.1787399400000003,1.1810699400000004,1.1825098800000007,181.97424892702665,161.8-200.0
199,101027,101278,2025-12-15 10:06:00,2025-12-15 14:17:00,high,low,1.17688,1.17382,DOWN,251,30.599999999998406,198.0,UP,42.40000000000022,413.0,1.17264,1.17688,1.17587936,1.17526032,1.17476,1.1742596799999998,1.17354736,1.17264,1.1714867199999999,1.1700196799999998,1.1683999999999999,1.1657796799999998,1.1615396799999997,1.1589193599999998,72.16981132075058,61.8-78.6
200,101278,101567,2025-12-15 14:17:00,2025-12-15 19:11:00,low,high,1.17382,1.17579,UP,289,19.699999999998052,199.0,DOWN,30.599999999998406,251.0,1.17688,1.17382,1.1745421600000001,1.17498892,1.17535,1.17571108,1.17622516,1.17688,1.17771232,1.1787710799999997,1.1799399999999998,1.1818310799999996,1.1848910799999994,1.1867821599999995,64.37908496731724,61.8-78.6
201,101567,101666,2025-12-15 19:11:00,2025-12-15 20:50:00,high,low,1.17579,1.17467,DOWN,99,11.199999999997878,200.0,UP,19.699999999998052,289.0,1.17382,1.17579,1.17532508,1.17503746,1.174805,1.17457254,1.1742415800000001,1.17382,1.1732841600000001,1.1726025400000002,1.1718500000000003,1.1706325400000004,1.1686625400000006,1.1674450800000007,56.852791878167444,50.0-61.8
202,101666,101740,2025-12-15 20:50:00,2025-12-15 22:04:00,low,high,1.17467,1.1759,UP,74,12.299999999998423,201.0,DOWN,11.199999999997878,99.0,1.17579,1.17467,1.17493432,1.17509784,1.17523,1.17536216,1.17555032,1.17579,1.1760946399999999,1.1764821599999997,1.1769099999999997,1.1776021599999995,1.1787221599999993,1.1794143199999991,109.8214285714353,100.0-127.2
203,101740,101985,2025-12-15 22:04:00,2025-12-16 02:10:00,high,low,1.1759,1.17442,DOWN,245,14.799999999999258,202.0,UP,12.299999999998423,74.0,1.17467,1.1759,1.17560972,1.17543014,1.1752850000000001,1.17513986,1.17493322,1.17467,1.1743354400000001,1.1739098600000002,1.1734400000000003,1.1726798600000004,1.1714498600000005,1.1706897200000006,120.32520325204192,100.0-127.2
204,101985,102456,2025-12-16 02:10:00,2025-12-16 10:01:00,low,high,1.17442,1.1804,UP,471,59.79999999999875,203.0,DOWN,14.799999999999258,245.0,1.1759,1.17442,1.17476928,1.17498536,1.17516,1.17533464,1.17558328,1.1759,1.1763025599999999,1.17681464,1.1773799999999999,1.1782946399999998,1.1797746399999998,1.1806892799999997,404.05405405406583,361.8-423.6
205,102456,103438,2025-12-16 10:01:00,2025-12-17 02:24:00,high,low,1.1804,1.1703,DOWN,982,100.99999999999997,204.0,UP,59.79999999999875,471.0,1.17442,1.1804,1.17898872,1.17811564,1.17741,1.17670436,1.17569972,1.17442,1.17279344,1.1707243600000001,1.1684400000000001,1.1647443600000003,1.1587643600000004,1.1550687200000005,168.89632107023763,161.8-200.0
206,103438,103933,2025-12-17 02:24:00,2025-12-17 10:39:00,low,high,1.1703,1.1758,UP,495,55.000000000000604,205.0,DOWN,100.99999999999997,982.0,1.1804,1.1703,1.1726835999999998,1.1741582,1.17535,1.1765417999999999,1.1782385999999998,1.1804,1.1831471999999998,1.1866417999999999,1.1905,1.1967417999999999,1.2068417999999999,1.2130835999999998,54.45544554455507,50.0-61.8
207,103933,104539,2025-12-17 10:39:00,2025-12-17 20:53:00,high,low,1.1758,1.1735,DOWN,606,22.999999999999687,206.0,UP,55.000000000000604,495.0,1.1703,1.1758,1.174502,1.1736989999999998,1.17305,1.172401,1.1714769999999999,1.1703,1.168804,1.166901,1.1647999999999998,1.161401,1.1559009999999998,1.1525019999999997,41.81818181818079,38.2-50.0
208,104539,104851,2025-12-17 20:53:00,2025-12-18 02:05:00,low,high,1.1735,1.17496,UP,312,14.600000000000168,207.0,DOWN,22.999999999999687,606.0,1.1758,1.1735,1.1740428,1.1743786,1.17465,1.1749214,1.1753078,1.1758,1.1764256,1.1772213999999999,1.1781,1.1795213999999998,1.1818213999999998,1.1832428,63.47826086956682,61.8-78.6
209,104851,105171,2025-12-18 02:05:00,2025-12-18 07:25:00,high,low,1.17496,1.17123,DOWN,320,37.30000000000011,208.0,UP,14.600000000000168,312.0,1.1735,1.17496,1.17461544,1.17440228,1.17423,1.17405772,1.17381244,1.1735,1.17310288,1.17259772,1.17204,1.17113772,1.16967772,1.1687754399999999,255.47945205479232,200.0-261.8
210,105171,105258,2025-12-18 07:25:00,2025-12-18 08:52:00,low,high,1.17123,1.17627,UP,87,50.39999999999934,209.0,DOWN,37.30000000000011,320.0,1.17496,1.17123,1.17211028,1.17265486,1.173095,1.17353514,1.17416178,1.17496,1.17597456,1.17726514,1.17869,1.18099514,1.18472514,1.18703028,135.1206434316332,127.2-161.8
211,105258,106656,2025-12-18 08:52:00,2025-12-19 08:21:00,high,low,1.17627,1.17021,DOWN,1398,60.59999999999954,210.0,UP,50.39999999999934,87.0,1.17123,1.17627,1.17508056,1.17434472,1.17375,1.17315528,1.17230856,1.17123,1.16985912,1.16811528,1.16619,1.1630752800000002,1.1580352800000002,1.1549205600000003,120.23809523809592,100.0-127.2
212,106656,106722,2025-12-19 08:21:00,2025-12-19 09:27:00,low,high,1.17021,1.17377,UP,66,35.60000000000008,211.0,DOWN,60.59999999999954,1398.0,1.17627,1.17021,1.17164016,1.1725249199999999,1.1732399999999998,1.17395508,1.17497316,1.17627,1.1779183199999999,1.18001508,1.1823299999999999,1.18607508,1.19213508,1.1958801599999997,58.74587458745931,50.0-61.8
213,106722,107292,2025-12-19 09:27:00,2025-12-21 18:57:00,high,low,1.17377,1.17058,DOWN,570,31.90000000000026,212.0,UP,35.60000000000008,66.0,1.17021,1.17377,1.17292984,1.17241008,1.17199,1.17156992,1.17097184,1.17021,1.16924168,1.16800992,1.16665,1.16444992,1.16088992,1.1586898399999999,89.60674157303426,78.6-100.0
214,107292,107613,2025-12-21 18:57:00,2025-12-22 00:18:00,low,high,1.17058,1.17221,UP,321,16.300000000000203,213.0,DOWN,31.90000000000026,570.0,1.17377,1.17058,1.17133284,1.17179858,1.172175,1.17255142,1.17308734,1.17377,1.17463768,1.17574142,1.17696,1.17893142,1.18212142,1.1840928400000001,51.0971786833858,50.0-61.8
215,107613,107709,2025-12-22 00:18:00,2025-12-22 01:54:00,high,low,1.17221,1.17127,DOWN,96,9.399999999999409,214.0,UP,16.300000000000203,321.0,1.17058,1.17221,1.17182532,1.1715873399999999,1.171395,1.17120266,1.1709288199999999,1.17058,1.17013664,1.16957266,1.16895,1.16794266,1.16631266,1.1653053199999999,57.668711656437374,50.0-61.8
216,107709,109484,2025-12-22 01:54:00,2025-12-23 07:31:00,low,high,1.17127,1.18021,UP,1775,89.39999999999948,215.0,DOWN,9.399999999999409,96.0,1.17221,1.17127,1.17149184,1.17162908,1.17174,1.17185092,1.17200884,1.17221,1.17246568,1.17279092,1.17315,1.17373092,1.1746709199999998,1.1752518399999998,951.0638297872883,>=423.6
217,109484,109679,2025-12-23 07:31:00,2025-12-23 10:46:00,high,low,1.18021,1.17637,DOWN,195,38.40000000000066,216.0,UP,89.39999999999948,1775.0,1.17127,1.18021,1.17810016,1.17679492,1.17574,1.17468508,1.17318316,1.17127,1.16883832,1.16574508,1.16233,1.15680508,1.14786508,1.1423401600000003,42.95302013422917,38.2-50.0
218,109679,110303,2025-12-23 10:46:00,2025-12-23 21:11:00,low,high,1.17637,1.18079,UP,624,44.200000000000905,217.0,DOWN,38.40000000000066,195.0,1.18021,1.17637,1.1772762399999999,1.1778368799999999,1.17829,1.17874312,1.17938824,1.18021,1.18125448,1.18258312,1.18405,1.1864231200000002,1.1902631200000002,1.1926362400000001,115.10416666666706,100.0-127.2
219,110303,111491,2025-12-23 21:11:00,2025-12-24 17:10:00,high,low,1.18079,1.17695,DOWN,1188,38.40000000000066,218.0,UP,44.200000000000905,624.0,1.17637,1.18079,1.17974688,1.1791015599999999,1.17858,1.17805844,1.1773158799999999,1.17637,1.17516776,1.17363844,1.1719499999999998,1.1692184399999999,1.1647984399999998,1.1620668799999996,86.87782805429835,78.6-100.0
220,111491,111546,2025-12-24 17:10:00,2025-12-24 20:23:00,low,high,1.17695,1.17835,UP,55,14.000000000000679,219.0,DOWN,38.40000000000066,1188.0,1.18079,1.17695,1.1778562399999999,1.1784168799999999,1.1788699999999999,1.17932312,1.17996824,1.18079,1.18183448,1.1831631200000001,1.18463,1.1870031200000002,1.1908431200000003,1.1932162400000002,36.45833333333447,23.6-38.2
221,111546,111681,2025-12-24 20:23:00,2025-12-25 02:47:00,high,low,1.17835,1.17663,DOWN,135,17.199999999999438,220.0,UP,14.000000000000679,55.0,1.17695,1.17835,1.1780196,1.1778152,1.1776499999999999,1.1774848,1.1772496,1.17695,1.1765691999999999,1.1760848,1.1755499999999999,1.1746847999999999,1.1732847999999998,1.1724195999999998,122.8571428571329,100.0-127.2
222,111681,111984,2025-12-25 02:47:00,2025-12-25 21:57:00,low,high,1.17663,1.17934,UP,303,27.099999999999902,221.0,DOWN,17.199999999999438,135.0,1.17835,1.17663,1.17703592,1.17728704,1.1774900000000001,1.1776929600000001,1.1779819200000001,1.17835,1.17881784,1.17941296,1.18007,1.18113296,1.18285296,1.1839159199999998,157.5581395348883,127.2-161.8
223,111984,112293,2025-12-25 21:57:00,2025-12-26 03:07:00,high,low,1.17934,1.17662,DOWN,309,27.200000000000557,222.0,UP,27.099999999999902,303.0,1.17663,1.17934,1.17870044,1.1783047800000002,1.177985,1.17766522,1.17720994,1.17663,1.1758928800000001,1.17495522,1.17392,1.17224522,1.16953522,1.16786044,100.36900369003932,100.0-127.2
224,112293,112632,2025-12-26 03:07:00,2025-12-26 08:46:00,low,high,1.17662,1.17966,UP,339,30.399999999999316,223.0,DOWN,27.200000000000557,309.0,1.17934,1.17662,1.17726192,1.17765904,1.17798,1.17830096,1.17875792,1.17934,1.18007984,1.1810209600000001,1.18206,1.1837409600000002,1.1864609600000002,1.1881419200000003,111.76470588234815,100.0-127.2
225,112632,112859,2025-12-26 08:46:00,2025-12-26 12:33:00,high,low,1.17966,1.17615,DOWN,227,35.09999999999902,224.0,UP,30.399999999999316,339.0,1.17662,1.17966,1.1789425599999999,1.1784987199999999,1.17814,1.17778128,1.17727056,1.17662,1.17579312,1.17474128,1.17358,1.1717012800000002,1.1686612800000002,1.1667825600000001,115.46052631578885,100.0-127.2
226,112859,113346,2025-12-26 12:33:00,2025-12-28 20:47:00,low,high,1.17615,1.17862,UP,487,24.699999999999722,225.0,DOWN,35.09999999999902,227.0,1.17966,1.17615,1.1769783600000001,1.17749082,1.177905,1.17831918,1.17890886,1.17966,1.18061472,1.1818291799999998,1.1831699999999998,1.1853391799999997,1.1888491799999996,1.1910183599999997,70.37037037037153,61.8-78.6
227,113346,113564,2025-12-28 20:47:00,2025-12-29 00:26:00,high,low,1.17862,1.17537,DOWN,218,32.49999999999975,226.0,UP,24.699999999999722,487.0,1.17615,1.17862,1.17803708,1.17767646,1.1773850000000001,1.17709354,1.17667858,1.17615,1.17547816,1.17462354,1.17368,1.17215354,1.16968354,1.16815708,131.57894736842152,127.2-161.8
228,113564,113818,2025-12-29 00:26:00,2025-12-29 04:40:00,low,high,1.17537,1.1789,UP,254,35.30000000000033,227.0,DOWN,32.49999999999975,218.0,1.17862,1.17537,1.176137,1.1766115,1.176995,1.1773785,1.1779245,1.17862,1.1795039999999999,1.1806285,1.18187,1.1838785,1.1871285,1.1891369999999999,108.61538461538646,100.0-127.2
229,113818,114283,2025-12-29 04:40:00,2025-12-29 12:25:00,high,low,1.1789,1.17493,DOWN,465,39.70000000000029,228.0,UP,35.30000000000033,254.0,1.17537,1.1789,1.17806692,1.17755154,1.177135,1.17671846,1.17612542,1.17537,1.17440984,1.17318846,1.17184,1.16965846,1.16612846,1.1639469199999999,112.46458923512725,100.0-127.2
230,114283,115051,2025-12-29 12:25:00,2025-12-30 01:19:00,low,high,1.17493,1.17797,UP,768,30.399999999999316,229.0,DOWN,39.70000000000029,465.0,1.1789,1.17493,1.17586692,1.1764465400000002,1.1769150000000002,1.17738346,1.1780504200000002,1.1789,1.1799798400000001,1.18135346,1.18287,1.18532346,1.18929346,1.1917469200000002,76.5743073047836,61.8-78.6
231,115051,116640,2025-12-30 01:19:00,2025-12-31 04:02:00,high,low,1.17797,1.17199,DOWN,1589,59.79999999999875,230.0,UP,30.399999999999316,768.0,1.17493,1.17797,1.17725256,1.17680872,1.17645,1.17609128,1.17558056,1.17493,1.17410312,1.1730512800000001,1.17189,1.1700112800000002,1.1669712800000003,1.1650925600000002,196.71052631578976,161.8-200.0
232,116640,116873,2025-12-31 04:02:00,2025-12-31 07:55:00,low,high,1.17199,1.17592,UP,233,39.29999999999989,231.0,DOWN,59.79999999999875,1589.0,1.17797,1.17199,1.17340128,1.17427436,1.1749800000000001,1.17568564,1.17669028,1.17797,1.17959656,1.1816656399999999,1.1839499999999998,1.1876456399999997,1.1936256399999996,1.1973212799999995,65.7190635451517,61.8-78.6
233,116873,117014,2025-12-31 07:55:00,2025-12-31 10:16:00,high,low,1.17592,1.17202,DOWN,141,39.00000000000014,232.0,UP,39.29999999999989,233.0,1.17199,1.17592,1.17499252,1.1744187400000001,1.173955,1.17349126,1.17283102,1.17199,1.17092104,1.16956126,1.16806,1.16563126,1.16170126,1.15927252,99.23664122137468,78.6-100.0
234,117014,117761,2025-12-31 10:16:00,2026-01-01 22:52:00,low,high,1.17202,1.17649,UP,747,44.69999999999974,233.0,DOWN,39.00000000000014,141.0,1.17592,1.17202,1.1729404,1.1735098000000002,1.1739700000000002,1.1744302,1.1750854000000002,1.17592,1.1769808000000002,1.1783302,1.17982,1.1822302,1.1861302,1.1885404000000002,114.61538461538352,100.0-127.2
235,117761,118158,2026-01-01 22:52:00,2026-01-02 05:30:00,high,low,1.17649,1.17132,DOWN,397,51.70000000000119,234.0,UP,44.69999999999974,747.0,1.17202,1.17649,1.17543508,1.17478246,1.174255,1.17372754,1.17297658,1.17202,1.17080416,1.16925754,1.16755,1.16478754,1.16031754,1.15755508,115.65995525727402,100.0-127.2
236,118158,118491,2026-01-02 05:30:00,2026-01-02 11:03:00,low,high,1.17132,1.17542,UP,333,40.99999999999993,235.0,DOWN,51.70000000000119,397.0,1.17649,1.17132,1.1725401199999999,1.17329494,1.173905,1.17451506,1.17538362,1.17649,1.1778962400000001,1.1796850600000002,1.1816600000000002,1.1848550600000003,1.1900250600000004,1.1932201200000003,79.30367504835392,78.6-100.0
237,118491,119173,2026-01-02 11:03:00,2026-01-04 22:27:00,high,low,1.17542,1.16721,DOWN,682,82.09999999999829,236.0,UP,40.99999999999993,333.0,1.17132,1.17542,1.1744523999999998,1.1738537999999998,1.1733699999999998,1.1728862,1.1721974,1.17132,1.1702047999999998,1.1687862,1.16722,1.1646862,1.1605862,1.1580523999999999,200.24390243902056,200.0-261.8
238,119173,119476,2026-01-04 22:27:00,2026-01-05 03:30:00,low,high,1.16721,1.16948,UP,303,22.699999999999942,237.0,DOWN,82.09999999999829,682.0,1.17542,1.16721,1.16914756,1.17034622,1.1713149999999999,1.1722837799999999,1.17366306,1.17542,1.1776531199999998,1.1804937799999997,1.1836299999999997,1.1887037799999995,1.1969137799999994,1.2019875599999994,27.649208282582727,23.6-38.2
239,119476,119788,2026-01-05 03:30:00,2026-01-05 08:42:00,high,low,1.16948,1.16588,DOWN,312,36.000000000000476,238.0,UP,22.699999999999942,303.0,1.16721,1.16948,1.16894428,1.16861286,1.168345,1.16807714,1.16769578,1.16721,1.16659256,1.16580714,1.16494,1.16353714,1.16126714,1.15986428,158.59030837004656,127.2-161.8
240,119788,120145,2026-01-05 08:42:00,2026-01-05 14:39:00,low,high,1.16588,1.17286,UP,357,69.79999999999987,239.0,DOWN,36.000000000000476,312.0,1.16948,1.16588,1.1667296,1.1672552,1.16768,1.1681048,1.1687096000000001,1.16948,1.1704592,1.1717048,1.1730800000000001,1.1753048000000001,1.1789048000000002,1.1811296000000002,193.88888888888593,161.8-200.0
241,120145,120446,2026-01-05 14:39:00,2026-01-05 19:42:00,high,low,1.17286,1.17106,DOWN,301,18.000000000000238,240.0,UP,69.79999999999987,357.0,1.16588,1.17286,1.17121272,1.17019364,1.16937,1.1685463600000001,1.16737372,1.16588,1.16398144,1.1615663600000001,1.1589,1.1545863600000001,1.1476063600000002,1.14329272,25.787965616046236,23.6-38.2
242,120446,120833,2026-01-05 19:42:00,2026-01-06 02:09:00,low,high,1.17106,1.17428,UP,387,32.2,241.0,DOWN,18.000000000000238,301.0,1.17286,1.17106,1.1714848,1.1717476,1.17196,1.1721724,1.1724748,1.17286,1.1733496,1.1739724,1.17466,1.1757724,1.1775724,1.1786848,178.88888888888656,161.8-200.0
243,120833,121582,2026-01-06 02:09:00,2026-01-06 14:38:00,high,low,1.17428,1.16837,DOWN,749,59.10000000000082,242.0,UP,32.2,387.0,1.17106,1.17428,1.17352008,1.17304996,1.17267,1.17229004,1.1717490799999999,1.17106,1.17018416,1.16907004,1.16784,1.16585004,1.16263004,1.16064008,183.54037267080997,161.8-200.0
244,121582,121976,2026-01-06 14:38:00,2026-01-06 21:13:00,low,high,1.16837,1.17025,UP,394,18.800000000001038,243.0,DOWN,59.10000000000082,749.0,1.17428,1.16837,1.1697647599999998,1.1706276199999999,1.171325,1.17202238,1.17301526,1.17428,1.17588752,1.1779323800000001,1.18019,1.1838423800000002,1.1897523800000003,1.1934047600000002,31.81049069374074,23.6-38.2
245,121976,122351,2026-01-06 21:13:00,2026-01-07 03:28:00,high,low,1.17025,1.16728,DOWN,375,29.69999999999917,244.0,UP,18.800000000001038,394.0,1.16837,1.17025,1.16980632,1.1695318399999999,1.1693099999999998,1.16908816,1.16877232,1.16837,1.16785864,1.16720816,1.1664899999999998,1.1653281599999998,1.1634481599999997,1.1622863199999995,157.9787234042422,127.2-161.8
246,122351,122751,2026-01-07 03:28:00,2026-01-07 10:08:00,low,high,1.16728,1.16985,UP,400,25.699999999999612,245.0,DOWN,29.69999999999917,375.0,1.17025,1.16728,1.16798092,1.1684145400000001,1.168765,1.16911546,1.16961442,1.17025,1.17105784,1.17208546,1.17322,1.1750554599999998,1.1780254599999997,1.1798609199999996,86.53198653198764,78.6-100.0
247,122751,123413,2026-01-07 10:08:00,2026-01-07 21:21:00,high,low,1.16985,1.16724,DOWN,662,26.100000000000012,246.0,UP,25.699999999999612,400.0,1.16728,1.16985,1.16924348,1.16886826,1.168565,1.1682617400000002,1.16782998,1.16728,1.1665809600000001,1.1656917400000002,1.1647100000000001,1.1631217400000002,1.1605517400000003,1.1589634800000002,101.5564202334646,100.0-127.2
248,123413,123484,2026-01-07 21:21:00,2026-01-07 22:32:00,low,high,1.16724,1.16828,UP,71,10.399999999999299,247.0,DOWN,26.100000000000012,662.0,1.16985,1.16724,1.16785596,1.16823702,1.168545,1.16885298,1.16929146,1.16985,1.17055992,1.17146298,1.17246,1.17407298,1.17668298,1.17829596,39.84674329501645,38.2-50.0
249,123484,125514,2026-01-07 22:32:00,2026-01-09 08:30:00,high,low,1.16828,1.16254,DOWN,2030,57.40000000000079,248.0,UP,10.399999999999299,71.0,1.16724,1.16828,1.16803456,1.16788272,1.16776,1.16763728,1.1674625600000001,1.16724,1.1669571200000002,1.1665972800000002,1.1662000000000001,1.1655572800000003,1.1645172800000003,1.1638745600000002,551.9230769231217,>=423.6
250,125514,125521,2026-01-09 08:30:00,2026-01-09 08:37:00,low,high,1.16254,1.16604,UP,7,35.00000000000058,249.0,DOWN,57.40000000000079,2030.0,1.16828,1.16254,1.1638946399999999,1.16473268,1.16541,1.16608732,1.16705164,1.16828,1.16984128,1.17182732,1.17402,1.17756732,1.1833073200000002,1.1868546400000002,60.97560975609775,50.0-61.8
251,125521,125625,2026-01-09 08:37:00,2026-01-09 10:21:00,high,low,1.16604,1.16179,DOWN,104,42.49999999999865,250.0,UP,35.00000000000058,7.0,1.16254,1.16604,1.165214,1.164703,1.1642899999999998,1.1638769999999998,1.163289,1.16254,1.1615879999999998,1.1603769999999998,1.1590399999999998,1.1568769999999997,1.1533769999999997,1.1512139999999997,121.42857142856553,100.0-127.2
252,125625,126972,2026-01-09 10:21:00,2026-01-12 08:52:00,low,high,1.16179,1.16984,UP,1347,80.4999999999989,251.0,DOWN,42.49999999999865,104.0,1.16604,1.16179,1.162793,1.1634135,1.163915,1.1644165,1.1651305,1.16604,1.167196,1.1686664999999998,1.1702899999999998,1.1729164999999997,1.1771664999999996,1.1797929999999994,189.4117647058858,161.8-200.0
253,126972,127976,2026-01-12 08:52:00,2026-01-13 01:40:00,high,low,1.16984,1.16537,DOWN,1004,44.69999999999974,252.0,UP,80.4999999999989,1347.0,1.16179,1.16984,1.1679402,1.1667649,1.165815,1.1648651,1.1635127,1.16179,1.1596004000000002,1.1568151000000002,1.1537400000000002,1.1487651000000003,1.1407151000000004,1.1357402000000005,55.52795031055944,50.0-61.8
254,127976,128176,2026-01-13 01:40:00,2026-01-13 05:00:00,low,high,1.16537,1.16742,UP,200,20.499999999998852,253.0,DOWN,44.69999999999974,1004.0,1.16984,1.16537,1.16642492,1.16707754,1.167605,1.16813246,1.16888342,1.16984,1.17105584,1.17260246,1.17431,1.17707246,1.18154246,1.18430492,45.861297539147586,38.2-50.0
255,128176,128382,2026-01-13 05:00:00,2026-01-13 08:26:00,high,low,1.16742,1.16501,DOWN,206,24.099999999998012,254.0,UP,20.499999999998852,200.0,1.16537,1.16742,1.1669361999999999,1.1666368999999999,1.166395,1.1661531,1.1658087,1.16537,1.1648124,1.1641031000000002,1.1633200000000001,1.1620531000000003,1.1600031000000004,1.1587362000000003,117.56097560975299,100.0-127.2
256,128382,128386,2026-01-13 08:26:00,2026-01-13 08:30:00,low,high,1.16501,1.16776,UP,4,27.49999999999808,255.0,DOWN,24.099999999998012,206.0,1.16742,1.16501,1.16557876,1.16593062,1.166215,1.16649938,1.16690426,1.16742,1.16807552,1.1689093799999999,1.1698299999999997,1.1713193799999997,1.1737293799999995,1.1752187599999993,114.10788381742884,100.0-127.2
257,128386,128555,2026-01-13 08:30:00,2026-01-13 11:19:00,high,low,1.16776,1.1634,DOWN,169,43.5999999999992,256.0,UP,27.49999999999808,4.0,1.16501,1.16776,1.167111,1.1667095,1.166385,1.1660605,1.1655985,1.16501,1.1642620000000001,1.1633105000000001,1.1622600000000003,1.1605605000000003,1.1578105000000005,1.1561110000000008,158.54545454546266,127.2-161.8
258,128555,129982,2026-01-13 11:19:00,2026-01-14 11:11:00,low,high,1.1634,1.16615,UP,1427,27.500000000000302,257.0,DOWN,43.5999999999992,169.0,1.16776,1.1634,1.16442896,1.16506552,1.1655799999999998,1.16609448,1.1668269599999999,1.16776,1.1689459199999999,1.1704544799999999,1.1721199999999998,1.1748144799999998,1.1791744799999997,1.1818689599999996,63.0733944954147,61.8-78.6
259,129982,130894,2026-01-14 11:11:00,2026-01-15 02:25:00,high,low,1.16615,1.16259,DOWN,912,35.60000000000008,258.0,UP,27.500000000000302,1427.0,1.1634,1.16615,1.1655010000000001,1.1650995,1.1647750000000001,1.1644505,1.1639885,1.1634,1.162652,1.1617005,1.16065,1.1589505,1.1562005,1.154501,129.4545454545443,127.2-161.8
260,130894,131084,2026-01-15 02:25:00,2026-01-15 05:35:00,low,high,1.16259,1.16409,UP,190,15.000000000000568,259.0,DOWN,35.60000000000008,912.0,1.16615,1.16259,1.16343016,1.16394992,1.16437,1.16479008,1.16538816,1.16615,1.16711832,1.16835008,1.16971,1.17191008,1.17547008,1.1776701600000001,42.13483146067566,38.2-50.0
261,131084,131332,2026-01-15 05:35:00,2026-01-15 09:43:00,high,low,1.16409,1.1593,DOWN,248,47.900000000000716,260.0,UP,15.000000000000568,190.0,1.16259,1.16409,1.163736,1.1635170000000001,1.16334,1.163163,1.162911,1.16259,1.162182,1.161663,1.16109,1.1601629999999998,1.1586629999999998,1.1577359999999999,319.33333333332604,261.8-361.8
262,131332,132794,2026-01-15 09:43:00,2026-01-16 10:15:00,low,high,1.1593,1.16273,UP,1462,34.30000000000044,261.0,DOWN,47.900000000000716,248.0,1.16409,1.1593,1.16043044,1.16112978,1.161695,1.16226022,1.1630649400000002,1.16409,1.1653928800000002,1.1670502200000001,1.1688800000000001,1.1718402200000002,1.1766302200000003,1.1795904400000004,71.60751565761989,61.8-78.6
263,132794,133207,2026-01-16 10:15:00,2026-01-18 17:08:00,high,low,1.16273,1.15777,DOWN,413,49.600000000000755,262.0,UP,34.30000000000044,1462.0,1.1593,1.16273,1.16192052,1.16141974,1.161015,1.1606102600000001,1.16003402,1.1593,1.15836704,1.15718026,1.15587,1.15375026,1.15032026,1.1482005199999998,144.60641399416943,127.2-161.8
264,133207,133751,2026-01-18 17:08:00,2026-01-19 02:13:00,low,high,1.15777,1.16412,UP,544,63.50000000000078,263.0,DOWN,49.600000000000755,413.0,1.16273,1.15777,1.15894056,1.15966472,1.16025,1.16083528,1.16166856,1.16273,1.16407912,1.16579528,1.1676900000000001,1.17075528,1.1757152800000001,1.1787805600000003,128.02419354838673,127.2-161.8
265,133751,133883,2026-01-19 02:13:00,2026-01-19 04:25:00,high,low,1.16412,1.1611,DOWN,132,30.200000000000227,264.0,UP,63.50000000000078,544.0,1.15777,1.16412,1.1626214,1.1616943,1.160945,1.1601957,1.1591289,1.15777,1.1560428,1.1538457,1.1514199999999999,1.1474957,1.1411456999999998,1.1372213999999996,47.55905511811001,38.2-50.0
266,133883,134420,2026-01-19 04:25:00,2026-01-19 13:22:00,low,high,1.1611,1.16487,UP,537,37.700000000000514,265.0,DOWN,30.200000000000227,132.0,1.16412,1.1611,1.1618127200000001,1.16225364,1.16261,1.16296636,1.16347372,1.16412,1.16494144,1.16598636,1.16714,1.16900636,1.17202636,1.1738927200000002,124.83443708609347,100.0-127.2
267,134420,134780,2026-01-19 13:22:00,2026-01-19 19:41:00,high,low,1.16487,1.16324,DOWN,360,16.300000000000203,266.0,UP,37.700000000000514,537.0,1.1611,1.16487,1.16398028,1.1634298600000001,1.162985,1.16254014,1.16190678,1.1611,1.16007456,1.15877014,1.15733,1.1550001399999998,1.1512301399999998,1.1489002799999999,43.23607427055698,38.2-50.0
268,134780,135553,2026-01-19 19:41:00,2026-01-20 08:34:00,low,high,1.16324,1.17688,UP,773,136.39999999999876,267.0,DOWN,16.300000000000203,360.0,1.16487,1.16324,1.16362468,1.1638626600000002,1.164055,1.16424734,1.1645211800000002,1.16487,1.16531336,1.16587734,1.1665,1.16750734,1.16913734,1.1701446800000002,836.8098159509021,>=423.6
269,135553,135942,2026-01-20 08:34:00,2026-01-20 15:04:00,high,low,1.17688,1.17106,DOWN,389,58.19999999999936,268.0,UP,136.39999999999876,773.0,1.16324,1.17688,1.1736609599999999,1.17166952,1.1700599999999999,1.16845048,1.16615896,1.16324,1.15952992,1.15481048,1.1496000000000002,1.1411704800000002,1.1275304800000003,1.1191009600000004,42.66862170087969,38.2-50.0
270,135942,136275,2026-01-20 15:04:00,2026-01-20 20:37:00,low,high,1.17106,1.17342,UP,333,23.599999999999177,269.0,DOWN,58.19999999999936,389.0,1.17688,1.17106,1.17243352,1.17328324,1.17397,1.17465676,1.17563452,1.17688,1.17846304,1.18047676,1.1826999999999999,1.1862967599999998,1.1921167599999998,1.1957135199999998,40.54982817869319,38.2-50.0
271,136275,136775,2026-01-20 20:37:00,2026-01-21 04:57:00,high,low,1.17342,1.17012,DOWN,500,32.999999999998586,270.0,UP,23.599999999999177,333.0,1.17106,1.17342,1.17286304,1.17251848,1.17224,1.17196152,1.17156504,1.17106,1.17041808,1.16960152,1.1687,1.1672415200000001,1.1648815200000002,1.1634230400000003,139.83050847457517,127.2-161.8
272,136775,137012,2026-01-21 04:57:00,2026-01-21 08:54:00,low,high,1.17012,1.1743,UP,237,41.799999999998505,271.0,DOWN,32.999999999998586,500.0,1.17342,1.17012,1.1708988,1.1713806,1.17177,1.1721594,1.1727138,1.17342,1.1743176,1.1754593999999998,1.1767199999999998,1.1787593999999997,1.1820593999999995,1.1840987999999995,126.66666666666757,100.0-127.2
273,137012,137590,2026-01-21 08:54:00,2026-01-21 18:33:00,high,low,1.1743,1.16697,DOWN,578,73.29999999999836,272.0,UP,41.799999999998505,237.0,1.17012,1.1743,1.17331352,1.17270324,1.17221,1.17171676,1.17101452,1.17012,1.16898304,1.1675367600000002,1.1659400000000002,1.1633567600000003,1.1591767600000005,1.1565935200000006,175.35885167464352,161.8-200.0
274,137590,139002,2026-01-21 18:33:00,2026-01-22 18:09:00,low,high,1.16697,1.17591,UP,1412,89.39999999999948,273.0,DOWN,73.29999999999836,578.0,1.1743,1.16697,1.1686998800000001,1.16977006,1.1706349999999999,1.17149994,1.1727313799999999,1.1743,1.1762937599999999,1.1788299399999997,1.1816299999999997,1.1861599399999996,1.1934899399999994,1.1980198799999995,121.96452933151633,100.0-127.2
275,139002,139550,2026-01-22 18:09:00,2026-01-23 03:19:00,high,low,1.17591,1.17283,DOWN,548,30.799999999999716,274.0,UP,89.39999999999948,1412.0,1.16697,1.17591,1.17380016,1.17249492,1.17144,1.17038508,1.16888316,1.16697,1.1645383200000001,1.16144508,1.1580300000000001,1.15250508,1.1435650800000001,1.1380401600000003,34.451901565995406,23.6-38.2
276,139550,140446,2026-01-23 03:19:00,2026-01-25 18:15:00,low,high,1.17283,1.18976,UP,896,169.2999999999989,275.0,DOWN,30.799999999999716,548.0,1.17591,1.17283,1.17355688,1.17400656,1.1743700000000001,1.17473344,1.17525088,1.17591,1.17674776,1.17781344,1.17899,1.18089344,1.18397344,1.18587688,549.6753246753261,>=423.6
277,140446,141279,2026-01-25 18:15:00,2026-01-26 08:08:00,high,low,1.18976,1.18347,DOWN,833,62.89999999999907,276.0,UP,169.2999999999989,896.0,1.17283,1.18976,1.18576452,1.18329274,1.181295,1.17929726,1.17645302,1.17283,1.16822504,1.1623672600000001,1.1559000000000001,1.1454372600000002,1.1285072600000003,1.1180445200000004,37.15298287064352,23.6-38.2
278,141279,141455,2026-01-26 08:08:00,2026-01-26 11:04:00,low,high,1.18347,1.19069,UP,176,72.20000000000005,277.0,DOWN,62.89999999999907,833.0,1.18976,1.18347,1.18495444,1.18587278,1.186615,1.18735722,1.18841394,1.18976,1.19147088,1.19364722,1.1960499999999998,1.1999372199999998,1.2062272199999997,1.2101144399999997,114.78537360890479,100.0-127.2
279,141455,142453,2026-01-26 11:04:00,2026-01-27 03:44:00,high,low,1.19069,1.18502,DOWN,998,56.70000000000064,278.0,UP,72.20000000000005,176.0,1.18347,1.19069,1.18898608,1.18793196,1.18708,1.18622804,1.18501508,1.18347,1.18150616,1.17900804,1.17625,1.17178804,1.16456804,1.16010608,78.5318559556795,61.8-78.6
280,142453,143177,2026-01-27 03:44:00,2026-01-27 15:48:00,low,high,1.18502,1.20822,UP,724,232.00000000000108,279.0,DOWN,56.70000000000064,998.0,1.19069,1.18502,1.18635812,1.18718594,1.1878549999999999,1.18852406,1.18947662,1.19069,1.19223224,1.19419406,1.19636,1.1998640600000001,1.2055340600000002,1.2090381200000002,409.1710758377398,361.8-423.6
281,143177,143669,2026-01-27 15:48:00,2026-01-28 00:02:00,high,low,1.20822,1.19748,DOWN,492,107.39999999999972,280.0,UP,232.00000000000108,724.0,1.18502,1.20822,1.2027448,1.1993576000000001,1.19662,1.1938824,1.1899848,1.18502,1.1787096,1.1706823999999998,1.1618199999999999,1.1474823999999997,1.1242823999999998,1.1099447999999996,46.293103448275524,38.2-50.0
282,143669,143802,2026-01-28 00:02:00,2026-01-28 02:15:00,low,high,1.19748,1.20257,UP,133,50.89999999999817,281.0,DOWN,107.39999999999972,492.0,1.20822,1.19748,1.20001464,1.20158268,1.2028500000000002,1.2041173200000002,1.2059216400000001,1.20822,1.21114128,1.2148573200000001,1.21896,1.22559732,1.23633732,1.24297464,47.39292364990531,38.2-50.0
283,143802,144509,2026-01-28 02:15:00,2026-01-28 14:02:00,high,low,1.20257,1.18957,DOWN,707,129.999999999999,282.0,UP,50.89999999999817,133.0,1.19748,1.20257,1.20136876,1.20062562,1.2000250000000001,1.19942438,1.19856926,1.19748,1.19609552,1.1943343800000001,1.1923900000000003,1.1892443800000003,1.1841543800000005,1.1810087600000008,255.40275049116636,200.0-261.8
284,144509,145228,2026-01-28 14:02:00,2026-01-29 02:03:00,low,high,1.18957,1.19964,UP,719,100.70000000000023,283.0,DOWN,129.999999999999,707.0,1.20257,1.18957,1.192638,1.194536,1.19607,1.197604,1.1997879999999999,1.20257,1.206106,1.2106039999999998,1.2155699999999998,1.2236039999999997,1.2366039999999996,1.2446379999999997,77.46153846153923,61.8-78.6
285,145228,145468,2026-01-29 02:03:00,2026-01-29 06:03:00,high,low,1.19964,1.19379,DOWN,240,58.50000000000133,284.0,UP,100.70000000000023,719.0,1.18957,1.19964,1.19726348,1.19579326,1.1946050000000001,1.19341674,1.19172498,1.18957,1.18683096,1.18334674,1.1795,1.17327674,1.16320674,1.1569834799999998,58.093346573983304,50.0-61.8
286,145468,145705,2026-01-29 06:03:00,2026-01-29 10:00:00,low,high,1.19379,1.19725,UP,237,34.600000000000186,285.0,DOWN,58.50000000000133,240.0,1.19964,1.19379,1.1951706,1.1960247,1.196715,1.1974053,1.1983881,1.19964,1.2012312,1.2032553000000001,1.2054900000000002,1.2091053000000003,1.2149553000000004,1.2185706000000005,59.145299145298125,50.0-61.8
287,145705,145733,2026-01-29 10:00:00,2026-01-29 10:28:00,high,low,1.19725,1.19059,DOWN,28,66.59999999999889,286.0,UP,34.600000000000186,237.0,1.19379,1.19725,1.1964334399999998,1.19592828,1.19552,1.1951117199999999,1.1945304399999999,1.19379,1.19284888,1.1916517199999999,1.1903299999999999,1.1881917199999998,1.1847317199999998,1.1825934399999998,192.4855491329437,161.8-200.0
288,145733,146218,2026-01-29 10:28:00,2026-01-29 18:35:00,low,high,1.19059,1.19745,UP,485,68.59999999999866,287.0,DOWN,66.59999999999889,28.0,1.19725,1.19059,1.19216176,1.19313412,1.1939199999999999,1.1947058799999999,1.19582476,1.19725,1.1990615199999999,1.2013658799999998,1.2039099999999998,1.2080258799999997,1.2146858799999996,1.2188017599999996,103.00300300300272,100.0-127.2
289,146218,146384,2026-01-29 18:35:00,2026-01-29 21:21:00,high,low,1.19745,1.18948,DOWN,166,79.69999999999811,288.0,UP,68.59999999999866,485.0,1.19059,1.19745,1.1958310399999998,1.1948294799999999,1.19402,1.19321052,1.19205804,1.19059,1.18872408,1.1863505200000002,1.1837300000000002,1.1794905200000003,1.1726305200000005,1.1683910400000004,116.18075801749221,100.0-127.2
290,146384,146727,2026-01-29 21:21:00,2026-01-30 03:04:00,low,high,1.18948,1.19431,UP,343,48.2999999999989,289.0,DOWN,79.69999999999811,166.0,1.19745,1.18948,1.1913609200000002,1.19252454,1.193465,1.19440546,1.19574442,1.19745,1.19961784,1.2023754599999998,1.2054199999999997,1.2103454599999997,1.2183154599999995,1.2232409199999994,60.60225846925979,50.0-61.8
291,146727,146836,2026-01-30 03:04:00,2026-01-30 04:53:00,high,low,1.19431,1.18981,DOWN,109,44.99999999999949,290.0,UP,48.2999999999989,343.0,1.18948,1.19431,1.19317012,1.19246494,1.1918950000000001,1.19132506,1.1905136200000002,1.18948,1.1881662400000002,1.1864950600000002,1.1846500000000002,1.1816650600000003,1.1768350600000004,1.1738501200000004,93.16770186335509,78.6-100.0
292,146836,146965,2026-01-30 04:53:00,2026-01-30 07:02:00,low,high,1.18981,1.19546,UP,129,56.49999999999933,291.0,DOWN,44.99999999999949,109.0,1.19431,1.18981,1.190872,1.191529,1.1920600000000001,1.192591,1.193347,1.19431,1.1955339999999999,1.197091,1.19881,1.2015909999999999,1.2060909999999998,1.2088719999999997,125.55555555555551,100.0-127.2
293,146965,147639,2026-01-30 07:02:00,2026-02-01 18:20:00,high,low,1.19546,1.18395,DOWN,674,115.09999999999908,292.0,UP,56.49999999999933,129.0,1.18981,1.19546,1.1941266,1.1933017,1.1926350000000001,1.1919683,1.1910191,1.18981,1.1882732,1.1863183000000002,1.18416,1.1806683000000002,1.1750183000000003,1.1715266000000002,203.71681415929282,200.0-261.8
294,147639,148376,2026-02-01 18:20:00,2026-02-02 06:37:00,low,high,1.18395,1.18712,UP,737,31.69999999999895,293.0,DOWN,115.09999999999908,674.0,1.19546,1.18395,1.18666636,1.18834682,1.189705,1.19106318,1.19299686,1.19546,1.1985907199999999,1.20257318,1.2069699999999999,1.2140831799999998,1.2255931799999997,1.2327063599999997,27.54126846220608,23.6-38.2
295,148376,148829,2026-02-02 06:37:00,2026-02-02 14:10:00,high,low,1.18712,1.17758,DOWN,453,95.39999999999881,294.0,UP,31.69999999999895,737.0,1.18395,1.18712,1.18637188,1.18590906,1.185535,1.18516094,1.18462838,1.18395,1.18308776,1.1819909400000002,1.1807800000000002,1.1788209400000003,1.1756509400000004,1.1736918800000005,300.9463722397538,261.8-361.8
296,148829,149585,2026-02-02 14:10:00,2026-02-03 02:48:00,low,high,1.17758,1.18243,UP,756,48.50000000000021,295.0,DOWN,95.39999999999881,453.0,1.18712,1.17758,1.17983144,1.1812242800000001,1.18235,1.18347572,1.18507844,1.18712,1.18971488,1.1930157199999998,1.1966599999999998,1.2025557199999997,1.2120957199999995,1.2179914399999996,50.83857442348093,50.0-61.8
297,149585,149967,2026-02-03 02:48:00,2026-02-03 09:10:00,high,low,1.18243,1.178,DOWN,382,44.30000000000156,296.0,UP,48.50000000000021,756.0,1.17758,1.18243,1.1812854000000002,1.1805773000000002,1.180005,1.1794327,1.1786179,1.17758,1.1762608,1.1745827,1.17273,1.1697327,1.1648827,1.1618854,91.34020618556983,78.6-100.0
298,149967,151046,2026-02-03 09:10:00,2026-02-04 03:12:00,low,high,1.178,1.18379,UP,1079,57.89999999999962,297.0,DOWN,44.30000000000156,382.0,1.18243,1.178,1.1790454799999999,1.17969226,1.180215,1.18073774,1.18148198,1.18243,1.1836349600000002,1.1851677400000002,1.1868600000000002,1.1895977400000004,1.1940277400000006,1.1967654800000005,130.6997742663602,127.2-161.8
299,151046,152177,2026-02-04 03:12:00,2026-02-04 22:03:00,high,low,1.18379,1.17826,DOWN,1131,55.29999999999813,298.0,UP,57.89999999999962,1079.0,1.178,1.18379,1.18242356,1.18157822,1.180895,1.1802117799999998,1.17923906,1.178,1.17642512,1.1744217799999999,1.17221,1.16863178,1.16284178,1.15926356,95.50949913643953,78.6-100.0
300,152177,152493,2026-02-04 22:03:00,2026-02-05 03:19:00,low,high,1.17826,1.18088,UP,316,26.199999999998447,299.0,DOWN,55.29999999999813,1131.0,1.18379,1.17826,1.17956508,1.18037246,1.181025,1.18167754,1.1826065799999999,1.18379,1.1852941599999998,1.1872075399999997,1.1893199999999997,1.1927375399999995,1.1982675399999994,1.2016850799999992,47.37793851717782,38.2-50.0
301,152493,152593,2026-02-05 03:19:00,2026-02-05 04:59:00,high,low,1.18088,1.17802,DOWN,100,28.599999999998627,300.0,UP,26.199999999998447,316.0,1.17826,1.18088,1.1802616799999999,1.17987916,1.17957,1.17926084,1.17882068,1.17826,1.1775473600000002,1.1766408400000001,1.1756400000000002,1.1740208400000003,1.1714008400000004,1.1697816800000005,109.16030534351269,100.0-127.2
302,152593,152849,2026-02-05 04:59:00,2026-02-05 09:15:00,low,high,1.17802,1.18218,UP,256,41.59999999999941,301.0,DOWN,28.599999999998627,100.0,1.18088,1.17802,1.17869496,1.17911252,1.17945,1.1797874799999999,1.18026796,1.18088,1.18165792,1.1826474799999998,1.1837399999999998,1.1855074799999996,1.1883674799999995,1.1901349599999995,145.45454545455038,127.2-161.8
303,152849,153453,2026-02-05 09:15:00,2026-02-05 19:21:00,high,low,1.18218,1.17654,DOWN,604,56.400000000000894,302.0,UP,41.59999999999941,256.0,1.17802,1.18218,1.18119824,1.18059088,1.1801,1.17960912,1.17891024,1.17802,1.1768884800000001,1.1754491200000001,1.1738600000000001,1.1712891200000002,1.1671291200000002,1.1645582400000003,135.57692307692713,127.2-161.8
304,153453,153823,2026-02-05 19:21:00,2026-02-06 01:31:00,low,high,1.17654,1.18016,UP,370,36.200000000001786,303.0,DOWN,56.400000000000894,604.0,1.18218,1.17654,1.1778710399999999,1.1786944799999999,1.17936,1.18002552,1.18097304,1.18218,1.1837140800000001,1.1856655200000001,1.18782,1.1913055200000002,1.1969455200000003,1.2004310400000002,64.18439716312272,61.8-78.6
305,153823,153922,2026-02-06 01:31:00,2026-02-06 03:10:00,high,low,1.18016,1.17855,DOWN,99,16.100000000001113,304.0,UP,36.200000000001786,370.0,1.17654,1.18016,1.1793056800000001,1.17877716,1.17835,1.17792284,1.17731468,1.17654,1.17555536,1.1743028399999997,1.1729199999999997,1.1706828399999996,1.1670628399999994,1.1648256799999994,44.47513812154784,38.2-50.0
306,153922,154323,2026-02-06 03:10:00,2026-02-06 09:51:00,low,high,1.17855,1.1826,UP,401,40.500000000001094,305.0,DOWN,16.100000000001113,99.0,1.18016,1.17855,1.17892996,1.1791650200000001,1.1793550000000002,1.17954498,1.1798154600000001,1.18016,1.18059792,1.18115498,1.1817700000000002,1.1827649800000002,1.1843749800000003,1.1853699600000005,251.55279503104526,200.0-261.8
307,154323,154822,2026-02-06 09:51:00,2026-02-08 18:13:00,high,low,1.1826,1.18097,DOWN,499,16.300000000000203,306.0,UP,40.500000000001094,401.0,1.17855,1.1826,1.1816442,1.1810529,1.1805750000000002,1.1800971,1.1794167,1.17855,1.1774484,1.1760471,1.1744999999999999,1.1719970999999998,1.1679470999999997,1.1654441999999996,40.24691358024633,38.2-50.0
308,154822,155770,2026-02-08 18:13:00,2026-02-09 10:01:00,low,high,1.18097,1.19266,UP,948,116.89999999999978,307.0,DOWN,16.300000000000203,499.0,1.1826,1.18097,1.18135468,1.1815926600000002,1.181785,1.18197734,1.1822511800000002,1.1826,1.18304336,1.18360734,1.1842300000000001,1.18523734,1.18686734,1.1878746800000002,717.1779141104191,>=423.6
309,155770,156396,2026-02-09 10:01:00,2026-02-09 20:29:00,high,low,1.19266,1.18965,DOWN,626,30.09999999999957,308.0,UP,116.89999999999978,948.0,1.18097,1.19266,1.18990116,1.18819442,1.1868150000000002,1.18543558,1.1834716600000001,1.18097,1.1777903200000002,1.17374558,1.16928,1.16205558,1.15036558,1.14314116,25.74850299401166,23.6-38.2
310,156396,156539,2026-02-09 20:29:00,2026-02-09 22:52:00,low,high,1.18965,1.19169,UP,143,20.399999999998197,309.0,DOWN,30.09999999999957,626.0,1.19266,1.18965,1.1903603600000001,1.19079982,1.1911550000000002,1.19151018,1.1920158600000001,1.19266,1.19347872,1.19452018,1.19567,1.19753018,1.20054018,1.20240036,67.7740863787325,61.8-78.6
311,156539,156765,2026-02-09 22:52:00,2026-02-10 02:38:00,high,low,1.19169,1.18993,DOWN,226,17.599999999999838,310.0,UP,20.399999999998197,143.0,1.18965,1.19169,1.19120856,1.19091072,1.19067,1.19042928,1.1900865600000001,1.18965,1.1890951200000002,1.1883892800000002,1.1876100000000003,1.1863492800000004,1.1843092800000006,1.1830485600000007,86.2745098039284,78.6-100.0
312,156765,156877,2026-02-10 02:38:00,2026-02-10 04:30:00,low,high,1.18993,1.19198,UP,112,20.500000000001073,311.0,DOWN,17.599999999999838,226.0,1.19169,1.18993,1.19034536,1.19060232,1.19081,1.1910176799999999,1.1913133599999999,1.19169,1.19216872,1.1927776799999998,1.19345,1.1945376799999998,1.1962976799999998,1.19738536,116.4772727272799,100.0-127.2
313,156877,157088,2026-02-10 04:30:00,2026-02-10 08:01:00,high,low,1.19198,1.18885,DOWN,211,31.30000000000077,312.0,UP,20.500000000001073,112.0,1.18993,1.19198,1.1914962,1.1911969,1.190955,1.1907131,1.1903687,1.18993,1.1893723999999999,1.1886630999999999,1.1878799999999998,1.1866130999999998,1.1845630999999996,1.1832961999999996,152.6829268292641,127.2-161.8
314,157088,157181,2026-02-10 08:01:00,2026-02-10 09:34:00,low,high,1.18885,1.19285,UP,93,40.000000000000036,313.0,DOWN,31.30000000000077,211.0,1.19198,1.18885,1.18958868,1.19004566,1.190415,1.19078434,1.19131018,1.19198,1.19283136,1.19391434,1.1951100000000001,1.1970443400000002,1.2001743400000002,1.2021086800000003,127.79552715654647,127.2-161.8
315,157181,157741,2026-02-10 09:34:00,2026-02-10 19:01:00,high,low,1.19285,1.18862,DOWN,560,42.29999999999956,314.0,UP,40.000000000000036,93.0,1.18885,1.19285,1.191906,1.191322,1.19085,1.190378,1.189706,1.18885,1.187762,1.186378,1.18485,1.182378,1.178378,1.175906,105.7499999999988,100.0-127.2
316,157741,158395,2026-02-10 19:01:00,2026-02-11 05:55:00,low,high,1.18862,1.19272,UP,654,40.99999999999993,315.0,DOWN,42.29999999999956,560.0,1.19285,1.18862,1.18961828,1.19023586,1.190735,1.19123414,1.19194478,1.19285,1.1940005599999999,1.19546414,1.19708,1.1996941399999999,1.2039241399999998,1.2065382799999997,96.92671394799137,78.6-100.0
317,158395,158553,2026-02-11 05:55:00,2026-02-11 08:33:00,high,low,1.19272,1.18331,DOWN,158,94.09999999999918,316.0,UP,40.99999999999993,654.0,1.18862,1.19272,1.1917524,1.1911538,1.19067,1.1901862,1.1894974,1.18862,1.1875048,1.1860862,1.18452,1.1819862,1.1778862,1.1753524,229.51219512194965,200.0-261.8
318,158553,159304,2026-02-11 08:33:00,2026-02-11 21:05:00,low,high,1.18331,1.18846,UP,751,51.49999999999988,317.0,DOWN,94.09999999999918,158.0,1.19272,1.18331,1.18553076,1.18690462,1.188015,1.1891253800000001,1.19070626,1.19272,1.19527952,1.19853538,1.20213,1.20794538,1.2173553799999999,1.2231707599999997,54.729011689692165,50.0-61.8
319,159304,159572,2026-02-11 21:05:00,2026-02-12 01:33:00,high,low,1.18846,1.18522,DOWN,268,32.40000000000131,318.0,UP,51.49999999999988,751.0,1.18331,1.18846,1.1872446,1.1864927,1.185885,1.1852773,1.1844121,1.18331,1.1819092,1.1801273,1.17816,1.1749773000000001,1.1698273000000001,1.1666446000000001,62.91262135922601,61.8-78.6
320,159572,160146,2026-02-12 01:33:00,2026-02-12 11:07:00,low,high,1.18522,1.18899,UP,574,37.700000000000514,319.0,DOWN,32.40000000000131,268.0,1.18846,1.18522,1.18598464,1.18645768,1.1868400000000001,1.18722232,1.18776664,1.18846,1.18934128,1.1904623200000002,1.1917000000000002,1.1937023200000003,1.1969423200000004,1.1989446400000006,116.35802469135487,100.0-127.2
321,160146,160282,2026-02-12 11:07:00,2026-02-12 13:23:00,high,low,1.18899,1.18561,DOWN,136,33.799999999999386,320.0,UP,37.700000000000514,574.0,1.18522,1.18899,1.18810028,1.18754986,1.1871049999999999,1.1866601399999999,1.18602678,1.18522,1.18419456,1.1828901399999998,1.18145,1.1791201399999998,1.1753501399999997,1.1730202799999998,89.65517241379027,78.6-100.0
322,160282,160678,2026-02-12 13:23:00,2026-02-12 20:01:00,low,high,1.18561,1.18734,UP,396,17.300000000000093,321.0,DOWN,33.799999999999386,136.0,1.18899,1.18561,1.18640768,1.1869011600000001,1.1873,1.18769884,1.18826668,1.18899,1.18990936,1.1910788399999999,1.19237,1.1944588399999998,1.1978388399999997,1.1999276799999998,51.18343195266392,50.0-61.8
323,160678,161074,2026-02-12 20:01:00,2026-02-13 02:37:00,high,low,1.18734,1.18469,DOWN,396,26.500000000000412,322.0,UP,17.300000000000093,396.0,1.18561,1.18734,1.18693172,1.18667914,1.1864750000000002,1.18627086,1.18598022,1.18561,1.1851394400000002,1.18454086,1.18388,1.18281086,1.18108086,1.18001172,153.17919075144664,127.2-161.8
324,161074,161427,2026-02-13 02:37:00,2026-02-13 08:30:00,low,high,1.18469,1.18846,UP,353,37.700000000000514,323.0,DOWN,26.500000000000412,396.0,1.18734,1.18469,1.1853154000000001,1.1857023,1.186015,1.1863277,1.1867729,1.18734,1.1880608000000001,1.1889777000000001,1.18999,1.1916277000000002,1.1942777000000002,1.1959154000000003,142.26415094339595,127.2-161.8
325,161427,161576,2026-02-13 08:30:00,2026-02-13 10:59:00,high,low,1.18846,1.18475,DOWN,149,37.10000000000102,324.0,UP,37.700000000000514,353.0,1.18469,1.18846,1.18757028,1.1870198600000001,1.186575,1.18613014,1.18549678,1.18469,1.18366456,1.18236014,1.18092,1.1785901399999998,1.1748201399999998,1.1724902799999999,98.40848806366185,78.6-100.0
326,161576,162461,2026-02-13 10:59:00,2026-02-16 01:45:00,low,high,1.18475,1.18701,UP,885,22.599999999999287,325.0,DOWN,37.10000000000102,149.0,1.18846,1.18475,1.18562556,1.18616722,1.1866050000000001,1.18704278,1.18766606,1.18846,1.18946912,1.1907527800000002,1.1921700000000002,1.1944627800000003,1.1981727800000004,1.2004655600000005,60.91644204851392,50.0-61.8
327,162461,162510,2026-02-16 01:45:00,2026-02-16 02:34:00,high,low,1.18701,1.18602,DOWN,49,9.899999999998244,326.0,UP,22.599999999999287,885.0,1.18475,1.18701,1.18647664,1.18614668,1.18588,1.1856133199999999,1.1852336399999999,1.18475,1.18413528,1.18335332,1.18249,1.18109332,1.17883332,1.1774366400000003,43.805309734506885,38.2-50.0
328,162510,162541,2026-02-16 02:34:00,2026-02-16 03:05:00,low,high,1.18602,1.18703,UP,31,10.099999999999554,327.0,DOWN,9.899999999998244,49.0,1.18701,1.18602,1.18625364,1.18639818,1.186515,1.18663182,1.1867981399999998,1.18701,1.1872792799999998,1.1876218199999997,1.1879999999999997,1.1886118199999995,1.1896018199999994,1.1902136399999994,102.02020202021562,100.0-127.2
329,162541,163935,2026-02-16 03:05:00,2026-02-17 02:55:00,high,low,1.18703,1.18286,DOWN,1394,41.700000000000074,328.0,UP,10.099999999999554,31.0,1.18602,1.18703,1.18679164,1.18664418,1.186525,1.18640582,1.18623614,1.18602,1.1857452800000001,1.18539582,1.1850100000000001,1.1843858200000001,1.1833758200000002,1.1827516400000002,412.8712871287318,361.8-423.6
330,163935,164035,2026-02-17 02:55:00,2026-02-17 04:35:00,low,high,1.18286,1.18497,UP,100,21.100000000000563,329.0,DOWN,41.700000000000074,1394.0,1.18703,1.18286,1.18384412,1.1844529400000001,1.184945,1.18543706,1.18613762,1.18703,1.18816424,1.18960706,1.1912,1.19377706,1.19794706,1.20052412,50.599520383694305,50.0-61.8
331,164035,164410,2026-02-17 04:35:00,2026-02-17 10:50:00,high,low,1.18497,1.18049,DOWN,375,44.800000000000395,330.0,UP,21.100000000000563,100.0,1.18286,1.18497,1.1844720400000002,1.1841639800000001,1.183915,1.18366602,1.18331154,1.18286,1.18228608,1.18155602,1.18075,1.1794460199999999,1.1773360199999998,1.17603204,212.32227488151278,200.0-261.8
332,164410,164847,2026-02-17 10:50:00,2026-02-17 18:08:00,low,high,1.18049,1.18573,UP,437,52.39999999999911,331.0,DOWN,44.800000000000395,375.0,1.18497,1.18049,1.18154728,1.18220136,1.18273,1.18325864,1.18401128,1.18497,1.1861885600000002,1.18773864,1.1894500000000001,1.19221864,1.1966986400000001,1.1994672800000001,116.9642857142827,100.0-127.2
333,164847,165422,2026-02-17 18:08:00,2026-02-18 03:44:00,high,low,1.18573,1.18284,DOWN,575,28.900000000000592,332.0,UP,52.39999999999911,437.0,1.18049,1.18573,1.18449336,1.18372832,1.18311,1.18249168,1.18161136,1.18049,1.17906472,1.1772516800000001,1.1752500000000001,1.1720116800000002,1.1667716800000003,1.1635333600000004,55.152671755727255,50.0-61.8
334,165422,165686,2026-02-18 03:44:00,2026-02-18 08:08:00,low,high,1.18284,1.18485,UP,264,20.100000000000673,333.0,DOWN,28.900000000000592,575.0,1.18573,1.18284,1.18352204,1.18394398,1.184285,1.1846260199999998,1.1851115399999999,1.18573,1.1865160799999999,1.18751602,1.18862,1.19040602,1.19329602,1.1950820400000002,69.55017301038153,61.8-78.6
335,165686,166215,2026-02-18 08:08:00,2026-02-18 16:59:00,high,low,1.18485,1.17818,DOWN,529,66.69999999999953,334.0,UP,20.100000000000673,264.0,1.18284,1.18485,1.1843756399999998,1.1840821799999999,1.1838449999999998,1.18360782,1.1832701399999999,1.18284,1.18229328,1.18159782,1.1808299999999998,1.1795878199999998,1.1775778199999998,1.1763356399999996,331.8407960198871,261.8-361.8
336,166215,166879,2026-02-18 16:59:00,2026-02-19 04:08:00,low,high,1.17818,1.18075,UP,664,25.699999999999612,335.0,DOWN,66.69999999999953,529.0,1.18485,1.17818,1.17975412,1.18072794,1.181515,1.18230206,1.18342262,1.18485,1.18666424,1.18897206,1.19152,1.19564206,1.20231206,1.2064341199999997,38.53073463268334,38.2-50.0
337,166879,167196,2026-02-19 04:08:00,2026-02-19 09:25:00,high,low,1.18075,1.17418,DOWN,317,65.69999999999965,336.0,UP,25.699999999999612,664.0,1.17818,1.18075,1.18014348,1.17976826,1.179465,1.17916174,1.17872998,1.17818,1.17748096,1.17659174,1.17561,1.1740217400000001,1.1714517400000002,1.16986348,255.64202334630596,200.0-261.8
338,167196,167638,2026-02-19 09:25:00,2026-02-19 16:47:00,low,high,1.17418,1.1778,UP,442,36.19999999999956,337.0,DOWN,65.69999999999965,317.0,1.18075,1.17418,1.17573052,1.17668974,1.177465,1.17824026,1.17934402,1.18075,1.18253704,1.18481026,1.18732,1.1913802599999999,1.1979502599999998,1.2020105199999997,55.09893455098898,50.0-61.8
339,167638,168077,2026-02-19 16:47:00,2026-02-20 00:09:00,high,low,1.1778,1.17501,DOWN,439,27.89999999999848,338.0,UP,36.19999999999956,442.0,1.17418,1.1778,1.17694568,1.17641716,1.17599,1.17556284,1.17495468,1.17418,1.17319536,1.17194284,1.17056,1.16832284,1.1647028400000001,1.1624656800000002,77.07182320441662,61.8-78.6
340,168077,168224,2026-02-20 00:09:00,2026-02-20 02:36:00,low,high,1.17501,1.17625,UP,147,12.399999999999078,339.0,DOWN,27.89999999999848,439.0,1.1778,1.17501,1.1756684400000001,1.1760757800000001,1.176405,1.17673422,1.17720294,1.1778,1.17855888,1.1795242199999998,1.1805899999999998,1.1823142199999996,1.1851042199999995,1.1868284399999995,44.44444444444356,38.2-50.0
341,168224,168260,2026-02-20 02:36:00,2026-02-20 03:12:00,high,low,1.17625,1.17432,DOWN,36,19.299999999999873,340.0,UP,12.399999999999078,147.0,1.17501,1.17625,1.17595736,1.17577632,1.17563,1.1754836800000001,1.17527536,1.17501,1.1746727200000002,1.1742436800000002,1.1737700000000002,1.1730036800000003,1.1717636800000004,1.1709973600000003,155.64516129033314,127.2-161.8
342,168260,168578,2026-02-20 03:12:00,2026-02-20 08:30:00,low,high,1.17432,1.17821,UP,318,38.899999999999494,341.0,DOWN,19.299999999999873,36.0,1.17625,1.17432,1.17477548,1.17505726,1.1752850000000001,1.17551274,1.17583698,1.17625,1.17677496,1.17744274,1.17818,1.17937274,1.18130274,1.18249548,201.5544041450764,200.0-261.8
343,168578,168674,2026-02-20 08:30:00,2026-02-20 10:06:00,high,low,1.17821,1.17551,DOWN,96,26.999999999999247,342.0,UP,38.899999999999494,318.0,1.17432,1.17821,1.17729196,1.17672402,1.176265,1.17580598,1.17515246,1.17432,1.17326192,1.17191598,1.17043,1.1680259800000001,1.1641359800000002,1.1617319600000002,69.40874035989614,61.8-78.6
344,168674,169198,2026-02-20 10:06:00,2026-02-22 18:57:00,low,high,1.17551,1.18346,UP,524,79.49999999999902,343.0,DOWN,26.999999999999247,96.0,1.17821,1.17551,1.1761472,1.1765414,1.17686,1.1771786,1.1776322,1.17821,1.1789444,1.1798785999999999,1.18091,1.1825785999999998,1.1852785999999997,1.1869471999999996,294.444444444449,261.8-361.8
345,169198,170913,2026-02-22 18:57:00,2026-02-23 23:35:00,high,low,1.18346,1.17679,DOWN,1715,66.69999999999953,344.0,UP,79.49999999999902,524.0,1.17551,1.18346,1.1815838,1.1804231,1.1794850000000001,1.1785469,1.1772113,1.17551,1.1733476,1.1705969,1.1675600000000002,1.1626469000000001,1.1546969000000002,1.1497838000000005,83.89937106918285,78.6-100.0
346,170913,171211,2026-02-23 23:35:00,2026-02-24 04:34:00,low,high,1.17679,1.1793,UP,298,25.100000000000122,345.0,DOWN,66.69999999999953,1715.0,1.18346,1.17679,1.17836412,1.17933794,1.1801249999999999,1.18091206,1.18203262,1.18346,1.18527424,1.18758206,1.19013,1.19425206,1.20092206,1.2050441199999997,37.631184407796546,23.6-38.2
347,171211,171556,2026-02-24 04:34:00,2026-02-24 10:19:00,high,low,1.1793,1.1766,DOWN,345,26.999999999999247,346.0,UP,25.100000000000122,298.0,1.17679,1.1793,1.17870764,1.17834118,1.178045,1.17774882,1.17732714,1.17679,1.17610728,1.17523882,1.17428,1.17272882,1.1702188199999999,1.16866764,107.56972111553434,100.0-127.2
348,171556,171625,2026-02-24 10:19:00,2026-02-24 11:28:00,low,high,1.1766,1.179,UP,69,23.999999999999577,347.0,DOWN,26.999999999999247,345.0,1.1793,1.1766,1.1772372,1.1776314,1.17795,1.1782686,1.1787222,1.1793,1.1800344,1.1809686,1.182,1.1836685999999998,1.1863685999999998,1.1880371999999997,88.88888888888981,78.6-100.0
349,171625,171955,2026-02-24 11:28:00,2026-02-24 17:00:00,high,low,1.179,1.17715,DOWN,330,18.500000000001293,348.0,UP,23.999999999999577,69.0,1.1766,1.179,1.1784336,1.1780832,1.1778,1.1775168,1.1771136,1.1766,1.1759472000000002,1.1751168,1.1742000000000001,1.1727168000000001,1.1703168000000002,1.1688336000000001,77.08333333334008,61.8-78.6
350,171955,172497,2026-02-24 17:00:00,2026-02-25 02:06:00,low,high,1.17715,1.18078,UP,542,36.300000000000225,349.0,DOWN,18.500000000001293,330.0,1.179,1.17715,1.1775866,1.1778567,1.178075,1.1782933,1.1786041,1.179,1.1795032,1.1801433000000001,1.1808500000000002,1.1819933000000002,1.1838433000000004,1.1849866000000004,196.2162162162037,161.8-200.0
351,172497,172761,2026-02-25 02:06:00,2026-02-25 06:30:00,high,low,1.18078,1.17709,DOWN,264,36.89999999999971,350.0,UP,36.300000000000225,542.0,1.17715,1.18078,1.1799233199999999,1.1793933399999998,1.1789649999999998,1.17853666,1.17792682,1.17715,1.1761626399999998,1.17490666,1.17352,1.17127666,1.16764666,1.1654033199999998,101.65289256198207,100.0-127.2
352,172761,173616,2026-02-25 06:30:00,2026-02-25 20:47:00,low,high,1.17709,1.18288,UP,855,57.89999999999962,351.0,DOWN,36.89999999999971,264.0,1.18078,1.17709,1.17796084,1.17849958,1.178935,1.17937042,1.17999034,1.18078,1.18178368,1.18306042,1.18447,1.1867504199999999,1.1904404199999998,1.1927208399999998,156.91056910569125,127.2-161.8
353,173616,174578,2026-02-25 20:47:00,2026-02-26 12:49:00,high,low,1.18288,1.17737,DOWN,962,55.09999999999904,352.0,UP,57.89999999999962,855.0,1.17709,1.18288,1.18151356,1.18066822,1.1799849999999998,1.1793017799999999,1.17832906,1.17709,1.17551512,1.17351178,1.1713,1.16772178,1.16193178,1.1583535600000001,95.1640759930905,78.6-100.0
354,174578,175433,2026-02-26 12:49:00,2026-02-27 03:07:00,low,high,1.17737,1.18216,UP,855,47.900000000000716,353.0,DOWN,55.09999999999904,962.0,1.18288,1.17737,1.17867036,1.17947482,1.1801249999999999,1.18077518,1.1817008599999999,1.18288,1.18437872,1.1862851799999998,1.1883899999999998,1.1917951799999997,1.1973051799999996,1.2007103599999995,86.93284936479411,78.6-100.0
355,175433,175774,2026-02-27 03:07:00,2026-02-27 08:48:00,high,low,1.18216,1.17903,DOWN,341,31.30000000000077,354.0,UP,47.900000000000716,855.0,1.17737,1.18216,1.18102956,1.18033022,1.1797650000000002,1.17919978,1.17839506,1.17737,1.17606712,1.17440978,1.17258,1.1696197799999999,1.1648297799999998,1.1618695599999997,65.34446764091922,61.8-78.6
356,175774,175975,2026-02-27 08:48:00,2026-02-27 12:09:00,low,high,1.17903,1.18268,UP,201,36.49999999999931,355.0,DOWN,31.30000000000077,341.0,1.18216,1.17903,1.17976868,1.18022566,1.180595,1.18096434,1.1814901800000002,1.18216,1.18301136,1.1840943400000001,1.1852900000000002,1.1872243400000002,1.1903543400000003,1.1922886800000003,116.61341853034637,100.0-127.2
357,175975,178743,2026-02-27 12:09:00,2026-03-03 10:20:00,high,low,1.18268,1.153,DOWN,2768,296.7999999999993,356.0,UP,36.49999999999931,201.0,1.17903,1.18268,1.1818186,1.1812856999999999,1.180855,1.1804243,1.1798111,1.17903,1.1780372000000001,1.1767743000000002,1.17538,1.1731243000000002,1.1694743000000003,1.1672186000000002,813.1506849315203,>=423.6
358,178743,179004,2026-03-03 10:20:00,2026-03-03 14:41:00,low,high,1.153,1.16257,UP,261,95.70000000000078,357.0,DOWN,296.7999999999993,2768.0,1.18268,1.153,1.16000448,1.16433776,1.16784,1.17134224,1.17632848,1.18268,1.19075296,1.20102224,1.2123599999999999,1.2307022399999998,1.2603822399999998,1.2787244799999997,32.24393530997339,23.6-38.2
359,179004,179350,2026-03-03 14:41:00,2026-03-03 20:27:00,high,low,1.16257,1.15745,DOWN,346,51.20000000000013,358.0,UP,95.70000000000078,261.0,1.153,1.16257,1.16031148,1.15891426,1.157785,1.1566557400000002,1.15504798,1.153,1.15039696,1.14708574,1.14343,1.13751574,1.12794574,1.1220314799999997,53.50052246603941,50.0-61.8
360,179350,179947,2026-03-03 20:27:00,2026-03-04 06:24:00,low,high,1.15745,1.16546,UP,597,80.0999999999985,359.0,DOWN,51.20000000000013,346.0,1.16257,1.15745,1.15865832,1.15940584,1.1600100000000002,1.1606141600000002,1.1614743200000002,1.16257,1.16396264,1.1657341600000002,1.1676900000000001,1.1708541600000002,1.1759741600000002,1.17913832,156.44531249999667,127.2-161.8
361,179947,181210,2026-03-04 06:24:00,2026-03-05 03:30:00,high,low,1.16546,1.15815,DOWN,1263,73.09999999999928,360.0,UP,80.0999999999985,597.0,1.15745,1.16546,1.16356964,1.16240018,1.1614550000000001,1.1605098200000001,1.1591641400000001,1.15745,1.1552712800000002,1.1524998200000003,1.1494400000000002,1.1444898200000004,1.1364798200000006,1.1315296400000006,91.26092384519431,78.6-100.0
362,181210,181248,2026-03-05 03:30:00,2026-03-05 04:08:00,low,high,1.15815,1.16445,UP,38,62.99999999999972,361.0,DOWN,73.09999999999928,1263.0,1.16546,1.15815,1.15987516,1.16094242,1.161805,1.16266758,1.1638956599999999,1.16546,1.1674483199999999,1.1699775799999999,1.1727699999999999,1.1772875799999998,1.1845975799999997,1.1891151599999996,86.1833105335162,78.6-100.0
363,181248,181686,2026-03-05 04:08:00,2026-03-05 11:26:00,high,low,1.16445,1.15587,DOWN,438,85.80000000000032,362.0,UP,62.99999999999972,38.0,1.15815,1.16445,1.1629632,1.1620434,1.1613,1.1605566,1.1594982,1.15815,1.1564364,1.1542566,1.15185,1.1479566,1.1416566000000001,1.1377632000000002,136.1904761904773,127.2-161.8
364,181686,182405,2026-03-05 11:26:00,2026-03-05 23:33:00,low,high,1.15587,1.16211,UP,719,62.40000000000023,363.0,DOWN,85.80000000000032,438.0,1.16445,1.15587,1.15789488,1.1591475599999999,1.1601599999999999,1.16117244,1.1626138799999999,1.16445,1.16678376,1.1697524400000001,1.17303,1.1783324400000001,1.18691244,1.19221488,72.72727272727273,61.8-78.6
365,182405,182995,2026-03-05 23:33:00,2026-03-06 09:23:00,high,low,1.16211,1.15457,DOWN,590,75.3999999999988,364.0,UP,62.40000000000023,719.0,1.15587,1.16211,1.16063736,1.1597263199999999,1.15899,1.15825368,1.1572053599999998,1.15587,1.15417272,1.15201368,1.14963,1.14577368,1.13953368,1.1356773599999999,120.83333333333096,100.0-127.2
366,182995,183232,2026-03-06 09:23:00,2026-03-06 13:20:00,low,high,1.15457,1.16213,UP,237,75.60000000000011,365.0,DOWN,75.3999999999988,590.0,1.16211,1.15457,1.15634944,1.15745028,1.15834,1.1592297200000001,1.16049644,1.16211,1.1641608799999998,1.16676972,1.1696499999999999,1.17430972,1.1818497199999998,1.1865094399999996,100.26525198939167,100.0-127.2
367,183232,183745,2026-03-06 13:20:00,2026-03-08 20:53:00,high,low,1.16213,1.15069,DOWN,513,114.40000000000117,366.0,UP,75.60000000000011,237.0,1.15457,1.16213,1.1603458400000002,1.15924208,1.15835,1.1574579200000001,1.15618784,1.15457,1.15251368,1.1498979200000001,1.14701,1.1423379200000001,1.13477792,1.1301058400000001,151.32275132275262,127.2-161.8
368,183745,184967,2026-03-08 20:53:00,2026-03-09 17:15:00,low,high,1.15069,1.16454,UP,1222,138.49999999999918,367.0,DOWN,114.40000000000117,513.0,1.16213,1.15069,1.15338984,1.15506008,1.1564100000000002,1.1577599200000002,1.1596818400000002,1.16213,1.16524168,1.1691999200000003,1.1735700000000002,1.1806399200000004,1.1920799200000005,1.1991498400000005,121.06643356643161,100.0-127.2
369,184967,185312,2026-03-09 17:15:00,2026-03-09 23:00:00,high,low,1.16454,1.16069,DOWN,345,38.49999999999909,368.0,UP,138.49999999999918,1222.0,1.15069,1.16454,1.1612714,1.1592493,1.1576149999999998,1.1559807,1.1536539,1.15069,1.1469228,1.1421307,1.13684,1.1282807000000001,1.1144307000000002,1.1058714000000003,27.797833935017557,23.6-38.2
370,185312,186119,2026-03-09 23:00:00,2026-03-10 12:27:00,low,high,1.16069,1.16672,UP,807,60.2999999999998,369.0,DOWN,38.49999999999909,345.0,1.16454,1.16069,1.1615986,1.1621607,1.162615,1.1630692999999999,1.1637161,1.16454,1.1655871999999998,1.1669192999999998,1.1683899999999998,1.1707692999999997,1.1746192999999996,1.1769985999999997,156.62337662337978,127.2-161.8
371,186119,186435,2026-03-10 12:27:00,2026-03-10 17:48:00,high,low,1.16672,1.16027,DOWN,316,64.50000000000067,370.0,UP,60.2999999999998,807.0,1.16069,1.16672,1.16529692,1.16441654,1.163705,1.16299346,1.16198042,1.16069,1.15904984,1.15696346,1.15466,1.15093346,1.14490346,1.1411769200000002,106.9651741293547,100.0-127.2
372,186435,186942,2026-03-10 17:48:00,2026-03-11 02:15:00,low,high,1.16027,1.16453,UP,507,42.60000000000153,371.0,DOWN,64.50000000000067,316.0,1.16672,1.16027,1.1617921999999998,1.1627338999999999,1.163495,1.1642561,1.1653396999999999,1.16672,1.1684744,1.1707061,1.17317,1.1771561000000001,1.1836061000000002,1.1875922,66.04651162790866,61.8-78.6
373,186942,188234,2026-03-11 02:15:00,2026-03-11 23:50:00,high,low,1.16453,1.15317,DOWN,1292,113.60000000000036,372.0,UP,42.60000000000153,507.0,1.16027,1.16453,1.16352464,1.16290268,1.1623999999999999,1.16189732,1.16118164,1.16027,1.1591112799999999,1.1576373199999999,1.1560099999999998,1.1533773199999997,1.1491173199999996,1.1464846399999995,266.666666666658,261.8-361.8
374,188234,188641,2026-03-11 23:50:00,2026-03-12 06:37:00,low,high,1.15317,1.15662,UP,407,34.49999999999953,373.0,DOWN,113.60000000000036,1292.0,1.16453,1.15317,1.15585096,1.15750952,1.1588500000000002,1.16019048,1.16209896,1.16453,1.1676199200000001,1.17155048,1.17589,1.18291048,1.1942704800000001,1.2012909600000001,30.369718309858644,23.6-38.2
375,188641,189202,2026-03-12 06:37:00,2026-03-12 15:58:00,high,low,1.15662,1.15096,DOWN,561,56.59999999999998,374.0,UP,34.49999999999953,407.0,1.15317,1.15662,1.1558058,1.1553021,1.154895,1.1544879,1.1539083,1.15317,1.1522316000000001,1.1510379,1.14972,1.1475879,1.1441379,1.1420058000000002,164.05797101449494,161.8-200.0
376,189202,189455,2026-03-12 15:58:00,2026-03-12 20:12:00,low,high,1.15096,1.15296,UP,253,20.000000000000018,375.0,DOWN,56.59999999999998,561.0,1.15662,1.15096,1.15229576,1.15312212,1.1537899999999999,1.15445788,1.15540876,1.15662,1.1581595199999999,1.16011788,1.16228,1.16577788,1.17143788,1.1749357599999999,35.335689045936434,23.6-38.2
377,189455,189885,2026-03-12 20:12:00,2026-03-13 03:22:00,high,low,1.15296,1.14328,DOWN,430,96.7999999999991,376.0,UP,20.000000000000018,253.0,1.15096,1.15296,1.152488,1.152196,1.1519599999999999,1.151724,1.151388,1.15096,1.1504159999999999,1.149724,1.14896,1.147724,1.145724,1.144488,483.9999999999951,>=423.6
378,189885,190211,2026-03-13 03:22:00,2026-03-13 08:48:00,low,high,1.14328,1.14901,UP,326,57.300000000000125,377.0,DOWN,96.7999999999991,430.0,1.15296,1.14328,1.14556448,1.14697776,1.14812,1.14926224,1.15088848,1.15296,1.15559296,1.15894224,1.16264,1.16862224,1.1783022399999998,1.1842844799999996,59.19421487603373,50.0-61.8
379,190211,190625,2026-03-13 08:48:00,2026-03-13 15:42:00,high,low,1.14901,1.14108,DOWN,414,79.29999999999993,378.0,UP,57.300000000000125,326.0,1.14328,1.14901,1.14765772,1.1468211400000001,1.1461450000000002,1.14546886,1.14450622,1.14328,1.14172144,1.13973886,1.13755,1.13400886,1.12827886,1.12473772,138.39441535776572,127.2-161.8
380,190625,190882,2026-03-13 15:42:00,2026-03-15 20:00:00,low,high,1.14108,1.14564,UP,257,45.59999999999897,379.0,DOWN,79.29999999999993,414.0,1.14901,1.14108,1.14295148,1.14410926,1.145045,1.1459807400000002,1.1473129800000001,1.14901,1.15116696,1.1539107400000002,1.15694,1.1618407400000001,1.1697707400000001,1.17467148,57.503152585118556,50.0-61.8
381,190882,191281,2026-03-15 20:00:00,2026-03-16 02:40:00,high,low,1.14564,1.14139,DOWN,399,42.50000000000087,380.0,UP,45.59999999999897,257.0,1.14108,1.14564,1.14456384,1.14389808,1.14336,1.14282192,1.14205584,1.14108,1.1398396800000001,1.1382619200000001,1.1365200000000002,1.1337019200000003,1.1291419200000004,1.1263238400000004,93.20175438596891,78.6-100.0
382,191281,191971,2026-03-16 02:40:00,2026-03-16 14:10:00,low,high,1.14139,1.15248,UP,690,110.90000000000045,381.0,DOWN,42.50000000000087,399.0,1.14564,1.14139,1.142393,1.1430135,1.1435149999999998,1.1440165,1.1447304999999999,1.14564,1.146796,1.1482665,1.14989,1.1525165000000002,1.1567665000000003,1.1593930000000003,260.9411764705839,200.0-261.8
383,191971,192631,2026-03-16 14:10:00,2026-03-17 01:14:00,high,low,1.15248,1.14658,DOWN,660,59.00000000000016,382.0,UP,110.90000000000045,690.0,1.14139,1.15248,1.14986276,1.14824362,1.146935,1.14562638,1.1437632599999998,1.14139,1.1383735199999998,1.13453638,1.1302999999999999,1.1234463799999999,1.1123563799999998,1.1055027599999998,53.201082055906156,50.0-61.8
384,192631,193347,2026-03-17 01:14:00,2026-03-17 13:10:00,low,high,1.14658,1.15471,UP,716,81.2999999999997,383.0,DOWN,59.00000000000016,660.0,1.15248,1.14658,1.1479724,1.1488338,1.14953,1.1502261999999999,1.1512174,1.15248,1.1540848,1.1561261999999999,1.15838,1.1620262,1.1679262,1.1715724,137.79661016949066,127.2-161.8
385,193347,193754,2026-03-17 13:10:00,2026-03-17 19:58:00,high,low,1.15471,1.15319,DOWN,407,15.199999999999658,384.0,UP,81.2999999999997,716.0,1.14658,1.15471,1.15279132,1.15160434,1.150645,1.1496856599999998,1.14831982,1.14658,1.14436864,1.1415556599999999,1.13845,1.13342566,1.12529566,1.12027132,18.696186961869266,0.0-23.6
386,193754,194080,2026-03-17 19:58:00,2026-03-18 01:25:00,low,high,1.15319,1.15492,UP,326,17.300000000000093,385.0,DOWN,15.199999999999658,407.0,1.15471,1.15319,1.1535487199999999,1.1537706399999998,1.15395,1.15412936,1.15438472,1.15471,1.15512344,1.15564936,1.1562299999999999,1.15716936,1.15868936,1.1596287199999997,113.81578947368737,100.0-127.2
387,194080,194201,2026-03-18 01:25:00,2026-03-18 03:26:00,high,low,1.15492,1.15176,DOWN,121,31.600000000000517,386.0,UP,17.300000000000093,326.0,1.15319,1.15492,1.15451172,1.15425914,1.154055,1.15385086,1.15356022,1.15319,1.15271944,1.15212086,1.15146,1.15039086,1.14866086,1.1475917199999999,182.65895953757425,161.8-200.0
388,194201,194374,2026-03-18 03:26:00,2026-03-18 06:19:00,low,high,1.15176,1.15551,UP,173,37.50000000000142,387.0,DOWN,31.600000000000517,121.0,1.15492,1.15176,1.15250576,1.15296712,1.15334,1.1537128799999998,1.15424376,1.15492,1.15577952,1.1568728799999999,1.15808,1.16003288,1.16319288,1.1651457600000001,118.67088607595193,100.0-127.2
389,194374,194933,2026-03-18 06:19:00,2026-03-18 15:38:00,high,low,1.15551,1.14496,DOWN,559,105.5000000000006,388.0,UP,37.50000000000142,173.0,1.15176,1.15551,1.154625,1.1540775,1.153635,1.1531924999999998,1.1525625,1.15176,1.1507399999999999,1.1494424999999997,1.1480099999999998,1.1456924999999996,1.1419424999999994,1.1396249999999994,281.3333333333242,261.8-361.8
390,194933,195275,2026-03-18 15:38:00,2026-03-18 21:20:00,low,high,1.14496,1.14912,UP,342,41.59999999999941,389.0,DOWN,105.5000000000006,559.0,1.15551,1.14496,1.1474498,1.1489901,1.150235,1.1514799,1.1532523000000001,1.15551,1.1583796,1.1620299,1.16606,1.1725799000000001,1.1831299000000002,1.1896498000000002,39.43127962085231,38.2-50.0
391,195275,195657,2026-03-18 21:20:00,2026-03-19 03:42:00,high,low,1.14912,1.14429,DOWN,382,48.2999999999989,390.0,UP,41.59999999999941,342.0,1.14496,1.14912,1.14813824,1.14753088,1.14704,1.14654912,1.14585024,1.14496,1.14382848,1.14238912,1.1408,1.13822912,1.1340691200000002,1.1314982400000002,116.1057692307682,100.0-127.2
392,195657,196283,2026-03-19 03:42:00,2026-03-19 14:08:00,low,high,1.14429,1.16161,UP,626,173.20000000000002,391.0,DOWN,48.2999999999989,382.0,1.14912,1.14429,1.14542988,1.14613506,1.1467049999999999,1.14727494,1.1480863799999999,1.14912,1.1504337599999999,1.1521049399999999,1.1539499999999998,1.1569349399999997,1.1617649399999996,1.1647498799999996,358.59213250518417,261.8-361.8
393,196283,196925,2026-03-19 14:08:00,2026-03-20 00:51:00,high,low,1.16161,1.15523,DOWN,642,63.80000000000052,392.0,UP,173.20000000000002,626.0,1.14429,1.16161,1.1575224800000001,1.15499376,1.1529500000000001,1.15090624,1.14799648,1.14429,1.1395789600000001,1.13358624,1.12697,1.11626624,1.09894624,1.0882424800000001,36.836027713626166,23.6-38.2
394,196925,197079,2026-03-20 00:51:00,2026-03-20 03:25:00,low,high,1.15523,1.15805,UP,154,28.200000000000447,393.0,DOWN,63.80000000000052,642.0,1.16161,1.15523,1.15673568,1.15766716,1.15842,1.15917284,1.16024468,1.16161,1.16334536,1.1655528400000001,1.16799,1.1719328400000002,1.1783128400000003,1.1822556800000001,44.200626959247984,38.2-50.0
395,197079,197442,2026-03-20 03:25:00,2026-03-20 09:28:00,high,low,1.15805,1.15245,DOWN,363,56.0000000000005,394.0,UP,28.200000000000447,154.0,1.15523,1.15805,1.15738448,1.15697276,1.15664,1.15630724,1.15583348,1.15523,1.15446296,1.15348724,1.15241,1.15066724,1.14784724,1.1461044799999998,198.58156028368654,161.8-200.0
396,197442,197833,2026-03-20 09:28:00,2026-03-20 15:59:00,low,high,1.15245,1.15718,UP,391,47.30000000000123,395.0,DOWN,56.0000000000005,363.0,1.15805,1.15245,1.1537716,1.1545892,1.15525,1.1559108,1.1568516,1.15805,1.1595732,1.1615108,1.16365,1.1671108000000001,1.1727108000000002,1.1761716000000002,84.46428571428717,78.6-100.0
397,197833,198666,2026-03-20 15:59:00,2026-03-23 05:56:00,high,low,1.15718,1.14843,DOWN,833,87.50000000000036,396.0,UP,47.30000000000123,391.0,1.15245,1.15718,1.1560637200000001,1.15537314,1.1548150000000001,1.15425686,1.15346222,1.15245,1.15116344,1.14952686,1.1477199999999999,1.1447968599999998,1.1400668599999997,1.1371437199999996,184.98942917547163,161.8-200.0
398,198666,198888,2026-03-23 05:56:00,2026-03-23 09:38:00,low,high,1.14843,1.16397,UP,222,155.39999999999887,397.0,DOWN,87.50000000000036,833.0,1.15718,1.14843,1.150495,1.1517725,1.152805,1.1538375,1.1553075000000002,1.15718,1.1595600000000001,1.1625875,1.1659300000000001,1.1713375000000001,1.1800875000000002,1.1854950000000002,177.59999999999798,161.8-200.0
399,198888,199716,2026-03-23 09:38:00,2026-03-23 23:27:00,high,low,1.16397,1.15756,DOWN,828,64.10000000000026,398.0,UP,155.39999999999887,222.0,1.14843,1.16397,1.1603025599999999,1.15803372,1.1562000000000001,1.15436628,1.15175556,1.14843,1.14420312,1.1388262800000002,1.1328900000000002,1.1232862800000003,1.1077462800000004,1.0981425600000003,41.24839124839172,38.2-50.0
400,199716,199882,2026-03-23 23:27:00,2026-03-24 02:13:00,low,high,1.15756,1.16176,UP,166,41.999999999999815,399.0,DOWN,64.10000000000026,828.0,1.16397,1.15756,1.15907276,1.16000862,1.160765,1.16152138,1.16259826,1.16397,1.16571352,1.16793138,1.17038,1.17434138,1.18075138,1.18471276,65.52262090483563,61.8-78.6
401,199882,200274,2026-03-24 02:13:00,2026-03-24 08:45:00,high,low,1.16176,1.15671,DOWN,392,50.499999999999986,400.0,UP,41.999999999999815,166.0,1.15756,1.16176,1.1607687999999998,1.1601556,1.15966,1.1591643999999999,1.1584588,1.15756,1.1564176,1.1549644,1.15336,1.1507644,1.1465644,1.1439688,120.23809523809574,100.0-127.2
402,200274,200341,2026-03-24 08:45:00,2026-03-24 09:52:00,low,high,1.15671,1.16069,UP,67,39.80000000000095,401.0,DOWN,50.499999999999986,392.0,1.16176,1.15671,1.1579017999999999,1.1586390999999998,1.1592349999999998,1.1598309,1.1606793,1.16176,1.1631335999999999,1.1648809,1.16681,1.1699309,1.1749809,1.1781017999999999,78.81188118812071,78.6-100.0
403,200341,200474,2026-03-24 09:52:00,2026-03-24 12:05:00,high,low,1.16069,1.15569,DOWN,133,49.999999999998934,402.0,UP,39.80000000000095,67.0,1.15671,1.16069,1.15975072,1.15916964,1.1587,1.15823036,1.15756172,1.15671,1.15562744,1.1542503599999998,1.1527299999999998,1.1502703599999997,1.1462903599999996,1.1438307199999995,125.62814070351192,100.0-127.2
404,200474,200927,2026-03-24 12:05:00,2026-03-24 19:39:00,low,high,1.15569,1.16305,UP,453,73.59999999999812,403.0,DOWN,49.999999999998934,133.0,1.16069,1.15569,1.15687,1.1576,1.15819,1.1587800000000001,1.15962,1.16069,1.16205,1.16378,1.16569,1.16878,1.1737799999999998,1.1768699999999996,147.19999999999936,127.2-161.8
405,200927,201257,2026-03-24 19:39:00,2026-03-25 01:09:00,high,low,1.16305,1.15867,DOWN,330,43.799999999998285,404.0,UP,73.59999999999812,453.0,1.15569,1.16305,1.16131304,1.16023848,1.15937,1.15850152,1.15726504,1.15569,1.1536880800000002,1.1511415200000001,1.1483300000000003,1.1437815200000003,1.1364215200000005,1.1318730400000008,59.51086956521658,50.0-61.8
406,201257,201401,2026-03-25 01:09:00,2026-03-25 03:33:00,low,high,1.15867,1.16165,UP,144,29.799999999999827,405.0,DOWN,43.799999999998285,330.0,1.16305,1.15867,1.15970368,1.16034316,1.16086,1.16137684,1.16211268,1.16305,1.16424136,1.1657568399999998,1.1674299999999997,1.1701368399999996,1.1745168399999995,1.1772236799999993,68.03652968036756,61.8-78.6
407,201401,202371,2026-03-25 03:33:00,2026-03-25 19:45:00,high,low,1.16165,1.15539,DOWN,970,62.60000000000154,406.0,UP,29.799999999999827,144.0,1.15867,1.16165,1.16094672,1.1605116400000002,1.16016,1.15980836,1.1593077200000002,1.15867,1.1578594400000002,1.15682836,1.15569,1.15384836,1.15086836,1.1490267200000002,210.06711409396615,200.0-261.8
408,202371,202598,2026-03-25 19:45:00,2026-03-25 23:32:00,low,high,1.15539,1.15722,UP,227,18.299999999999983,407.0,DOWN,62.60000000000154,970.0,1.16165,1.15539,1.15686736,1.15778132,1.15852,1.15925868,1.16031036,1.16165,1.16335272,1.1655186800000001,1.1679100000000002,1.1717786800000003,1.1780386800000004,1.1819073600000005,29.233226837059956,23.6-38.2
409,202598,203534,2026-03-25 23:32:00,2026-03-26 15:09:00,high,low,1.15722,1.15196,DOWN,936,52.599999999998204,408.0,UP,18.299999999999983,227.0,1.15539,1.15722,1.1567881199999999,1.1565209399999998,1.156305,1.15608906,1.15578162,1.15539,1.15489224,1.15425906,1.15356,1.15242906,1.15059906,1.1494681199999999,287.4316939890615,261.8-361.8
410,203534,203537,2026-03-26 15:09:00,2026-03-26 15:12:00,low,high,1.15196,1.15588,UP,3,39.199999999999235,409.0,DOWN,52.599999999998204,936.0,1.15722,1.15196,1.15320136,1.15396932,1.15459,1.15521068,1.15609436,1.15722,1.1586507199999998,1.1604706799999998,1.1624799999999997,1.1657306799999996,1.1709906799999994,1.1742413599999992,74.52471482889842,61.8-78.6
411,203537,204499,2026-03-26 15:12:00,2026-03-27 07:15:00,high,low,1.15588,1.15018,DOWN,962,57.000000000000384,410.0,UP,39.199999999999235,3.0,1.15196,1.15588,1.15495488,1.15438256,1.15392,1.1534574400000002,1.15279888,1.15196,1.1508937600000002,1.1495374400000002,1.1480400000000002,1.1456174400000003,1.1416974400000004,1.1392748800000003,145.40816326530995,127.2-161.8
412,204499,204697,2026-03-27 07:15:00,2026-03-27 10:33:00,low,high,1.15018,1.15476,UP,198,45.80000000000028,411.0,DOWN,57.000000000000384,962.0,1.15588,1.15018,1.1515252,1.1523574,1.15303,1.1537026,1.1546602,1.15588,1.1574304,1.1594026,1.16158,1.1651026,1.1708026,1.1743252000000002,80.35087719298242,78.6-100.0
413,204697,205128,2026-03-27 10:33:00,2026-03-29 18:58:00,high,low,1.15476,1.14877,DOWN,431,59.899999999999395,412.0,UP,45.80000000000028,198.0,1.15018,1.15476,1.15367912,1.15301044,1.15247,1.15192956,1.15116012,1.15018,1.14893424,1.1473495599999999,1.1456,1.1427695599999999,1.1381895599999998,1.13535912,130.78602620087122,127.2-161.8
414,205128,205397,2026-03-29 18:58:00,2026-03-30 00:27:00,low,high,1.14877,1.15211,UP,269,33.39999999999898,413.0,DOWN,59.899999999999395,431.0,1.15476,1.14877,1.15018364,1.1510581800000002,1.1517650000000001,1.15247182,1.15347814,1.15476,1.15638928,1.1584618199999999,1.16075,1.1644518199999998,1.1704418199999997,1.1741436399999998,55.75959933221923,50.0-61.8
415,205397,206045,2026-03-30 00:27:00,2026-03-30 11:15:00,high,low,1.15211,1.1443,DOWN,648,78.09999999999873,414.0,UP,33.39999999999898,269.0,1.14877,1.15211,1.15132176,1.15083412,1.1504400000000001,1.15004588,1.14948476,1.14877,1.1478615200000002,1.14670588,1.1454300000000002,1.1433658800000002,1.1400258800000003,1.1379617600000005,233.8323353293446,200.0-261.8
416,206045,206392,2026-03-30 11:15:00,2026-03-30 17:02:00,low,high,1.1443,1.14674,UP,347,24.399999999999977,415.0,DOWN,78.09999999999873,648.0,1.15211,1.1443,1.14614316,1.14728342,1.148205,1.1491265800000001,1.15043866,1.15211,1.15423432,1.15693658,1.1599199999999998,1.1647465799999999,1.1725565799999997,1.1773831599999995,31.24199743918102,23.6-38.2
417,206392,206593,2026-03-30 17:02:00,2026-03-30 20:23:00,high,low,1.14674,1.14471,DOWN,201,20.300000000001983,416.0,UP,24.399999999999977,347.0,1.1443,1.14674,1.14616416,1.1458079200000002,1.14552,1.14523208,1.1448221600000001,1.1443,1.1436363200000002,1.14279208,1.14186,1.14035208,1.13791208,1.13640416,83.19672131148361,78.6-100.0
418,206593,206662,2026-03-30 20:23:00,2026-03-30 21:32:00,low,high,1.14471,1.14906,UP,69,43.50000000000076,417.0,DOWN,20.300000000001983,201.0,1.14674,1.14471,1.14518908,1.14548546,1.145725,1.14596454,1.1463055800000002,1.14674,1.1472921600000001,1.1479945400000002,1.1487700000000003,1.1500245400000004,1.1520545400000006,1.1533090800000008,214.28571428569708,200.0-261.8
419,206662,207233,2026-03-30 21:32:00,2026-03-31 07:03:00,high,low,1.14906,1.14574,DOWN,571,33.199999999999896,418.0,UP,43.50000000000076,69.0,1.14471,1.14906,1.1480333999999999,1.1473982999999999,1.146885,1.1463717,1.1456408999999999,1.14471,1.1435267999999998,1.1420217,1.1403599999999998,1.1376716999999998,1.1333216999999998,1.1306333999999996,76.3218390804582,61.8-78.6
420,207233,208907,2026-03-31 07:03:00,2026-04-01 11:03:00,low,high,1.14574,1.16271,UP,1674,169.6999999999993,419.0,DOWN,33.199999999999896,571.0,1.14906,1.14574,1.14652352,1.14700824,1.1474,1.14779176,1.14834952,1.14906,1.14996304,1.15111176,1.15238,1.15443176,1.15775176,1.1598035199999999,511.1445783132525,>=423.6
421,208907,209144,2026-04-01 11:03:00,2026-04-01 15:00:00,high,low,1.16271,1.15763,DOWN,237,50.799999999999734,420.0,UP,169.6999999999993,1674.0,1.14574,1.16271,1.1587050799999998,1.15622746,1.1542249999999998,1.15222254,1.14937158,1.14574,1.14112416,1.13525254,1.12877,1.11828254,1.1013125400000001,1.0908250800000001,29.93517972893338,23.6-38.2
422,209144,209512,2026-04-01 15:00:00,2026-04-01 21:11:00,low,high,1.15763,1.16055,UP,368,29.200000000000337,421.0,DOWN,50.799999999999734,237.0,1.16271,1.15763,1.15882888,1.15957056,1.16017,1.16076944,1.16162288,1.16271,1.1640917599999998,1.16584944,1.1677899999999999,1.1709294399999999,1.1760094399999999,1.1791488799999998,57.480314960630885,50.0-61.8
423,209512,210115,2026-04-01 21:11:00,2026-04-02 07:14:00,high,low,1.16055,1.1509,DOWN,603,96.49999999999936,422.0,UP,29.200000000000337,368.0,1.15763,1.16055,1.1598608799999999,1.15943456,1.15909,1.15874544,1.1582548799999999,1.15763,1.1568357599999999,1.1558254399999999,1.15471,1.1529054399999998,1.1499854399999998,1.1481808799999997,330.47945205478857,261.8-361.8
424,210115,210317,2026-04-02 07:14:00,2026-04-02 10:36:00,low,high,1.1509,1.15638,UP,202,54.799999999999294,423.0,DOWN,96.49999999999936,603.0,1.16055,1.1509,1.1531774000000001,1.1545863,1.155725,1.1568637,1.1584849,1.16055,1.1631748,1.1665136999999999,1.1702,1.1761636999999998,1.1858136999999997,1.1917773999999999,56.78756476683902,50.0-61.8
425,210317,210703,2026-04-02 10:36:00,2026-04-02 17:04:00,high,low,1.15638,1.15315,DOWN,386,32.300000000000665,424.0,UP,54.799999999999294,202.0,1.1509,1.15638,1.15508672,1.15428664,1.15364,1.15299336,1.15207272,1.1509,1.1494094400000001,1.14751336,1.14542,1.14203336,1.1365533600000002,1.1331667200000002,58.941605839418024,50.0-61.8
426,210703,210874,2026-04-02 17:04:00,2026-04-02 20:01:00,low,high,1.15315,1.15449,UP,171,13.400000000001189,425.0,DOWN,32.300000000000665,386.0,1.15638,1.15315,1.15391228,1.1543838599999998,1.1547649999999998,1.15514614,1.15568878,1.15638,1.15725856,1.15837614,1.15961,1.1616061400000002,1.1648361400000002,1.1668322800000002,41.48606811145794,38.2-50.0
427,210874,211186,2026-04-02 20:01:00,2026-04-03 01:23:00,high,low,1.15449,1.15293,DOWN,312,15.600000000000058,426.0,UP,13.400000000001189,171.0,1.15315,1.15449,1.15417376,1.1539781199999999,1.15382,1.15366188,1.15343676,1.15315,1.15278552,1.15232188,1.1518099999999998,1.1509818799999998,1.1496418799999997,1.1488137599999995,116.4179104477513,100.0-127.2
428,211186,211513,2026-04-03 01:23:00,2026-04-03 06:54:00,low,high,1.15293,1.15489,UP,327,19.599999999999618,427.0,DOWN,15.600000000000058,312.0,1.15449,1.15293,1.15329816,1.15352592,1.15371,1.15389408,1.15415616,1.15449,1.15491432,1.15545408,1.15605,1.15701408,1.15857408,1.15953816,125.64102564102274,100.0-127.2
429,211513,212049,2026-04-03 06:54:00,2026-04-03 15:58:00,high,low,1.15489,1.15138,DOWN,536,35.09999999999902,428.0,UP,19.599999999999618,327.0,1.15293,1.15489,1.15442744,1.15414128,1.15391,1.15367872,1.15334944,1.15293,1.15239688,1.15171872,1.15097,1.1497587200000001,1.1477987200000002,1.1465874400000002,179.08163265305973,161.8-200.0
430,212049,212062,2026-04-03 15:58:00,2026-04-03 16:11:00,low,high,1.15138,1.15298,UP,13,15.999999999998238,429.0,DOWN,35.09999999999902,536.0,1.15489,1.15138,1.1522083600000002,1.15272082,1.153135,1.15354918,1.15413886,1.15489,1.15584472,1.1570591799999999,1.1583999999999999,1.1605691799999998,1.1640791799999997,1.1662483599999998,45.58404558404184,38.2-50.0
431,212062,212166,2026-04-03 16:11:00,2026-04-05 18:11:00,high,low,1.15298,1.15048,DOWN,104,24.999999999999467,430.0,UP,15.999999999998238,13.0,1.15138,1.15298,1.1526024,1.1523687999999999,1.15218,1.1519912,1.1517224,1.15138,1.1509448000000002,1.1503912000000003,1.1497800000000002,1.1487912000000005,1.1471912000000006,1.1462024000000006,156.25000000001387,127.2-161.8
432,212166,213150,2026-04-05 18:11:00,2026-04-06 10:35:00,low,high,1.15048,1.15713,UP,984,66.50000000000045,431.0,DOWN,24.999999999999467,104.0,1.15298,1.15048,1.15107,1.151435,1.15173,1.1520249999999999,1.152445,1.15298,1.15366,1.1545249999999998,1.1554799999999998,1.1570249999999997,1.1595249999999997,1.1610699999999998,266.0000000000075,261.8-361.8
433,213150,213840,2026-04-06 10:35:00,2026-04-06 22:07:00,high,low,1.15713,1.15239,DOWN,690,47.399999999999665,432.0,UP,66.50000000000045,984.0,1.15048,1.15713,1.1555606,1.1545897,1.153805,1.1530202999999999,1.1519031,1.15048,1.1486712,1.1463702999999998,1.14383,1.1397202999999998,1.1330702999999998,1.1289605999999999,71.27819548872083,61.8-78.6
434,213840,215933,2026-04-06 22:07:00,2026-04-08 09:03:00,low,high,1.15239,1.17217,UP,2093,197.7999999999991,433.0,DOWN,47.399999999999665,690.0,1.15713,1.15239,1.15350864,1.15420068,1.15476,1.15531932,1.1561156399999999,1.15713,1.15841928,1.16005932,1.16187,1.16479932,1.16953932,1.17246864,417.29957805907276,361.8-423.6
435,215933,216290,2026-04-08 09:03:00,2026-04-08 15:00:00,high,low,1.17217,1.16433,DOWN,357,78.39999999999847,434.0,UP,197.7999999999991,2093.0,1.15239,1.17217,1.1675019199999999,1.16461404,1.16228,1.15994596,1.15662292,1.15239,1.14700984,1.14016596,1.1326100000000001,1.1203859600000001,1.1006059600000002,1.0883819200000002,39.635995955510026,38.2-50.0
436,216290,217645,2026-04-08 15:00:00,2026-04-09 13:38:00,low,high,1.16433,1.17234,UP,1355,80.0999999999985,435.0,DOWN,78.39999999999847,357.0,1.17217,1.16433,1.16618024,1.16732488,1.16825,1.16917512,1.17049224,1.17217,1.17430248,1.1770151199999999,1.1800099999999998,1.1848551199999997,1.1926951199999996,1.1975402399999995,102.16836734693887,100.0-127.2
437,217645,218507,2026-04-09 13:38:00,2026-04-10 04:04:00,high,low,1.17234,1.16773,DOWN,862,46.10000000000003,436.0,UP,80.0999999999985,1355.0,1.16433,1.17234,1.17044964,1.16928018,1.168335,1.1673898200000001,1.1660441400000001,1.16433,1.1621512800000002,1.1593798200000003,1.1563200000000002,1.1513698200000004,1.1433598200000006,1.1384096400000006,57.55305867665529,50.0-61.8
438,218507,218947,2026-04-10 04:04:00,2026-04-10 11:24:00,low,high,1.16773,1.17392,UP,440,61.9000000000014,437.0,DOWN,46.10000000000003,862.0,1.17234,1.16773,1.16881796,1.16949102,1.170035,1.17057898,1.17135346,1.17234,1.1735939199999998,1.17518898,1.17695,1.17979898,1.18440898,1.18725796,134.2733188720203,127.2-161.8
439,218947,219427,2026-04-10 11:24:00,2026-04-12 19:24:00,high,low,1.17392,1.16638,DOWN,480,75.40000000000103,438.0,UP,61.9000000000014,440.0,1.16773,1.17392,1.17245916,1.17155542,1.170825,1.17009458,1.16905466,1.16773,1.16604632,1.1639045799999999,1.1615399999999998,1.1577145799999997,1.1515245799999996,1.1476991599999995,121.80936995153364,100.0-127.2
440,219427,219833,2026-04-12 19:24:00,2026-04-13 02:10:00,low,high,1.16638,1.16948,UP,406,31.000000000001027,439.0,DOWN,75.40000000000103,480.0,1.17392,1.16638,1.16815944,1.16926028,1.17015,1.17103972,1.17230644,1.17392,1.1759708800000002,1.17857972,1.1814600000000002,1.1861197200000002,1.1936597200000003,1.1983194400000003,41.11405835543847,38.2-50.0
441,219833,219869,2026-04-13 02:10:00,2026-04-13 02:46:00,high,low,1.16948,1.16778,DOWN,36,17.000000000000348,440.0,UP,31.000000000001027,406.0,1.16638,1.16948,1.1687484000000001,1.1682958,1.1679300000000001,1.1675642,1.1670434,1.16638,1.1655368,1.1644641999999998,1.1632799999999999,1.1613641999999997,1.1582641999999996,1.1563483999999997,54.83870967741866,50.0-61.8
442,219869,221796,2026-04-13 02:46:00,2026-04-14 10:56:00,low,high,1.16778,1.18111,UP,1927,133.30000000000064,441.0,DOWN,17.000000000000348,36.0,1.16948,1.16778,1.1681812,1.1684294,1.16863,1.1688306000000002,1.1691162000000002,1.16948,1.1699424,1.1705306000000002,1.17118,1.1722306000000002,1.1739306000000003,1.1749812000000002,784.1176470588113,>=423.6
443,221796,222492,2026-04-14 10:56:00,2026-04-14 22:35:00,high,low,1.18111,1.17787,DOWN,696,32.40000000000131,442.0,UP,133.30000000000064,1927.0,1.16778,1.18111,1.1779641200000002,1.1760179400000002,1.174445,1.17287206,1.1706326200000001,1.16778,1.16415424,1.15954206,1.15445,1.1462120599999999,1.1328820599999998,1.12464412,24.306076519130652,23.6-38.2
444,222492,222706,2026-04-14 22:35:00,2026-04-15 02:09:00,low,high,1.17787,1.17992,UP,214,20.500000000001073,443.0,DOWN,32.40000000000131,696.0,1.18111,1.17787,1.17863464,1.17910768,1.17949,1.17987232,1.18041664,1.18111,1.18199128,1.1831123200000002,1.1843500000000002,1.1863523200000003,1.1895923200000005,1.1915946400000006,63.27160493827234,61.8-78.6
445,222706,222973,2026-04-15 02:09:00,2026-04-15 06:36:00,high,low,1.17992,1.17718,DOWN,267,27.400000000001867,444.0,UP,20.500000000001073,214.0,1.17787,1.17992,1.1794362,1.1791369,1.178895,1.1786531,1.1783087,1.17787,1.1773124,1.1766031,1.1758199999999999,1.1745530999999998,1.1725030999999997,1.1712361999999996,133.65853658536798,127.2-161.8
446,222973,223944,2026-04-15 06:36:00,2026-04-15 23:07:00,low,high,1.17718,1.18238,UP,971,52.00000000000094,445.0,DOWN,27.400000000001867,267.0,1.17992,1.17718,1.17782664,1.1782266799999999,1.17855,1.1788733200000001,1.17933364,1.17992,1.1806652800000002,1.1816133200000003,1.1826600000000003,1.1843533200000005,1.1870933200000007,1.1887866400000007,189.7810218978007,161.8-200.0
447,223944,224595,2026-04-15 23:07:00,2026-04-16 09:58:00,high,low,1.18238,1.17668,DOWN,651,57.000000000000384,446.0,UP,52.00000000000094,971.0,1.17718,1.18238,1.1811528,1.1803936,1.17978,1.1791664,1.1782928,1.17718,1.1757655999999999,1.1739663999999999,1.1719799999999998,1.1687663999999998,1.1635663999999997,1.1603527999999996,109.61538461538338,100.0-127.2
448,224595,225983,2026-04-16 09:58:00,2026-04-17 09:12:00,low,high,1.17668,1.18491,UP,1388,82.2999999999996,447.0,DOWN,57.000000000000384,651.0,1.18238,1.17668,1.1780252,1.1788574,1.17953,1.1802025999999999,1.1811601999999999,1.18238,1.1839304,1.1859026,1.18808,1.1916026,1.1973026,1.2008252000000001,144.385964912279,127.2-161.8
449,225983,226509,2026-04-17 09:12:00,2026-04-19 18:00:00,high,low,1.18491,1.17288,DOWN,526,120.29999999999986,448.0,UP,82.2999999999996,1388.0,1.17668,1.18491,1.18296772,1.18176614,1.1807949999999998,1.17982386,1.1784412199999998,1.17668,1.17444144,1.17159386,1.16845,1.16336386,1.15513386,1.15004772,146.17253948967246,127.2-161.8
450,226509,228006,2026-04-19 18:00:00,2026-04-20 19:00:00,low,high,1.17288,1.17908,UP,1497,61.99999999999983,449.0,DOWN,120.29999999999986,526.0,1.18491,1.17288,1.17571908,1.17747546,1.1788949999999998,1.18031454,1.18233558,1.18491,1.18818216,1.19234454,1.19694,1.2043745399999999,1.2164045399999999,1.2238390799999999,51.537822111388124,50.0-61.8
451,228006,228824,2026-04-20 19:00:00,2026-04-21 08:38:00,high,low,1.17908,1.1754,DOWN,818,36.79999999999906,450.0,UP,61.99999999999983,1497.0,1.17288,1.17908,1.1776168,1.1767116,1.17598,1.1752483999999999,1.1742067999999999,1.17288,1.1711935999999998,1.1690483999999999,1.16668,1.1628484,1.1566484,1.1528168,59.35483870967606,50.0-61.8
452,228824,228947,2026-04-21 08:38:00,2026-04-21 10:41:00,low,high,1.1754,1.1776,UP,123,21.999999999999797,451.0,DOWN,36.79999999999906,818.0,1.17908,1.1754,1.17626848,1.17680576,1.1772399999999998,1.17767424,1.1782924799999999,1.17908,1.18008096,1.1813542399999999,1.1827599999999998,1.1850342399999998,1.1887142399999997,1.1909884799999997,59.78260869565316,50.0-61.8
453,228947,229248,2026-04-21 10:41:00,2026-04-21 15:42:00,high,low,1.1776,1.17191,DOWN,301,56.89999999999973,452.0,UP,21.999999999999797,123.0,1.1754,1.1776,1.1770808,1.1767596,1.1764999999999999,1.1762404,1.1758708,1.1754,1.1748016000000001,1.1740404,1.1732,1.1718404,1.1696404,1.1682808,258.6363636363648,200.0-261.8
454,229248,229824,2026-04-21 15:42:00,2026-04-22 01:21:00,low,high,1.17191,1.17626,UP,576,43.50000000000076,453.0,DOWN,56.89999999999973,301.0,1.1776,1.17191,1.17325284,1.17408358,1.174755,1.17542642,1.17638234,1.1776,1.17914768,1.18111642,1.18329,1.18680642,1.19249642,1.1960128399999999,76.44991212653949,61.8-78.6
455,229824,230949,2026-04-22 01:21:00,2026-04-22 20:16:00,high,low,1.17626,1.16922,DOWN,1125,70.40000000000157,454.0,UP,43.50000000000076,576.0,1.17191,1.17626,1.1752334,1.1745983,1.174085,1.1735717,1.1728409,1.17191,1.1707268,1.1692217,1.16756,1.1648717,1.1605216999999999,1.1578333999999997,161.8390804597709,161.8-200.0
456,230949,230964,2026-04-22 20:16:00,2026-04-22 20:31:00,low,high,1.16922,1.17136,UP,15,21.400000000000308,455.0,DOWN,70.40000000000157,1125.0,1.17626,1.16922,1.17088144,1.17190928,1.1727400000000001,1.17357072,1.1747534400000001,1.17626,1.17817488,1.1806107200000002,1.1833000000000002,1.1876507200000004,1.1946907200000005,1.1990414400000007,30.397727272727032,23.6-38.2
457,230964,231626,2026-04-22 20:31:00,2026-04-23 07:33:00,high,low,1.17136,1.1679,DOWN,662,34.600000000000186,456.0,UP,21.400000000000308,15.0,1.16922,1.17136,1.17085496,1.17054252,1.17029,1.17003748,1.16967796,1.16922,1.1686379199999999,1.16789748,1.16708,1.16575748,1.1636174799999999,1.1622949599999999,161.68224299065275,127.2-161.8
458,231626,231827,2026-04-23 07:33:00,2026-04-23 10:54:00,low,high,1.1679,1.17164,UP,201,37.400000000000766,457.0,DOWN,34.600000000000186,662.0,1.17136,1.1679,1.16871656,1.16922172,1.16963,1.17003828,1.17061956,1.17136,1.17230112,1.17349828,1.17482,1.17695828,1.18041828,1.18255656,108.09248554913458,100.0-127.2
459,231827,231999,2026-04-23 10:54:00,2026-04-23 13:46:00,high,low,1.17164,1.16691,DOWN,172,47.30000000000123,458.0,UP,37.400000000000766,201.0,1.1679,1.17164,1.17075736,1.17021132,1.16977,1.16932868,1.1687003599999999,1.1679,1.1668827199999998,1.16558868,1.1641599999999999,1.1618486799999999,1.1581086799999998,1.1557973599999998,126.47058823529483,100.0-127.2
460,231999,232488,2026-04-23 13:46:00,2026-04-23 22:00:00,low,high,1.16691,1.16892,UP,489,20.100000000000673,459.0,DOWN,47.30000000000123,172.0,1.17164,1.16691,1.1680262799999999,1.16871686,1.1692749999999998,1.16983314,1.17062778,1.17164,1.17292656,1.17456314,1.1763700000000001,1.1792931400000002,1.1840231400000003,1.1869462800000004,42.494714587738166,38.2-50.0
461,232488,232580,2026-04-23 22:00:00,2026-04-23 23:32:00,high,low,1.16892,1.16727,DOWN,92,16.499999999999293,460.0,UP,20.100000000000673,489.0,1.16691,1.16892,1.1684456399999998,1.1681521799999999,1.1679149999999998,1.16767782,1.1673401399999999,1.16691,1.16636328,1.16566782,1.1648999999999998,1.1636578199999998,1.1616478199999998,1.1604056399999996,82.0895522387997,78.6-100.0
462,232580,233625,2026-04-23 23:32:00,2026-04-24 16:57:00,low,high,1.16727,1.17229,UP,1045,50.200000000000244,461.0,DOWN,16.499999999999293,92.0,1.16892,1.16727,1.1676594,1.1679003000000001,1.168095,1.1682896999999999,1.1685669,1.16892,1.1693688,1.1699396999999998,1.1705699999999999,1.1715896999999997,1.1732396999999997,1.1742593999999997,304.24242424243874,261.8-361.8
463,233625,233628,2026-04-24 16:57:00,2026-04-26 17:00:00,high,low,1.17229,1.16928,DOWN,3,30.09999999999957,462.0,UP,50.200000000000244,1045.0,1.16727,1.17229,1.1711052800000001,1.17037236,1.16978,1.16918764,1.1683442800000001,1.16727,1.16590456,1.16416764,1.16225,1.15914764,1.15412764,1.15102528,59.96015936254866,50.0-61.8
464,233628,234544,2026-04-26 17:00:00,2026-04-27 08:19:00,low,high,1.16928,1.17548,UP,916,61.99999999999983,463.0,DOWN,30.09999999999957,3.0,1.17229,1.16928,1.1699903600000001,1.17042982,1.170785,1.17114018,1.1716458600000001,1.17229,1.17310872,1.17415018,1.1753,1.17716018,1.18017018,1.18203036,205.9800664451851,200.0-261.8
465,234544,235063,2026-04-27 08:19:00,2026-04-27 17:00:00,high,low,1.17548,1.17179,DOWN,519,36.89999999999971,464.0,UP,61.99999999999983,916.0,1.16928,1.17548,1.1740168000000002,1.1731116000000001,1.17238,1.1716484,1.1706068,1.16928,1.1675936,1.1654484,1.1630800000000001,1.1592484,1.1530484,1.1492168000000003,59.51612903225776,50.0-61.8
466,235063,235253,2026-04-27 17:00:00,2026-04-27 20:12:00,low,high,1.17179,1.17269,UP,190,8.999999999999009,465.0,DOWN,36.89999999999971,519.0,1.17548,1.17179,1.17266084,1.1731995800000001,1.173635,1.17407042,1.1746903400000002,1.17548,1.17648368,1.17776042,1.17917,1.18145042,1.18514042,1.18742084,24.390243902436527,23.6-38.2
467,235253,235972,2026-04-27 20:12:00,2026-04-28 08:11:00,high,low,1.17269,1.16774,DOWN,719,49.5000000000001,466.0,UP,8.999999999999009,190.0,1.17179,1.17269,1.1724776000000001,1.1723462,1.17224,1.1721338000000001,1.1719826,1.17179,1.1715452000000002,1.1712338000000002,1.1708900000000002,1.1703338000000003,1.1694338000000004,1.1688776000000005,550.0000000000616,>=423.6
468,235972,236670,2026-04-28 08:11:00,2026-04-28 20:04:00,low,high,1.16774,1.17204,UP,698,42.9999999999997,467.0,DOWN,49.5000000000001,719.0,1.17269,1.16774,1.1689082,1.1696309,1.170215,1.1707991,1.1716307,1.17269,1.1740364,1.1757491,1.17764,1.1806991,1.1856491,1.1887082,86.8686868686861,78.6-100.0
469,236670,237157,2026-04-28 20:04:00,2026-04-29 04:12:00,high,low,1.17204,1.16936,DOWN,487,26.800000000000157,468.0,UP,42.9999999999997,698.0,1.16774,1.17204,1.1710251999999999,1.1703974,1.16989,1.1693826,1.1686602,1.16774,1.1665704000000001,1.1650826,1.16344,1.1607826,1.1564826000000001,1.1538252,62.32558139534963,61.8-78.6
470,237157,237325,2026-04-29 04:12:00,2026-04-29 07:00:00,low,high,1.16936,1.17097,UP,168,16.100000000001113,469.0,DOWN,26.800000000000157,487.0,1.17204,1.16936,1.16999248,1.17038376,1.1707,1.17101624,1.1714664799999999,1.17204,1.17276896,1.17369624,1.17472,1.17637624,1.17905624,1.18071248,60.07462686567544,50.0-61.8
471,237325,237792,2026-04-29 07:00:00,2026-04-29 14:47:00,high,low,1.17097,1.16611,DOWN,467,48.60000000000086,470.0,UP,16.100000000001113,168.0,1.16936,1.17097,1.17059004,1.17035498,1.170165,1.16997502,1.16970454,1.16936,1.16892208,1.16836502,1.1677499999999998,1.1667550199999999,1.1651450199999998,1.1641500399999996,301.8633540372516,261.8-361.8
472,237792,238109,2026-04-29 14:47:00,2026-04-29 20:09:00,low,high,1.16611,1.16894,UP,317,28.300000000001102,471.0,DOWN,48.60000000000086,467.0,1.17097,1.16611,1.16725696,1.16796652,1.1685400000000001,1.16911348,1.1699299600000002,1.17097,1.1722919200000002,1.1739734800000001,1.1758300000000002,1.1788334800000002,1.1836934800000003,1.1866969600000004,58.230452674898345,50.0-61.8
473,238109,238380,2026-04-29 20:09:00,2026-04-30 00:40:00,high,low,1.16894,1.16551,DOWN,271,34.30000000000044,472.0,UP,28.300000000001102,317.0,1.16611,1.16894,1.1682721200000001,1.1678589400000001,1.167525,1.16719106,1.16671562,1.16611,1.16534024,1.1643610599999998,1.1632799999999999,1.1615310599999997,1.1587010599999996,1.1569521199999997,121.20141342755868,100.0-127.2
474,238380,239250,2026-04-30 00:40:00,2026-04-30 15:10:00,low,high,1.16551,1.17416,UP,870,86.50000000000047,473.0,DOWN,34.30000000000044,271.0,1.16894,1.16551,1.16631948,1.1668202600000002,1.1672250000000002,1.16762974,1.16820598,1.16894,1.1698729600000002,1.17105974,1.1723700000000001,1.17448974,1.17791974,1.1800394800000003,252.18658892128093,200.0-261.8
475,239250,239550,2026-04-30 15:10:00,2026-04-30 20:14:00,high,low,1.17416,1.17241,DOWN,300,17.500000000001403,474.0,UP,86.50000000000047,870.0,1.16551,1.17416,1.1721186000000001,1.1708557000000002,1.169835,1.1688143,1.1673611000000002,1.16551,1.1631572000000001,1.1601643,1.15686,1.1515142999999999,1.1428642999999998,1.1375186,20.231213872833884,0.0-23.6
476,239550,239755,2026-04-30 20:14:00,2026-04-30 23:39:00,low,high,1.17241,1.17363,UP,205,12.199999999999989,475.0,DOWN,17.500000000001403,300.0,1.17416,1.17241,1.172823,1.1730785,1.173285,1.1734915000000001,1.1737855000000001,1.17416,1.1746360000000002,1.1752415000000003,1.1759100000000002,1.1769915000000004,1.1787415000000006,1.1798230000000005,69.71428571428005,61.8-78.6
477,239755,239928,2026-04-30 23:39:00,2026-05-01 02:33:00,high,low,1.17363,1.17187,DOWN,173,17.599999999999838,476.0,UP,12.199999999999989,205.0,1.17241,1.17363,1.1733420799999998,1.17316396,1.17302,1.17287604,1.17267108,1.17241,1.1720781599999999,1.17165604,1.17119,1.17043604,1.16921604,1.1684620799999998,144.26229508196602,127.2-161.8
478,239928,240399,2026-05-01 02:33:00,2026-05-01 10:24:00,low,high,1.17187,1.17851,UP,471,66.39999999999979,477.0,DOWN,17.599999999999838,173.0,1.17363,1.17187,1.17228536,1.17254232,1.17275,1.17295768,1.17325336,1.17363,1.17410872,1.1747176799999999,1.17539,1.1764776799999999,1.1782376799999998,1.17932536,377.2727272727296,361.8-423.6
479,240399,242703,2026-05-01 10:24:00,2026-05-05 01:00:00,high,low,1.17851,1.16764,DOWN,2304,108.69999999999935,478.0,UP,66.39999999999979,471.0,1.17187,1.17851,1.1769429599999999,1.1759735199999999,1.17519,1.17440648,1.1732909599999999,1.17187,1.17006392,1.16776648,1.16523,1.16112648,1.15448648,1.15038296,163.70481927710796,161.8-200.0
480,242703,243346,2026-05-05 01:00:00,2026-05-05 11:43:00,low,high,1.16764,1.17136,UP,643,37.199999999999456,479.0,DOWN,108.69999999999935,2304.0,1.17851,1.16764,1.17020532,1.1717923399999999,1.1730749999999999,1.17435766,1.1761838199999999,1.17851,1.18146664,1.18522766,1.1893799999999999,1.19609766,1.2069676599999997,1.2136853199999997,34.22263109475591,23.6-38.2
481,243346,243661,2026-05-05 11:43:00,2026-05-05 17:00:00,high,low,1.17136,1.16909,DOWN,315,22.699999999999942,480.0,UP,37.199999999999456,643.0,1.16764,1.17136,1.17048208,1.16993896,1.1695,1.1690610399999999,1.16843608,1.16764,1.1666281600000001,1.16534104,1.16392,1.16162104,1.15790104,1.1556020800000002,61.02150537634482,50.0-61.8
482,243661,244476,2026-05-05 17:00:00,2026-05-06 06:54:00,low,high,1.16909,1.17966,UP,815,105.69999999999968,481.0,DOWN,22.699999999999942,315.0,1.17136,1.16909,1.16962572,1.16995714,1.1702249999999998,1.17049286,1.17087422,1.17136,1.17197744,1.17276286,1.17363,1.17503286,1.17730286,1.17870572,465.63876651982355,>=423.6
483,244476,244840,2026-05-06 06:54:00,2026-05-06 12:58:00,high,low,1.17966,1.17417,DOWN,364,54.89999999999995,482.0,UP,105.69999999999968,815.0,1.16909,1.17966,1.17716548,1.17562226,1.174375,1.17312774,1.1713519799999998,1.16909,1.16621496,1.16255774,1.15852,1.15198774,1.14141774,1.1348854800000001,51.93945127719973,50.0-61.8
484,244840,245356,2026-05-06 12:58:00,2026-05-06 21:45:00,low,high,1.17417,1.17633,UP,516,21.600000000001618,483.0,DOWN,54.89999999999995,364.0,1.17966,1.17417,1.1754656399999999,1.17626718,1.176915,1.17756282,1.17848514,1.17966,1.18115328,1.18305282,1.18515,1.1885428199999999,1.1940328199999999,1.1974256399999998,39.34426229508495,38.2-50.0
485,245356,245662,2026-05-06 21:45:00,2026-05-07 02:51:00,high,low,1.17633,1.17448,DOWN,306,18.500000000001293,484.0,UP,21.600000000001618,516.0,1.17417,1.17633,1.17582024,1.17550488,1.1752500000000001,1.17499512,1.17463224,1.17417,1.1735824799999999,1.1728351199999998,1.1720099999999998,1.1706751199999996,1.1685151199999995,1.1671802399999993,85.64814814814771,78.6-100.0
486,245662,245836,2026-05-07 02:51:00,2026-05-07 05:45:00,low,high,1.17448,1.17783,UP,174,33.499999999999645,485.0,DOWN,18.500000000001293,306.0,1.17633,1.17448,1.1749166,1.1751867,1.175405,1.1756233,1.1759341,1.17633,1.1768332000000001,1.1774733000000002,1.1781800000000002,1.1793233000000003,1.1811733000000004,1.1823166000000005,181.0810810810665,161.8-200.0
487,245836,246508,2026-05-07 05:45:00,2026-05-07 16:57:00,high,low,1.17783,1.17224,DOWN,672,55.899999999999835,486.0,UP,33.499999999999645,174.0,1.17448,1.17783,1.1770394,1.1765503,1.176155,1.1757597,1.1751969,1.17448,1.1735688,1.1724097,1.17113,1.1690597,1.1657097,1.1636394,166.86567164179235,161.8-200.0
488,246508,247942,2026-05-07 16:57:00,2026-05-08 16:54:00,low,high,1.17224,1.1788,UP,1434,65.60000000000122,487.0,DOWN,55.899999999999835,672.0,1.17783,1.17224,1.17355924,1.1743753799999999,1.1750349999999998,1.17569462,1.17663374,1.17783,1.1793504799999999,1.18128462,1.18342,1.18687462,1.19246462,1.1959192399999998,117.35241502683613,100.0-127.2
489,247942,247948,2026-05-08 16:54:00,2026-05-10 17:00:00,high,low,1.1788,1.17447,DOWN,6,43.300000000001674,488.0,UP,65.60000000000122,1434.0,1.17224,1.1788,1.17725184,1.1762940800000001,1.1755200000000001,1.1747459199999999,1.17364384,1.17224,1.1704556799999999,1.1681859199999998,1.1656799999999998,1.1616259199999996,1.1550659199999995,1.1510118399999996,66.00609756097694,61.8-78.6
490,247948,249011,2026-05-10 17:00:00,2026-05-11 10:44:00,low,high,1.17447,1.17878,UP,1063,43.100000000000364,489.0,DOWN,43.300000000001674,6.0,1.1788,1.17447,1.17549188,1.17612406,1.176635,1.17714594,1.17787338,1.1788,1.17997776,1.1814759400000001,1.1831300000000002,1.1858059400000003,1.1901359400000004,1.1928118800000007,99.53810623556281,78.6-100.0
491,249011,250365,2026-05-11 10:44:00,2026-05-12 11:25:00,high,low,1.17878,1.17216,DOWN,1354,66.19999999999848,490.0,UP,43.100000000000364,1063.0,1.17447,1.17878,1.17776284,1.17713358,1.176625,1.1761164199999998,1.17539234,1.17447,1.17329768,1.1718064199999998,1.1701599999999999,1.1674964199999998,1.1631864199999997,1.1605228399999998,153.59628770301143,127.2-161.8
492,250365,250764,2026-05-12 11:25:00,2026-05-12 19:08:00,low,high,1.17216,1.17411,UP,399,19.499999999998963,491.0,DOWN,66.19999999999848,1354.0,1.17878,1.17216,1.17372232,1.17468884,1.17547,1.17625116,1.17736332,1.17878,1.1805806399999998,1.18287116,1.1853999999999998,1.1894911599999998,1.1961111599999996,1.2002023199999994,29.45619335347343,23.6-38.2
493,250764,250891,2026-05-12 19:08:00,2026-05-12 21:17:00,high,low,1.17411,1.17318,DOWN,127,9.300000000000974,492.0,UP,19.499999999998963,399.0,1.17216,1.17411,1.1736498,1.1733651,1.173135,1.1729049,1.1725773000000002,1.17216,1.1716296000000002,1.1709549000000001,1.1702100000000002,1.1690049000000002,1.1670549000000003,1.1658498000000004,47.692307692315225,38.2-50.0
494,250891,250923,2026-05-12 21:17:00,2026-05-12 21:49:00,low,high,1.17318,1.17417,UP,32,9.900000000000464,493.0,DOWN,9.300000000000974,127.0,1.17411,1.17318,1.1733994799999998,1.17353526,1.173645,1.17375474,1.17391098,1.17411,1.17436296,1.17468474,1.17504,1.17561474,1.1765447400000002,1.1771194800000002,106.45161290321965,100.0-127.2
495,250923,251382,2026-05-12 21:49:00,2026-05-13 05:30:00,high,low,1.17417,1.16954,DOWN,459,46.299999999999116,494.0,UP,9.900000000000464,32.0,1.17318,1.17417,1.17393636,1.17379182,1.1736749999999998,1.17355818,1.17339186,1.17318,1.17291072,1.1725681799999998,1.1721899999999998,1.1715781799999998,1.1705881799999998,1.1699763599999997,467.6767676767368,>=423.6
496,251382,252158,2026-05-13 05:30:00,2026-05-13 18:30:00,low,high,1.16954,1.17185,UP,776,23.100000000000342,495.0,DOWN,46.299999999999116,459.0,1.17417,1.16954,1.17063268,1.17130866,1.1718549999999999,1.17240134,1.17317918,1.17417,1.1754293599999999,1.1770313399999999,1.1787999999999998,1.1816613399999998,1.1862913399999997,1.1891526799999996,49.89200863931054,38.2-50.0
497,252158,252622,2026-05-13 18:30:00,2026-05-14 02:14:00,high,low,1.17185,1.17065,DOWN,464,12.000000000000899,496.0,UP,23.100000000000342,776.0,1.16954,1.17185,1.1713048400000001,1.1709675800000001,1.170695,1.17042242,1.17003434,1.16954,1.1689116800000001,1.16811242,1.16723,1.16580242,1.1634924199999999,1.16206484,51.948051948055074,50.0-61.8
498,252622,252662,2026-05-14 02:14:00,2026-05-14 02:54:00,low,high,1.17065,1.17214,UP,40,14.899999999999913,497.0,DOWN,12.000000000000899,464.0,1.17185,1.17065,1.1709332,1.1711084,1.1712500000000001,1.1713916,1.1715932,1.17185,1.1721764000000001,1.1725916,1.1730500000000001,1.1737916000000002,1.1749916000000002,1.1757332000000003,124.16666666665664,100.0-127.2
499,252662,254240,2026-05-14 02:54:00,2026-05-15 05:18:00,high,low,1.17214,1.1617,DOWN,1578,104.40000000000005,498.0,UP,14.899999999999913,40.0,1.17065,1.17214,1.1717883599999999,1.17157082,1.171395,1.17121918,1.17096886,1.17065,1.17024472,1.16972918,1.16916,1.16823918,1.16674918,1.16582836,700.6711409396016,>=423.6
500,254240,254337,2026-05-15 05:18:00,2026-05-15 06:55:00,low,high,1.1617,1.16554,UP,97,38.40000000000066,499.0,DOWN,104.40000000000005,1578.0,1.17214,1.1617,1.16416384,1.16568808,1.16692,1.16815192,1.16990584,1.17214,1.1749796799999999,1.17859192,1.18258,1.18903192,1.19947192,1.20592384,36.78160919540291,23.6-38.2
501,254337,255169,2026-05-15 06:55:00,2026-05-17 20:54:00,high,low,1.16554,1.16082,DOWN,832,47.20000000000057,500.0,UP,38.40000000000066,97.0,1.1617,1.16554,1.16463376,1.16407312,1.1636199999999999,1.16316688,1.16252176,1.1617,1.16065552,1.1593268799999998,1.15786,1.1554868799999998,1.1516468799999997,1.1492737599999998,122.91666666666607,100.0-127.2
502,255169,255882,2026-05-17 20:54:00,2026-05-18 08:47:00,low,high,1.16082,1.16572,UP,713,49.000000000001265,501.0,DOWN,47.20000000000057,832.0,1.16554,1.16082,1.16193392,1.16262304,1.16318,1.16373696,1.16452992,1.16554,1.16682384,1.16845696,1.17026,1.1731769600000002,1.1778969600000002,1.1808139200000003,103.8135593220353,100.0-127.2
503,255882,256254,2026-05-18 08:47:00,2026-05-18 14:59:00,high,low,1.16572,1.16287,DOWN,372,28.500000000000192,502.0,UP,49.000000000001265,713.0,1.16082,1.16572,1.1645636000000001,1.1638482,1.16327,1.1626918,1.1618686,1.16082,1.1594871999999998,1.1577917999999998,1.1559199999999998,1.1528917999999997,1.1479917999999996,1.1449635999999996,58.16326530612134,50.0-61.8
504,256254,256434,2026-05-18 14:59:00,2026-05-18 18:00:00,low,high,1.16287,1.16616,UP,180,32.90000000000015,503.0,DOWN,28.500000000000192,372.0,1.16572,1.16287,1.1635426,1.1639587,1.164295,1.1646313000000001,1.1651101000000001,1.16572,1.1664952000000002,1.1674813000000002,1.16857,1.1703313000000002,1.1731813000000002,1.1749426,115.43859649122783,100.0-127.2
505,256434,258834,2026-05-18 18:00:00,2026-05-20 10:11:00,high,low,1.16616,1.15826,DOWN,2400,79.00000000000018,504.0,UP,32.90000000000015,180.0,1.16287,1.16616,1.16538356,1.16490322,1.1645150000000002,1.1641267800000001,1.16357406,1.16287,1.1619751200000001,1.1608367800000001,1.15958,1.15754678,1.15425678,1.15222356,240.12158054711193,200.0-261.8
506,258834,258900,2026-05-20 10:11:00,2026-05-20 11:17:00,low,high,1.15826,1.1645,UP,66,62.40000000000023,505.0,DOWN,79.00000000000018,2400.0,1.16616,1.15826,1.1601244000000002,1.1612778000000001,1.16221,1.1631422,1.1644694,1.16616,1.1683088000000001,1.1710422,1.17406,1.1789422,1.1868422,1.1917244000000002,78.987341772152,78.6-100.0
507,258900,259862,2026-05-20 11:17:00,2026-05-21 03:26:00,high,low,1.1645,1.15938,DOWN,962,51.20000000000013,506.0,UP,62.40000000000023,66.0,1.15826,1.1645,1.16302736,1.16211632,1.16138,1.1606436800000002,1.15959536,1.15826,1.1565627200000002,1.1544036800000002,1.15202,1.1481636800000001,1.14192368,1.13806736,82.05128205128196,78.6-100.0
508,259862,259912,2026-05-21 03:26:00,2026-05-21 04:16:00,low,high,1.15938,1.16353,UP,50,41.499999999998764,507.0,DOWN,51.20000000000013,962.0,1.1645,1.15938,1.16058832,1.16133584,1.16194,1.1625441600000002,1.1634043200000002,1.1645,1.16589264,1.1676641600000002,1.16962,1.1727841600000002,1.1779041600000002,1.18106832,81.05468749999737,78.6-100.0
509,259912,260238,2026-05-21 04:16:00,2026-05-21 09:42:00,high,low,1.16353,1.15763,DOWN,326,59.00000000000016,508.0,UP,41.499999999998764,50.0,1.15938,1.16353,1.1625505999999999,1.1619447,1.1614550000000001,1.1609653,1.1602681000000001,1.15938,1.1582512,1.1568153,1.1552300000000002,1.1526653000000002,1.1485153000000003,1.1459506000000004,142.1686746987998,127.2-161.8
510,260238,260491,2026-05-21 09:42:00,2026-05-21 13:55:00,low,high,1.15763,1.163,UP,253,53.70000000000097,509.0,DOWN,59.00000000000016,326.0,1.16353,1.15763,1.1590224,1.1598838,1.16058,1.1612761999999999,1.1622674,1.16353,1.1651348,1.1671761999999999,1.16943,1.1730762,1.1789762,1.1826224,91.01694915254376,78.6-100.0
511,260491,261475,2026-05-21 13:55:00,2026-05-22 07:30:00,high,low,1.163,1.15932,DOWN,984,36.800000000001276,510.0,UP,53.70000000000097,253.0,1.15763,1.163,1.16173268,1.16094866,1.160315,1.15968134,1.15877918,1.15763,1.1561693599999998,1.1543113399999998,1.1522599999999998,1.1489413399999997,1.1435713399999996,1.1402526799999997,68.52886405959146,61.8-78.6
512,261475,261517,2026-05-22 07:30:00,2026-05-22 09:12:00,low,high,1.15932,1.16183,UP,42,25.100000000000122,511.0,DOWN,36.800000000001276,984.0,1.163,1.15932,1.16018848,1.16072576,1.16116,1.16159424,1.16221248,1.163,1.16400096,1.16527424,1.1666800000000002,1.1689542400000001,1.1726342400000003,1.1749084800000005,68.2065217391284,61.8-78.6
513,261517,261582,2026-05-22 09:12:00,2026-05-22 10:17:00,high,low,1.16183,1.15881,DOWN,65,30.200000000000227,512.0,UP,25.100000000000122,42.0,1.15932,1.16183,1.16123764,1.16087118,1.160575,1.1602788199999998,1.15985714,1.15932,1.15863728,1.1577688199999998,1.15681,1.1552588199999998,1.1527488199999998,1.15119764,120.3187250996019,100.0-127.2
514,261582,261979,2026-05-22 10:17:00,2026-05-24 20:54:00,low,high,1.15881,1.16488,UP,397,60.7000000000002,513.0,DOWN,30.200000000000227,65.0,1.16183,1.15881,1.15952272,1.15996364,1.16032,1.1606763599999999,1.16118372,1.16183,1.1626514399999999,1.1636963599999999,1.16485,1.16671636,1.16973636,1.17160272,200.99337748344283,200.0-261.8
515,261979,262364,2026-05-24 20:54:00,2026-05-25 03:19:00,high,low,1.16488,1.16296,DOWN,385,19.199999999999218,514.0,UP,60.7000000000002,397.0,1.15881,1.16488,1.1634474799999999,1.16256126,1.161845,1.1611287399999999,1.16010898,1.15881,1.1571589599999998,1.1550587399999999,1.1527399999999999,1.1489887399999998,1.1429187399999998,1.1391674799999998,31.630971993408824,23.6-38.2
516,262364,262691,2026-05-25 03:19:00,2026-05-25 08:46:00,low,high,1.16296,1.16527,UP,327,23.100000000000342,515.0,DOWN,19.199999999999218,385.0,1.16488,1.16296,1.16341312,1.1636934399999999,1.16392,1.16414656,1.16446912,1.16488,1.16540224,1.16606656,1.1667999999999998,1.16798656,1.1699065599999998,1.1710931199999997,120.31250000000668,100.0-127.2
517,262691,263775,2026-05-25 08:46:00,2026-05-26 03:06:00,high,low,1.16527,1.16239,DOWN,1084,28.799999999999937,516.0,UP,23.100000000000342,327.0,1.16296,1.16527,1.16472484,1.16438758,1.164115,1.16384242,1.16345434,1.16296,1.16233168,1.16153242,1.16065,1.1592224199999999,1.1569124199999998,1.15548484,124.67532467532256,100.0-127.2
518,263775,263979,2026-05-26 03:06:00,2026-05-26 06:30:00,low,high,1.16239,1.16451,UP,204,21.199999999998997,517.0,DOWN,28.799999999999937,1084.0,1.16527,1.16239,1.16306968,1.16349016,1.16383,1.16416984,1.16465368,1.16527,1.16605336,1.16704984,1.16815,1.16992984,1.17280984,1.17458968,73.6111111111078,61.8-78.6
519,263979,264286,2026-05-26 06:30:00,2026-05-26 11:37:00,high,low,1.16451,1.16163,DOWN,307,28.799999999999937,518.0,UP,21.199999999998997,204.0,1.16239,1.16451,1.16400968,1.1637001599999999,1.16345,1.16319984,1.16284368,1.16239,1.16181336,1.1610798400000002,1.1602700000000001,1.1589598400000003,1.1568398400000004,1.1555296800000003,135.8490566037797,127.2-161.8
520,264286,265188,2026-05-26 11:37:00,2026-05-27 02:47:00,low,high,1.16163,1.16492,UP,902,32.90000000000015,519.0,DOWN,28.799999999999937,307.0,1.16451,1.16163,1.16230968,1.16273016,1.1630699999999998,1.16340984,1.16389368,1.16451,1.16529336,1.16628984,1.16739,1.16916984,1.17204984,1.1738296799999999,114.2361111111119,100.0-127.2
521,265188,265497,2026-05-27 02:47:00,2026-05-27 07:56:00,high,low,1.16492,1.16329,DOWN,309,16.300000000000203,520.0,UP,32.90000000000015,902.0,1.16163,1.16492,1.1641435599999999,1.1636632199999999,1.163275,1.16288678,1.1623340599999998,1.16163,1.16073512,1.15959678,1.15834,1.15630678,1.15301678,1.1509835599999998,49.544072948328655,38.2-50.0
522,265497,265537,2026-05-27 07:56:00,2026-05-27 08:36:00,low,high,1.16329,1.16614,UP,40,28.500000000000192,521.0,DOWN,16.300000000000203,309.0,1.16492,1.16329,1.16367468,1.16391266,1.164105,1.1642973399999998,1.16457118,1.16492,1.16536336,1.1659273399999999,1.16655,1.1675573399999999,1.16918734,1.17019468,174.84662576687015,161.8-200.0
523,265537,266461,2026-05-27 08:36:00,2026-05-28 00:05:00,high,low,1.16614,1.15861,DOWN,924,75.30000000000037,522.0,UP,28.500000000000192,40.0,1.16329,1.16614,1.1654674,1.1650513,1.164715,1.1643786999999999,1.1638998999999999,1.16329,1.1625147999999998,1.1615286999999999,1.16044,1.1586786999999998,1.1558286999999998,1.1540674,264.21052631578897,261.8-361.8
524,266461,267200,2026-05-28 00:05:00,2026-05-28 12:24:00,low,high,1.15861,1.1661,UP,739,74.89999999999996,523.0,DOWN,75.30000000000037,924.0,1.16614,1.15861,1.16038708,1.1614864599999999,1.162375,1.16326354,1.16452858,1.16614,1.16818816,1.17079354,1.17367,1.17832354,1.18585354,1.1905070800000002,99.46879150066349,78.6-100.0
525,267200,268187,2026-05-28 12:24:00,2026-05-29 04:58:00,high,low,1.1661,1.16248,DOWN,987,36.19999999999956,524.0,UP,74.89999999999996,739.0,1.15861,1.1661,1.16433236,1.16323882,1.1623549999999998,1.16147118,1.16021286,1.15861,1.15657272,1.15398118,1.15112,1.14649118,1.13900118,1.13437236,48.331108144191695,38.2-50.0
526,268187,268582,2026-05-29 04:58:00,2026-05-29 11:33:00,low,high,1.16248,1.16857,UP,395,60.90000000000151,525.0,DOWN,36.19999999999956,987.0,1.1661,1.16248,1.16333432,1.16386284,1.1642899999999998,1.16471716,1.16532532,1.1661,1.16708464,1.1683371599999999,1.1697199999999999,1.1719571599999998,1.1755771599999998,1.1778143199999997,168.2320441989012,161.8-200.0
527,268582,269304,2026-05-29 11:33:00,2026-05-31 23:43:00,high,low,1.16857,1.16415,DOWN,722,44.200000000000905,526.0,UP,60.90000000000151,395.0,1.16248,1.16857,1.16713276,1.1662436200000001,1.1655250000000001,1.16480638,1.16378326,1.16248,1.1608235199999999,1.1587163799999998,1.1563899999999998,1.1526263799999996,1.1465363799999995,1.1427727599999995,72.57799671592744,61.8-78.6
528,269304,269498,2026-05-31 23:43:00,2026-06-01 02:59:00,low,high,1.16415,1.16648,UP,194,23.299999999999432,527.0,DOWN,44.200000000000905,722.0,1.16857,1.16415,1.16519312,1.1658384400000001,1.16636,1.16688156,1.1676241200000002,1.16857,1.1697722400000001,1.17130156,1.1729900000000002,1.1757215600000002,1.1801415600000003,1.1828731200000004,52.71493212669447,50.0-61.8
529,269498,269921,2026-06-01 02:59:00,2026-06-01 10:02:00,high,low,1.16648,1.16067,DOWN,423,58.09999999999871,528.0,UP,23.299999999999432,194.0,1.16415,1.16648,1.16593012,1.16558994,1.165315,1.16504006,1.16464862,1.16415,1.16351624,1.16271006,1.16182,1.16038006,1.15805006,1.1566101200000003,249.3562231759662,200.0-261.8
530,269921,271264,2026-06-01 10:02:00,2026-06-02 08:36:00,low,high,1.16067,1.16555,UP,1343,48.799999999999955,529.0,DOWN,58.09999999999871,423.0,1.16648,1.16067,1.16204116,1.16288942,1.163575,1.16426058,1.16523666,1.16648,1.16806032,1.17007058,1.1722899999999998,1.1758805799999998,1.1816905799999997,1.1852811599999995,83.9931153184183,78.6-100.0
531,271264,273275,2026-06-02 08:36:00,2026-06-03 18:16:00,high,low,1.16555,1.15945,DOWN,2011,60.99999999999994,530.0,UP,48.799999999999955,1343.0,1.16067,1.16555,1.16439832,1.16368584,1.16311,1.16253416,1.1617143200000002,1.16067,1.1593426400000002,1.15765416,1.15579,1.15277416,1.14789416,1.1448783200000001,125.0,100.0-127.2
532,273275,273773,2026-06-03 18:16:00,2026-06-04 02:36:00,low,high,1.15945,1.16148,UP,498,20.299999999999763,531.0,DOWN,60.99999999999994,2011.0,1.16555,1.15945,1.1608896000000002,1.1617802000000002,1.1625,1.1632198,1.1642446000000002,1.16555,1.1672092,1.1693198,1.17165,1.1754198,1.1815198,1.1852896000000002,33.2786885245898,23.6-38.2
533,273773,273839,2026-06-04 02:36:00,2026-06-04 03:42:00,high,low,1.16148,1.15984,DOWN,66,16.40000000000086,532.0,UP,20.299999999999763,498.0,1.15945,1.16148,1.16100092,1.16070454,1.160465,1.1602254600000002,1.15988442,1.15945,1.15889784,1.1581954600000002,1.1574200000000001,1.1561654600000002,1.1541354600000002,1.15288092,80.78817733990665,78.6-100.0
534,273839,274097,2026-06-04 03:42:00,2026-06-04 08:00:00,low,high,1.15984,1.16451,UP,258,46.69999999999952,533.0,DOWN,16.40000000000086,66.0,1.16148,1.15984,1.16022704,1.16046648,1.16066,1.16085352,1.16112904,1.16148,1.1619260800000002,1.1624935200000002,1.1631200000000002,1.1641335200000003,1.1657735200000003,1.1667870400000004,284.75609756095776,261.8-361.8
535,274097,274609,2026-06-04 08:00:00,2026-06-04 16:32:00,high,low,1.16451,1.16081,DOWN,512,37.00000000000037,534.0,UP,46.69999999999952,258.0,1.15984,1.16451,1.1634078799999998,1.16272606,1.162175,1.16162394,1.1608393799999999,1.15984,1.15856976,1.15695394,1.15517,1.15228394,1.14761394,1.14472788,79.22912205567611,78.6-100.0
536,274609,275372,2026-06-04 16:32:00,2026-06-05 05:22:00,low,high,1.16081,1.16442,UP,763,36.10000000000113,535.0,DOWN,37.00000000000037,512.0,1.16451,1.16081,1.1616832,1.1622234,1.1626599999999998,1.1630965999999998,1.1637182,1.16451,1.1655164,1.1667965999999999,1.16821,1.1704965999999999,1.1741966,1.1764832,97.56756756756965,78.6-100.0
537,275372,276116,2026-06-05 05:22:00,2026-06-07 17:49:00,high,low,1.16442,1.15081,DOWN,744,136.099999999999,536.0,UP,36.10000000000113,763.0,1.16081,1.16442,1.16356804,1.16304098,1.162615,1.16218902,1.16158254,1.16081,1.1598280799999998,1.15857902,1.1571999999999998,1.1549690199999998,1.1513590199999997,1.1491280399999995,377.0083102492929,361.8-423.6
538,276116,276567,2026-06-07 17:49:00,2026-06-08 01:21:00,low,high,1.15081,1.15397,UP,451,31.599999999998296,537.0,DOWN,136.099999999999,744.0,1.16442,1.15081,1.1540219600000001,1.1560090200000002,1.157615,1.15922098,1.16150746,1.16442,1.16812192,1.1728309799999999,1.17803,1.1864409799999998,1.2000509799999997,1.2084619599999997,23.21822189566387,0.0-23.6
539,276567,276818,2026-06-08 01:21:00,2026-06-08 05:32:00,high,low,1.15397,1.14999,DOWN,251,39.799999999998725,538.0,UP,31.599999999998296,451.0,1.15081,1.15397,1.15322424,1.15276288,1.15239,1.15201712,1.15148624,1.15081,1.1499504800000002,1.1488571200000002,1.1476500000000003,1.1456971200000003,1.1425371200000005,1.1405842400000006,125.94936708861036,100.0-127.2
540,276818,277049,2026-06-08 05:32:00,2026-06-08 09:23:00,low,high,1.14999,1.15545,UP,231,54.60000000000021,539.0,DOWN,39.799999999998725,251.0,1.15397,1.14999,1.15092928,1.15151036,1.15198,1.15244964,1.15311828,1.15397,1.15505256,1.1564296399999998,1.1579499999999998,1.1604096399999997,1.1643896399999996,1.1668492799999994,137.18592964824612,127.2-161.8
541,277049,277675,2026-06-08 09:23:00,2026-06-08 20:00:00,high,low,1.15545,1.15269,DOWN,626,27.600000000000957,540.0,UP,54.60000000000021,231.0,1.14999,1.15545,1.15416144,1.1533642800000001,1.15272,1.15207572,1.1511584400000001,1.14999,1.1485048800000002,1.14661572,1.14453,1.14115572,1.13569572,1.13232144,50.54945054945211,50.0-61.8
542,277675,278468,2026-06-08 20:00:00,2026-06-09 09:13:00,low,high,1.15269,1.1578,UP,793,51.09999999999948,541.0,DOWN,27.600000000000957,626.0,1.15545,1.15269,1.15334136,1.15374432,1.15407,1.1543956800000001,1.1548593600000001,1.15545,1.1562007200000002,1.1571556800000002,1.1582100000000002,1.1599156800000003,1.1626756800000004,1.1643813600000004,185.14492753622358,161.8-200.0
543,278468,278677,2026-06-09 09:13:00,2026-06-09 12:42:00,high,low,1.1578,1.15285,DOWN,209,49.5000000000001,542.0,UP,51.09999999999948,793.0,1.15269,1.1578,1.1565940399999999,1.1558479799999999,1.1552449999999999,1.15464202,1.15378354,1.15269,1.15130008,1.14953202,1.14758,1.1444220200000002,1.1393120200000002,1.13615404,96.8688845401186,78.6-100.0
544,278677,279698,2026-06-09 12:42:00,2026-06-10 05:50:00,low,high,1.15285,1.15596,UP,1021,31.100000000001682,543.0,DOWN,49.5000000000001,209.0,1.1578,1.15285,1.1540181999999999,1.1547409,1.155325,1.1559091,1.1567406999999998,1.1578,1.1591464,1.1608591,1.16275,1.1658091,1.1707591,1.1738182,62.8282828282861,61.8-78.6
545,279698,279806,2026-06-10 05:50:00,2026-06-10 07:38:00,high,low,1.15596,1.15354,DOWN,108,24.200000000000887,544.0,UP,31.100000000001682,1021.0,1.15285,1.15596,1.15522604,1.15477198,1.1544050000000001,1.15403802,1.15351554,1.15285,1.15200408,1.1509280199999998,1.1497399999999998,1.1478180199999997,1.1447080199999995,1.1427860399999994,77.81350482314977,61.8-78.6
546,279806,279937,2026-06-10 07:38:00,2026-06-10 09:49:00,low,high,1.15354,1.15731,UP,131,37.700000000000514,545.0,DOWN,24.200000000000887,108.0,1.15596,1.15354,1.15411112,1.1544644400000001,1.15475,1.15503556,1.15544212,1.15596,1.15661824,1.15745556,1.1583800000000002,1.1598755600000001,1.1622955600000002,1.1637911200000004,155.78512396693856,127.2-161.8
547,279937,280490,2026-06-10 09:49:00,2026-06-10 19:13:00,high,low,1.15731,1.15255,DOWN,553,47.600000000000975,546.0,UP,37.700000000000514,131.0,1.15354,1.15731,1.15642028,1.1558698600000001,1.1554250000000001,1.15498014,1.15434678,1.15354,1.15251456,1.1512101399999999,1.14977,1.1474401399999998,1.1436701399999998,1.1413402799999999,126.25994694960299,100.0-127.2
548,280490,280638,2026-06-10 19:13:00,2026-06-10 21:41:00,low,high,1.15255,1.1556,UP,148,30.49999999999997,547.0,DOWN,47.600000000000975,553.0,1.15731,1.15255,1.15367336,1.15436832,1.15493,1.1554916800000001,1.15629136,1.15731,1.15860472,1.1602516800000002,1.1620700000000002,1.1650116800000003,1.1697716800000004,1.1727133600000004,64.07563025209947,61.8-78.6
549,280638,281578,2026-06-10 21:41:00,2026-06-11 13:21:00,high,low,1.1556,1.15028,DOWN,940,53.19999999999992,548.0,UP,30.49999999999997,148.0,1.15255,1.1556,1.1548802,1.1544349,1.154075,1.1537150999999999,1.1532027,1.15255,1.1517203999999999,1.1506650999999999,1.1495,1.1476150999999999,1.1445651,1.1426802,174.4262295081966,161.8-200.0
550,281578,281707,2026-06-11 13:21:00,2026-06-11 15:30:00,low,high,1.15028,1.15896,UP,129,86.80000000000021,549.0,DOWN,53.19999999999992,940.0,1.1556,1.15028,1.15153552,1.1523122399999999,1.15294,1.15356776,1.15446152,1.1556,1.15704704,1.15888776,1.16092,1.16420776,1.16952776,1.17281552,163.15789473684276,161.8-200.0
551,281707,282428,2026-06-11 15:30:00,2026-06-12 03:41:00,high,low,1.15896,1.15569,DOWN,721,32.69999999999884,550.0,UP,86.80000000000021,129.0,1.15028,1.15896,1.15691152,1.15564424,1.15462,1.15359576,1.15213752,1.15028,1.14791904,1.14491576,1.1416,1.13623576,1.12755576,1.1221915199999999,37.67281105990641,23.6-38.2
552,282428,282534,2026-06-12 03:41:00,2026-06-12 05:27:00,low,high,1.15569,1.15894,UP,106,32.49999999999975,551.0,DOWN,32.69999999999884,721.0,1.15896,1.15569,1.15646172,1.15693914,1.1573250000000002,1.1577108600000001,1.15826022,1.15896,1.15984944,1.16098086,1.1622299999999999,1.1642508599999999,1.1675208599999998,1.1695417199999996,99.38837920489573,78.6-100.0
553,282534,283226,2026-06-12 05:27:00,2026-06-12 16:59:00,high,low,1.15894,1.15641,DOWN,692,25.300000000001432,552.0,UP,32.49999999999975,106.0,1.15569,1.15894,1.1581730000000001,1.1576985000000002,1.157315,1.1569315,1.1563855,1.15569,1.1548060000000002,1.1536815,1.1524400000000001,1.1504315,1.1471815,1.1451730000000002,77.84615384615886,61.8-78.6
554,283226,283720,2026-06-12 16:59:00,2026-06-15 01:14:00,low,high,1.15641,1.16221,UP,494,58.00000000000027,553.0,DOWN,25.300000000001432,692.0,1.15894,1.15641,1.15700708,1.15737646,1.157675,1.15797354,1.15839858,1.15894,1.15962816,1.1605035400000001,1.1614700000000002,1.1630335400000003,1.1655635400000004,1.1671270800000006,229.24901185769562,200.0-261.8
555,283720,283935,2026-06-15 01:14:00,2026-06-15 04:49:00,high,low,1.16221,1.1597,DOWN,215,25.100000000000122,554.0,UP,58.00000000000027,494.0,1.15641,1.16221,1.1608412,1.1599944,1.15931,1.1586256,1.1576511999999999,1.15641,1.1548323999999999,1.1528256,1.15061,1.1470255999999999,1.1412255999999998,1.1376411999999998,43.27586206896552,38.2-50.0
556,283935,284226,2026-06-15 04:49:00,2026-06-15 09:40:00,low,high,1.1597,1.16204,UP,291,23.400000000000087,555.0,DOWN,25.100000000000122,215.0,1.16221,1.1597,1.16029236,1.1606588199999999,1.160955,1.16125118,1.16167286,1.16221,1.1628927199999999,1.16376118,1.16472,1.16627118,1.16878118,1.17033236,93.22709163346603,78.6-100.0
557,284226,284606,2026-06-15 09:40:00,2026-06-15 16:00:00,high,low,1.16204,1.15835,DOWN,380,36.89999999999971,556.0,UP,23.400000000000087,291.0,1.1597,1.16204,1.16148776,1.16114612,1.16087,1.16059388,1.16020076,1.1597,1.15906352,1.15825388,1.15736,1.15591388,1.15357388,1.15212776,157.69230769230586,127.2-161.8
558,284606,284903,2026-06-15 16:00:00,2026-06-15 21:04:00,low,high,1.15835,1.1595,UP,297,11.499999999999844,557.0,DOWN,36.89999999999971,380.0,1.16204,1.15835,1.15922084,1.15975958,1.1601949999999999,1.16063042,1.16125034,1.16204,1.16304368,1.16432042,1.16573,1.1680104199999999,1.1717004199999999,1.1739808399999998,31.16531165311635,23.6-38.2
559,284903,285198,2026-06-15 21:04:00,2026-06-16 02:00:00,high,low,1.1595,1.15748,DOWN,295,20.199999999999108,558.0,UP,11.499999999999844,297.0,1.15835,1.1595,1.1592286,1.1590607,1.158925,1.1587893,1.1585961,1.15835,1.1580372,1.1576393,1.1572,1.1564893,1.1553393,1.1546286000000001,175.6521739130381,161.8-200.0
560,285198,285459,2026-06-16 02:00:00,2026-06-16 06:21:00,low,high,1.15748,1.16129,UP,261,38.09999999999869,559.0,DOWN,20.199999999999108,295.0,1.1595,1.15748,1.15795672,1.15825164,1.15849,1.15872836,1.15906772,1.1595,1.1600494399999999,1.16074836,1.1615199999999999,1.1627683599999998,1.1647883599999997,1.1660367199999997,188.61386138614046,161.8-200.0
561,285459,285712,2026-06-16 06:21:00,2026-06-16 10:34:00,high,low,1.16129,1.15878,DOWN,253,25.100000000000122,560.0,UP,38.09999999999869,261.0,1.15748,1.16129,1.16039084,1.15983458,1.1593849999999999,1.15893542,1.15829534,1.15748,1.1564436800000002,1.15512542,1.1536700000000002,1.1513154200000002,1.1475054200000003,1.1451508400000006,65.8792650918661,61.8-78.6
562,285712,285820,2026-06-16 10:34:00,2026-06-16 12:22:00,low,high,1.15878,1.16196,UP,108,31.800000000001827,561.0,DOWN,25.100000000000122,253.0,1.16129,1.15878,1.1593723599999999,1.1597388199999998,1.160035,1.16033118,1.1607528599999999,1.16129,1.1619727199999998,1.16284118,1.1638,1.16535118,1.16786118,1.16941236,126.69322709164013,100.0-127.2
563,285820,287455,2026-06-16 12:22:00,2026-06-17 15:40:00,high,low,1.16196,1.14778,DOWN,1635,141.8000000000008,562.0,UP,31.800000000001827,108.0,1.15878,1.16196,1.16120952,1.16074524,1.16037,1.15999476,1.1594605199999999,1.15878,1.1579150399999998,1.1568147599999998,1.1555999999999997,1.1536347599999996,1.1504547599999995,1.1484895199999994,445.91194968551156,>=423.6
564,287455,288102,2026-06-17 15:40:00,2026-06-18 02:33:00,low,high,1.14778,1.15282,UP,647,50.39999999999934,563.0,DOWN,141.8000000000008,1635.0,1.16196,1.14778,1.15112648,1.1531967600000002,1.15487,1.15654324,1.1589254800000002,1.16196,1.1658169600000001,1.17072324,1.1761400000000002,1.1849032400000001,1.1990832400000002,1.2078464800000004,35.54301833568339,23.6-38.2
565,288102,288431,2026-06-18 02:33:00,2026-06-18 08:02:00,high,low,1.15282,1.14532,DOWN,329,75.00000000000063,564.0,UP,50.39999999999934,647.0,1.14778,1.15282,1.15163056,1.15089472,1.1503,1.14970528,1.14885856,1.14778,1.14640912,1.1446652800000001,1.14274,1.1396252800000002,1.1345852800000003,1.1314705600000003,148.809523809527,127.2-161.8
566,288431,288609,2026-06-18 08:02:00,2026-06-18 11:00:00,low,high,1.14532,1.14875,UP,178,34.30000000000044,565.0,DOWN,75.00000000000063,329.0,1.15282,1.14532,1.14709,1.148185,1.14907,1.1499549999999998,1.1512149999999999,1.15282,1.15486,1.157455,1.16032,1.164955,1.172455,1.1770900000000002,45.73333333333354,38.2-50.0
567,288609,289471,2026-06-18 11:00:00,2026-06-19 01:27:00,high,low,1.14875,1.14178,DOWN,862,69.6999999999992,566.0,UP,34.30000000000044,178.0,1.14532,1.14875,1.14794052,1.1474397399999998,1.1470349999999998,1.14663026,1.14605402,1.14532,1.1443870399999998,1.14320026,1.1418899999999998,1.13977026,1.1363402599999999,1.1342205199999997,203.2069970845432,200.0-261.8
568,289471,290275,2026-06-19 01:27:00,2026-06-19 14:51:00,low,high,1.14178,1.14806,UP,804,62.80000000000064,567.0,DOWN,69.6999999999992,862.0,1.14875,1.14178,1.14342492,1.14444254,1.145265,1.14608746,1.14725842,1.14875,1.15064584,1.1530574599999999,1.1557199999999999,1.1600274599999998,1.1669974599999997,1.1713049199999996,90.1004304160708,78.6-100.0
569,290275,291067,2026-06-19 14:51:00,2026-06-22 04:11:00,high,low,1.14806,1.14414,DOWN,792,39.20000000000145,568.0,UP,62.80000000000064,804.0,1.14178,1.14806,1.1465779200000001,1.14566104,1.14492,1.14417896,1.14312392,1.14178,1.14007184,1.13789896,1.1355,1.13161896,1.1253389599999999,1.1214579199999999,62.42038216560678,61.8-78.6
570,291067,291185,2026-06-22 04:11:00,2026-06-22 06:09:00,low,high,1.14414,1.14634,UP,118,21.999999999999797,569.0,DOWN,39.20000000000145,792.0,1.14806,1.14414,1.14506512,1.14563744,1.1461000000000001,1.14656256,1.14722112,1.14806,1.1491262400000002,1.1504825600000002,1.1519800000000002,1.1544025600000003,1.1583225600000004,1.1607451200000005,56.12244897958924,50.0-61.8
571,291185,291751,2026-06-22 06:09:00,2026-06-22 15:35:00,high,low,1.14634,1.14189,DOWN,566,44.49999999999843,570.0,UP,21.999999999999797,118.0,1.14414,1.14634,1.1458207999999999,1.1454996,1.1452399999999998,1.1449804,1.1446108,1.14414,1.1435416,1.1427804,1.14194,1.1405804,1.1383804,1.1370208,202.27272727272202,200.0-261.8
572,291751,292148,2026-06-22 15:35:00,2026-06-22 22:19:00,low,high,1.14189,1.14319,UP,397,12.999999999998568,571.0,DOWN,44.49999999999843,566.0,1.14634,1.14189,1.1429402,1.1435899,1.144115,1.1446401,1.1453877,1.14634,1.1475503999999999,1.1490900999999998,1.1507899999999998,1.1535400999999996,1.1579900999999995,1.1607401999999993,29.21348314606523,23.6-38.2
573,292148,292207,2026-06-22 22:19:00,2026-06-22 23:18:00,high,low,1.14319,1.14186,DOWN,59,13.299999999998313,572.0,UP,12.999999999998568,397.0,1.14189,1.14319,1.1428832,1.1426934,1.14254,1.1423866,1.1421682,1.14189,1.1415364000000001,1.1410866000000002,1.1405900000000002,1.1397866000000003,1.1384866000000005,1.1376832000000006,102.30769230769059,100.0-127.2
574,292207,292449,2026-06-22 23:18:00,2026-06-23 03:20:00,low,high,1.14186,1.1439,UP,242,20.399999999998197,573.0,DOWN,13.299999999998313,59.0,1.14319,1.14186,1.14217388,1.1423680600000001,1.142525,1.14268194,1.14290538,1.14319,1.1435517599999998,1.1440119399999997,1.1445199999999998,1.1453419399999996,1.1466719399999994,1.1474938799999994,153.38345864662244,127.2-161.8
575,292449,294230,2026-06-23 03:20:00,2026-06-24 09:09:00,high,low,1.1439,1.13245,DOWN,1781,114.4999999999996,574.0,UP,20.399999999998197,242.0,1.14186,1.1439,1.14341856,1.14312072,1.14288,1.14263928,1.1422965600000001,1.14186,1.1413051200000002,1.1405992800000002,1.1398200000000003,1.1385592800000004,1.1365192800000006,1.1352585600000007,561.2745098039692,>=423.6
576,294230,294439,2026-06-24 09:09:00,2026-06-24 12:38:00,low,high,1.13245,1.13679,UP,209,43.400000000000105,575.0,DOWN,114.4999999999996,1781.0,1.1439,1.13245,1.1351522,1.1368239,1.138175,1.1395260999999999,1.1414497,1.1439,1.1470144,1.1509760999999998,1.1553499999999999,1.1624260999999998,1.1738760999999998,1.1809521999999997,37.90393013100459,23.6-38.2
577,294439,294916,2026-06-24 12:38:00,2026-06-24 20:39:00,high,low,1.13679,1.13474,DOWN,477,20.499999999998852,576.0,UP,43.400000000000105,209.0,1.13245,1.13679,1.13576576,1.13513212,1.13462,1.13410788,1.13337876,1.13245,1.13126952,1.12976788,1.12811,1.12542788,1.12108788,1.11840576,47.2350230414719,38.2-50.0
578,294916,295107,2026-06-24 20:39:00,2026-06-24 23:50:00,low,high,1.13474,1.1371,UP,191,23.599999999999177,577.0,DOWN,20.499999999998852,477.0,1.13679,1.13474,1.1352238000000001,1.1355231000000001,1.1357650000000001,1.1360069,1.1363513,1.13679,1.1373476,1.1380568999999998,1.1388399999999999,1.1401068999999997,1.1421568999999996,1.1434237999999997,115.12195121951463,100.0-127.2
579,295107,295315,2026-06-24 23:50:00,2026-06-25 03:18:00,high,low,1.1371,1.13447,DOWN,208,26.299999999999102,578.0,UP,23.599999999999177,191.0,1.13474,1.1371,1.13654304,1.13619848,1.13592,1.13564152,1.13524504,1.13474,1.13409808,1.1332815200000002,1.1323800000000002,1.1309215200000002,1.1285615200000003,1.1271030400000004,111.44067796610177,100.0-127.2
580,295315,295449,2026-06-25 03:18:00,2026-06-25 05:32:00,low,high,1.13447,1.1374,UP,134,29.29999999999877,579.0,DOWN,26.299999999999102,208.0,1.1371,1.13447,1.13509068,1.13547466,1.135785,1.13609534,1.13653718,1.1371,1.13781536,1.13872534,1.13973,1.1413553399999998,1.1439853399999997,1.1456106799999997,111.40684410646303,100.0-127.2
581,295449,295594,2026-06-25 05:32:00,2026-06-25 07:57:00,high,low,1.1374,1.13333,DOWN,145,40.70000000000018,580.0,UP,29.29999999999877,134.0,1.13447,1.1374,1.13670852,1.1362807400000001,1.135935,1.13558926,1.1350970200000001,1.13447,1.1336730400000001,1.13265926,1.1315400000000002,1.1297292600000002,1.1267992600000003,1.1249885200000005,138.90784982935799,127.2-161.8
582,295594,295808,2026-06-25 07:57:00,2026-06-25 11:31:00,low,high,1.13333,1.13879,UP,214,54.60000000000021,581.0,DOWN,40.70000000000018,145.0,1.1374,1.13333,1.13429052,1.13488474,1.135365,1.13584526,1.13652902,1.1374,1.13850704,1.13991526,1.14147,1.14398526,1.14805526,1.15057052,134.15233415233405,127.2-161.8
583,295808,296456,2026-06-25 11:31:00,2026-06-25 22:27:00,high,low,1.13879,1.1354,DOWN,648,33.90000000000004,582.0,UP,54.60000000000021,214.0,1.13333,1.13879,1.1375014399999999,1.13670428,1.13606,1.13541572,1.13449844,1.13333,1.13184488,1.1299557199999999,1.12787,1.1244957199999999,1.1190357199999998,1.1156614399999998,62.08791208791193,61.8-78.6
584,296456,297087,2026-06-25 22:27:00,2026-06-26 08:58:00,low,high,1.1354,1.14338,UP,631,79.80000000000098,583.0,DOWN,33.90000000000004,648.0,1.13879,1.1354,1.1362000399999999,1.13669498,1.137095,1.13749502,1.13806454,1.13879,1.13971208,1.14088502,1.14218,1.14427502,1.14766502,1.1497600399999999,235.39823008849817,200.0-261.8
585,297087,297607,2026-06-26 08:58:00,2026-06-28 17:53:00,high,high,1.14338,1.13798,DOWN,520,54.00000000000071,584.0,UP,79.80000000000098,631.0,1.1354,1.14338,1.1414967200000001,1.14033164,1.1393900000000001,1.13844836,1.13710772,1.1354,1.13322944,1.1304683599999998,1.1274199999999999,1.1224883599999997,1.1145083599999996,1.1095767199999997,67.6691729323309,61.8-78.6
586,297607,297878,2026-06-28 17:53:00,2026-06-28 22:28:00,high,high,1.13798,1.13933,UP,271,13.499999999999623,585.0,DOWN,54.00000000000071,520.0,1.14338,1.13798,1.1392544,1.1400428,1.1406800000000001,1.1413172,1.1422244000000001,1.14338,1.1448488,1.1467172,1.1487800000000001,1.1521172000000002,1.1575172000000002,1.1608544000000003,24.999999999998973,23.6-38.2
587,297878,298027,2026-06-28 22:28:00,2026-06-29 00:57:00,high,low,1.13933,1.13808,DOWN,149,12.499999999999734,586.0,UP,13.499999999999623,271.0,1.13798,1.13933,1.1390114,1.1388143,1.138655,1.1384957,1.1382689,1.13798,1.1376128,1.1371457,1.13663,1.1357957,1.1344457000000001,1.1336114000000002,92.5925925925932,78.6-100.0
588,298027,298743,2026-06-29 00:57:00,2026-06-29 12:53:00,low,high,1.13808,1.14306,UP,716,49.79999999999984,587.0,DOWN,12.499999999999734,149.0,1.13933,1.13808,1.138375,1.1385575,1.1387049999999999,1.1388525,1.1390624999999999,1.13933,1.13967,1.1401025,1.14058,1.1413525,1.1426025,1.1433749999999998,398.40000000000725,361.8-423.6
589,298743,299522,2026-06-29 12:53:00,2026-06-30 01:58:00,high,low,1.14306,1.13825,DOWN,779,48.09999999999981,588.0,UP,49.79999999999984,716.0,1.13808,1.14306,1.14188472,1.1411576399999999,1.1405699999999999,1.13998236,1.13914572,1.13808,1.13672544,1.13500236,1.1331,1.1300223600000001,1.1250423600000001,1.12196472,96.58634538152603,78.6-100.0
590,299522,300065,2026-06-30 01:58:00,2026-06-30 11:01:00,low,high,1.13825,1.14366,UP,543,54.09999999999915,589.0,DOWN,48.09999999999981,779.0,1.14306,1.13825,1.13938516,1.14008742,1.140655,1.14122258,1.1420306599999999,1.14306,1.1443683199999999,1.14603258,1.14787,1.15084258,1.15565258,1.15862516,112.47401247401115,100.0-127.2
591,300065,301394,2026-06-30 11:01:00,2026-07-01 09:14:00,high,low,1.14366,1.13617,DOWN,1329,74.89999999999996,590.0,UP,54.09999999999915,543.0,1.13825,1.14366,1.14238324,1.14159338,1.140955,1.14031662,1.13940774,1.13825,1.13677848,1.13490662,1.13284,1.12949662,1.1240866200000001,1.1207432400000004,138.44731977819066,127.2-161.8
592,301394,301425,2026-07-01 09:14:00,2026-07-01 09:45:00,low,high,1.13617,1.14118,UP,31,50.10000000000181,591.0,DOWN,74.89999999999996,1329.0,1.14366,1.13617,1.1379376399999999,1.13903118,1.1399149999999998,1.1407988199999999,1.14205714,1.14366,1.1456972799999998,1.1482888199999999,1.15115,1.1557788199999999,1.1632688199999999,1.1678976399999998,66.88918558077681,61.8-78.6
593,301425,301846,2026-07-01 09:45:00,2026-07-01 16:46:00,high,low,1.14118,1.13739,DOWN,421,37.900000000001825,592.0,UP,50.10000000000181,31.0,1.13617,1.14118,1.13999764,1.13926618,1.138675,1.13808382,1.13724214,1.13617,1.1348072799999998,1.13307382,1.1311599999999997,1.1280638199999997,1.1230538199999995,1.1199576399999993,75.64870259481128,61.8-78.6
594,301846,302787,2026-07-01 16:46:00,2026-07-02 08:45:00,low,high,1.13739,1.14727,UP,941,98.8000000000011,593.0,DOWN,37.900000000001825,421.0,1.14118,1.13739,1.1382844399999998,1.13883778,1.139285,1.13973222,1.14036894,1.14118,1.1422108800000002,1.1435222200000001,1.1449700000000003,1.1473122200000003,1.1511022200000005,1.1534444400000006,260.68601583112496,200.0-261.8
595,302787,303478,2026-07-02 08:45:00,2026-07-02 20:18:00,high,low,1.14727,1.14204,DOWN,691,52.30000000000068,594.0,UP,98.8000000000011,941.0,1.13739,1.14727,1.14493832,1.14349584,1.1423299999999998,1.14116416,1.13950432,1.13739,1.1347026399999998,1.1312841599999999,1.1275099999999998,1.1214041599999998,1.1115241599999997,1.1054183199999996,52.935222672064874,50.0-61.8
596,303478,303858,2026-07-02 20:18:00,2026-07-03 02:38:00,low,high,1.14204,1.14623,UP,380,41.900000000001384,595.0,DOWN,52.30000000000068,691.0,1.14727,1.14204,1.14327428,1.14403786,1.144655,1.1452721399999999,1.14615078,1.14727,1.14869256,1.15050214,1.1525,1.15573214,1.16096214,1.1641942800000002,80.11472275334768,78.6-100.0
597,303858,304723,2026-07-03 02:38:00,2026-07-05 17:04:00,high,low,1.14623,1.1432,DOWN,865,30.300000000000882,596.0,UP,41.900000000001384,380.0,1.14204,1.14623,1.14524116,1.14462942,1.144135,1.14364058,1.14293666,1.14204,1.1409003199999999,1.1394505799999999,1.1378499999999998,1.1352605799999997,1.1310705799999996,1.1284811599999995,72.31503579952239,61.8-78.6
598,304723,304907,2026-07-05 17:04:00,2026-07-05 20:17:00,low,high,1.1432,1.1441,UP,184,8.999999999999009,597.0,DOWN,30.300000000000882,865.0,1.14623,1.1432,1.14391508,1.14435746,1.1447150000000001,1.1450725400000001,1.14558158,1.14623,1.1470541600000002,1.1481025400000002,1.1492600000000002,1.1511325400000003,1.1541625400000004,1.1560350800000003,29.702970297025566,23.6-38.2
599,304907,305727,2026-07-05 20:17:00,2026-07-06 09:57:00,high,low,1.1441,1.14083,DOWN,820,32.69999999999884,598.0,UP,8.999999999999009,184.0,1.1432,1.1441,1.1438876,1.1437562,1.14365,1.1435438,1.1433925999999999,1.1432,1.1429552,1.1426438,1.1423,1.1417438000000002,1.1408438000000003,1.1402876000000004,363.3333333333605,361.8-423.6
600,305727,306257,2026-07-06 09:57:00,2026-07-06 19:04:00,low,high,1.14083,1.14479,UP,530,39.59999999999964,599.0,DOWN,32.69999999999884,820.0,1.1441,1.14083,1.14160172,1.1420791399999999,1.142465,1.14285086,1.14340022,1.1441,1.1449894399999998,1.14612086,1.1473699999999998,1.1493908599999998,1.1526608599999997,1.1546817199999995,121.10091743119584,100.0-127.2
601,306257,306912,2026-07-06 19:04:00,2026-07-07 06:00:00,high,low,1.14479,1.14234,DOWN,655,24.500000000000632,600.0,UP,39.59999999999964,530.0,1.14083,1.14479,1.14385544,1.14327728,1.1428099999999999,1.14234272,1.14167744,1.14083,1.13975288,1.13838272,1.13687,1.13442272,1.1304627200000001,1.1280154400000002,61.86868686868904,61.8-78.6
602,306912,307062,2026-07-07 06:00:00,2026-07-07 08:30:00,low,high,1.14234,1.14421,UP,150,18.700000000000383,601.0,DOWN,24.500000000000632,655.0,1.14479,1.14234,1.1429182,1.1432759,1.143565,1.1438541,1.1442657,1.14479,1.1454564,1.1463041,1.14724,1.1487541000000001,1.1512041000000002,1.1527182000000002,76.3265306122445,61.8-78.6
603,307062,307854,2026-07-07 08:30:00,2026-07-07 21:44:00,high,low,1.14421,1.13983,DOWN,792,43.80000000000051,602.0,UP,18.700000000000383,150.0,1.14234,1.14421,1.14376868,1.14349566,1.143275,1.14305434,1.1427401799999999,1.14234,1.1418313599999999,1.14118434,1.1404699999999999,1.1393143399999999,1.1374443399999998,1.1362886799999998,234.2245989304792,200.0-261.8
604,307854,308201,2026-07-07 21:44:00,2026-07-08 03:31:00,low,high,1.13983,1.14315,UP,347,33.20000000000212,603.0,DOWN,43.80000000000051,792.0,1.14421,1.13983,1.1408636799999998,1.1415031599999999,1.14202,1.14253684,1.14327268,1.14421,1.14540136,1.14691684,1.14859,1.15129684,1.1556768400000001,1.15838368,75.79908675799483,61.8-78.6
605,308201,308693,2026-07-08 03:31:00,2026-07-08 11:43:00,high,low,1.14315,1.1391,DOWN,492,40.500000000001094,604.0,UP,33.20000000000212,347.0,1.13983,1.14315,1.14236648,1.14188176,1.1414900000000001,1.14109824,1.1405404799999999,1.13983,1.1389269599999998,1.1377782399999998,1.1365099999999997,1.1344582399999996,1.1311382399999994,1.1290864799999991,121.98795180722442,100.0-127.2
606,308693,309573,2026-07-08 11:43:00,2026-07-09 02:33:00,low,high,1.1391,1.14491,UP,880,58.10000000000093,605.0,DOWN,40.500000000001094,492.0,1.14315,1.1391,1.1400558,1.1406471,1.1411250000000002,1.1416029,1.1422833000000001,1.14315,1.1442516,1.1456529000000002,1.1472000000000002,1.1497029000000003,1.1537529000000004,1.1562558000000005,143.45679012345522,127.2-161.8
607,309573,309836,2026-07-09 02:33:00,2026-07-09 06:56:00,high,low,1.14491,1.1421,DOWN,263,28.100000000002012,606.0,UP,58.10000000000093,880.0,1.1391,1.14491,1.1435388400000002,1.14269058,1.1420050000000002,1.14131942,1.14034334,1.1391,1.13751968,1.13550942,1.13329,1.12969942,1.1238894199999998,1.1202988399999998,48.36488812392696,38.2-50.0
608,309836,310024,2026-07-09 06:56:00,2026-07-09 10:04:00,low,high,1.1421,1.14459,UP,188,24.900000000001032,607.0,DOWN,28.100000000002012,263.0,1.14491,1.1421,1.14276316,1.1431734199999999,1.143505,1.14383658,1.14430866,1.14491,1.1456743200000001,1.1466465800000003,1.1477200000000003,1.1494565800000005,1.1522665800000007,1.1540031600000007,88.61209964412544,78.6-100.0
609,310024,310377,2026-07-09 10:04:00,2026-07-09 15:57:00,high,low,1.14459,1.14254,DOWN,353,20.500000000001073,608.0,UP,24.900000000001032,188.0,1.1421,1.14459,1.14400236,1.14363882,1.143345,1.1430511799999998,1.14263286,1.1421,1.1414227199999998,1.1405611799999997,1.1396099999999998,1.1380711799999996,1.1355811799999995,1.1340423599999996,82.3293172690772,78.6-100.0
610,310377,310784,2026-07-09 15:57:00,2026-07-09 22:53:00,low,high,1.14254,1.14606,UP,407,35.20000000000189,609.0,DOWN,20.500000000001073,353.0,1.14459,1.14254,1.1430238,1.1433231,1.143565,1.1438069,1.1441512999999999,1.14459,1.1451476,1.1458569,1.14664,1.1479069000000002,1.1499569000000003,1.1512238000000004,171.707317073171,161.8-200.0
611,310784,312129,2026-07-09 22:53:00,2026-07-12 21:24:00,high,low,1.14606,1.13843,DOWN,1345,76.30000000000025,610.0,UP,35.20000000000189,407.0,1.14254,1.14606,1.1452292800000001,1.14471536,1.1442999999999999,1.14388464,1.14329328,1.14254,1.1415825599999998,1.1403646399999998,1.1390199999999997,1.1368446399999996,1.1333246399999994,1.1311492799999994,216.7613636363527,200.0-261.8
612,312129,312542,2026-07-12 21:24:00,2026-07-13 04:17:00,low,high,1.13843,1.14457,UP,413,61.40000000000035,611.0,DOWN,76.30000000000025,1345.0,1.14606,1.13843,1.1402306800000002,1.1413446600000001,1.142245,1.14314534,1.14442718,1.14606,1.1481353600000002,1.15077534,1.15369,1.15840534,1.16603534,1.1707506800000003,80.47182175622561,78.6-100.0
613,312542,313306,2026-07-13 04:17:00,2026-07-13 17:04:00,high,low,1.14457,1.13752,DOWN,764,70.5,612.0,UP,61.40000000000035,413.0,1.13843,1.14457,1.14312096,1.14222452,1.1415000000000002,1.14077548,1.1397439600000001,1.13843,1.13675992,1.13463548,1.13229,1.12849548,1.12235548,1.11856096,114.82084690553683,100.0-127.2
614,313306,313700,2026-07-13 17:04:00,2026-07-13 23:38:00,low,high,1.13752,1.13966,UP,394,21.399999999998087,613.0,DOWN,70.5,764.0,1.14457,1.13752,1.1391838,1.1402131,1.141045,1.1418769000000002,1.1430613,1.14457,1.1464876000000002,1.1489269000000002,1.15162,1.1559769000000002,1.1630269000000002,1.1673838,30.3546099290753,23.6-38.2
615,313700,313905,2026-07-13 23:38:00,2026-07-14 03:03:00,high,low,1.13966,1.1384,DOWN,205,12.599999999998168,614.0,UP,21.399999999998087,394.0,1.13752,1.13966,1.13915496,1.1388425199999999,1.13859,1.1383374800000001,1.13797796,1.13752,1.13693792,1.1361974800000003,1.1353800000000003,1.1340574800000005,1.1319174800000007,1.1305949600000007,58.8785046728939,50.0-61.8
616,313905,314232,2026-07-14 03:03:00,2026-07-14 08:30:00,low,high,1.1384,1.14623,UP,327,78.30000000000004,615.0,DOWN,12.599999999998168,205.0,1.13966,1.1384,1.13869736,1.13888132,1.13903,1.1391786799999999,1.13939036,1.13966,1.1400027199999998,1.1404386799999997,1.1409199999999997,1.1416986799999995,1.1429586799999993,1.1437373599999994,621.428571428662,>=423.6
617,314232,314744,2026-07-14 08:30:00,2026-07-14 17:04:00,high,low,1.14623,1.14156,DOWN,512,46.70000000000174,616.0,UP,78.30000000000004,327.0,1.1384,1.14623,1.1443821200000002,1.14323894,1.142315,1.1413910600000001,1.1400756200000002,1.1384,1.13627024,1.1335610600000001,1.13057,1.1257310600000001,1.1179010600000001,1.1130621200000002,59.64240102171357,50.0-61.8
618,314744,315300,2026-07-14 17:04:00,2026-07-15 02:26:00,low,high,1.14156,1.14437,UP,556,28.100000000002012,617.0,DOWN,46.70000000000174,512.0,1.14623,1.14156,1.14266212,1.14334394,1.143895,1.14444606,1.14523062,1.14623,1.14750024,1.14911606,1.1509000000000003,1.1537860600000003,1.1584560600000005,1.1613421200000007,60.17130620985217,50.0-61.8
619,315300,315643,2026-07-15 02:26:00,2026-07-15 08:09:00,high,low,1.14437,1.14059,DOWN,343,37.80000000000116,618.0,UP,28.100000000002012,556.0,1.14156,1.14437,1.1437068400000001,1.1432965800000001,1.142965,1.14263342,1.14216134,1.14156,1.1407956799999999,1.1398234199999997,1.1387499999999997,1.1370134199999995,1.1342034199999993,1.1324668399999993,134.51957295373117,127.2-161.8
620,315643,316027,2026-07-15 08:09:00,2026-07-15 14:33:00,low,high,1.14059,1.14825,UP,384,76.6,619.0,DOWN,37.80000000000116,343.0,1.14437,1.14059,1.14148208,1.14203396,1.14248,1.14292604,1.14356108,1.14437,1.14539816,1.1467060400000002,1.1481500000000002,1.1504860400000003,1.1542660400000004,1.1566020800000005,202.64550264549638,200.0-261.8
621,316027,317380,2026-07-15 14:33:00,2026-07-16 13:14:00,high,low,1.14825,1.1431,DOWN,1353,51.49999999999988,620.0,UP,76.6,384.0,1.14059,1.14825,1.14644224,1.14532388,1.14442,1.14351612,1.14222924,1.14059,1.13850648,1.13585612,1.13293,1.12819612,1.12053612,1.11580224,67.2323759791121,61.8-78.6
622,317380,317835,2026-07-16 13:14:00,2026-07-16 21:01:00,low,high,1.1431,1.1448,UP,455,17.000000000000348,621.0,DOWN,51.49999999999988,1353.0,1.14825,1.1431,1.1443154,1.1450673,1.145675,1.1462827,1.1471479,1.14825,1.1496508,1.1514327,1.1534,1.1565827,1.1617327,1.1649154,33.00970873786483,23.6-38.2
623,317835,318065,2026-07-16 21:01:00,2026-07-17 00:51:00,high,low,1.1448,1.14345,DOWN,230,13.499999999999623,622.0,UP,17.000000000000348,455.0,1.1431,1.1448,1.1443988,1.1441506000000001,1.14395,1.1437494,1.1434638,1.1431,1.1426376,1.1420493999999999,1.1414,1.1403493999999998,1.1386493999999998,1.1375988,79.41176470587851,78.6-100.0
624,318065,318191,2026-07-17 00:51:00,2026-07-17 02:57:00,low,high,1.14345,1.14521,UP,126,17.599999999999838,623.0,DOWN,13.499999999999623,230.0,1.1448,1.14345,1.1437686,1.1439657,1.144125,1.1442843,1.1445111000000001,1.1448,1.1451672,1.1456343,1.14615,1.1469843,1.1483343,1.1491685999999999,130.3703703703728,127.2-161.8
625,318191,318440,2026-07-17 02:57:00,2026-07-17 07:06:00,high,low,1.14521,1.14243,DOWN,249,27.800000000000047,624.0,UP,17.599999999999838,126.0,1.14345,1.14521,1.14479464,1.14453768,1.14433,1.1441223200000001,1.1438266400000001,1.14345,1.14297128,1.1423623200000002,1.14169,1.1406023200000002,1.1388423200000002,1.13775464,157.95454545454717,127.2-161.8
626,318440,318696,2026-07-17 07:06:00,2026-07-17 11:22:00,low,high,1.14243,1.14443,UP,256,20.000000000000018,625.0,DOWN,27.800000000000047,249.0,1.14521,1.14243,1.14308608,1.14349196,1.14382,1.1441480400000001,1.1446150800000001,1.14521,1.14596616,1.1469280400000001,1.14799,1.1497080400000002,1.1524880400000002,1.15420608,71.9424460431654,61.8-78.6
627,318696,319033,2026-07-17 11:22:00,2026-07-19 17:00:00,high,low,1.14443,1.14234,DOWN,337,20.900000000001473,626.0,UP,20.000000000000018,256.0,1.14243,1.14443,1.143958,1.143666,1.14343,1.143194,1.1428580000000002,1.14243,1.141886,1.141194,1.14043,1.139194,1.137194,1.135958,104.50000000000728,100.0-127.2
628,319033,319657,2026-07-19 17:00:00,2026-07-20 03:34:00,low,high,1.14234,1.14495,UP,624,26.100000000000012,627.0,DOWN,20.900000000001473,337.0,1.14443,1.14234,1.1428332399999999,1.14313838,1.1433849999999999,1.14363162,1.14398274,1.14443,1.1449984800000002,1.1457216200000002,1.1465200000000002,1.1478116200000004,1.1499016200000005,1.1511932400000005,124.88038277511086,100.0-127.2
629,319657,320100,2026-07-20 03:34:00,2026-07-20 10:57:00,high,low,1.14495,1.14023,DOWN,443,47.199999999998354,628.0,UP,26.100000000000012,624.0,1.14234,1.14495,1.14433404,1.14395298,1.1436449999999998,1.14333702,1.14289854,1.14234,1.1416300799999999,1.14072702,1.13973,1.13811702,1.13550702,1.13389404,180.84291187738825,161.8-200.0
630,320100,321210,2026-07-20 10:57:00,2026-07-21 05:38:00,low,high,1.14023,1.14286,UP,1110,26.299999999999102,629.0,DOWN,47.199999999998354,443.0,1.14495,1.14023,1.14134392,1.14203304,1.14259,1.14314696,1.14393992,1.14495,1.1462338399999998,1.1478669599999998,1.1496699999999997,1.1525869599999996,1.1573069599999994,1.1602239199999993,55.72033898305089,50.0-61.8
631,321210,321892,2026-07-21 05:38:00,2026-07-21 17:00:00,high,low,1.14286,1.13942,DOWN,682,34.399999999998876,630.0,UP,26.299999999999102,1110.0,1.14023,1.14286,1.14223932,1.14185534,1.141545,1.14123466,1.1407928200000002,1.14023,1.13951464,1.1386046600000002,1.1376000000000002,1.1359746600000002,1.1333446600000003,1.1317193200000004,130.79847908745265,127.2-161.8
632,321892,322514,2026-07-21 17:00:00,2026-07-22 03:30:00,low,high,1.13942,1.14181,UP,622,23.899999999998922,631.0,DOWN,34.399999999998876,682.0,1.14286,1.13942,1.14023184,1.14073408,1.14114,1.14154592,1.14212384,1.14286,1.14379568,1.1449859199999999,1.1462999999999999,1.1484259199999998,1.1518659199999997,1.1539918399999995,69.47674418604565,61.8-78.6
633,322514,322669,2026-07-22 03:30:00,2026-07-22 06:05:00,high,low,1.14181,1.14002,DOWN,155,17.899999999999583,632.0,UP,23.899999999998922,622.0,1.13942,1.14181,1.14124596,1.14089702,1.140615,1.1403329800000002,1.1399314600000001,1.13942,1.13876992,1.1379429800000003,1.1370300000000002,1.1355529800000004,1.1331629800000005,1.1316859600000004,74.89539748954138,61.8-78.6
634,322669,322876,2026-07-22 06:05:00,2026-07-22 09:32:00,low,high,1.14002,1.14215,UP,207,21.299999999999653,633.0,DOWN,17.899999999999583,155.0,1.14181,1.14002,1.14044244,1.14070378,1.1409150000000001,1.14112622,1.14142694,1.14181,1.14229688,1.14291622,1.1436,1.14470622,1.14649622,1.1476024399999998,118.99441340782207,100.0-127.2
635,322876,323338,2026-07-22 09:32:00,2026-07-22 17:19:00,high,low,1.14215,1.14054,DOWN,462,16.099999999998893,634.0,UP,21.299999999999653,207.0,1.14002,1.14215,1.14164732,1.14133634,1.141085,1.14083366,1.14047582,1.14002,1.1394406400000001,1.13870366,1.13789,1.13657366,1.13444366,1.13312732,75.58685446008994,61.8-78.6
636,323338,323770,2026-07-22 17:19:00,2026-07-23 00:33:00,low,high,1.14054,1.14356,UP,432,30.199999999998006,635.0,DOWN,16.099999999998893,462.0,1.14215,1.14054,1.1409199600000002,1.14115502,1.141345,1.14153498,1.14180546,1.14215,1.14258792,1.14314498,1.1437599999999999,1.1447549799999999,1.1463649799999998,1.1473599599999997,187.5776397515533,161.8-200.0
637,323770,324357,2026-07-23 00:33:00,2026-07-23 10:20:00,high,low,1.14356,1.13637,DOWN,587,71.89999999999807,636.0,UP,30.199999999998006,432.0,1.14054,1.14356,1.14284728,1.14240636,1.14205,1.14169364,1.14118628,1.14054,1.1397185600000002,1.1386736400000002,1.1375200000000003,1.1356536400000004,1.1326336400000006,1.1307672800000008,238.07947019868485,200.0-261.8
638,324357,325079,2026-07-23 10:20:00,2026-07-23 22:32:00,low,high,1.13637,1.13876,UP,722,23.899999999998922,637.0,DOWN,71.89999999999807,587.0,1.14356,1.13637,1.13806684,1.13911658,1.1399650000000001,1.14081342,1.1420213399999999,1.14356,1.14551568,1.1480034199999998,1.1507499999999997,1.1551934199999996,1.1623834199999994,1.1668268399999993,33.240611961056416,23.6-38.2
639,325079,325283,2026-07-23 22:32:00,2026-07-24 01:56:00,high,low,1.13876,1.13763,DOWN,204,11.300000000000754,638.0,UP,23.899999999998922,722.0,1.13637,1.13876,1.13819596,1.13784702,1.137565,1.1372829800000002,1.1368814600000001,1.13637,1.13571992,1.1348929800000003,1.1339800000000002,1.1325029800000004,1.1301129800000005,1.1286359600000004,47.28033472803876,38.2-50.0
640,325283,325378,2026-07-24 01:56:00,2026-07-24 03:31:00,low,high,1.13763,1.14011,UP,95,24.800000000000377,639.0,DOWN,11.300000000000754,204.0,1.13876,1.13763,1.1378966799999999,1.13806166,1.138195,1.13832834,1.13851818,1.13876,1.13906736,1.13945834,1.13989,1.14058834,1.1417183400000002,1.1424166800000002,219.46902654866128,200.0-261.8
641,325378,325717,2026-07-24 03:31:00,2026-07-24 09:10:00,high,low,1.14011,1.13648,DOWN,339,36.300000000000225,640.0,UP,24.800000000000377,95.0,1.13763,1.14011,1.13952472,1.13916264,1.1388699999999998,1.13857736,1.13816072,1.13763,1.13695544,1.13609736,1.1351499999999999,1.13361736,1.1311373599999999,1.12960472,146.37096774193415,127.2-161.8
642,325717,326766,2026-07-24 09:10:00,2026-07-27 02:41:00,low,high,1.13648,1.14181,UP,1049,53.300000000000566,641.0,DOWN,36.300000000000225,339.0,1.14011,1.13648,1.13733668,1.13786666,1.1382949999999998,1.1387233399999999,1.13933318,1.14011,1.14109736,1.1423533399999999,1.14374,1.14598334,1.14961334,1.15185668,146.8319559228657,127.2-161.8
643,326766,327624,2026-07-27 02:41:00,2026-07-27 17:00:00,high,low,1.14181,1.13664,DOWN,858,51.699999999998965,642.0,UP,53.300000000000566,1049.0,1.13648,1.14181,1.14055212,1.13977394,1.139145,1.13851606,1.1376206199999999,1.13648,1.1350302399999999,1.1331860599999999,1.1311499999999999,1.1278560599999998,1.1225260599999998,1.1192321199999997,96.99812382738915,78.6-100.0
644,327624,328015,2026-07-27 17:00:00,2026-07-27 23:33:00,low,high,1.13664,1.13801,UP,391,13.699999999998713,643.0,DOWN,51.699999999998965,858.0,1.14181,1.13664,1.13786012,1.13861494,1.1392250000000002,1.13983506,1.14070362,1.14181,1.1432162399999999,1.14500506,1.1469799999999999,1.1501750599999998,1.1553450599999997,1.1585401199999996,26.499032882009644,23.6-38.2
645,328015,328412,2026-07-27 23:33:00,2026-07-28 06:10:00,high,low,1.13801,1.13531,DOWN,397,26.999999999999247,644.0,UP,13.699999999998713,391.0,1.13664,1.13801,1.13768668,1.13748666,1.1373250000000001,1.13716334,1.13693318,1.13664,1.1362673600000002,1.1357933400000002,1.1352700000000002,1.1344233400000003,1.1330533400000005,1.1322066800000006,197.08029197081595,161.8-200.0
646,328412,328790,2026-07-28 06:10:00,2026-07-28 12:28:00,low,high,1.13531,1.14052,UP,378,52.09999999999937,645.0,DOWN,26.999999999999247,397.0,1.13801,1.13531,1.1359472,1.1363414,1.13666,1.1369786,1.1374322,1.13801,1.1387444,1.1396785999999999,1.14071,1.1423785999999998,1.1450785999999997,1.1467471999999996,192.962962962966,161.8-200.0
647,328790,329186,2026-07-28 12:28:00,2026-07-28 19:07:00,high,low,1.14052,1.13821,DOWN,396,23.100000000000342,646.0,UP,52.09999999999937,378.0,1.13531,1.14052,1.13929044,1.13852978,1.137915,1.13730022,1.13642494,1.13531,1.13389288,1.13209022,1.1301,1.12688022,1.1216702200000002,1.1184504400000002,44.33781190019313,38.2-50.0
648,329186,329524,2026-07-28 19:07:00,2026-07-29 00:45:00,low,high,1.13821,1.14036,UP,338,21.500000000000963,647.0,DOWN,23.100000000000342,396.0,1.14052,1.13821,1.1387551599999999,1.1390924199999999,1.139365,1.13963758,1.14002566,1.14052,1.1411483199999999,1.14194758,1.14283,1.14425758,1.1465675800000001,1.14799516,93.07359307359586,78.6-100.0
649,329524,329975,2026-07-29 00:45:00,2026-07-29 08:16:00,high,low,1.14036,1.13744,DOWN,451,29.200000000000337,648.0,UP,21.500000000000963,338.0,1.13821,1.14036,1.1398526,1.1395387,1.139285,1.1390313,1.1386701,1.13821,1.1376252,1.1368813,1.1360599999999998,1.1347312999999999,1.1325812999999998,1.1312525999999996,135.8139534883676,127.2-161.8
650,329975,330624,2026-07-29 08:16:00,2026-07-29 19:08:00,low,high,1.13744,1.14748,UP,649,100.40000000000049,649.0,DOWN,29.200000000000337,451.0,1.14036,1.13744,1.13812912,1.13855544,1.1389,1.13924456,1.13973512,1.14036,1.14115424,1.14216456,1.14328,1.1450845600000001,1.1480045600000002,1.1498091200000002,343.83561643835384,261.8-361.8
651,330624,331128,2026-07-29 19:08:00,2026-07-30 03:32:00,high,low,1.14748,1.14342,DOWN,504,40.599999999999525,650.0,UP,100.40000000000049,649.0,1.13744,1.14748,1.14511056,1.14364472,1.14246,1.1412752800000001,1.13958856,1.13744,1.13470912,1.13123528,1.1274,1.12119528,1.11115528,1.1049505599999998,40.438247011951525,38.2-50.0
652,331128,331520,2026-07-30 03:32:00,2026-07-30 10:04:00,low,high,1.14342,1.15369,UP,392,102.70000000000002,651.0,DOWN,40.599999999999525,504.0,1.14748,1.14342,1.14437816,1.14497092,1.14545,1.1459290800000002,1.14661116,1.14748,1.14858432,1.14998908,1.15154,1.15404908,1.15810908,1.1606181599999998,252.95566502463353,200.0-261.8
653,331520,332403,2026-07-30 10:04:00,2026-07-31 00:49:00,high,low,1.15369,1.15042,DOWN,883,32.70000000000106,652.0,UP,102.70000000000002,392.0,1.14342,1.15369,1.1512662800000002,1.1497668600000002,1.148555,1.14734314,1.14561778,1.14342,1.14062656,1.13707314,1.13315,1.12680314,1.11653314,1.1101862800000002,31.840311587148058,23.6-38.2
654,332403,332652,2026-07-31 00:49:00,2026-07-31 04:58:00,low,high,1.15042,1.15261,UP,249,21.899999999999142,653.0,DOWN,32.70000000000106,883.0,1.15369,1.15042,1.15119172,1.15166914,1.152055,1.15244086,1.1529902200000002,1.15369,1.1545794400000002,1.1557108600000001,1.1569600000000002,1.1589808600000002,1.1622508600000003,1.1642717200000003,66.97247706421538,61.8-78.6
655,332652,332934,2026-07-31 04:58:00,2026-07-31 09:40:00,high,low,1.15261,1.1455,DOWN,282,71.0999999999995,654.0,UP,21.899999999999142,249.0,1.15042,1.15261,1.15209316,1.15177342,1.1515149999999998,1.1512565799999999,1.15088866,1.15042,1.14982432,1.14906658,1.14823,1.14687658,1.1446865800000001,1.1433331600000003,324.6575342465857,261.8-361.8
656,332934,333448,2026-07-31 09:40:00,2026-08-02 18:15:00,low,high,1.1455,1.15587,UP,514,103.6999999999999,655.0,DOWN,71.0999999999995,282.0,1.15261,1.1455,1.14717796,1.14821602,1.149055,1.1498939799999999,1.15108846,1.15261,1.1545439199999998,1.1570039799999998,1.1597199999999999,1.1641139799999998,1.1712239799999997,1.1756179599999999,145.85091420534548,127.2-161.8
657,333448,334485,2026-08-02 18:15:00,2026-08-03 11:32:00,high,low,1.15587,1.15002,DOWN,1037,58.499999999999105,656.0,UP,103.6999999999999,514.0,1.1455,1.15587,1.15342268,1.15190866,1.150685,1.14946134,1.14771918,1.1455,1.14267936,1.13909134,1.13513,1.12872134,1.11835134,1.11194268,56.412729026035834,50.0-61.8
658,334485,335027,2026-08-03 11:32:00,2026-08-03 20:39:00,low,high,1.15002,1.15149,UP,542,14.699999999998603,657.0,DOWN,58.499999999999105,1037.0,1.15587,1.15002,1.1514006,1.1522547,1.1529449999999999,1.1536353,1.1546181,1.15587,1.1574612,1.1594852999999998,1.1617199999999999,1.1653352999999997,1.1711852999999997,1.1748005999999998,25.128205128203124,23.6-38.2
659,335027,335049,2026-08-03 20:39:00,2026-08-03 21:01:00,high,low,1.15149,1.15022,DOWN,22,12.699999999998823,658.0,UP,14.699999999998603,542.0,1.15002,1.15149,1.15114308,1.15092846,1.150755,1.15058154,1.15033458,1.15002,1.14962016,1.14911154,1.1485500000000002,1.1476415400000002,1.1461715400000003,1.1452630800000005,86.39455782312946,78.6-100.0
660,335049,335432,2026-08-03 21:01:00,2026-08-04 03:24:00,low,high,1.15022,1.1517,UP,383,14.799999999999258,659.0,DOWN,12.699999999998823,22.0,1.15149,1.15022,1.15051972,1.15070514,1.150855,1.15100486,1.1512182199999998,1.15149,1.15183544,1.15227486,1.1527599999999998,1.1535448599999998,1.1548148599999997,1.1555997199999994,116.53543307087111,100.0-127.2
661,335432,335535,2026-08-04 03:24:00,2026-08-04 05:07:00,high,low,1.1517,1.15032,DOWN,103,13.799999999999368,660.0,UP,14.799999999999258,383.0,1.15022,1.1517,1.15135072,1.15113464,1.15096,1.15078536,1.15053672,1.15022,1.14981744,1.14930536,1.14874,1.1478253600000001,1.1463453600000002,1.1454307200000002,93.24324324324364,78.6-100.0
662,335535,336453,2026-08-04 05:07:00,2026-08-04 20:31:00,low,high,1.15032,1.15355,UP,918,32.300000000000665,661.0,DOWN,13.799999999999368,103.0,1.1517,1.15032,1.15064568,1.15084716,1.1510099999999999,1.1511728399999999,1.15140468,1.1517,1.15207536,1.1525528399999998,1.1530799999999999,1.1539328399999997,1.1553128399999997,1.1561656799999998,234.05797101450827,200.0-261.8
663,336453,336508,2026-08-04 20:31:00,2026-08-04 21:26:00,high,low,1.15355,1.15266,DOWN,55,8.900000000000574,662.0,UP,32.300000000000665,918.0,1.15032,1.15355,1.15278772,1.1523161400000002,1.151935,1.15155386,1.15101122,1.15032,1.14944144,1.1483238599999999,1.14709,1.1450938599999998,1.1418638599999997,1.1398677199999998,27.55417956656468,23.6-38.2
664,336508,336844,2026-08-04 21:26:00,2026-08-05 03:02:00,low,high,1.15266,1.15466,UP,336,20.000000000000018,663.0,DOWN,8.900000000000574,55.0,1.15355,1.15266,1.15287004,1.1529999800000001,1.153105,1.15321002,1.15335954,1.15355,1.15379208,1.15410002,1.1544400000000001,1.15499002,1.1558800200000001,1.1564300400000003,224.71910112358123,200.0-261.8
665,336844,336947,2026-08-05 03:02:00,2026-08-05 04:45:00,high,low,1.15466,1.1531,DOWN,103,15.600000000000058,664.0,UP,20.000000000000018,336.0,1.15266,1.15466,1.154188,1.153896,1.15366,1.153424,1.1530880000000001,1.15266,1.152116,1.151424,1.15066,1.149424,1.147424,1.146188,78.00000000000023,61.8-78.6
666,336947,337529,2026-08-05 04:45:00,2026-08-05 14:27:00,low,high,1.1531,1.15594,UP,582,28.399999999999537,665.0,DOWN,15.600000000000058,103.0,1.15466,1.1531,1.15346816,1.15369592,1.15388,1.15406408,1.15432616,1.15466,1.15508432,1.15562408,1.15622,1.15718408,1.15874408,1.15970816,182.0512820512784,161.8-200.0
667,337529,338839,2026-08-05 14:27:00,2026-08-06 12:20:00,high,low,1.15594,1.15145,DOWN,1310,44.899999999998826,666.0,UP,28.399999999999537,582.0,1.1531,1.15594,1.15526976,1.15485512,1.15452,1.15418488,1.15370776,1.1531,1.15232752,1.1513448800000001,1.15026,1.1485048800000002,1.1456648800000002,1.14390976,158.09859154929424,127.2-161.8
668,338839,340060,2026-08-06 12:20:00,2026-08-07 08:48:00,low,high,1.15145,1.15808,UP,1221,66.29999999999913,667.0,DOWN,44.899999999998826,1310.0,1.15594,1.15145,1.1525096400000001,1.15316518,1.153695,1.15422482,1.15497914,1.15594,1.15716128,1.15871482,1.1604299999999999,1.1632048199999998,1.1676948199999997,1.1704696399999996,147.6614699331868,127.2-161.8
669,340060,340970,2026-08-07 08:48:00,2026-08-10 00:07:00,high,low,1.15808,1.15478,DOWN,910,33.00000000000081,668.0,UP,66.29999999999913,1221.0,1.15145,1.15808,1.15651532,1.15554734,1.154765,1.15398266,1.1528688200000001,1.15145,1.14964664,1.1473526600000001,1.1448200000000002,1.1407226600000002,1.1340926600000003,1.1299953200000004,49.77375565611047,38.2-50.0
670,340970,341218,2026-08-10 00:07:00,2026-08-10 04:15:00,low,high,1.15478,1.15656,UP,248,17.80000000000115,669.0,DOWN,33.00000000000081,910.0,1.15808,1.15478,1.1555587999999999,1.1560405999999999,1.1564299999999998,1.1568194,1.1573738,1.15808,1.1589776,1.1601194000000001,1.16138,1.1634194000000002,1.1667194000000003,1.1687588000000002,53.9393939393961,50.0-61.8
671,341218,341984,2026-08-10 04:15:00,2026-08-10 17:05:00,high,low,1.15656,1.15359,DOWN,766,29.700000000001392,670.0,UP,17.80000000000115,248.0,1.15478,1.15656,1.15613992,1.15588004,1.15567,1.15545996,1.15516092,1.15478,1.1542958399999999,1.1536799599999998,1.1529999999999998,1.1518999599999997,1.1501199599999996,1.1490199199999995,166.85393258426672,161.8-200.0
672,341984,342201,2026-08-10 17:05:00,2026-08-10 20:43:00,low,high,1.15359,1.15497,UP,217,13.800000000001589,671.0,DOWN,29.700000000001392,766.0,1.15656,1.15359,1.15429092,1.15472454,1.155075,1.15542546,1.15592442,1.15656,1.15736784,1.1583954600000002,1.1595300000000002,1.1613654600000003,1.1643354600000004,1.1661709200000006,46.46464646464963,38.2-50.0
673,342201,342650,2026-08-10 20:43:00,2026-08-11 04:12:00,high,low,1.15497,1.15312,DOWN,449,18.500000000001293,672.0,UP,13.800000000001589,217.0,1.15359,1.15497,1.15464432,1.15444284,1.15428,1.15411716,1.1538853199999999,1.15359,1.1532146399999998,1.1527371599999998,1.1522099999999997,1.1513571599999997,1.1499771599999995,1.1491243199999994,134.0579710144867,127.2-161.8
674,342650,342990,2026-08-11 04:12:00,2026-08-11 09:52:00,low,high,1.15312,1.15483,UP,340,17.100000000001003,673.0,DOWN,18.500000000001293,449.0,1.15497,1.15312,1.1535566,1.1538267,1.154045,1.1542633,1.1545741,1.15497,1.1554732,1.1561133000000001,1.1568200000000002,1.1579633000000003,1.1598133000000004,1.1609566000000004,92.4324324324314,78.6-100.0
675,342990,343908,2026-08-11 09:52:00,2026-08-12 01:23:00,high,low,1.15483,1.1532,DOWN,918,16.300000000000203,674.0,UP,17.100000000001003,340.0,1.15312,1.15483,1.15442644,1.15417678,1.153975,1.15377322,1.15348594,1.15312,1.1526548799999998,1.1520632199999998,1.1514099999999998,1.1503532199999997,1.1486432199999996,1.1475864399999995,95.32163742689617,78.6-100.0
676,343908,344373,2026-08-12 01:23:00,2026-08-12 09:08:00,low,high,1.1532,1.15628,UP,465,30.799999999999716,675.0,DOWN,16.300000000000203,918.0,1.15483,1.1532,1.15358468,1.15382266,1.154015,1.15420734,1.15448118,1.15483,1.15527336,1.15583734,1.15646,1.15746734,1.15909734,1.16010468,188.95705521471984,161.8-200.0
677,344373,344668,2026-08-12 09:08:00,2026-08-12 14:03:00,high,low,1.15628,1.15197,DOWN,295,43.100000000000364,676.0,UP,30.799999999999716,465.0,1.1532,1.15628,1.15555312,1.15510344,1.1547399999999999,1.15437656,1.15385912,1.1532,1.15236224,1.15129656,1.15012,1.14821656,1.14513656,1.14323312,139.9350649350674,127.2-161.8
678,344668,345046,2026-08-12 14:03:00,2026-08-12 20:32:00,low,high,1.15197,1.15311,UP,378,11.400000000001409,677.0,DOWN,43.100000000000364,295.0,1.15628,1.15197,1.15298716,1.1536164199999999,1.154125,1.15463358,1.15535766,1.15628,1.15745232,1.15894358,1.16059,1.1632535800000001,1.1675635800000002,1.17022716,26.450116009283793,23.6-38.2
679,345046,345408,2026-08-12 20:32:00,2026-08-13 02:34:00,high,low,1.15311,1.15117,DOWN,362,19.400000000000528,678.0,UP,11.400000000001409,378.0,1.15197,1.15311,1.15284096,1.15267452,1.1525400000000001,1.15240548,1.1522139599999999,1.15197,1.15165992,1.15126548,1.1508299999999998,1.1501254799999998,1.1489854799999997,1.1482809599999995,170.1754385964748,161.8-200.0
680,345408,345873,2026-08-13 02:34:00,2026-08-13 10:19:00,low,high,1.15117,1.15454,UP,465,33.69999999999873,679.0,DOWN,19.400000000000528,362.0,1.15311,1.15117,1.15162784,1.15191108,1.1521400000000002,1.15236892,1.15269484,1.15311,1.15363768,1.15430892,1.1550500000000001,1.1562489200000001,1.1581889200000002,1.1593878400000002,173.7113402061743,161.8-200.0
681,345873,346273,2026-08-13 10:19:00,2026-08-13 17:00:00,high,low,1.15454,1.15238,DOWN,400,21.599999999999397,680.0,UP,33.69999999999873,465.0,1.15117,1.15454,1.15374468,1.15325266,1.152855,1.15245734,1.15189118,1.15117,1.15025336,1.1490873400000001,1.1478000000000002,1.1457173400000003,1.1423473400000004,1.1402646800000005,64.09495548961488,61.8-78.6
682,346273,347312,2026-08-13 17:00:00,2026-08-14 10:29:00,low,high,1.15238,1.15854,UP,1039,61.59999999999943,681.0,DOWN,21.599999999999397,400.0,1.15454,1.15238,1.1528897599999999,1.15320512,1.15346,1.1537148799999999,1.1540777599999998,1.15454,1.15512752,1.1558748799999998,1.1566999999999998,1.1580348799999998,1.1601948799999997,1.1615297599999996,285.18518518519056,261.8-361.8
683,347312,347741,2026-08-14 10:29:00,2026-08-16 17:42:00,high,high,1.15854,1.15614,DOWN,429,23.999999999999577,682.0,UP,61.59999999999943,1039.0,1.15238,1.15854,1.15708624,1.15618688,1.15546,1.15473312,1.15369824,1.15238,1.15070448,1.14857312,1.14622,1.14241312,1.1362531200000001,1.1324462400000002,38.96103896103863,38.2-50.0
684,347741,348383,2026-08-16 17:42:00,2026-08-17 04:30:00,high,high,1.15614,1.16141,UP,642,52.70000000000108,683.0,DOWN,23.999999999999577,429.0,1.15854,1.15614,1.1567064,1.1570567999999999,1.15734,1.1576232,1.1580264,1.15854,1.1591927999999998,1.1600232,1.1609399999999999,1.1624231999999999,1.1648231999999998,1.1663063999999999,219.58333333334167,200.0-261.8
685,348383,348990,2026-08-17 04:30:00,2026-08-17 14:37:00,high,low,1.16141,1.15709,DOWN,607,43.20000000000101,684.0,UP,52.70000000000108,642.0,1.15614,1.16141,1.16016628,1.15939686,1.1587749999999999,1.15815314,1.15726778,1.15614,1.15470656,1.15288314,1.1508699999999998,1.1476131399999998,1.1423431399999997,1.1390862799999997,81.97343453510462,78.6-100.0
686,348990,349375,2026-08-17 14:37:00,2026-08-17 21:12:00,low,high,1.15709,1.15857,UP,385,14.800000000001479,685.0,DOWN,43.20000000000101,607.0,1.16141,1.15709,1.15810952,1.15874024,1.1592500000000001,1.15975976,1.16048552,1.16141,1.1625850400000002,1.1640797600000001,1.1657300000000002,1.1683997600000002,1.1727197600000003,1.1753895200000004,34.259259259261874,23.6-38.2
687,349375,349699,2026-08-17 21:12:00,2026-08-18 02:37:00,high,low,1.15857,1.15665,DOWN,324,19.200000000001438,686.0,UP,14.800000000001479,385.0,1.15709,1.15857,1.15822072,1.1580046400000001,1.1578300000000001,1.15765536,1.15740672,1.15709,1.15668744,1.1561753599999998,1.1556099999999998,1.1546953599999996,1.1532153599999995,1.1523007199999995,129.7297297297265,127.2-161.8
688,349699,350165,2026-08-18 02:37:00,2026-08-18 10:23:00,low,high,1.15665,1.15882,UP,466,21.700000000000053,687.0,DOWN,19.200000000001438,324.0,1.15857,1.15665,1.15710312,1.15738344,1.15761,1.15783656,1.15815912,1.15857,1.15909224,1.1597565600000002,1.1604900000000002,1.1616765600000003,1.1635965600000004,1.1647831200000005,113.02083333332513,100.0-127.2
689,350165,350512,2026-08-18 10:23:00,2026-08-18 16:10:00,high,high,1.15882,1.15717,DOWN,347,16.499999999999293,688.0,UP,21.700000000000053,466.0,1.15665,1.15882,1.15830788,1.1579910599999998,1.157735,1.15747894,1.1571143799999999,1.15665,1.15605976,1.15530894,1.15448,1.15313894,1.15096894,1.14962788,76.03686635944356,61.8-78.6
690,350512,350757,2026-08-18 16:10:00,2026-08-18 20:18:00,high,high,1.15717,1.15816,UP,245,9.900000000000464,689.0,DOWN,16.499999999999293,347.0,1.15882,1.15717,1.1575594,1.1578003000000001,1.157995,1.1581896999999999,1.1584669,1.15882,1.1592688,1.1598396999999998,1.16047,1.1614896999999997,1.1631396999999997,1.1641593999999997,60.000000000005386,50.0-61.8
691,350757,350816,2026-08-18 20:18:00,2026-08-18 21:17:00,high,low,1.15816,1.157,DOWN,59,11.600000000000499,690.0,UP,9.900000000000464,245.0,1.15717,1.15816,1.15792636,1.15778182,1.1576650000000002,1.15754818,1.15738186,1.15717,1.15690072,1.15655818,1.15618,1.15556818,1.15457818,1.1539663599999999,117.17171717171672,100.0-127.2
692,350816,352054,2026-08-18 21:17:00,2026-08-19 18:01:00,low,high,1.157,1.16801,UP,1238,110.09999999999964,691.0,DOWN,11.600000000000499,59.0,1.15816,1.157,1.15727376,1.15744312,1.15758,1.1577168800000002,1.1579117600000002,1.15816,1.15847552,1.1588768800000002,1.1593200000000001,1.1600368800000003,1.1611968800000003,1.1619137600000002,949.1379310344389,>=423.6
693,352054,352239,2026-08-19 18:01:00,2026-08-19 21:06:00,high,low,1.16801,1.16698,DOWN,185,10.300000000000864,692.0,UP,110.09999999999964,1238.0,1.157,1.16801,1.16541164,1.16380418,1.162505,1.16120582,1.15935614,1.157,1.15400528,1.15019582,1.14599,1.13918582,1.12817582,1.1213716400000002,9.355131698456765,0.0-23.6
694,352239,352786,2026-08-19 21:06:00,2026-08-20 06:13:00,low,high,1.16698,1.17105,UP,547,40.70000000000018,693.0,DOWN,10.300000000000864,185.0,1.16801,1.16698,1.1672230799999999,1.1673734599999999,1.167495,1.16761654,1.16778958,1.16801,1.16829016,1.1686465400000001,1.16904,1.1696765400000002,1.1707065400000003,1.1713430800000002,395.1456310679298,361.8-423.6
695,352786,353172,2026-08-20 06:13:00,2026-08-20 12:39:00,high,low,1.17105,1.16692,DOWN,386,41.29999999999967,694.0,UP,40.70000000000018,547.0,1.16698,1.17105,1.17008948,1.16949526,1.169015,1.16853474,1.1678509799999999,1.16698,1.16587296,1.1644647399999999,1.1629099999999999,1.1603947399999999,1.1563247399999999,1.1538094799999998,101.47420147420021,100.0-127.2
696,353172,353771,2026-08-20 12:39:00,2026-08-20 22:52:00,low,high,1.16692,1.17007,UP,599,31.49999999999986,695.0,DOWN,41.29999999999967,386.0,1.17105,1.16692,1.1678946799999999,1.1684976599999999,1.168985,1.16947234,1.1701661799999998,1.17105,1.17217336,1.17360234,1.17518,1.17773234,1.18186234,1.1844146799999997,76.27118644067824,61.8-78.6
697,353771,354065,2026-08-20 22:52:00,2026-08-21 03:46:00,high,low,1.17007,1.16866,DOWN,294,14.099999999999113,696.0,UP,31.49999999999986,599.0,1.16692,1.17007,1.1693266,1.1688667,1.168495,1.1681233,1.1675940999999999,1.16692,1.1660632,1.1649733,1.16377,1.1618233,1.1586733,1.1567266,44.761904761902144,38.2-50.0
698,354065,354149,2026-08-21 03:46:00,2026-08-21 05:10:00,low,high,1.16866,1.17115,UP,84,24.899999999998812,697.0,DOWN,14.099999999999113,294.0,1.17007,1.16866,1.16899276,1.16919862,1.169365,1.16953138,1.16976826,1.17007,1.17045352,1.17094138,1.1714799999999999,1.1723513799999998,1.1737613799999997,1.1746327599999997,176.59574468085376,161.8-200.0
699,354149,354477,2026-08-21 05:10:00,2026-08-21 10:38:00,high,low,1.17115,1.16687,DOWN,328,42.79999999999839,698.0,UP,24.899999999998812,84.0,1.16866,1.17115,1.17056236,1.17019882,1.169905,1.16961118,1.1691928600000001,1.16866,1.1679827200000001,1.16712118,1.1661700000000002,1.1646311800000002,1.1621411800000003,1.1606023600000004,171.88755020080498,161.8-200.0
700,354477,355053,2026-08-21 10:38:00,2026-08-23 20:23:00,low,high,1.16687,1.16871,UP,576,18.399999999998418,699.0,DOWN,42.79999999999839,328.0,1.17115,1.16687,1.16788008,1.16850496,1.16901,1.16951504,1.17023408,1.17115,1.1723141599999998,1.17379504,1.1754299999999998,1.1780750399999997,1.1823550399999996,1.1850000799999993,42.990654205605395,38.2-50.0
701,355053,356098,2026-08-23 20:23:00,2026-08-24 13:48:00,high,low,1.16871,1.16552,DOWN,1045,31.90000000000026,700.0,UP,18.399999999998418,576.0,1.16687,1.16871,1.16827576,1.16800712,1.16779,1.16757288,1.16726376,1.16687,1.1663695200000002,1.1657328800000002,1.1650300000000002,1.1638928800000004,1.1620528800000005,1.1609157600000006,173.36956521740763,161.8-200.0
702,356098,356469,2026-08-24 13:48:00,2026-08-24 20:13:00,low,high,1.16552,1.16708,UP,371,15.600000000000058,701.0,DOWN,31.90000000000026,1045.0,1.16871,1.16552,1.16627284,1.1667385799999999,1.167115,1.16749142,1.1680273399999999,1.16871,1.16957768,1.17068142,1.1719,1.17387142,1.17706142,1.17903284,48.9028213166142,38.2-50.0
703,356469,356871,2026-08-24 20:13:00,2026-08-25 02:56:00,high,low,1.16708,1.1651,DOWN,402,19.799999999998708,702.0,UP,15.600000000000058,371.0,1.16552,1.16708,1.1667118399999998,1.1664840799999998,1.1663,1.16611592,1.1658538399999998,1.16552,1.1650956799999999,1.16455592,1.1639599999999999,1.16299592,1.16143592,1.1604718399999998,126.92307692306817,100.0-127.2
704,356871,357665,2026-08-25 02:56:00,2026-08-25 16:10:00,low,high,1.1651,1.16795,UP,794,28.500000000000192,703.0,DOWN,19.799999999998708,402.0,1.16708,1.1651,1.16556728,1.16585636,1.16609,1.1663236399999999,1.16665628,1.16708,1.1676185599999997,1.1683036399999998,1.1690599999999998,1.1702836399999996,1.1722636399999995,1.1734872799999996,143.9393939394043,127.2-161.8
705,357665,358289,2026-08-25 16:10:00,2026-08-26 02:38:00,high,low,1.16795,1.16597,DOWN,624,19.800000000000928,704.0,UP,28.500000000000192,794.0,1.1651,1.16795,1.1672774000000001,1.1668613,1.166525,1.1661887,1.1657099,1.1651,1.1643248,1.1633387,1.16225,1.1604887,1.1576387,1.1558774,69.47368421052911,61.8-78.6
706,358289,358400,2026-08-26 02:38:00,2026-08-26 04:29:00,low,high,1.16597,1.16767,UP,111,17.000000000000348,705.0,DOWN,19.800000000000928,624.0,1.16795,1.16597,1.16643728,1.16672636,1.16696,1.16719364,1.16752628,1.16795,1.1684885600000001,1.1691736400000001,1.1699300000000001,1.1711536400000002,1.1731336400000003,1.1743572800000004,85.8585858585836,78.6-100.0
707,358400,358761,2026-08-26 04:29:00,2026-08-26 10:30:00,high,low,1.16767,1.16419,DOWN,361,34.79999999999927,706.0,UP,17.000000000000348,111.0,1.16597,1.16767,1.1672688,1.1670206,1.16682,1.1666193999999999,1.1663337999999999,1.16597,1.1655076,1.1649193999999998,1.16427,1.1632193999999998,1.1615193999999998,1.1604687999999999,204.70588235293272,200.0-261.8
708,358761,359131,2026-08-26 10:30:00,2026-08-26 16:41:00,low,high,1.16419,1.16548,UP,370,12.900000000000134,707.0,DOWN,34.79999999999927,361.0,1.16767,1.16419,1.16501128,1.16551936,1.16593,1.16634064,1.16692528,1.16767,1.16861656,1.16982064,1.17115,1.17330064,1.1767806399999998,1.1789312799999998,37.06896551724254,23.6-38.2
709,359131,359154,2026-08-26 16:41:00,2026-08-26 17:04:00,high,low,1.16548,1.16467,DOWN,23,8.099999999999774,708.0,UP,12.900000000000134,370.0,1.16419,1.16548,1.16517556,1.16498722,1.164835,1.1646827800000001,1.16446606,1.16419,1.16383912,1.1633927800000001,1.1629,1.1621027800000001,1.16081278,1.16001556,62.79069767441621,61.8-78.6
710,359154,359454,2026-08-26 17:04:00,2026-08-26 22:09:00,low,high,1.16467,1.16594,UP,300,12.699999999998823,709.0,DOWN,8.099999999999774,23.0,1.16548,1.16467,1.16486116,1.16497942,1.165075,1.16517058,1.1653066600000002,1.16548,1.16570032,1.16598058,1.16629,1.16679058,1.16760058,1.16810116,156.79012345677995,127.2-161.8
711,359454,359775,2026-08-26 22:09:00,2026-08-27 03:30:00,high,low,1.16594,1.16516,DOWN,321,7.800000000000029,710.0,UP,12.699999999998823,300.0,1.16467,1.16594,1.16564028,1.16545486,1.165305,1.16515514,1.1649417800000001,1.16467,1.16432456,1.16388514,1.1634000000000002,1.1626151400000002,1.1613451400000003,1.1605602800000006,61.417322834651586,50.0-61.8
712,359775,359813,2026-08-27 03:30:00,2026-08-27 04:08:00,low,high,1.16516,1.1658,UP,38,6.399999999999739,711.0,DOWN,7.800000000000029,321.0,1.16594,1.16516,1.16534408,1.16545796,1.16555,1.16564204,1.16577308,1.16594,1.16615216,1.16642204,1.16672,1.16720204,1.16798204,1.16846408,82.0512820512784,78.6-100.0
713,359813,360034,2026-08-27 04:08:00,2026-08-27 07:49:00,high,low,1.1658,1.16364,DOWN,221,21.599999999999397,712.0,UP,6.399999999999739,38.0,1.16516,1.1658,1.16564896,1.16555552,1.16548,1.1654044799999999,1.16529696,1.16516,1.16498592,1.1647644799999999,1.16452,1.16412448,1.16348448,1.16308896,337.5000000000044,261.8-361.8
714,360034,360133,2026-08-27 07:49:00,2026-08-27 09:28:00,low,high,1.16364,1.16598,UP,99,23.400000000000087,713.0,DOWN,21.599999999999397,221.0,1.1658,1.16364,1.16414976,1.16446512,1.16472,1.16497488,1.16533776,1.1658,1.16638752,1.1671348799999999,1.1679599999999999,1.1692948799999998,1.1714548799999998,1.1727897599999997,108.33333333333677,100.0-127.2
715,360133,361360,2026-08-27 09:28:00,2026-08-28 06:03:00,high,low,1.16598,1.16392,DOWN,1227,20.599999999999508,714.0,UP,23.400000000000087,99.0,1.16364,1.16598,1.16542776,1.16508612,1.1648100000000001,1.16453388,1.16414076,1.16364,1.16300352,1.16219388,1.1613,1.15985388,1.15751388,1.15606776,88.0341880341856,78.6-100.0
716,361360,361597,2026-08-28 06:03:00,2026-08-28 10:00:00,low,high,1.16392,1.16589,UP,237,19.700000000000273,715.0,DOWN,20.599999999999508,1227.0,1.16598,1.16392,1.16440616,1.16470692,1.1649500000000002,1.16519308,1.16553916,1.16598,1.16654032,1.16725308,1.16804,1.16931308,1.17137308,1.1726461599999998,95.63106796116865,78.6-100.0
717,361597,362017,2026-08-28 10:00:00,2026-08-30 17:00:00,high,low,1.16589,1.15758,DOWN,420,83.10000000000039,716.0,UP,19.700000000000273,237.0,1.16392,1.16589,1.1654250800000001,1.1651374600000002,1.164905,1.16467254,1.16434158,1.16392,1.1633841600000001,1.16270254,1.16195,1.16073254,1.15876254,1.15754508,421.8274111675089,361.8-423.6
718,362017,362297,2026-08-30 17:00:00,2026-08-30 21:43:00,low,high,1.15758,1.15944,UP,280,18.599999999999728,717.0,DOWN,83.10000000000039,420.0,1.16589,1.15758,1.15954116,1.1607544200000002,1.1617350000000002,1.16271558,1.16411166,1.16589,1.16815032,1.17102558,1.1742000000000001,1.17933558,1.18764558,1.1927811600000002,22.38267148014397,0.0-23.6
719,362297,362611,2026-08-30 21:43:00,2026-08-31 02:57:00,high,low,1.15944,1.15846,DOWN,314,9.799999999999809,718.0,UP,18.599999999999728,280.0,1.15758,1.15944,1.15900104,1.15872948,1.1585100000000002,1.15829052,1.1579780400000002,1.15758,1.1570740800000001,1.15643052,1.15572,1.15457052,1.15271052,1.15156104,52.688172043010496,50.0-61.8
720,362611,363142,2026-08-31 02:57:00,2026-08-31 11:48:00,low,high,1.15846,1.16206,UP,531,36.000000000000476,719.0,DOWN,9.799999999999809,314.0,1.15944,1.15846,1.15869128,1.15883436,1.15895,1.1590656400000001,1.15923028,1.15944,1.15970656,1.16004564,1.16042,1.16102564,1.16200564,1.16261128,367.34693877552223,361.8-423.6
721,363142,363574,2026-08-31 11:48:00,2026-08-31 19:04:00,high,low,1.16206,1.16125,DOWN,432,8.100000000001994,720.0,UP,36.000000000000476,531.0,1.15846,1.16206,1.1612104,1.1606848,1.16026,1.1598352,1.1592304,1.15846,1.1574808,1.1562352,1.15486,1.1526352,1.1490352,1.1468104,22.500000000005244,0.0-23.6
722,363574,363663,2026-08-31 19:04:00,2026-08-31 20:33:00,low,high,1.16125,1.16244,UP,89,11.900000000000244,721.0,DOWN,8.100000000001994,432.0,1.16206,1.16125,1.1614411599999999,1.16155942,1.161655,1.16175058,1.16188666,1.16206,1.1622803200000003,1.1625605800000003,1.1628700000000003,1.1633705800000005,1.1641805800000007,1.1646811600000007,146.91358024688043,127.2-161.8
723,363663,364124,2026-08-31 20:33:00,2026-09-01 04:16:00,high,low,1.16244,1.15878,DOWN,461,36.599999999999966,722.0,UP,11.900000000000244,89.0,1.16125,1.16244,1.1621591599999999,1.16198542,1.161845,1.1617045799999999,1.1615046599999999,1.16125,1.16092632,1.1605145799999999,1.1600599999999999,1.1593245799999998,1.1581345799999998,1.1573991599999998,307.56302521007746,261.8-361.8
724,364124,364482,2026-09-01 04:16:00,2026-09-01 10:14:00,low,high,1.15878,1.16081,UP,358,20.299999999999763,723.0,DOWN,36.599999999999966,461.0,1.16244,1.15878,1.15964376,1.1601781199999999,1.16061,1.16104188,1.1616567599999998,1.16244,1.16343552,1.16470188,1.1661,1.16836188,1.17202188,1.17428376,55.464480874316344,50.0-61.8
725,364482,364608,2026-09-01 10:14:00,2026-09-01 12:20:00,high,low,1.16081,1.15847,DOWN,126,23.399999999997867,724.0,UP,20.299999999999763,358.0,1.15878,1.16081,1.1603309199999998,1.1600345399999998,1.159795,1.15955546,1.1592144199999999,1.15878,1.15822784,1.15752546,1.15675,1.15549546,1.15346546,1.15221092,115.27093596058198,100.0-127.2
726,364608,364966,2026-09-01 12:20:00,2026-09-01 18:20:00,low,high,1.15847,1.1596,UP,358,11.299999999998533,725.0,DOWN,23.399999999997867,126.0,1.16081,1.15847,1.15902224,1.1593638800000001,1.15964,1.1599161199999999,1.16030924,1.16081,1.16144648,1.1622561199999997,1.1631499999999997,1.1645961199999995,1.1669361199999992,1.1683822399999992,48.29059829059643,38.2-50.0
727,364966,365484,2026-09-01 18:20:00,2026-09-02 03:06:00,high,low,1.1596,1.15662,DOWN,518,29.799999999999827,726.0,UP,11.299999999998533,358.0,1.15847,1.1596,1.15933332,1.1591683400000001,1.159035,1.15890166,1.1587118200000002,1.15847,1.1581626400000002,1.15777166,1.1573400000000003,1.1566416600000002,1.1555116600000004,1.1548133200000006,263.7168141593247,261.8-361.8
728,365484,365865,2026-09-02 03:06:00,2026-09-02 09:27:00,low,high,1.15662,1.16091,UP,381,42.90000000000127,727.0,DOWN,29.799999999999827,518.0,1.1596,1.15662,1.15732328,1.1577583599999999,1.15811,1.15846164,1.15896228,1.1596,1.1604105599999999,1.16144164,1.16258,1.16442164,1.16740164,1.1692432799999999,143.95973154362926,127.2-161.8
729,365865,366212,2026-09-02 09:27:00,2026-09-02 15:14:00,high,low,1.16091,1.15827,DOWN,347,26.400000000001977,728.0,UP,42.90000000000127,381.0,1.15662,1.16091,1.15989756,1.1592712200000002,1.158765,1.15825878,1.15753806,1.15662,1.15545312,1.1539687799999998,1.1523299999999999,1.1496787799999997,1.1453887799999996,1.1427375599999996,61.538461538464325,50.0-61.8
730,366212,367508,2026-09-02 15:14:00,2026-09-03 12:53:00,low,high,1.15827,1.16412,UP,1296,58.50000000000133,729.0,DOWN,26.400000000001977,347.0,1.16091,1.15827,1.15889304,1.15927848,1.1595900000000001,1.15990152,1.1603450400000002,1.16091,1.16162808,1.1625415200000002,1.1635500000000003,1.1651815200000004,1.1678215200000006,1.1694530400000007,221.59090909089753,200.0-261.8
731,367508,368681,2026-09-03 12:53:00,2026-09-04 08:31:00,high,low,1.16412,1.15847,DOWN,1173,56.49999999999933,730.0,UP,58.50000000000133,1296.0,1.15827,1.16412,1.1627394,1.1618853,1.161195,1.1605047,1.1595218999999999,1.15827,1.1566788,1.1546546999999998,1.1524199999999998,1.1488046999999997,1.1429546999999995,1.1393393999999994,96.58119658119324,78.6-100.0
