swing_id,start_bar,end_bar,start_time,end_time,start_kind,end_kind,start_price,end_price,direction,bars,swing_pips,mid_bar,mid_time,m5_time,m5_close,lwma55,lwma220,trend,swing_trend_aligned
1,1552,2723,2025-09-09 01:55:00,2025-09-09 21:30:00,high,low,1.17799,1.16891,DOWN,1171,90.80000000000199,2137,2025-09-09 11:40:00,2025-09-09 11:40:00,1.17247,1.1732385129870129,1.1752325915261208,DOWN,True
2,2723,3015,2025-09-09 21:30:00,2025-09-10 02:22:00,low,high,1.16891,1.17184,UP,292,29.300000000000992,2869,2025-09-09 23:56:00,2025-09-09 23:55:00,1.1708,1.1703889545454542,1.1709708946935413,DOWN,False
3,3015,3054,2025-09-10 02:22:00,2025-09-10 03:01:00,high,low,1.17184,1.16824,DOWN,39,36.000000000000476,3034,2025-09-10 02:41:00,2025-09-10 02:40:00,1.17115,1.1711380909090907,1.1708502838338133,UP,False
4,3054,3521,2025-09-10 03:01:00,2025-09-10 10:48:00,low,high,1.16824,1.17306,UP,467,48.200000000000465,3287,2025-09-10 06:54:00,2025-09-10 06:50:00,1.17035,1.17037525974026,1.170550993006993,DOWN,False
5,3521,4817,2025-09-10 10:48:00,2025-09-11 08:30:00,high,low,1.17306,1.16589,DOWN,1296,71.699999999999,4169,2025-09-10 21:42:00,2025-09-10 21:40:00,1.17,1.1699678311688315,1.170349702180172,DOWN,True
6,4817,4991,2025-09-11 08:30:00,2025-09-11 11:24:00,low,high,1.16589,1.1746,UP,174,87.09999999999995,4904,2025-09-11 09:57:00,2025-09-11 09:55:00,1.17392,1.1705468506493508,1.1696278687782802,UP,True
7,4991,5764,2025-09-11 11:24:00,2025-09-12 00:19:00,high,low,1.1746,1.17206,DOWN,773,25.399999999999867,5377,2025-09-11 17:50:00,2025-09-11 17:50:00,1.17352,1.1735373376623377,1.1722822978198275,UP,False
8,5764,5947,2025-09-12 00:19:00,2025-09-12 03:22:00,low,high,1.17206,1.17475,UP,183,26.89999999999859,5855,2025-09-12 01:50:00,2025-09-12 01:50:00,1.17319,1.1726056493506491,1.173050976964212,DOWN,False
9,5947,6266,2025-09-12 03:22:00,2025-09-12 08:41:00,high,low,1.17475,1.17013,DOWN,319,46.200000000000685,6106,2025-09-12 06:01:00,2025-09-12 06:00:00,1.17248,1.172679331168831,1.1729393294940356,DOWN,True
10,6266,6644,2025-09-12 08:41:00,2025-09-12 14:59:00,low,high,1.17013,1.17416,UP,378,40.300000000002,6455,2025-09-12 11:50:00,2025-09-12 11:50:00,1.17167,1.1717828116883116,1.1723660353763885,DOWN,False
11,6644,6964,2025-09-12 14:59:00,2025-09-14 20:30:00,high,low,1.17416,1.17218,DOWN,320,19.800000000000928,6804,2025-09-14 17:49:00,2025-09-14 17:45:00,1.17288,1.173258292207792,1.1727132184286302,UP,False
12,6964,7198,2025-09-14 20:30:00,2025-09-15 00:24:00,low,high,1.17218,1.17353,UP,234,13.499999999999623,7081,2025-09-14 22:27:00,2025-09-14 22:25:00,1.17245,1.1726097012987011,1.1727320662278904,DOWN,False
13,7198,7324,2025-09-15 00:24:00,2025-09-15 02:31:00,high,low,1.17353,1.1716,DOWN,126,19.299999999999873,7261,2025-09-15 01:27:00,2025-09-15 01:25:00,1.17295,1.1730625,1.172881046894282,UP,False
14,7324,7896,2025-09-15 02:31:00,2025-09-15 12:03:00,low,high,1.1716,1.17744,UP,572,58.400000000000674,7610,2025-09-15 07:17:00,2025-09-15 07:15:00,1.17568,1.1747591168831166,1.1735045327025917,UP,True
15,7896,8426,2025-09-15 12:03:00,2025-09-15 20:54:00,high,low,1.17744,1.17572,DOWN,530,17.199999999999438,8161,2025-09-15 16:28:00,2025-09-15 16:25:00,1.17628,1.1767668896103896,1.1758404603044013,UP,False
16,8426,9414,2025-09-15 20:54:00,2025-09-16 13:22:00,low,high,1.17572,1.18783,UP,988,121.09999999999843,8920,2025-09-16 05:08:00,2025-09-16 05:05:00,1.18017,1.179130649350649,1.1776744228712466,UP,True
17,9414,10423,2025-09-16 13:22:00,2025-09-17 06:13:00,high,low,1.18783,1.18326,DOWN,1009,45.69999999999963,9918,2025-09-16 21:48:00,2025-09-16 21:45:00,1.18563,1.186325564935065,1.1855228798848214,UP,False
18,10423,10899,2025-09-17 06:13:00,2025-09-17 14:09:00,low,high,1.18326,1.19186,UP,476,85.9999999999994,10661,2025-09-17 10:11:00,2025-09-17 10:10:00,1.1852,1.1843427142857144,1.1848131513780331,DOWN,False
19,10899,11623,2025-09-17 14:09:00,2025-09-18 02:14:00,high,low,1.19186,1.17802,DOWN,724,138.39999999999853,11261,2025-09-17 20:12:00,2025-09-17 20:10:00,1.18183,1.1818998246753245,1.183596348004936,DOWN,True
20,11623,11831,2025-09-18 02:14:00,2025-09-18 05:42:00,low,high,1.17802,1.18482,UP,208,67.99999999999918,11727,2025-09-18 03:58:00,2025-09-18 03:55:00,1.18315,1.180575409090909,1.1816039720279716,DOWN,False
21,11831,12074,2025-09-18 05:42:00,2025-09-18 09:45:00,high,low,1.18482,1.175,DOWN,243,98.19999999999939,11952,2025-09-18 07:43:00,2025-09-18 07:40:00,1.18228,1.1833096948051947,1.1819536556972439,UP,False
22,12074,12909,2025-09-18 09:45:00,2025-09-18 23:48:00,low,high,1.175,1.17925,UP,835,42.49999999999865,12491,2025-09-18 16:43:00,2025-09-18 16:40:00,1.17842,1.1785558896103896,1.1795069856026323,DOWN,False
23,12909,14171,2025-09-18 23:48:00,2025-09-21 20:56:00,high,low,1.17925,1.17262,DOWN,1262,66.29999999999913,13540,2025-09-19 10:19:00,2025-09-19 10:15:00,1.17583,1.1749711623376624,1.1763935713698064,DOWN,True
24,14171,15661,2025-09-21 20:56:00,2025-09-22 21:50:00,low,high,1.17262,1.18199,UP,1490,93.70000000000101,14916,2025-09-22 09:21:00,2025-09-22 09:20:00,1.17841,1.1778330194805195,1.1755657811600164,UP,True
25,15661,15986,2025-09-22 21:50:00,2025-09-23 03:15:00,high,low,1.18199,1.17787,DOWN,325,41.20000000000124,15823,2025-09-23 00:32:00,2025-09-23 00:30:00,1.18018,1.1804497207792204,1.1798222180172766,UP,False
26,15986,16879,2025-09-23 03:15:00,2025-09-23 18:09:00,low,high,1.17787,1.1819,UP,893,40.299999999999784,16432,2025-09-23 10:41:00,2025-09-23 10:40:00,1.18,1.1795425389610392,1.179784614973262,DOWN,False
27,16879,17846,2025-09-23 18:09:00,2025-09-24 10:20:00,high,low,1.1819,1.1728,DOWN,967,90.99999999999886,17362,2025-09-24 02:16:00,2025-09-24 02:15:00,1.17951,1.1799104805194807,1.1804912579185525,DOWN,True
28,17846,18662,2025-09-24 10:20:00,2025-09-24 23:57:00,low,high,1.1728,1.17535,UP,816,25.499999999998302,18254,2025-09-24 17:09:00,2025-09-24 17:05:00,1.17377,1.1736527987012988,1.1746625528589059,DOWN,False
29,18662,18906,2025-09-24 23:57:00,2025-09-25 04:01:00,high,low,1.17535,1.17305,DOWN,244,22.999999999999687,18784,2025-09-25 01:59:00,2025-09-25 01:55:00,1.1742,1.174784818181818,1.1743475355820658,UP,False
30,18906,19070,2025-09-25 04:01:00,2025-09-25 06:45:00,low,high,1.17305,1.17538,UP,164,23.300000000001653,18988,2025-09-25 05:23:00,2025-09-25 05:20:00,1.17438,1.174190668831169,1.174364290415467,DOWN,False
31,19070,19517,2025-09-25 06:45:00,2025-09-25 14:12:00,high,low,1.17538,1.16454,DOWN,447,108.40000000000182,19293,2025-09-25 10:28:00,2025-09-25 10:25:00,1.16853,1.1709261623376623,1.1734020793911972,DOWN,True
32,19517,20230,2025-09-25 14:12:00,2025-09-26 02:09:00,low,high,1.16454,1.16837,UP,713,38.3,19873,2025-09-25 20:12:00,2025-09-25 20:10:00,1.16617,1.1663834025974025,1.1677105911147674,DOWN,False
33,20230,20333,2025-09-26 02:09:00,2025-09-26 03:52:00,high,low,1.16837,1.16684,DOWN,103,15.299999999998093,20281,2025-09-26 03:00:00,2025-09-26 03:00:00,1.16814,1.1678354545454543,1.1671083759769647,UP,False
34,20333,20383,2025-09-26 03:52:00,2025-09-26 04:42:00,low,high,1.16684,1.16877,UP,50,19.299999999999873,20358,2025-09-26 04:17:00,2025-09-26 04:15:00,1.16795,1.1677244285714286,1.1671774483751542,UP,True
35,20383,20516,2025-09-26 04:42:00,2025-09-26 06:55:00,high,low,1.16877,1.16615,DOWN,133,26.200000000000667,20449,2025-09-26 05:48:00,2025-09-26 05:45:00,1.1681,1.1678945259740259,1.16735571534348,UP,False
36,20516,21592,2025-09-26 06:55:00,2025-09-29 01:08:00,low,high,1.16615,1.17332,UP,1076,71.699999999999,21054,2025-09-26 15:53:00,2025-09-26 15:50:00,1.17032,1.16991725974026,1.1687562443438917,UP,True
37,21592,21790,2025-09-29 01:08:00,2025-09-29 04:26:00,high,low,1.17332,1.17075,DOWN,198,25.699999999999612,21691,2025-09-29 02:47:00,2025-09-29 02:45:00,1.17228,1.172607733766234,1.1715171715343475,UP,False
38,21790,22110,2025-09-29 04:26:00,2025-09-29 09:46:00,low,high,1.17075,1.17544,UP,320,46.90000000000083,21950,2025-09-29 07:06:00,2025-09-29 07:05:00,1.17163,1.1720120779220777,1.1719898617852738,UP,True
39,22110,22833,2025-09-29 09:46:00,2025-09-29 22:01:00,high,low,1.17544,1.17119,DOWN,723,42.50000000000087,22471,2025-09-29 15:48:00,2025-09-29 15:45:00,1.17283,1.1727592207792212,1.1727555483340197,UP,False
40,22833,23235,2025-09-29 22:01:00,2025-09-30 04:43:00,low,high,1.17119,1.17615,UP,402,49.600000000000755,23034,2025-09-30 01:22:00,2025-09-30 01:20:00,1.1731,1.1723976623376622,1.1725711727684074,DOWN,False
41,23235,23518,2025-09-30 04:43:00,2025-09-30 09:26:00,high,low,1.17615,1.17164,DOWN,283,45.100000000000136,23376,2025-09-30 07:04:00,2025-09-30 07:00:00,1.1746,1.1746915844155845,1.1734866643356645,UP,False
42,23518,23754,2025-09-30 09:26:00,2025-09-30 13:22:00,low,high,1.17164,1.17614,UP,236,44.99999999999949,23636,2025-09-30 11:24:00,2025-09-30 11:20:00,1.17329,1.1737911363636364,1.173739315919375,UP,True
43,23754,24153,2025-09-30 13:22:00,2025-09-30 20:06:00,high,low,1.17614,1.17296,DOWN,399,31.799999999999606,23953,2025-09-30 16:41:00,2025-09-30 16:40:00,1.17347,1.1740729415584414,1.1740804833401892,DOWN,True
44,24153,24581,2025-09-30 20:06:00,2025-10-01 03:14:00,low,high,1.17296,1.17785,UP,428,48.90000000000061,24367,2025-09-30 23:40:00,2025-09-30 23:40:00,1.17356,1.1735851558441555,1.1737651221719456,DOWN,False
45,24581,25151,2025-10-01 03:14:00,2025-10-01 12:44:00,high,low,1.17785,1.17154,DOWN,570,63.10000000000038,24866,2025-10-01 07:59:00,2025-10-01 07:55:00,1.17343,1.1735870844155845,1.1743411057178117,DOWN,True
46,25151,26306,2025-10-01 12:44:00,2025-10-02 08:05:00,low,high,1.17154,1.17583,UP,1155,42.899999999999054,25728,2025-10-01 22:26:00,2025-10-01 22:25:00,1.17387,1.1733568701298702,1.173328988070753,UP,True
47,26306,26532,2025-10-02 08:05:00,2025-10-02 11:51:00,high,low,1.17583,1.16829,DOWN,226,75.3999999999988,26419,2025-10-02 09:58:00,2025-10-02 09:55:00,1.17222,1.1742860194805196,1.1742803138626088,UP,False
48,26532,27130,2025-10-02 11:51:00,2025-10-02 21:53:00,low,high,1.16829,1.17292,UP,598,46.299999999999116,26831,2025-10-02 16:50:00,2025-10-02 16:50:00,1.17159,1.1719103636363635,1.1726142262443435,DOWN,False
49,27130,27340,2025-10-02 21:53:00,2025-10-03 01:23:00,high,low,1.17292,1.17146,DOWN,210,14.600000000000168,27235,2025-10-02 23:38:00,2025-10-02 23:35:00,1.17231,1.1723047402597404,1.1720518905800081,UP,False
50,27340,27864,2025-10-03 01:23:00,2025-10-03 10:07:00,low,high,1.17146,1.17591,UP,524,44.500000000000654,27602,2025-10-03 05:45:00,2025-10-03 05:45:00,1.17385,1.17321987012987,1.1724593426573429,UP,True
51,27864,28951,2025-10-03 10:07:00,2025-10-06 04:17:00,high,low,1.17591,1.16516,DOWN,1087,107.50000000000037,28407,2025-10-05 19:13:00,2025-10-05 19:10:00,1.17115,1.172452525974026,1.1734016462361165,DOWN,True
52,28951,29358,2025-10-06 04:17:00,2025-10-06 11:04:00,low,high,1.16516,1.17211,UP,407,69.50000000000011,29154,2025-10-06 07:40:00,2025-10-06 07:40:00,1.16752,1.1665853766233767,1.1697166968325792,DOWN,False
53,29358,30602,2025-10-06 11:04:00,2025-10-07 07:52:00,high,low,1.17211,1.16538,DOWN,1244,67.29999999999903,29980,2025-10-06 21:29:00,2025-10-06 21:25:00,1.1705,1.170795038961039,1.1705004467297406,UP,False
54,30602,30861,2025-10-07 07:52:00,2025-10-07 12:11:00,low,high,1.16538,1.1681,UP,259,27.199999999998337,30731,2025-10-07 10:01:00,2025-10-07 10:00:00,1.16596,1.1664022272727272,1.1679532134923898,DOWN,False
55,30861,31725,2025-10-07 12:11:00,2025-10-08 02:40:00,high,low,1.1681,1.16068,DOWN,864,74.19999999999982,31293,2025-10-07 19:28:00,2025-10-07 19:25:00,1.16562,1.1656691753246755,1.1662695841217603,DOWN,True
56,31725,31813,2025-10-08 02:40:00,2025-10-08 04:08:00,low,high,1.16068,1.16353,UP,88,28.500000000000192,31769,2025-10-08 03:24:00,2025-10-08 03:20:00,1.16162,1.1615550844155842,1.1635818280542993,DOWN,False
57,31813,31921,2025-10-08 04:08:00,2025-10-08 05:56:00,high,low,1.16353,1.16059,DOWN,108,29.399999999999427,31867,2025-10-08 05:02:00,2025-10-08 05:00:00,1.16132,1.1620518311688315,1.1632190275606749,DOWN,True
58,31921,32123,2025-10-08 05:56:00,2025-10-08 09:18:00,low,high,1.16059,1.16447,UP,202,38.79999999999883,32022,2025-10-08 07:37:00,2025-10-08 07:35:00,1.16304,1.162363883116883,1.1627220213903737,DOWN,False
59,32123,32320,2025-10-08 09:18:00,2025-10-08 12:35:00,high,low,1.16447,1.15983,DOWN,197,46.39999999999978,32221,2025-10-08 10:56:00,2025-10-08 10:55:00,1.16215,1.1631779480519484,1.1626657618264085,UP,False
60,32320,33070,2025-10-08 12:35:00,2025-10-09 01:10:00,low,high,1.15983,1.1648,UP,750,49.70000000000141,32695,2025-10-08 18:54:00,2025-10-08 18:50:00,1.16347,1.1628711363636364,1.1622054594816948,UP,True
61,33070,33892,2025-10-09 01:10:00,2025-10-09 14:52:00,high,low,1.1648,1.1542,DOWN,822,106.00000000000165,33481,2025-10-09 08:01:00,2025-10-09 08:00:00,1.16131,1.1617106363636365,1.162699754833402,DOWN,True
62,33892,34536,2025-10-09 14:52:00,2025-10-10 01:47:00,low,high,1.1542,1.15778,UP,644,35.80000000000139,34214,2025-10-09 20:25:00,2025-10-09 20:25:00,1.1563,1.1562908506493508,1.1571490777457845,DOWN,False
63,34536,34600,2025-10-10 01:47:00,2025-10-10 02:51:00,high,low,1.15778,1.15609,DOWN,64,16.899999999999693,34568,2025-10-10 02:19:00,2025-10-10 02:15:00,1.15698,1.1571852012987016,1.156686450020568,UP,False
64,34600,34695,2025-10-10 02:51:00,2025-10-10 04:26:00,low,high,1.15609,1.15895,UP,95,28.599999999998627,34647,2025-10-10 03:38:00,2025-10-10 03:35:00,1.15737,1.1571088441558441,1.1567019004524879,UP,True
65,34695,34910,2025-10-10 04:26:00,2025-10-10 08:01:00,high,low,1.15895,1.1559,DOWN,215,30.49999999999997,34802,2025-10-10 06:13:00,2025-10-10 06:10:00,1.15769,1.1576113441558438,1.1570359810777462,UP,False
66,34910,35125,2025-10-10 08:01:00,2025-10-10 11:36:00,low,high,1.1559,1.16305,UP,215,71.4999999999999,35017,2025-10-10 09:48:00,2025-10-10 09:45:00,1.15661,1.1569828116883119,1.1571412225421638,DOWN,False
67,35125,35529,2025-10-10 11:36:00,2025-10-12 18:21:00,high,low,1.16305,1.15918,DOWN,404,38.699999999998184,35327,2025-10-10 14:58:00,2025-10-10 14:55:00,1.16085,1.1606997987012986,1.1586471509666807,UP,False
68,35529,36011,2025-10-12 18:21:00,2025-10-13 02:23:00,low,high,1.15918,1.16297,UP,482,37.8999999999996,35770,2025-10-12 22:22:00,2025-10-12 22:20:00,1.16204,1.1612048636363637,1.1603843994241048,UP,True
69,36011,37092,2025-10-13 02:23:00,2025-10-13 20:29:00,high,low,1.16297,1.15549,DOWN,1081,74.80000000000153,36551,2025-10-13 11:23:00,2025-10-13 11:20:00,1.15698,1.1568208766233765,1.1590873039901282,DOWN,True
70,37092,37404,2025-10-13 20:29:00,2025-10-14 01:41:00,low,high,1.15549,1.15935,UP,312,38.60000000000197,37248,2025-10-13 23:05:00,2025-10-13 23:05:00,1.15724,1.1568388116883115,1.1569644895104891,DOWN,False
71,37404,37527,2025-10-14 01:41:00,2025-10-14 03:44:00,high,low,1.15935,1.15423,DOWN,123,51.20000000000013,37465,2025-10-14 02:42:00,2025-10-14 02:40:00,1.15678,1.158129454545455,1.1573507766351299,UP,False
72,37527,39025,2025-10-14 03:44:00,2025-10-15 04:50:00,low,high,1.15423,1.16453,UP,1498,102.99999999999976,38276,2025-10-14 16:13:00,2025-10-14 16:10:00,1.16029,1.1606525194805193,1.1584742768408067,UP,True
73,39025,39279,2025-10-15 04:50:00,2025-10-15 09:04:00,high,low,1.16453,1.16103,DOWN,254,35.00000000000058,39152,2025-10-15 06:57:00,2025-10-15 06:55:00,1.16242,1.1630978766233768,1.1622884866310166,UP,False
74,39279,40042,2025-10-15 09:04:00,2025-10-15 21:51:00,low,high,1.16103,1.16754,UP,763,65.10000000000016,39660,2025-10-15 15:25:00,2025-10-15 15:25:00,1.16377,1.1633763376623378,1.1629240119292474,UP,True
75,40042,40408,2025-10-15 21:51:00,2025-10-16 03:57:00,high,low,1.16754,1.16429,DOWN,366,32.49999999999975,40225,2025-10-16 00:54:00,2025-10-16 00:50:00,1.16571,1.1662871948051947,1.1649827564788153,UP,False
76,40408,41727,2025-10-16 03:57:00,2025-10-17 01:57:00,low,high,1.16429,1.17283,UP,1319,85.39999999999992,41067,2025-10-16 14:56:00,2025-10-16 14:55:00,1.16892,1.1682312857142858,1.166638458658988,UP,True
77,41727,42629,2025-10-17 01:57:00,2025-10-17 16:59:00,high,low,1.17283,1.16496,DOWN,902,78.70000000000044,42178,2025-10-17 09:28:00,2025-10-17 09:25:00,1.16785,1.16832124025974,1.169825570958453,DOWN,True
78,42629,43144,2025-10-17 16:59:00,2025-10-20 01:35:00,low,high,1.16496,1.16753,UP,515,25.699999999999612,42886,2025-10-19 21:17:00,2025-10-19 21:15:00,1.16668,1.1660079610389609,1.16671320979021,DOWN,False
79,43144,43906,2025-10-20 01:35:00,2025-10-20 14:17:00,high,low,1.16753,1.16382,DOWN,762,37.0999999999988,43525,2025-10-20 07:56:00,2025-10-20 07:55:00,1.16563,1.1656359415584419,1.166203786918963,DOWN,True
80,43906,44293,2025-10-20 14:17:00,2025-10-20 20:55:00,low,high,1.16382,1.1655,UP,387,16.799999999999038,44099,2025-10-20 17:34:00,2025-10-20 17:30:00,1.16434,1.1643205,1.1651200876182644,DOWN,False
81,44293,45132,2025-10-20 20:55:00,2025-10-21 10:54:00,high,low,1.1655,1.15975,DOWN,839,57.49999999999922,44712,2025-10-21 03:54:00,2025-10-21 03:50:00,1.16303,1.1628989285714288,1.1638383874948581,DOWN,True
82,45132,46012,2025-10-21 10:54:00,2025-10-22 01:37:00,low,high,1.15975,1.16156,UP,880,18.099999999998673,45572,2025-10-21 18:16:00,2025-10-21 18:15:00,1.16005,1.160180818181818,1.160886658576717,DOWN,False
83,46012,46441,2025-10-22 01:37:00,2025-10-22 08:46:00,high,low,1.16156,1.15767,DOWN,429,38.899999999999494,46226,2025-10-22 05:11:00,2025-10-22 05:10:00,1.15987,1.1601588246753247,1.1604588704236944,DOWN,True
84,46441,46665,2025-10-22 08:46:00,2025-10-22 12:30:00,low,high,1.15767,1.16224,UP,224,45.69999999999963,46553,2025-10-22 10:38:00,2025-10-22 10:35:00,1.15995,1.1589964090909093,1.159704039901275,DOWN,False
85,46665,47505,2025-10-22 12:30:00,2025-10-23 02:41:00,high,low,1.16224,1.15905,DOWN,840,31.90000000000026,47085,2025-10-22 19:41:00,2025-10-22 19:40:00,1.1608,1.161036461038961,1.1606271480872072,UP,False
86,47505,47601,2025-10-23 02:41:00,2025-10-23 04:17:00,low,high,1.15905,1.16061,UP,96,15.600000000000058,47553,2025-10-23 03:29:00,2025-10-23 03:25:00,1.15952,1.1597280714285716,1.160234815713698,DOWN,False
87,47601,47780,2025-10-23 04:17:00,2025-10-23 07:16:00,high,low,1.16061,1.15853,DOWN,179,20.799999999998597,47690,2025-10-23 05:46:00,2025-10-23 05:45:00,1.15968,1.1597939545454548,1.1600683081036607,DOWN,True
88,47780,48576,2025-10-23 07:16:00,2025-10-23 20:37:00,low,high,1.15853,1.16215,UP,796,36.19999999999956,48178,2025-10-23 13:54:00,2025-10-23 13:50:00,1.16098,1.1609721233766237,1.1601802673796795,UP,True
89,48576,48911,2025-10-23 20:37:00,2025-10-24 02:14:00,high,low,1.16215,1.16008,DOWN,335,20.700000000000163,48743,2025-10-23 23:26:00,2025-10-23 23:25:00,1.16096,1.1611775259740256,1.161285651172357,DOWN,True
90,48911,49287,2025-10-24 02:14:00,2025-10-24 08:30:00,low,high,1.16008,1.1649,UP,376,48.200000000000465,49099,2025-10-24 05:22:00,2025-10-24 05:20:00,1.16098,1.1610775,1.1611609942410523,DOWN,False
91,49287,49782,2025-10-24 08:30:00,2025-10-24 16:45:00,high,low,1.1649,1.16207,DOWN,495,28.300000000001102,49534,2025-10-24 12:37:00,2025-10-24 12:35:00,1.16226,1.1627383896103893,1.1618109440559439,UP,False
92,49782,50051,2025-10-24 16:45:00,2025-10-26 20:18:00,low,high,1.16207,1.16475,UP,269,26.800000000000157,49916,2025-10-26 18:03:00,2025-10-26 18:00:00,1.16268,1.1630104740259741,1.1625829592760177,UP,True
93,50051,50461,2025-10-26 20:18:00,2025-10-27 03:09:00,high,low,1.16475,1.16176,DOWN,410,29.90000000000048,50256,2025-10-26 23:44:00,2025-10-26 23:40:00,1.16216,1.1629804610389611,1.1630093475935837,DOWN,True
94,50461,51717,2025-10-27 03:09:00,2025-10-28 00:08:00,low,high,1.16176,1.16679,UP,1256,50.3000000000009,51089,2025-10-27 13:38:00,2025-10-27 13:35:00,1.16367,1.1637067077922079,1.1635622233648706,UP,True
95,51717,52209,2025-10-28 00:08:00,2025-10-28 08:20:00,high,low,1.16679,1.16255,DOWN,492,42.40000000000022,51963,2025-10-28 04:14:00,2025-10-28 04:10:00,1.16498,1.1657236168831173,1.1655495964623612,UP,False
96,52209,52429,2025-10-28 08:20:00,2025-10-28 12:00:00,low,high,1.16255,1.16686,UP,220,43.100000000000364,52319,2025-10-28 10:10:00,2025-10-28 10:10:00,1.16581,1.1648551233766233,1.1654343920197452,DOWN,False
97,52429,53395,2025-10-28 12:00:00,2025-10-29 04:11:00,high,low,1.16686,1.16185,DOWN,966,50.09999999999959,52912,2025-10-28 20:06:00,2025-10-28 20:05:00,1.1654,1.1653372402597402,1.165490795968737,DOWN,True
98,53395,53806,2025-10-29 04:11:00,2025-10-29 11:02:00,low,high,1.16185,1.1666,UP,411,47.50000000000032,53600,2025-10-29 07:36:00,2025-10-29 07:35:00,1.16331,1.1639043311688315,1.1638884545454553,UP,True
99,53806,54014,2025-10-29 11:02:00,2025-10-29 14:30:00,high,low,1.1666,1.15773,DOWN,208,88.70000000000155,53910,2025-10-29 12:46:00,2025-10-29 12:45:00,1.1647,1.1653144285714288,1.1642274812834223,UP,False
100,54014,54547,2025-10-29 14:30:00,2025-10-29 23:28:00,low,high,1.15773,1.16374,UP,533,60.100000000000705,54280,2025-10-29 19:01:00,2025-10-29 19:00:00,1.15971,1.1602280324675323,1.1621457453722752,DOWN,False
101,54547,55069,2025-10-29 23:28:00,2025-10-30 08:10:00,high,low,1.16374,1.1547,DOWN,522,90.39999999999937,54808,2025-10-30 03:49:00,2025-10-30 03:45:00,1.16149,1.1618675259740257,1.1615852719045656,UP,False
102,55069,55808,2025-10-30 08:10:00,2025-10-30 20:29:00,low,high,1.1547,1.15775,UP,739,30.49999999999997,55438,2025-10-30 14:19:00,2025-10-30 14:15:00,1.15648,1.156634935064935,1.1586147507198679,DOWN,False
103,55808,56149,2025-10-30 20:29:00,2025-10-31 02:10:00,high,low,1.15775,1.15548,DOWN,341,22.699999999999942,55978,2025-10-30 23:19:00,2025-10-30 23:15:00,1.15715,1.1570535844155843,1.1569669317153428,UP,False
104,56149,56317,2025-10-31 02:10:00,2025-10-31 04:58:00,low,high,1.15548,1.15767,UP,168,21.899999999999142,56233,2025-10-31 03:34:00,2025-10-31 03:30:00,1.15664,1.1564793506493507,1.1568003089263679,DOWN,False
105,56317,56841,2025-10-31 04:58:00,2025-10-31 13:42:00,high,low,1.15767,1.15214,DOWN,524,55.30000000000035,56579,2025-10-31 09:20:00,2025-10-31 09:20:00,1.15262,1.1551550519480522,1.1563531678321681,DOWN,True
106,56841,57504,2025-10-31 13:42:00,2025-11-03 01:45:00,low,high,1.15214,1.15413,UP,663,19.900000000001583,57172,2025-11-02 20:13:00,2025-11-02 20:10:00,1.15241,1.1529138246753246,1.153542231180584,DOWN,False
107,57504,57971,2025-11-03 01:45:00,2025-11-03 09:32:00,high,low,1.15413,1.1505,DOWN,467,36.300000000000225,57737,2025-11-03 05:38:00,2025-11-03 05:35:00,1.15154,1.1520551233766234,1.1528604837515422,DOWN,True
108,57971,58143,2025-11-03 09:32:00,2025-11-03 12:24:00,low,high,1.1505,1.15378,UP,172,32.7999999999995,58057,2025-11-03 10:58:00,2025-11-03 10:55:00,1.15252,1.1513452987012989,1.152114702180173,DOWN,False
109,58143,58622,2025-11-03 12:24:00,2025-11-03 20:29:00,high,low,1.15378,1.1498,DOWN,479,39.80000000000095,58382,2025-11-03 16:23:00,2025-11-03 16:20:00,1.15189,1.1520923181818181,1.152099386260798,DOWN,True
110,58622,58994,2025-11-03 20:29:00,2025-11-04 02:42:00,low,high,1.1498,1.15334,UP,372,35.400000000000986,58808,2025-11-03 23:35:00,2025-11-03 23:35:00,1.15156,1.1510878376623377,1.1515565512134922,DOWN,False
111,58994,59413,2025-11-04 02:42:00,2025-11-04 09:41:00,high,low,1.15334,1.14729,DOWN,419,60.50000000000111,59203,2025-11-04 06:11:00,2025-11-04 06:10:00,1.15029,1.1511819415584414,1.1514625071986835,DOWN,True
112,59413,60073,2025-11-04 09:41:00,2025-11-04 20:44:00,low,high,1.14729,1.14978,UP,660,24.900000000001032,59743,2025-11-04 15:11:00,2025-11-04 15:10:00,1.14781,1.1483263701298705,1.1493500596462358,DOWN,False
113,60073,60408,2025-11-04 20:44:00,2025-11-05 02:22:00,high,low,1.14978,1.14833,DOWN,335,14.499999999999513,60240,2025-11-04 23:31:00,2025-11-04 23:30:00,1.149,1.1488743636363639,1.148546026326615,UP,False
114,60408,60455,2025-11-05 02:22:00,2025-11-05 03:09:00,low,high,1.14833,1.14952,UP,47,11.900000000000244,60431,2025-11-05 02:45:00,2025-11-05 02:45:00,1.14895,1.148953383116883,1.1486833969559855,UP,True
115,60455,60810,2025-11-05 03:09:00,2025-11-05 09:04:00,high,low,1.14952,1.14687,DOWN,355,26.500000000000412,60632,2025-11-05 06:06:00,2025-11-05 06:05:00,1.14803,1.1485069740259741,1.14868622213081,DOWN,True
116,60810,62572,2025-11-05 09:04:00,2025-11-06 14:33:00,low,high,1.14687,1.15522,UP,1762,83.49999999999858,61691,2025-11-05 23:51:00,2025-11-05 23:50:00,1.15053,1.1505961363636363,1.1495159860139859,UP,True
117,62572,63224,2025-11-06 14:33:00,2025-11-07 01:28:00,high,low,1.15522,1.15294,DOWN,652,22.799999999998377,62898,2025-11-06 20:01:00,2025-11-06 20:00:00,1.15391,1.154454311688312,1.15393064664747,UP,False
118,63224,63772,2025-11-07 01:28:00,2025-11-07 10:36:00,low,high,1.15294,1.1591,UP,548,61.59999999999943,63498,2025-11-07 06:02:00,2025-11-07 06:00:00,1.15517,1.1540536493506492,1.153905739201974,UP,True
119,63772,64255,2025-11-07 10:36:00,2025-11-09 18:47:00,high,low,1.1591,1.15413,DOWN,483,49.69999999999919,64013,2025-11-07 14:37:00,2025-11-07 14:35:00,1.1565,1.1574026688311687,1.1561969477581244,UP,False
120,64255,64784,2025-11-09 18:47:00,2025-11-10 03:38:00,low,high,1.15413,1.15829,UP,529,41.59999999999941,64519,2025-11-09 23:12:00,2025-11-09 23:10:00,1.15564,1.1555670779220777,1.1560863788564377,DOWN,False
121,64784,65288,2025-11-10 03:38:00,2025-11-10 12:02:00,high,low,1.15829,1.15409,DOWN,504,41.999999999999815,65036,2025-11-10 07:50:00,2025-11-10 07:50:00,1.15688,1.156530448051948,1.1562453718634307,UP,False
122,65288,66536,2025-11-10 12:02:00,2025-11-11 08:57:00,low,high,1.15409,1.16057,UP,1248,64.80000000000041,65912,2025-11-10 22:30:00,2025-11-10 22:30:00,1.15561,1.1554511948051949,1.1557381118881118,DOWN,False
123,66536,67424,2025-11-11 08:57:00,2025-11-11 23:48:00,high,low,1.16057,1.157,DOWN,888,35.70000000000073,66980,2025-11-11 16:21:00,2025-11-11 16:20:00,1.15835,1.158832896103896,1.1584654269847798,UP,False
124,67424,67575,2025-11-11 23:48:00,2025-11-12 02:19:00,low,high,1.157,1.15882,UP,151,18.199999999999328,67499,2025-11-12 01:03:00,2025-11-12 01:00:00,1.1578,1.1575845259740263,1.1582298276429455,DOWN,False
125,67575,68003,2025-11-12 02:19:00,2025-11-12 09:27:00,high,low,1.15882,1.15627,DOWN,428,25.500000000000522,67789,2025-11-12 05:53:00,2025-11-12 05:50:00,1.15706,1.157537032467533,1.1578851472645006,DOWN,True
126,68003,68104,2025-11-12 09:27:00,2025-11-12 11:08:00,low,high,1.15627,1.15977,UP,101,35.00000000000058,68053,2025-11-12 10:17:00,2025-11-12 10:15:00,1.15823,1.1572167597402594,1.1575396388317563,DOWN,False
127,68104,68648,2025-11-12 11:08:00,2025-11-12 20:17:00,high,low,1.15977,1.15789,DOWN,544,18.799999999998818,68376,2025-11-12 15:40:00,2025-11-12 15:40:00,1.15883,1.158928688311688,1.1582157642945292,UP,False
128,68648,69640,2025-11-12 20:17:00,2025-11-13 12:50:00,low,high,1.15789,1.16559,UP,992,76.99999999999818,69144,2025-11-13 04:34:00,2025-11-13 04:30:00,1.16229,1.1608199935064931,1.1593793640477166,UP,True
129,69640,69969,2025-11-13 12:50:00,2025-11-13 18:23:00,high,low,1.16559,1.16233,DOWN,329,32.59999999999819,69804,2025-11-13 15:34:00,2025-11-13 15:30:00,1.16365,1.1641391428571428,1.1627281735911152,UP,False
130,69969,70368,2025-11-13 18:23:00,2025-11-14 01:02:00,low,high,1.16233,1.16485,UP,399,25.199999999998557,70168,2025-11-13 21:42:00,2025-11-13 21:40:00,1.16344,1.1632344090909092,1.1633499695598524,DOWN,False
131,70368,70683,2025-11-14 01:02:00,2025-11-14 06:17:00,high,low,1.16485,1.16088,DOWN,315,39.70000000000029,70525,2025-11-14 03:39:00,2025-11-14 03:35:00,1.16317,1.1636868961038962,1.1636898831756477,DOWN,True
132,70683,70786,2025-11-14 06:17:00,2025-11-14 08:00:00,low,high,1.16088,1.16536,UP,103,44.800000000000395,70734,2025-11-14 07:08:00,2025-11-14 07:05:00,1.16244,1.1618740194805195,1.1630708321678316,DOWN,False
133,70786,70959,2025-11-14 08:00:00,2025-11-14 10:53:00,high,low,1.16536,1.1606,DOWN,173,47.59999999999876,70872,2025-11-14 09:26:00,2025-11-14 09:25:00,1.16328,1.1633186038961036,1.1632170102838342,UP,False
134,70959,71388,2025-11-14 10:53:00,2025-11-16 18:05:00,low,high,1.1606,1.16244,UP,429,18.399999999998418,71173,2025-11-14 14:27:00,2025-11-14 14:25:00,1.16178,1.1615203051948053,1.1624503385438092,DOWN,False
135,71388,71812,2025-11-16 18:05:00,2025-11-17 01:10:00,high,low,1.16244,1.15949,DOWN,424,29.50000000000008,71600,2025-11-16 21:38:00,2025-11-16 21:35:00,1.16023,1.1608778636363641,1.161672879884821,DOWN,True
136,71812,71912,2025-11-17 01:10:00,2025-11-17 02:50:00,low,high,1.15949,1.16149,UP,100,20.000000000000018,71862,2025-11-17 02:00:00,2025-11-17 02:00:00,1.16081,1.1601384545454545,1.1608964504319212,DOWN,False
137,71912,72352,2025-11-17 02:50:00,2025-11-17 10:10:00,high,low,1.16149,1.15818,DOWN,440,33.09999999999924,72132,2025-11-17 06:30:00,2025-11-17 06:30:00,1.16003,1.1602278896103897,1.1605546696832587,DOWN,True
138,72352,73373,2025-11-17 10:10:00,2025-11-18 03:14:00,low,high,1.15818,1.16062,UP,1021,24.399999999999977,72862,2025-11-17 18:42:00,2025-11-17 18:40:00,1.15899,1.1590233766233768,1.1593123624023034,DOWN,False
139,73373,73509,2025-11-18 03:14:00,2025-11-18 05:30:00,high,low,1.16062,1.15793,DOWN,136,26.900000000000812,73441,2025-11-18 04:22:00,2025-11-18 04:20:00,1.15891,1.159567487012987,1.1593484269847796,UP,False
140,73509,73810,2025-11-18 05:30:00,2025-11-18 10:31:00,low,high,1.15793,1.16076,UP,301,28.300000000001102,73659,2025-11-18 08:00:00,2025-11-18 08:00:00,1.15939,1.158657,1.159125522830111,DOWN,False
141,73810,73944,2025-11-18 10:31:00,2025-11-18 12:45:00,high,low,1.16076,1.15713,DOWN,134,36.300000000000225,73877,2025-11-18 11:38:00,2025-11-18 11:35:00,1.15769,1.159177935064935,1.1591958942821878,DOWN,True
142,73944,74779,2025-11-18 12:45:00,2025-11-19 02:43:00,low,high,1.15713,1.15971,UP,835,25.800000000000267,74361,2025-11-18 19:45:00,2025-11-18 19:45:00,1.15835,1.1580697402597402,1.1583853669271904,DOWN,False
143,74779,75463,2025-11-19 02:43:00,2025-11-19 14:07:00,high,low,1.15971,1.15178,DOWN,684,79.29999999999993,75121,2025-11-19 08:25:00,2025-11-19 08:25:00,1.15832,1.1580174285714284,1.1580823842040313,DOWN,True
144,75463,75713,2025-11-19 14:07:00,2025-11-19 18:20:00,low,high,1.15178,1.1542,UP,250,24.199999999998667,75588,2025-11-19 16:12:00,2025-11-19 16:10:00,1.15246,1.1527042987012988,1.15518734224599,DOWN,False
145,75713,75979,2025-11-19 18:20:00,2025-11-19 22:46:00,high,low,1.1542,1.15101,DOWN,266,31.89999999999804,75846,2025-11-19 20:33:00,2025-11-19 20:30:00,1.15304,1.1534336493506494,1.1540913591114765,DOWN,True
146,75979,76373,2025-11-19 22:46:00,2025-11-20 05:20:00,low,high,1.15101,1.15295,UP,394,19.399999999998307,76176,2025-11-20 02:03:00,2025-11-20 02:00:00,1.15166,1.1518107467532464,1.1526139395310577,DOWN,False
147,76373,76563,2025-11-20 05:20:00,2025-11-20 08:30:00,high,low,1.15295,1.15013,DOWN,190,28.199999999998226,76468,2025-11-20 06:55:00,2025-11-20 06:55:00,1.15142,1.152191233766234,1.1522411419169065,DOWN,True
148,76563,76626,2025-11-20 08:30:00,2025-11-20 09:33:00,low,high,1.15013,1.15499,UP,63,48.599999999998644,76594,2025-11-20 09:01:00,2025-11-20 09:00:00,1.15307,1.1519380194805195,1.1520965536816123,DOWN,False
149,76626,77148,2025-11-20 09:33:00,2025-11-20 18:18:00,high,low,1.15499,1.15233,DOWN,522,26.599999999998847,76887,2025-11-20 13:54:00,2025-11-20 13:50:00,1.15358,1.1531942597402596,1.1525559629781976,UP,False
150,77148,77696,2025-11-20 18:18:00,2025-11-21 03:26:00,low,high,1.15233,1.15524,UP,548,29.09999999999968,77422,2025-11-20 22:52:00,2025-11-20 22:50:00,1.15372,1.153504733766234,1.1531539814890992,UP,True
151,77696,78191,2025-11-21 03:26:00,2025-11-21 11:41:00,high,low,1.15524,1.14909,DOWN,495,61.500000000000995,77943,2025-11-21 07:33:00,2025-11-21 07:30:00,1.15162,1.1517680259740255,1.1531310682846565,DOWN,True
152,78191,78471,2025-11-21 11:41:00,2025-11-21 16:21:00,low,high,1.14909,1.15208,UP,280,29.90000000000048,78331,2025-11-21 14:01:00,2025-11-21 14:00:00,1.15061,1.1504676363636364,1.151749831756479,DOWN,False
153,78471,78642,2025-11-21 16:21:00,2025-11-23 19:19:00,high,low,1.15208,1.15018,DOWN,171,19.000000000000128,78556,2025-11-23 17:53:00,2025-11-23 17:50:00,1.15117,1.1513081623376624,1.1513596717400245,DOWN,True
154,78642,78929,2025-11-23 19:19:00,2025-11-24 00:08:00,low,high,1.15018,1.15281,UP,287,26.299999999999102,78785,2025-11-23 21:43:00,2025-11-23 21:40:00,1.1517,1.150983292207792,1.151036809954751,DOWN,False
155,78929,79101,2025-11-24 00:08:00,2025-11-24 03:00:00,high,low,1.15281,1.15097,DOWN,172,18.399999999998418,79015,2025-11-24 01:34:00,2025-11-24 01:30:00,1.15241,1.1521522857142856,1.151388230357877,UP,False
156,79101,79387,2025-11-24 03:00:00,2025-11-24 07:46:00,low,high,1.15097,1.15503,UP,286,40.599999999999525,79244,2025-11-24 05:23:00,2025-11-24 05:20:00,1.1533,1.1527859675324679,1.1519240312628543,UP,True
157,79387,79647,2025-11-24 07:46:00,2025-11-24 12:06:00,high,low,1.15503,1.15114,DOWN,260,38.899999999999494,79517,2025-11-24 09:56:00,2025-11-24 09:55:00,1.15268,1.1538562857142856,1.1529349140271496,UP,False
158,79647,80238,2025-11-24 12:06:00,2025-11-24 22:00:00,low,high,1.15114,1.15301,UP,591,18.700000000000383,79942,2025-11-24 17:04:00,2025-11-24 17:00:00,1.1519,1.152288681818182,1.1527118626079798,DOWN,False
159,80238,80395,2025-11-24 22:00:00,2025-11-25 00:37:00,high,low,1.15301,1.15114,DOWN,157,18.700000000000383,80316,2025-11-24 23:18:00,2025-11-24 23:15:00,1.15149,1.152324844155844,1.1524076569313044,DOWN,True
160,80395,81884,2025-11-25 00:37:00,2025-11-26 01:29:00,low,high,1.15114,1.15958,UP,1489,84.40000000000003,81139,2025-11-25 13:01:00,2025-11-25 13:00:00,1.15823,1.1569010194805194,1.1545570933772111,UP,True
161,81884,82336,2025-11-26 01:29:00,2025-11-26 09:01:00,high,low,1.15958,1.1547,DOWN,452,48.799999999999955,82110,2025-11-26 05:15:00,2025-11-26 05:15:00,1.1576,1.1577392012987011,1.1578853681612506,DOWN,True
162,82336,83090,2025-11-26 09:01:00,2025-11-26 21:39:00,low,high,1.1547,1.16132,UP,754,66.19999999999848,82713,2025-11-26 15:18:00,2025-11-26 15:15:00,1.15962,1.1592843701298703,1.1583324512546276,UP,True
163,83090,83497,2025-11-26 21:39:00,2025-11-27 04:26:00,high,low,1.16132,1.15763,DOWN,407,36.89999999999971,83293,2025-11-27 01:02:00,2025-11-27 01:00:00,1.16035,1.1603500584415585,1.159903119292472,UP,False
164,83497,84350,2025-11-27 04:26:00,2025-11-27 19:13:00,low,high,1.15763,1.16018,UP,853,25.500000000000522,83923,2025-11-27 11:32:00,2025-11-27 11:30:00,1.1598,1.159438448051948,1.1592129790209789,UP,True
165,84350,84992,2025-11-27 19:13:00,2025-11-28 05:55:00,high,low,1.16018,1.1555,DOWN,642,46.800000000000175,84671,2025-11-28 00:34:00,2025-11-28 00:30:00,1.15852,1.1586895974025972,1.1591928264088855,DOWN,True
166,84992,85296,2025-11-28 05:55:00,2025-11-28 10:59:00,low,high,1.1555,1.16075,UP,304,52.49999999999977,85144,2025-11-28 08:27:00,2025-11-28 08:25:00,1.15685,1.156556655844156,1.1577803994241058,DOWN,False
167,85296,85651,2025-11-28 10:59:00,2025-11-30 17:03:00,high,low,1.16075,1.15912,DOWN,355,16.300000000000203,85473,2025-11-28 13:56:00,2025-11-28 13:55:00,1.16014,1.1598015779220783,1.1582754849856034,UP,False
168,85651,85851,2025-11-30 17:03:00,2025-11-30 20:25:00,low,high,1.15912,1.16158,UP,200,24.600000000001288,85751,2025-11-30 18:45:00,2025-11-30 18:45:00,1.15986,1.1598996623376625,1.1591217408473877,UP,True
169,85851,85951,2025-11-30 20:25:00,2025-11-30 22:05:00,high,low,1.16158,1.15893,DOWN,100,26.500000000000412,85901,2025-11-30 21:15:00,2025-11-30 21:15:00,1.15981,1.1603786103896103,1.1596091715343477,UP,False
170,85951,86547,2025-11-30 22:05:00,2025-12-01 08:05:00,low,high,1.15893,1.16522,UP,596,62.89999999999907,86249,2025-12-01 03:07:00,2025-12-01 03:05:00,1.16148,1.1600908051948053,1.1599744878650768,UP,True
171,86547,87225,2025-12-01 08:05:00,2025-12-01 19:32:00,high,low,1.16522,1.16037,DOWN,678,48.50000000000021,86886,2025-12-01 13:44:00,2025-12-01 13:40:00,1.16141,1.162326,1.1622877313862607,UP,False
172,87225,87631,2025-12-01 19:32:00,2025-12-02 02:20:00,low,high,1.16037,1.16162,UP,406,12.500000000001954,87428,2025-12-01 22:55:00,2025-12-01 22:55:00,1.1612,1.1609495194805193,1.1613610481283423,DOWN,False
173,87631,87814,2025-12-02 02:20:00,2025-12-02 05:23:00,high,low,1.16162,1.15983,DOWN,183,17.900000000001803,87722,2025-12-02 03:51:00,2025-12-02 03:50:00,1.16104,1.1611308246753245,1.1610461929247222,UP,False
174,87814,88039,2025-12-02 05:23:00,2025-12-02 09:08:00,low,high,1.15983,1.1623,UP,225,24.700000000001943,87926,2025-12-02 07:15:00,2025-12-02 07:15:00,1.16079,1.160784441558442,1.1609139029206095,DOWN,False
175,88039,88209,2025-12-02 09:08:00,2025-12-02 11:58:00,high,low,1.1623,1.1591,DOWN,170,32.00000000000092,88124,2025-12-02 10:33:00,2025-12-02 10:30:00,1.16127,1.1613008311688315,1.1610696343068698,UP,False
176,88209,89062,2025-12-02 11:58:00,2025-12-03 02:17:00,low,high,1.1591,1.16526,UP,853,61.59999999999943,88635,2025-12-02 19:09:00,2025-12-02 19:05:00,1.16285,1.1624573896103896,1.1615352468120113,UP,True
177,89062,89153,2025-12-03 02:17:00,2025-12-03 03:48:00,high,low,1.16526,1.16356,DOWN,91,17.000000000000348,89107,2025-12-03 03:02:00,2025-12-03 03:00:00,1.16433,1.1643566818181819,1.1632932176059234,UP,False
178,89153,89786,2025-12-03 03:48:00,2025-12-03 14:21:00,low,high,1.16356,1.16775,UP,633,41.900000000001384,89469,2025-12-03 09:04:00,2025-12-03 09:00:00,1.16638,1.1665434155844154,1.1649041287535993,UP,True
179,89786,90443,2025-12-03 14:21:00,2025-12-04 01:23:00,high,low,1.16775,1.16529,DOWN,657,24.600000000001288,90114,2025-12-03 19:53:00,2025-12-03 19:50:00,1.16631,1.1666902727272732,1.1666014763471815,UP,False
180,90443,90596,2025-12-04 01:23:00,2025-12-04 03:56:00,low,high,1.16529,1.16819,UP,153,29.000000000001247,90519,2025-12-04 02:39:00,2025-12-04 02:35:00,1.16576,1.1657128116883118,1.1661974660633483,DOWN,False
181,90596,91343,2025-12-04 03:56:00,2025-12-04 16:23:00,high,low,1.16819,1.16409,DOWN,747,40.99999999999993,90969,2025-12-04 10:09:00,2025-12-04 10:05:00,1.16604,1.1668917207792207,1.1666892225421632,UP,False
182,91343,91956,2025-12-04 16:23:00,2025-12-05 02:40:00,low,high,1.16409,1.16717,UP,613,30.799999999999716,91649,2025-12-04 21:32:00,2025-12-04 21:30:00,1.16527,1.1649118636363638,1.1653120333196214,DOWN,False
183,91956,92476,2025-12-05 02:40:00,2025-12-05 11:20:00,high,low,1.16717,1.16279,DOWN,520,43.80000000000051,92216,2025-12-05 07:00:00,2025-12-05 07:00:00,1.16501,1.165021318181818,1.165244886877828,DOWN,True
184,92476,93299,2025-12-05 11:20:00,2025-12-08 01:04:00,low,high,1.16279,1.16718,UP,823,43.90000000000116,92887,2025-12-07 18:12:00,2025-12-07 18:10:00,1.1642,1.1641405584415585,1.1644936178527354,DOWN,False
185,93299,93920,2025-12-08 01:04:00,2025-12-08 11:25:00,high,low,1.16718,1.16163,DOWN,621,55.50000000000166,93609,2025-12-08 06:14:00,2025-12-08 06:10:00,1.16526,1.1652569025974024,1.1652127112299462,UP,False
186,93920,94729,2025-12-08 11:25:00,2025-12-09 00:59:00,low,high,1.16163,1.16502,UP,809,33.90000000000004,94324,2025-12-08 18:10:00,2025-12-08 18:10:00,1.16369,1.163717987012987,1.16394750185109,DOWN,False
187,94729,94857,2025-12-09 00:59:00,2025-12-09 03:07:00,high,low,1.16502,1.16334,DOWN,128,16.799999999999038,94793,2025-12-09 02:03:00,2025-12-09 02:00:00,1.16447,1.164565474025974,1.164142401480872,UP,False
188,94857,94958,2025-12-09 03:07:00,2025-12-09 04:48:00,low,high,1.16334,1.16571,UP,101,23.699999999999832,94907,2025-12-09 03:57:00,2025-12-09 03:55:00,1.16448,1.1643123701298703,1.164189703414233,UP,True
189,94958,95280,2025-12-09 04:48:00,2025-12-09 10:10:00,high,low,1.16571,1.16149,DOWN,322,42.200000000001125,95119,2025-12-09 07:29:00,2025-12-09 07:25:00,1.16354,1.1643166103896105,1.164335689428219,DOWN,True
190,95280,97311,2025-12-09 10:10:00,2025-12-10 20:06:00,low,high,1.16149,1.17072,UP,2031,92.30000000000072,96295,2025-12-10 03:10:00,2025-12-10 03:10:00,1.16453,1.16352462987013,1.162913315508021,UP,True
191,97311,97625,2025-12-10 20:06:00,2025-12-11 01:20:00,high,low,1.17072,1.16821,DOWN,314,25.100000000000122,97468,2025-12-10 22:43:00,2025-12-10 22:40:00,1.16933,1.1698935259740264,1.1681284084738788,UP,False
192,97625,98277,2025-12-11 01:20:00,2025-12-11 12:12:00,low,high,1.16821,1.17627,UP,652,80.59999999999957,97951,2025-12-11 06:46:00,2025-12-11 06:45:00,1.17148,1.1704565,1.1696557309749074,UP,True
193,98277,98940,2025-12-11 12:12:00,2025-12-11 23:16:00,high,low,1.17627,1.1731,DOWN,663,31.69999999999895,98608,2025-12-11 17:43:00,2025-12-11 17:40:00,1.17391,1.1741562012987015,1.1736128942821884,UP,False
194,98940,99138,2025-12-11 23:16:00,2025-12-12 02:35:00,low,high,1.1731,1.17432,UP,198,12.199999999999989,99039,2025-12-12 00:56:00,2025-12-12 00:55:00,1.17386,1.173486512987013,1.173990677087618,DOWN,False
195,99138,99453,2025-12-12 02:35:00,2025-12-12 07:50:00,high,low,1.17432,1.17195,DOWN,315,23.699999999999832,99295,2025-12-12 05:12:00,2025-12-12 05:10:00,1.17308,1.1734435129870129,1.1737327062937066,DOWN,True
196,99453,99796,2025-12-12 07:50:00,2025-12-12 13:33:00,low,high,1.17195,1.17497,UP,343,30.200000000000227,99624,2025-12-12 10:41:00,2025-12-12 10:40:00,1.17358,1.1732495584415585,1.1732723229123818,DOWN,False
197,99796,100614,2025-12-12 13:33:00,2025-12-15 03:13:00,high,low,1.17497,1.17264,DOWN,818,23.300000000001653,100205,2025-12-14 20:24:00,2025-12-14 20:20:00,1.17321,1.173456233766234,1.1736489621554915,DOWN,True
198,100614,101027,2025-12-15 03:13:00,2025-12-15 10:06:00,low,high,1.17264,1.17688,UP,413,42.40000000000022,100820,2025-12-15 06:39:00,2025-12-15 06:35:00,1.1748,1.1741415194805196,1.1737391863430693,UP,True
199,101027,101278,2025-12-15 10:06:00,2025-12-15 14:17:00,high,low,1.17688,1.17382,DOWN,251,30.599999999998406,101152,2025-12-15 12:11:00,2025-12-15 12:10:00,1.17531,1.1757288051948054,1.1746884195804195,UP,False
200,101278,101567,2025-12-15 14:17:00,2025-12-15 19:11:00,low,high,1.17382,1.17579,UP,289,19.699999999998052,101422,2025-12-15 16:42:00,2025-12-15 16:40:00,1.17505,1.1747467857142855,1.1748280863842042,DOWN,False
201,101567,101666,2025-12-15 19:11:00,2025-12-15 20:50:00,high,low,1.17579,1.17467,DOWN,99,11.199999999997878,101616,2025-12-15 20:00:00,2025-12-15 20:00:00,1.17521,1.1752852857142857,1.1750615396955983,UP,False
202,101666,101740,2025-12-15 20:50:00,2025-12-15 22:04:00,low,high,1.17467,1.1759,UP,74,12.299999999998423,101703,2025-12-15 21:27:00,2025-12-15 21:25:00,1.17548,1.175225922077922,1.1750981102426987,UP,True
203,101740,101985,2025-12-15 22:04:00,2025-12-16 02:10:00,high,low,1.1759,1.17442,DOWN,245,14.799999999999258,101862,2025-12-16 00:07:00,2025-12-16 00:05:00,1.17523,1.1752428961038959,1.1751616236116822,UP,False
204,101985,102456,2025-12-16 02:10:00,2025-12-16 10:01:00,low,high,1.17442,1.1804,UP,471,59.79999999999875,102220,2025-12-16 06:05:00,2025-12-16 06:05:00,1.17563,1.175564974025974,1.1752709448786507,UP,True
205,102456,103438,2025-12-16 10:01:00,2025-12-17 02:24:00,high,low,1.1804,1.1703,DOWN,982,100.99999999999997,102947,2025-12-16 18:12:00,2025-12-16 18:10:00,1.17493,1.1749828506493503,1.1760096433566432,DOWN,True
206,103438,103933,2025-12-17 02:24:00,2025-12-17 10:39:00,low,high,1.1703,1.1758,UP,495,55.000000000000604,103685,2025-12-17 06:31:00,2025-12-17 06:30:00,1.17144,1.1717022857142856,1.1728364273961331,DOWN,False
207,103933,104539,2025-12-17 10:39:00,2025-12-17 20:53:00,high,low,1.1758,1.1735,DOWN,606,22.999999999999687,104236,2025-12-17 15:42:00,2025-12-17 15:40:00,1.17431,1.1744857532467534,1.1735009041546693,UP,False
208,104539,104851,2025-12-17 20:53:00,2025-12-18 02:05:00,low,high,1.1735,1.17496,UP,312,14.600000000000168,104695,2025-12-17 23:29:00,2025-12-17 23:25:00,1.17401,1.1739679415584416,1.1741089658576715,DOWN,False
209,104851,105171,2025-12-18 02:05:00,2025-12-18 07:25:00,high,low,1.17496,1.17123,DOWN,320,37.30000000000011,105011,2025-12-18 04:45:00,2025-12-18 04:45:00,1.17229,1.1733379805194808,1.1739338988070762,DOWN,True
210,105171,105258,2025-12-18 07:25:00,2025-12-18 08:52:00,low,high,1.17123,1.17627,UP,87,50.39999999999934,105214,2025-12-18 08:08:00,2025-12-18 08:05:00,1.17187,1.1720161688311685,1.173264145619087,DOWN,False
211,105258,106656,2025-12-18 08:52:00,2025-12-19 08:21:00,high,low,1.17627,1.17021,DOWN,1398,60.59999999999954,105957,2025-12-18 20:39:00,2025-12-18 20:35:00,1.17228,1.1724314805194809,1.172526759358288,DOWN,True
212,106656,106722,2025-12-19 08:21:00,2025-12-19 09:27:00,low,high,1.17021,1.17377,UP,66,35.60000000000008,106689,2025-12-19 08:54:00,2025-12-19 08:50:00,1.17172,1.171192668831169,1.17157079020979,DOWN,False
213,106722,107292,2025-12-19 09:27:00,2025-12-21 18:57:00,high,low,1.17377,1.17058,DOWN,570,31.90000000000026,107007,2025-12-19 14:12:00,2025-12-19 14:10:00,1.17207,1.1719608571428575,1.1717375524475517,UP,False
214,107292,107613,2025-12-21 18:57:00,2025-12-22 00:18:00,low,high,1.17058,1.17221,UP,321,16.300000000000203,107452,2025-12-21 21:37:00,2025-12-21 21:35:00,1.17167,1.1715447857142858,1.1716291176470588,DOWN,False
215,107613,107709,2025-12-22 00:18:00,2025-12-22 01:54:00,high,low,1.17221,1.17127,DOWN,96,9.399999999999409,107661,2025-12-22 01:06:00,2025-12-22 01:05:00,1.17169,1.17180287012987,1.1716753578774168,UP,False
216,107709,109484,2025-12-22 01:54:00,2025-12-23 07:31:00,low,high,1.17127,1.18021,UP,1775,89.39999999999948,108596,2025-12-22 16:41:00,2025-12-22 16:40:00,1.1761,1.1755679545454547,1.1748736495269438,UP,True
217,109484,109679,2025-12-23 07:31:00,2025-12-23 10:46:00,high,low,1.18021,1.17637,DOWN,195,38.40000000000066,109581,2025-12-23 09:08:00,2025-12-23 09:05:00,1.17789,1.179096668831169,1.1782691357466062,UP,False
218,109679,110303,2025-12-23 10:46:00,2025-12-23 21:11:00,low,high,1.17637,1.18079,UP,624,44.200000000000905,109991,2025-12-23 15:58:00,2025-12-23 15:55:00,1.17892,1.178458922077922,1.1782332069107357,UP,True
219,110303,111491,2025-12-23 21:11:00,2025-12-24 17:10:00,high,low,1.18079,1.17695,DOWN,1188,38.40000000000066,110897,2025-12-24 07:05:00,2025-12-24 07:05:00,1.17905,1.1794961298701299,1.1794832307692305,UP,False
220,111491,111546,2025-12-24 17:10:00,2025-12-24 20:23:00,low,high,1.17695,1.17835,UP,55,14.000000000000679,111518,2025-12-24 19:12:00,2025-12-24 19:10:00,1.17742,1.17758074025974,1.1781508366927194,DOWN,False
221,111546,111681,2025-12-24 20:23:00,2025-12-25 02:47:00,high,low,1.17835,1.17663,DOWN,135,17.199999999999438,111613,2025-12-25 00:18:00,2025-12-25 00:15:00,1.1775,1.177520415584416,1.1778386112710824,DOWN,True
222,111681,111984,2025-12-25 02:47:00,2025-12-25 21:57:00,low,high,1.17663,1.17934,UP,303,27.099999999999902,111832,2025-12-25 19:25:00,2025-12-25 19:25:00,1.17902,1.1780105779220778,1.1777516182640884,UP,True
223,111984,112293,2025-12-25 21:57:00,2025-12-26 03:07:00,high,low,1.17934,1.17662,DOWN,309,27.200000000000557,112138,2025-12-26 00:32:00,2025-12-26 00:30:00,1.1784,1.1785072662337661,1.1781602060880296,UP,False
224,112293,112632,2025-12-26 03:07:00,2025-12-26 08:46:00,low,high,1.17662,1.17966,UP,339,30.399999999999316,112462,2025-12-26 05:56:00,2025-12-26 05:55:00,1.17728,1.177328331168831,1.177915482517483,DOWN,False
225,112632,112859,2025-12-26 08:46:00,2025-12-26 12:33:00,high,low,1.17966,1.17615,DOWN,227,35.09999999999902,112745,2025-12-26 10:39:00,2025-12-26 10:35:00,1.17869,1.1786938571428571,1.1781245199506367,UP,False
226,112859,113346,2025-12-26 12:33:00,2025-12-28 20:47:00,low,high,1.17615,1.17862,UP,487,24.699999999999722,113102,2025-12-26 16:36:00,2025-12-26 16:35:00,1.17689,1.177379292207792,1.1776028301110657,DOWN,False
227,113346,113564,2025-12-28 20:47:00,2025-12-29 00:26:00,high,low,1.17862,1.17537,DOWN,218,32.49999999999975,113455,2025-12-28 22:37:00,2025-12-28 22:35:00,1.17757,1.17781662987013,1.1775761098313453,UP,False
228,113564,113818,2025-12-29 00:26:00,2025-12-29 04:40:00,low,high,1.17537,1.1789,UP,254,35.30000000000033,113691,2025-12-29 02:33:00,2025-12-29 02:30:00,1.1774,1.1764226948051952,1.1771215672562731,DOWN,False
229,113818,114283,2025-12-29 04:40:00,2025-12-29 12:25:00,high,low,1.1789,1.17493,DOWN,465,39.70000000000029,114050,2025-12-29 08:32:00,2025-12-29 08:30:00,1.17662,1.1765626168831167,1.177018266556972,DOWN,True
230,114283,115051,2025-12-29 12:25:00,2025-12-30 01:19:00,low,high,1.17493,1.17797,UP,768,30.399999999999316,114667,2025-12-29 18:53:00,2025-12-29 18:50:00,1.17719,1.1770615584415585,1.1767348671328675,UP,True
231,115051,116640,2025-12-30 01:19:00,2025-12-31 04:02:00,high,low,1.17797,1.17199,DOWN,1589,59.79999999999875,115845,2025-12-30 14:33:00,2025-12-30 14:30:00,1.17496,1.1755598701298704,1.1763102435211845,DOWN,True
232,116640,116873,2025-12-31 04:02:00,2025-12-31 07:55:00,low,high,1.17199,1.17592,UP,233,39.29999999999989,116756,2025-12-31 05:58:00,2025-12-31 05:55:00,1.17389,1.1733197402597404,1.1738581995063757,DOWN,False
233,116873,117014,2025-12-31 07:55:00,2025-12-31 10:16:00,high,low,1.17592,1.17202,DOWN,141,39.00000000000014,116943,2025-12-31 09:05:00,2025-12-31 09:05:00,1.1739,1.1746852987012988,1.1740488338132455,UP,False
234,117014,117761,2025-12-31 10:16:00,2026-01-01 22:52:00,low,high,1.17202,1.17649,UP,747,44.69999999999974,117387,2025-12-31 16:30:00,2025-12-31 16:30:00,1.17469,1.174313681818182,1.1739395343480048,UP,True
235,117761,118158,2026-01-01 22:52:00,2026-01-02 05:30:00,high,low,1.17649,1.17132,DOWN,397,51.70000000000119,117959,2026-01-02 02:11:00,2026-01-02 02:10:00,1.17448,1.1751460519480517,1.1750826968325785,UP,False
236,118158,118491,2026-01-02 05:30:00,2026-01-02 11:03:00,low,high,1.17132,1.17542,UP,333,40.99999999999993,118324,2026-01-02 08:16:00,2026-01-02 08:15:00,1.17269,1.1722153051948052,1.1737890468942827,DOWN,False
237,118491,119173,2026-01-02 11:03:00,2026-01-04 22:27:00,high,low,1.17542,1.16721,DOWN,682,82.09999999999829,118832,2026-01-02 16:44:00,2026-01-02 16:40:00,1.17187,1.1720016428571427,1.1726840333196216,DOWN,True
238,119173,119476,2026-01-04 22:27:00,2026-01-05 03:30:00,low,high,1.16721,1.16948,UP,303,22.699999999999942,119324,2026-01-05 00:58:00,2026-01-05 00:55:00,1.16853,1.168172461038961,1.1703760995475117,DOWN,False
239,119476,119788,2026-01-05 03:30:00,2026-01-05 08:42:00,high,low,1.16948,1.16588,DOWN,312,36.000000000000476,119632,2026-01-05 06:06:00,2026-01-05 06:05:00,1.16852,1.1684638376623377,1.1691402554504318,DOWN,True
240,119788,120145,2026-01-05 08:42:00,2026-01-05 14:39:00,low,high,1.16588,1.17286,UP,357,69.79999999999987,119966,2026-01-05 11:40:00,2026-01-05 11:40:00,1.17141,1.1692650909090907,1.1685965335252986,UP,True
241,120145,120446,2026-01-05 14:39:00,2026-01-05 19:42:00,high,low,1.17286,1.17106,DOWN,301,18.000000000000238,120295,2026-01-05 17:09:00,2026-01-05 17:05:00,1.17206,1.1723793571428576,1.1703954619498151,UP,False
242,120446,120833,2026-01-05 19:42:00,2026-01-06 02:09:00,low,high,1.17106,1.17428,UP,387,32.2,120639,2026-01-05 22:55:00,2026-01-05 22:55:00,1.17343,1.1726808311688313,1.171715748251748,UP,True
243,120833,121582,2026-01-06 02:09:00,2026-01-06 14:38:00,high,low,1.17428,1.16837,DOWN,749,59.10000000000082,121207,2026-01-06 08:23:00,2026-01-06 08:20:00,1.17059,1.170809948051948,1.172101923488277,DOWN,True
244,121582,121976,2026-01-06 14:38:00,2026-01-06 21:13:00,low,high,1.16837,1.17025,UP,394,18.800000000001038,121779,2026-01-06 17:56:00,2026-01-06 17:55:00,1.16879,1.1687575000000001,1.1697328914027143,DOWN,False
245,121976,122351,2026-01-06 21:13:00,2026-01-07 03:28:00,high,low,1.17025,1.16728,DOWN,375,29.69999999999917,122163,2026-01-07 00:20:00,2026-01-07 00:20:00,1.16921,1.1696298571428572,1.1693154327437267,UP,False
246,122351,122751,2026-01-07 03:28:00,2026-01-07 10:08:00,low,high,1.16728,1.16985,UP,400,25.699999999999612,122551,2026-01-07 06:48:00,2026-01-07 06:45:00,1.16885,1.1686923376623373,1.169010946524064,DOWN,False
247,122751,123413,2026-01-07 10:08:00,2026-01-07 21:21:00,high,low,1.16985,1.16724,DOWN,662,26.100000000000012,123082,2026-01-07 15:39:00,2026-01-07 15:35:00,1.16817,1.1684400129870127,1.1687328301110647,DOWN,True
248,123413,123484,2026-01-07 21:21:00,2026-01-07 22:32:00,low,high,1.16724,1.16828,UP,71,10.399999999999299,123448,2026-01-07 21:56:00,2026-01-07 21:55:00,1.168,1.167617577922078,1.1680837889757296,DOWN,False
249,123484,125514,2026-01-07 22:32:00,2026-01-09 08:30:00,high,low,1.16828,1.16254,DOWN,2030,57.40000000000079,124499,2026-01-08 15:29:00,2026-01-08 15:25:00,1.16532,1.1649315649350651,1.1662979230769233,DOWN,True
250,125514,125521,2026-01-09 08:30:00,2026-01-09 08:37:00,low,high,1.16254,1.16604,UP,7,35.00000000000058,125517,2026-01-09 08:33:00,2026-01-09 08:30:00,1.16513,1.1643693376623374,1.164798455779515,DOWN,False
251,125521,125625,2026-01-09 08:37:00,2026-01-09 10:21:00,high,low,1.16604,1.16179,DOWN,104,42.49999999999865,125573,2026-01-09 09:29:00,2026-01-09 09:25:00,1.1638,1.1644360324675327,1.1647534640065824,DOWN,True
252,125625,126972,2026-01-09 10:21:00,2026-01-12 08:52:00,low,high,1.16179,1.16984,UP,1347,80.4999999999989,126298,2026-01-11 21:38:00,2026-01-11 21:35:00,1.16624,1.165226305194805,1.1640345660222131,UP,True
253,126972,127976,2026-01-12 08:52:00,2026-01-13 01:40:00,high,low,1.16984,1.16537,DOWN,1004,44.69999999999974,127474,2026-01-12 17:16:00,2026-01-12 17:15:00,1.16681,1.1668405779220778,1.1675099473467707,DOWN,True
254,127976,128176,2026-01-13 01:40:00,2026-01-13 05:00:00,low,high,1.16537,1.16742,UP,200,20.499999999998852,128076,2026-01-13 03:20:00,2026-01-13 03:20:00,1.16631,1.1661165714285713,1.1663337095845332,DOWN,False
255,128176,128382,2026-01-13 05:00:00,2026-01-13 08:26:00,high,low,1.16742,1.16501,DOWN,206,24.099999999998012,128279,2026-01-13 06:43:00,2026-01-13 06:40:00,1.16679,1.1667278766233766,1.1663954302756063,UP,False
256,128382,128386,2026-01-13 08:26:00,2026-01-13 08:30:00,low,high,1.16501,1.16776,UP,4,27.49999999999808,128384,2026-01-13 08:28:00,2026-01-13 08:25:00,1.16523,1.1663100454545456,1.1663238885232412,DOWN,False
257,128386,128555,2026-01-13 08:30:00,2026-01-13 11:19:00,high,low,1.16776,1.1634,DOWN,169,43.5999999999992,128470,2026-01-13 09:54:00,2026-01-13 09:50:00,1.16613,1.166348155844156,1.1663525540929656,DOWN,True
258,128555,129982,2026-01-13 11:19:00,2026-01-14 11:11:00,low,high,1.1634,1.16615,UP,1427,27.500000000000302,129268,2026-01-13 23:17:00,2026-01-13 23:15:00,1.16457,1.1642959350649353,1.1645490361990958,DOWN,False
259,129982,130894,2026-01-14 11:11:00,2026-01-15 02:25:00,high,low,1.16615,1.16259,DOWN,912,35.60000000000008,130438,2026-01-14 18:49:00,2026-01-14 18:45:00,1.16461,1.1644378311688313,1.1646949428218838,DOWN,True
260,130894,131084,2026-01-15 02:25:00,2026-01-15 05:35:00,low,high,1.16259,1.16409,UP,190,15.000000000000568,130989,2026-01-15 04:00:00,2026-01-15 04:00:00,1.16327,1.1632141558441556,1.1637742015631425,DOWN,False
261,131084,131332,2026-01-15 05:35:00,2026-01-15 09:43:00,high,low,1.16409,1.1593,DOWN,248,47.900000000000716,131208,2026-01-15 07:39:00,2026-01-15 07:35:00,1.16327,1.1634467922077922,1.1635909880707525,DOWN,True
262,131332,132794,2026-01-15 09:43:00,2026-01-16 10:15:00,low,high,1.1593,1.16273,UP,1462,34.30000000000044,132063,2026-01-15 22:02:00,2026-01-15 22:00:00,1.16094,1.1607786948051948,1.160945348827642,DOWN,False
263,132794,133207,2026-01-16 10:15:00,2026-01-18 17:08:00,high,low,1.16273,1.15777,DOWN,413,49.600000000000755,133000,2026-01-16 13:41:00,2026-01-16 13:40:00,1.15969,1.1598685259740262,1.1608640884409709,DOWN,True
264,133207,133751,2026-01-18 17:08:00,2026-01-19 02:13:00,low,high,1.15777,1.16412,UP,544,63.50000000000078,133479,2026-01-18 21:41:00,2026-01-18 21:40:00,1.1618,1.1621181883116882,1.160778592348828,UP,True
265,133751,133883,2026-01-19 02:13:00,2026-01-19 04:25:00,high,low,1.16412,1.1611,DOWN,132,30.200000000000227,133817,2026-01-19 03:19:00,2026-01-19 03:15:00,1.16247,1.1629205844155848,1.1618351234060054,UP,False
266,133883,134420,2026-01-19 04:25:00,2026-01-19 13:22:00,low,high,1.1611,1.16487,UP,537,37.700000000000514,134151,2026-01-19 08:53:00,2026-01-19 08:50:00,1.16351,1.1628712792207792,1.1624950226244346,UP,True
267,134420,134780,2026-01-19 13:22:00,2026-01-19 19:41:00,high,low,1.16487,1.16324,DOWN,360,16.300000000000203,134600,2026-01-19 16:36:00,2026-01-19 16:35:00,1.16447,1.1644266103896104,1.1637244084738794,UP,False
268,134780,135553,2026-01-19 19:41:00,2026-01-20 08:34:00,low,high,1.16324,1.17688,UP,773,136.39999999999876,135166,2026-01-20 02:07:00,2026-01-20 02:05:00,1.16668,1.1663697857142856,1.1650144825174824,UP,True
269,135553,135942,2026-01-20 08:34:00,2026-01-20 15:04:00,high,low,1.17688,1.17106,DOWN,389,58.19999999999936,135747,2026-01-20 11:49:00,2026-01-20 11:45:00,1.17308,1.1729032922077922,1.170908153846154,UP,False
270,135942,136275,2026-01-20 15:04:00,2026-01-20 20:37:00,low,high,1.17106,1.17342,UP,333,23.599999999999177,136108,2026-01-20 17:50:00,2026-01-20 17:50:00,1.17248,1.1721883376623377,1.17241378403949,DOWN,False
271,136275,136775,2026-01-20 20:37:00,2026-01-21 04:57:00,high,low,1.17342,1.17012,DOWN,500,32.999999999998586,136525,2026-01-21 00:47:00,2026-01-21 00:45:00,1.17159,1.1719052987012983,1.1723250238584944,DOWN,True
272,136775,137012,2026-01-21 04:57:00,2026-01-21 08:54:00,low,high,1.17012,1.1743,UP,237,41.799999999998505,136893,2026-01-21 06:55:00,2026-01-21 06:55:00,1.17141,1.170926149350649,1.1716247972027969,DOWN,False
273,137012,137590,2026-01-21 08:54:00,2026-01-21 18:33:00,high,low,1.1743,1.16697,DOWN,578,73.29999999999836,137301,2026-01-21 13:43:00,2026-01-21 13:40:00,1.1697,1.1704135519480519,1.1713914422048541,DOWN,True
274,137590,139002,2026-01-21 18:33:00,2026-01-22 18:09:00,low,high,1.16697,1.17591,UP,1412,89.39999999999948,138296,2026-01-22 06:19:00,2026-01-22 06:15:00,1.16944,1.1691262272727274,1.1688484496092146,UP,True
275,139002,139550,2026-01-22 18:09:00,2026-01-23 03:19:00,high,low,1.17591,1.17283,DOWN,548,30.799999999999716,139276,2026-01-22 22:43:00,2026-01-22 22:40:00,1.17449,1.1747715519480517,1.1744167556561096,UP,False
276,139550,140446,2026-01-23 03:19:00,2026-01-25 18:15:00,low,high,1.17283,1.18976,UP,896,169.2999999999989,139998,2026-01-23 10:47:00,2026-01-23 10:45:00,1.17542,1.1744028506493507,1.1742240909090913,UP,True
277,140446,141279,2026-01-25 18:15:00,2026-01-26 08:08:00,high,low,1.18976,1.18347,DOWN,833,62.89999999999907,140862,2026-01-26 01:11:00,2026-01-26 01:10:00,1.18525,1.1862619025974026,1.1841817893870834,UP,False
278,141279,141455,2026-01-26 08:08:00,2026-01-26 11:04:00,low,high,1.18347,1.19069,UP,176,72.20000000000005,141367,2026-01-26 09:36:00,2026-01-26 09:35:00,1.187,1.1852971493506494,1.1856009930069937,DOWN,False
279,141455,142453,2026-01-26 11:04:00,2026-01-27 03:44:00,high,low,1.19069,1.18502,DOWN,998,56.70000000000064,141954,2026-01-26 19:25:00,2026-01-26 19:25:00,1.18785,1.1877355519480517,1.1873856680378447,UP,False
280,142453,143177,2026-01-27 03:44:00,2026-01-27 15:48:00,low,high,1.18502,1.20822,UP,724,232.00000000000108,142815,2026-01-27 09:46:00,2026-01-27 09:45:00,1.19398,1.1921542532467533,1.1890544113533528,UP,True
281,143177,143669,2026-01-27 15:48:00,2026-01-28 00:02:00,high,low,1.20822,1.19748,DOWN,492,107.39999999999972,143423,2026-01-27 19:55:00,2026-01-27 19:55:00,1.20149,1.2025443441558439,1.1983025355820653,UP,False
282,143669,143802,2026-01-28 00:02:00,2026-01-28 02:15:00,low,high,1.19748,1.20257,UP,133,50.89999999999817,143735,2026-01-28 01:08:00,2026-01-28 01:05:00,1.19945,1.1993737792207788,1.1998855002056767,DOWN,False
283,143802,144509,2026-01-28 02:15:00,2026-01-28 14:02:00,high,low,1.20257,1.18957,DOWN,707,129.999999999999,144155,2026-01-28 08:08:00,2026-01-28 08:05:00,1.19744,1.1977029675324675,1.1991659584533112,DOWN,True
284,144509,145228,2026-01-28 14:02:00,2026-01-29 02:03:00,low,high,1.18957,1.19964,UP,719,100.70000000000023,144868,2026-01-28 20:03:00,2026-01-28 20:00:00,1.19652,1.1966655064935066,1.1953374249280133,UP,True
285,145228,145468,2026-01-29 02:03:00,2026-01-29 06:03:00,high,low,1.19964,1.19379,DOWN,240,58.50000000000133,145348,2026-01-29 04:03:00,2026-01-29 04:00:00,1.19712,1.1977944805194802,1.1969617791032496,UP,False
286,145468,145705,2026-01-29 06:03:00,2026-01-29 10:00:00,low,high,1.19379,1.19725,UP,237,34.600000000000186,145586,2026-01-29 08:01:00,2026-01-29 08:00:00,1.19648,1.1951531948051948,1.19661949691485,DOWN,False
287,145705,145733,2026-01-29 10:00:00,2026-01-29 10:28:00,high,low,1.19725,1.19059,DOWN,28,66.59999999999889,145719,2026-01-29 10:14:00,2026-01-29 10:10:00,1.19482,1.1958249415584414,1.1965335853558203,DOWN,True
288,145733,146218,2026-01-29 10:28:00,2026-01-29 18:35:00,low,high,1.19059,1.19745,UP,485,68.59999999999866,145975,2026-01-29 14:30:00,2026-01-29 14:30:00,1.19515,1.1952055064935063,1.1956567079391198,DOWN,False
289,146218,146384,2026-01-29 18:35:00,2026-01-29 21:21:00,high,low,1.19745,1.18948,DOWN,166,79.69999999999811,146301,2026-01-29 19:58:00,2026-01-29 19:55:00,1.19318,1.1960233571428576,1.1956759095022622,UP,False
290,146384,146727,2026-01-29 21:21:00,2026-01-30 03:04:00,low,high,1.18948,1.19431,UP,343,48.2999999999989,146555,2026-01-30 00:12:00,2026-01-30 00:10:00,1.19342,1.1921997142857141,1.1942787457836286,DOWN,False
291,146727,146836,2026-01-30 03:04:00,2026-01-30 04:53:00,high,low,1.19431,1.18981,DOWN,109,44.99999999999949,146781,2026-01-30 03:58:00,2026-01-30 03:55:00,1.19328,1.1928910779220776,1.1935784298642536,DOWN,True
292,146836,146965,2026-01-30 04:53:00,2026-01-30 07:02:00,low,high,1.18981,1.19546,UP,129,56.49999999999933,146900,2026-01-30 05:57:00,2026-01-30 05:55:00,1.19211,1.1922328961038962,1.1930979522830105,DOWN,False
293,146965,147639,2026-01-30 07:02:00,2026-02-01 18:20:00,high,low,1.19546,1.18395,DOWN,674,115.09999999999908,147302,2026-01-30 12:39:00,2026-01-30 12:35:00,1.1873,1.1888961818181816,1.1913564014808713,DOWN,True
294,147639,148376,2026-02-01 18:20:00,2026-02-02 06:37:00,low,high,1.18395,1.18712,UP,737,31.69999999999895,148007,2026-02-02 00:28:00,2026-02-02 00:25:00,1.18546,1.186485974025974,1.1866575619086797,DOWN,False
295,148376,148829,2026-02-02 06:37:00,2026-02-02 14:10:00,high,low,1.18712,1.17758,DOWN,453,95.39999999999881,148602,2026-02-02 10:23:00,2026-02-02 10:20:00,1.18122,1.1827856363636366,1.1849813348416294,DOWN,True
296,148829,149585,2026-02-02 14:10:00,2026-02-03 02:48:00,low,high,1.17758,1.18243,UP,756,48.50000000000021,149207,2026-02-02 20:30:00,2026-02-02 20:30:00,1.18098,1.1800136948051945,1.180353531468532,DOWN,False
297,149585,149967,2026-02-03 02:48:00,2026-02-03 09:10:00,high,low,1.18243,1.178,DOWN,382,44.30000000000156,149776,2026-02-03 05:59:00,2026-02-03 05:55:00,1.1787,1.1802162727272727,1.180469556561086,DOWN,True
298,149967,151046,2026-02-03 09:10:00,2026-02-04 03:12:00,low,high,1.178,1.18379,UP,1079,57.89999999999962,150506,2026-02-03 18:12:00,2026-02-03 18:10:00,1.18184,1.1817977467532468,1.1809950049362399,UP,True
299,151046,152177,2026-02-04 03:12:00,2026-02-04 22:03:00,high,low,1.18379,1.17826,DOWN,1131,55.29999999999813,151611,2026-02-04 12:37:00,2026-02-04 12:35:00,1.17953,1.1805051623376628,1.1815942945290006,DOWN,True
300,152177,152493,2026-02-04 22:03:00,2026-02-05 03:19:00,low,high,1.17826,1.18088,UP,316,26.199999999998447,152335,2026-02-05 00:41:00,2026-02-05 00:40:00,1.17886,1.1789158181818182,1.1798616174413825,DOWN,False
301,152493,152593,2026-02-05 03:19:00,2026-02-05 04:59:00,high,low,1.18088,1.17802,DOWN,100,28.599999999998627,152543,2026-02-05 04:09:00,2026-02-05 04:05:00,1.17974,1.1797267597402599,1.1796958971616618,UP,False
302,152593,152849,2026-02-05 04:59:00,2026-02-05 09:15:00,low,high,1.17802,1.18218,UP,256,41.59999999999941,152721,2026-02-05 07:07:00,2026-02-05 07:05:00,1.17958,1.1791333896103895,1.1794286219662689,DOWN,False
303,152849,153453,2026-02-05 09:15:00,2026-02-05 19:21:00,high,low,1.18218,1.17654,DOWN,604,56.400000000000894,153151,2026-02-05 14:17:00,2026-02-05 14:15:00,1.17965,1.1797621233766233,1.179644692719045,UP,False
304,153453,153823,2026-02-05 19:21:00,2026-02-06 01:31:00,low,high,1.17654,1.18016,UP,370,36.200000000001786,153638,2026-02-05 22:26:00,2026-02-05 22:25:00,1.17886,1.1784577792207789,1.1787426955985196,DOWN,False
305,153823,153922,2026-02-06 01:31:00,2026-02-06 03:10:00,high,low,1.18016,1.17855,DOWN,99,16.100000000001113,153872,2026-02-06 02:20:00,2026-02-06 02:20:00,1.17927,1.1795296493506493,1.1788986721513783,UP,False
306,153922,154323,2026-02-06 03:10:00,2026-02-06 09:51:00,low,high,1.17855,1.1826,UP,401,40.500000000001094,154122,2026-02-06 06:30:00,2026-02-06 06:30:00,1.17904,1.179243357142857,1.1790072612093792,UP,True
307,154323,154822,2026-02-06 09:51:00,2026-02-08 18:13:00,high,low,1.1826,1.18097,DOWN,499,16.300000000000203,154572,2026-02-06 14:00:00,2026-02-06 14:00:00,1.18187,1.1817123441558441,1.180443118469766,UP,False
308,154822,155770,2026-02-08 18:13:00,2026-02-09 10:01:00,low,high,1.18097,1.19266,UP,948,116.89999999999978,155296,2026-02-09 02:07:00,2026-02-09 02:05:00,1.18517,1.183720077922078,1.1825537112299465,UP,True
309,155770,156396,2026-02-09 10:01:00,2026-02-09 20:29:00,high,low,1.19266,1.18965,DOWN,626,30.09999999999957,156083,2026-02-09 15:14:00,2026-02-09 15:10:00,1.19182,1.191257857142857,1.189014858083094,UP,False
310,156396,156539,2026-02-09 20:29:00,2026-02-09 22:52:00,low,high,1.18965,1.19169,UP,143,20.399999999998197,156467,2026-02-09 21:40:00,2026-02-09 21:40:00,1.191,1.1904968766233768,1.190584637186343,DOWN,False
311,156539,156765,2026-02-09 22:52:00,2026-02-10 02:38:00,high,low,1.19169,1.18993,DOWN,226,17.599999999999838,156652,2026-02-10 00:45:00,2026-02-10 00:45:00,1.19038,1.1908954805194802,1.1908666404771702,UP,False
312,156765,156877,2026-02-10 02:38:00,2026-02-10 04:30:00,low,high,1.18993,1.19198,UP,112,20.500000000001073,156821,2026-02-10 03:34:00,2026-02-10 03:30:00,1.19065,1.1905703571428572,1.1908001217605924,DOWN,False
313,156877,157088,2026-02-10 04:30:00,2026-02-10 08:01:00,high,low,1.19198,1.18885,DOWN,211,31.30000000000077,156982,2026-02-10 06:15:00,2026-02-10 06:15:00,1.19061,1.1911438311688312,1.1909166828465656,UP,False
314,157088,157181,2026-02-10 08:01:00,2026-02-10 09:34:00,low,high,1.18885,1.19285,UP,93,40.000000000000036,157134,2026-02-10 08:47:00,2026-02-10 08:45:00,1.1903,1.1902264285714284,1.1906764574249287,DOWN,False
315,157181,157741,2026-02-10 09:34:00,2026-02-10 19:01:00,high,low,1.19285,1.18862,DOWN,560,42.29999999999956,157461,2026-02-10 14:14:00,2026-02-10 14:10:00,1.18905,1.189755512987013,1.1904305923488276,DOWN,True
316,157741,158395,2026-02-10 19:01:00,2026-02-11 05:55:00,low,high,1.18862,1.19272,UP,654,40.99999999999993,158068,2026-02-11 00:28:00,2026-02-11 00:25:00,1.19154,1.1908882337662337,1.1900786499382972,UP,True
317,158395,158553,2026-02-11 05:55:00,2026-02-11 08:33:00,high,low,1.19272,1.18331,DOWN,158,94.09999999999918,158474,2026-02-11 07:14:00,2026-02-11 07:10:00,1.19068,1.1914498311688313,1.191004035376389,UP,False
318,158553,159304,2026-02-11 08:33:00,2026-02-11 21:05:00,low,high,1.18331,1.18846,UP,751,51.49999999999988,158928,2026-02-11 14:48:00,2026-02-11 14:45:00,1.18817,1.1881682012987014,1.1890655705471005,DOWN,False
319,159304,159572,2026-02-11 21:05:00,2026-02-12 01:33:00,high,low,1.18846,1.18522,DOWN,268,32.40000000000131,159438,2026-02-11 23:19:00,2026-02-11 23:15:00,1.18693,1.1875671818181819,1.1876168231180584,DOWN,True
320,159572,160146,2026-02-12 01:33:00,2026-02-12 11:07:00,low,high,1.18522,1.18899,UP,574,37.700000000000514,159859,2026-02-12 06:20:00,2026-02-12 06:20:00,1.18832,1.188007116883117,1.187396884409708,UP,True
321,160146,160282,2026-02-12 11:07:00,2026-02-12 13:23:00,high,low,1.18899,1.18561,DOWN,136,33.799999999999386,160214,2026-02-12 12:15:00,2026-02-12 12:15:00,1.18712,1.1876872207792208,1.1876472221308096,UP,False
322,160282,160678,2026-02-12 13:23:00,2026-02-12 20:01:00,low,high,1.18561,1.18734,UP,396,17.300000000000093,160480,2026-02-12 16:41:00,2026-02-12 16:40:00,1.18689,1.18674324025974,1.1872789765528593,DOWN,False
323,160678,161074,2026-02-12 20:01:00,2026-02-13 02:37:00,high,low,1.18734,1.18469,DOWN,396,26.500000000000412,160876,2026-02-12 23:19:00,2026-02-12 23:15:00,1.18655,1.1867663961038961,1.1869362373508845,DOWN,True
324,161074,161427,2026-02-13 02:37:00,2026-02-13 08:30:00,low,high,1.18469,1.18846,UP,353,37.700000000000514,161250,2026-02-13 05:33:00,2026-02-13 05:30:00,1.18543,1.185890207792208,1.1862913381324558,DOWN,False
325,161427,161576,2026-02-13 08:30:00,2026-02-13 10:59:00,high,low,1.18846,1.18475,DOWN,149,37.10000000000102,161501,2026-02-13 09:44:00,2026-02-13 09:40:00,1.18677,1.1864013701298703,1.1862038527354994,UP,False
326,161576,162461,2026-02-13 10:59:00,2026-02-16 01:45:00,low,high,1.18475,1.18701,UP,885,22.599999999999287,162018,2026-02-15 18:22:00,2026-02-15 18:20:00,1.18646,1.1869176038961036,1.186737119703826,UP,True
327,162461,162510,2026-02-16 01:45:00,2026-02-16 02:34:00,high,low,1.18701,1.18602,DOWN,49,9.899999999998244,162485,2026-02-16 02:09:00,2026-02-16 02:05:00,1.18652,1.18652124025974,1.1866502751953927,DOWN,True
328,162510,162541,2026-02-16 02:34:00,2026-02-16 03:05:00,low,high,1.18602,1.18703,UP,31,10.099999999999554,162525,2026-02-16 02:49:00,2026-02-16 02:45:00,1.18649,1.1864829415584417,1.1866261612505142,DOWN,False
329,162541,163935,2026-02-16 03:05:00,2026-02-17 02:55:00,high,low,1.18703,1.18286,DOWN,1394,41.700000000000074,163238,2026-02-16 14:50:00,2026-02-16 14:50:00,1.18527,1.1850796298701298,1.1856671155902916,DOWN,True
330,163935,164035,2026-02-17 02:55:00,2026-02-17 04:35:00,low,high,1.18286,1.18497,UP,100,21.100000000000563,163985,2026-02-17 03:45:00,2026-02-17 03:45:00,1.18436,1.1837881038961038,1.1843348144796377,DOWN,False
331,164035,164410,2026-02-17 04:35:00,2026-02-17 10:50:00,high,low,1.18497,1.18049,DOWN,375,44.800000000000395,164222,2026-02-17 07:42:00,2026-02-17 07:40:00,1.18283,1.1838599090909092,1.1841248580830939,DOWN,True
332,164410,164847,2026-02-17 10:50:00,2026-02-17 18:08:00,low,high,1.18049,1.18573,UP,437,52.39999999999911,164628,2026-02-17 14:28:00,2026-02-17 14:25:00,1.18438,1.1839149935064937,1.183413201563143,UP,True
333,164847,165422,2026-02-17 18:08:00,2026-02-18 03:44:00,high,low,1.18573,1.18284,DOWN,575,28.900000000000592,165134,2026-02-17 22:56:00,2026-02-17 22:55:00,1.18411,1.1844998246753249,1.1843620242698476,UP,False
334,165422,165686,2026-02-18 03:44:00,2026-02-18 08:08:00,low,high,1.18284,1.18485,UP,264,20.100000000000673,165554,2026-02-18 05:56:00,2026-02-18 05:55:00,1.18322,1.1835314025974029,1.1841795433977786,DOWN,False
335,165686,166215,2026-02-18 08:08:00,2026-02-18 16:59:00,high,low,1.18485,1.17818,DOWN,529,66.69999999999953,165950,2026-02-18 12:32:00,2026-02-18 12:30:00,1.18072,1.1816339935064935,1.1830641151789385,DOWN,True
336,166215,166879,2026-02-18 16:59:00,2026-02-19 04:08:00,low,high,1.17818,1.18075,UP,664,25.699999999999612,166547,2026-02-18 22:36:00,2026-02-18 22:35:00,1.17886,1.1791569935064934,1.179622745783628,DOWN,False
337,166879,167196,2026-02-19 04:08:00,2026-02-19 09:25:00,high,low,1.18075,1.17418,DOWN,317,65.69999999999965,167037,2026-02-19 06:46:00,2026-02-19 06:45:00,1.17787,1.1792705454545456,1.179254042369396,UP,False
338,167196,167638,2026-02-19 09:25:00,2026-02-19 16:47:00,low,high,1.17418,1.1778,UP,442,36.19999999999956,167417,2026-02-19 13:06:00,2026-02-19 13:05:00,1.17675,1.1763299090909094,1.1776397461949812,DOWN,False
339,167638,168077,2026-02-19 16:47:00,2026-02-20 00:09:00,high,low,1.1778,1.17501,DOWN,439,27.89999999999848,167857,2026-02-19 20:29:00,2026-02-19 20:25:00,1.17627,1.176947064935065,1.176916356232003,UP,False
340,168077,168224,2026-02-20 00:09:00,2026-02-20 02:36:00,low,high,1.17501,1.17625,UP,147,12.399999999999078,168150,2026-02-20 01:22:00,2026-02-20 01:20:00,1.1754,1.175468285714286,1.1762294825174833,DOWN,False
341,168224,168260,2026-02-20 02:36:00,2026-02-20 03:12:00,high,low,1.17625,1.17432,DOWN,36,19.299999999999873,168242,2026-02-20 02:54:00,2026-02-20 02:50:00,1.1753,1.1755655844155848,1.1761301707116414,DOWN,True
342,168260,168578,2026-02-20 03:12:00,2026-02-20 08:30:00,low,high,1.17432,1.17821,UP,318,38.899999999999494,168419,2026-02-20 05:51:00,2026-02-20 05:50:00,1.17657,1.1761434805194808,1.1760655968737144,UP,True
343,168578,168674,2026-02-20 08:30:00,2026-02-20 10:06:00,high,low,1.17821,1.17551,DOWN,96,26.999999999999247,168626,2026-02-20 09:18:00,2026-02-20 09:15:00,1.17629,1.1765649999999996,1.1761700370218013,UP,False
344,168674,169198,2026-02-20 10:06:00,2026-02-22 18:57:00,low,high,1.17551,1.18346,UP,524,79.49999999999902,168936,2026-02-20 14:28:00,2026-02-20 14:25:00,1.17809,1.1783447532467535,1.1771450082270671,UP,True
345,169198,170913,2026-02-22 18:57:00,2026-02-23 23:35:00,high,low,1.18346,1.17679,DOWN,1715,66.69999999999953,170055,2026-02-23 09:14:00,2026-02-23 09:10:00,1.17994,1.1788930324675329,1.1806538070752777,DOWN,True
346,170913,171211,2026-02-23 23:35:00,2026-02-24 04:34:00,low,high,1.17679,1.1793,UP,298,25.100000000000122,171062,2026-02-24 02:05:00,2026-02-24 02:05:00,1.17754,1.1775931883116886,1.178390640065816,DOWN,False
347,171211,171556,2026-02-24 04:34:00,2026-02-24 10:19:00,high,low,1.1793,1.1766,DOWN,345,26.999999999999247,171383,2026-02-24 07:26:00,2026-02-24 07:25:00,1.17738,1.1782720129870132,1.178182324969148,UP,False
348,171556,171625,2026-02-24 10:19:00,2026-02-24 11:28:00,low,high,1.1766,1.179,UP,69,23.999999999999577,171590,2026-02-24 10:53:00,2026-02-24 10:50:00,1.17746,1.1773704805194805,1.1778677038255871,DOWN,False
349,171625,171955,2026-02-24 11:28:00,2026-02-24 17:00:00,high,low,1.179,1.17715,DOWN,330,18.500000000001293,171790,2026-02-24 14:13:00,2026-02-24 14:10:00,1.1781,1.178224103896104,1.1779828626079796,UP,False
350,171955,172497,2026-02-24 17:00:00,2026-02-25 02:06:00,low,high,1.17715,1.18078,UP,542,36.300000000000225,172226,2026-02-24 21:35:00,2026-02-24 21:35:00,1.17869,1.1778817402597401,1.177820789798437,UP,True
351,172497,172761,2026-02-25 02:06:00,2026-02-25 06:30:00,high,low,1.18078,1.17709,DOWN,264,36.89999999999971,172629,2026-02-25 04:18:00,2026-02-25 04:15:00,1.17893,1.1797382662337663,1.1788853718634313,UP,False
352,172761,173616,2026-02-25 06:30:00,2026-02-25 20:47:00,low,high,1.17709,1.18288,UP,855,57.89999999999962,173188,2026-02-25 13:37:00,2026-02-25 13:35:00,1.18062,1.1804479545454545,1.1793021160016457,UP,True
353,173616,174578,2026-02-25 20:47:00,2026-02-26 12:49:00,high,low,1.18288,1.17737,DOWN,962,55.09999999999904,174097,2026-02-26 04:48:00,2026-02-26 04:45:00,1.17982,1.1807276038961037,1.1812970098724809,DOWN,True
354,174578,175433,2026-02-26 12:49:00,2026-02-27 03:07:00,low,high,1.17737,1.18216,UP,855,47.900000000000716,175005,2026-02-26 19:59:00,2026-02-26 19:55:00,1.17961,1.179930675324675,1.1796629720279723,UP,True
355,175433,175774,2026-02-27 03:07:00,2026-02-27 08:48:00,high,low,1.18216,1.17903,DOWN,341,31.30000000000077,175603,2026-02-27 05:57:00,2026-02-27 05:55:00,1.17986,1.1804695259740259,1.180321274372687,UP,False
356,175774,175975,2026-02-27 08:48:00,2026-02-27 12:09:00,low,high,1.17903,1.18268,UP,201,36.49999999999931,175874,2026-02-27 10:28:00,2026-02-27 10:25:00,1.18078,1.180204331168831,1.1803484681201148,DOWN,False
357,175975,178743,2026-02-27 12:09:00,2026-03-03 10:20:00,high,low,1.18268,1.153,DOWN,2768,296.7999999999993,177359,2026-03-02 11:15:00,2026-03-02 11:15:00,1.1673,1.1701401688311688,1.172997933360757,DOWN,True
358,178743,179004,2026-03-03 10:20:00,2026-03-03 14:41:00,low,high,1.153,1.16257,UP,261,95.70000000000078,178873,2026-03-03 12:30:00,2026-03-03 12:30:00,1.15913,1.1583277012987012,1.161291241053064,DOWN,False
359,179004,179350,2026-03-03 14:41:00,2026-03-03 20:27:00,high,low,1.16257,1.15745,DOWN,346,51.20000000000013,179177,2026-03-03 17:34:00,2026-03-03 17:30:00,1.16115,1.1614191948051942,1.1604606051007822,UP,False
360,179350,179947,2026-03-03 20:27:00,2026-03-04 06:24:00,low,high,1.15745,1.16546,UP,597,80.0999999999985,179648,2026-03-04 01:25:00,2026-03-04 01:25:00,1.16055,1.1597507467532466,1.1601087408473871,DOWN,False
361,179947,181210,2026-03-04 06:24:00,2026-03-05 03:30:00,high,low,1.16546,1.15815,DOWN,1263,73.09999999999928,180578,2026-03-04 16:55:00,2026-03-04 16:55:00,1.1633,1.1636140454545454,1.1631691390374328,UP,False
362,181210,181248,2026-03-05 03:30:00,2026-03-05 04:08:00,low,high,1.15815,1.16445,UP,38,62.99999999999972,181229,2026-03-05 03:49:00,2026-03-05 03:45:00,1.15965,1.1599708831168831,1.1618454459070335,DOWN,False
363,181248,181686,2026-03-05 04:08:00,2026-03-05 11:26:00,high,low,1.16445,1.15587,DOWN,438,85.80000000000032,181467,2026-03-05 07:47:00,2026-03-05 07:45:00,1.16151,1.1614252077922076,1.1615227988482115,DOWN,True
364,181686,182405,2026-03-05 11:26:00,2026-03-05 23:33:00,low,high,1.15587,1.16211,UP,719,62.40000000000023,182045,2026-03-05 17:29:00,2026-03-05 17:25:00,1.16077,1.1599447207792206,1.1596438765939945,UP,True
365,182405,182995,2026-03-05 23:33:00,2026-03-06 09:23:00,high,low,1.16211,1.15457,DOWN,590,75.3999999999988,182700,2026-03-06 04:28:00,2026-03-06 04:25:00,1.15833,1.1605101818181818,1.1607952118469769,DOWN,True
366,182995,183232,2026-03-06 09:23:00,2026-03-06 13:20:00,low,high,1.15457,1.16213,UP,237,75.60000000000011,183113,2026-03-06 11:21:00,2026-03-06 11:20:00,1.15982,1.1575357337662335,1.1587181489099139,DOWN,False
367,183232,183745,2026-03-06 13:20:00,2026-03-08 20:53:00,high,low,1.16213,1.15069,DOWN,513,114.40000000000117,183488,2026-03-08 16:36:00,2026-03-08 16:35:00,1.15518,1.1593045909090909,1.1589922389962972,UP,False
368,183745,184967,2026-03-08 20:53:00,2026-03-09 17:15:00,low,high,1.15069,1.16454,UP,1222,138.49999999999918,184356,2026-03-09 07:04:00,2026-03-09 07:00:00,1.15649,1.1555583636363636,1.154450582064994,UP,True
369,184967,185312,2026-03-09 17:15:00,2026-03-09 23:00:00,high,low,1.16454,1.16069,DOWN,345,38.49999999999909,185139,2026-03-09 20:07:00,2026-03-09 20:05:00,1.16244,1.162594357142857,1.1602211809954748,UP,False
370,185312,186119,2026-03-09 23:00:00,2026-03-10 12:27:00,low,high,1.16069,1.16672,UP,807,60.2999999999998,185715,2026-03-10 05:43:00,2026-03-10 05:40:00,1.16359,1.1648080974025974,1.1630031011929247,UP,True
371,186119,186435,2026-03-10 12:27:00,2026-03-10 17:48:00,high,low,1.16672,1.16027,DOWN,316,64.50000000000067,186277,2026-03-10 15:05:00,2026-03-10 15:05:00,1.16098,1.1629680324675327,1.1637685339366517,DOWN,True
372,186435,186942,2026-03-10 17:48:00,2026-03-11 02:15:00,low,high,1.16027,1.16453,UP,507,42.60000000000153,186688,2026-03-10 22:01:00,2026-03-10 22:00:00,1.16285,1.1621015259740262,1.1623777099958863,DOWN,False
373,186942,188234,2026-03-11 02:15:00,2026-03-11 23:50:00,high,low,1.16453,1.15317,DOWN,1292,113.60000000000036,187588,2026-03-11 13:01:00,2026-03-11 13:00:00,1.15699,1.157321207792208,1.1595461641299867,DOWN,True
374,188234,188641,2026-03-11 23:50:00,2026-03-12 06:37:00,low,high,1.15317,1.15662,UP,407,34.49999999999953,188437,2026-03-12 03:13:00,2026-03-12 03:10:00,1.15542,1.1545883051948052,1.1549490538872895,DOWN,False
375,188641,189202,2026-03-12 06:37:00,2026-03-12 15:58:00,high,low,1.15662,1.15096,DOWN,561,56.59999999999998,188921,2026-03-12 11:17:00,2026-03-12 11:15:00,1.15222,1.1524497012987012,1.1540203850267376,DOWN,True
376,189202,189455,2026-03-12 15:58:00,2026-03-12 20:12:00,low,high,1.15096,1.15296,UP,253,20.000000000000018,189328,2026-03-12 18:05:00,2026-03-12 18:05:00,1.15203,1.151459051948052,1.1524842965857667,DOWN,False
377,189455,189885,2026-03-12 20:12:00,2026-03-13 03:22:00,high,low,1.15296,1.14328,DOWN,430,96.7999999999991,189670,2026-03-12 23:47:00,2026-03-12 23:45:00,1.15021,1.1510606818181817,1.1516967486631027,DOWN,True
378,189885,190211,2026-03-13 03:22:00,2026-03-13 08:48:00,low,high,1.14328,1.14901,UP,326,57.300000000000125,190048,2026-03-13 06:05:00,2026-03-13 06:05:00,1.14604,1.1456556883116884,1.1488865783628133,DOWN,False
379,190211,190625,2026-03-13 08:48:00,2026-03-13 15:42:00,high,low,1.14901,1.14108,DOWN,414,79.29999999999993,190418,2026-03-13 12:15:00,2026-03-13 12:15:00,1.14439,1.1450549155844159,1.1468150296174418,DOWN,True
380,190625,190882,2026-03-13 15:42:00,2026-03-15 20:00:00,low,high,1.14108,1.14564,UP,257,45.59999999999897,190753,2026-03-15 17:51:00,2026-03-15 17:50:00,1.14252,1.142246525974026,1.1442951007815714,DOWN,False
381,190882,191281,2026-03-15 20:00:00,2026-03-16 02:40:00,high,low,1.14564,1.14139,DOWN,399,42.50000000000087,191081,2026-03-15 23:19:00,2026-03-15 23:15:00,1.14468,1.1448786948051948,1.144088010695187,UP,False
382,191281,191971,2026-03-16 02:40:00,2026-03-16 14:10:00,low,high,1.14139,1.15248,UP,690,110.90000000000045,191626,2026-03-16 08:25:00,2026-03-16 08:25:00,1.14816,1.1475479285714285,1.1451657638831765,UP,True
383,191971,192631,2026-03-16 14:10:00,2026-03-17 01:14:00,high,low,1.15248,1.14658,DOWN,660,59.00000000000016,192301,2026-03-16 19:44:00,2026-03-16 19:40:00,1.1491,1.1498067077922078,1.149570386260798,UP,False
384,192631,193347,2026-03-17 01:14:00,2026-03-17 13:10:00,low,high,1.14658,1.15471,UP,716,81.2999999999997,192989,2026-03-17 07:12:00,2026-03-17 07:10:00,1.15217,1.1511311168831169,1.1499643175647885,UP,True
385,193347,193754,2026-03-17 13:10:00,2026-03-17 19:58:00,high,low,1.15471,1.15319,DOWN,407,15.199999999999658,193550,2026-03-17 16:34:00,2026-03-17 16:30:00,1.15365,1.1538039935064934,1.152653284245166,UP,False
386,193754,194080,2026-03-17 19:58:00,2026-03-18 01:25:00,low,high,1.15319,1.15492,UP,326,17.300000000000093,193917,2026-03-17 22:41:00,2026-03-17 22:40:00,1.15333,1.1534559025974025,1.1535089613327842,DOWN,False
387,194080,194201,2026-03-18 01:25:00,2026-03-18 03:26:00,high,low,1.15492,1.15176,DOWN,121,31.600000000000517,194140,2026-03-18 02:25:00,2026-03-18 02:25:00,1.15375,1.154223357142857,1.1538326610448375,UP,False
388,194201,194374,2026-03-18 03:26:00,2026-03-18 06:19:00,low,high,1.15176,1.15551,UP,173,37.50000000000142,194287,2026-03-18 04:52:00,2026-03-18 04:50:00,1.15362,1.1533205,1.15365899012752,DOWN,False
389,194374,194933,2026-03-18 06:19:00,2026-03-18 15:38:00,high,low,1.15551,1.14496,DOWN,559,105.5000000000006,194653,2026-03-18 10:58:00,2026-03-18 10:55:00,1.15128,1.1515620194805196,1.152898897573015,DOWN,True
390,194933,195275,2026-03-18 15:38:00,2026-03-18 21:20:00,low,high,1.14496,1.14912,UP,342,41.59999999999941,195104,2026-03-18 18:29:00,2026-03-18 18:25:00,1.14622,1.1458922662337663,1.1493691217605917,DOWN,False
391,195275,195657,2026-03-18 21:20:00,2026-03-19 03:42:00,high,low,1.14912,1.14429,DOWN,382,48.2999999999989,195466,2026-03-19 00:31:00,2026-03-19 00:30:00,1.14697,1.1474842272727275,1.1477607424928007,DOWN,True
392,195657,196283,2026-03-19 03:42:00,2026-03-19 14:08:00,low,high,1.14429,1.16161,UP,626,173.20000000000002,195970,2026-03-19 08:55:00,2026-03-19 08:55:00,1.15175,1.1482257207792208,1.1472260263266145,UP,True
393,196283,196925,2026-03-19 14:08:00,2026-03-20 00:51:00,high,low,1.16161,1.15523,DOWN,642,63.80000000000052,196604,2026-03-19 19:30:00,2026-03-19 19:30:00,1.15715,1.1579262532467534,1.1549609642122585,UP,False
394,196925,197079,2026-03-20 00:51:00,2026-03-20 03:25:00,low,high,1.15523,1.15805,UP,154,28.200000000000447,197002,2026-03-20 02:08:00,2026-03-20 02:05:00,1.1571,1.1559366688311687,1.1565382842451675,DOWN,False
395,197079,197442,2026-03-20 03:25:00,2026-03-20 09:28:00,high,low,1.15805,1.15245,DOWN,363,56.0000000000005,197260,2026-03-20 06:26:00,2026-03-20 06:25:00,1.15684,1.1560271493506498,1.156518827642945,DOWN,True
396,197442,197833,2026-03-20 09:28:00,2026-03-20 15:59:00,low,high,1.15245,1.15718,UP,391,47.30000000000123,197637,2026-03-20 12:43:00,2026-03-20 12:40:00,1.15624,1.1553204545454545,1.1557916384204039,DOWN,False
397,197833,198666,2026-03-20 15:59:00,2026-03-23 05:56:00,high,low,1.15718,1.14843,DOWN,833,87.50000000000036,198249,2026-03-22 22:59:00,2026-03-22 22:55:00,1.1547,1.1550345584415587,1.1553517309749077,DOWN,True
398,198666,198888,2026-03-23 05:56:00,2026-03-23 09:38:00,low,high,1.14843,1.16397,UP,222,155.39999999999887,198777,2026-03-23 07:47:00,2026-03-23 07:45:00,1.1599,1.1543877727272729,1.1539839958864664,UP,True
399,198888,199716,2026-03-23 09:38:00,2026-03-23 23:27:00,high,low,1.16397,1.15756,DOWN,828,64.10000000000026,199302,2026-03-23 16:33:00,2026-03-23 16:30:00,1.16127,1.161435461038961,1.1588363636363637,UP,False
400,199716,199882,2026-03-23 23:27:00,2026-03-24 02:13:00,low,high,1.15756,1.16176,UP,166,41.999999999999815,199799,2026-03-24 00:50:00,2026-03-24 00:50:00,1.15856,1.158238298701299,1.159653826820239,DOWN,False
401,199882,200274,2026-03-24 02:13:00,2026-03-24 08:45:00,high,low,1.16176,1.15671,DOWN,392,50.499999999999986,200078,2026-03-24 05:29:00,2026-03-24 05:25:00,1.15888,1.159354538961039,1.1593647272727279,DOWN,True
402,200274,200341,2026-03-24 08:45:00,2026-03-24 09:52:00,low,high,1.15671,1.16069,UP,67,39.80000000000095,200307,2026-03-24 09:18:00,2026-03-24 09:15:00,1.15916,1.1583972727272727,1.1589076083916086,DOWN,False
403,200341,200474,2026-03-24 09:52:00,2026-03-24 12:05:00,high,low,1.16069,1.15569,DOWN,133,49.999999999998934,200407,2026-03-24 10:58:00,2026-03-24 10:55:00,1.15777,1.1585368636363633,1.158839191279309,DOWN,True
404,200474,200927,2026-03-24 12:05:00,2026-03-24 19:39:00,low,high,1.15569,1.16305,UP,453,73.59999999999812,200700,2026-03-24 15:51:00,2026-03-24 15:50:00,1.1606,1.1588386558441557,1.158633763060469,UP,True
405,200927,201257,2026-03-24 19:39:00,2026-03-25 01:09:00,high,low,1.16305,1.15867,DOWN,330,43.799999999998285,201092,2026-03-24 22:24:00,2026-03-24 22:20:00,1.16036,1.1612198961038962,1.1601255524475524,UP,False
406,201257,201401,2026-03-25 01:09:00,2026-03-25 03:33:00,low,high,1.15867,1.16165,UP,144,29.799999999999827,201329,2026-03-25 02:21:00,2026-03-25 02:20:00,1.15989,1.1596300519480518,1.1601711509666806,DOWN,False
407,201401,202371,2026-03-25 03:33:00,2026-03-25 19:45:00,high,low,1.16165,1.15539,DOWN,970,62.60000000000154,201886,2026-03-25 11:38:00,2026-03-25 11:35:00,1.15689,1.1574680259740262,1.1592305771287537,DOWN,True
408,202371,202598,2026-03-25 19:45:00,2026-03-25 23:32:00,low,high,1.15539,1.15722,UP,227,18.299999999999983,202484,2026-03-25 21:38:00,2026-03-25 21:35:00,1.15556,1.15613762987013,1.1567174438502685,DOWN,False
409,202598,203534,2026-03-25 23:32:00,2026-03-26 15:09:00,high,low,1.15722,1.15196,DOWN,936,52.599999999998204,203066,2026-03-26 07:21:00,2026-03-26 07:20:00,1.15327,1.1547503506493506,1.1557183916083922,DOWN,True
410,203534,203537,2026-03-26 15:09:00,2026-03-26 15:12:00,low,high,1.15196,1.15588,UP,3,39.199999999999235,203535,2026-03-26 15:10:00,2026-03-26 15:10:00,1.15467,1.152924525974026,1.154130359934183,DOWN,False
411,203537,204499,2026-03-26 15:12:00,2026-03-27 07:15:00,high,low,1.15588,1.15018,DOWN,962,57.000000000000384,204018,2026-03-26 23:14:00,2026-03-26 23:10:00,1.15392,1.1536960974025974,1.1535213459481697,UP,False
412,204499,204697,2026-03-27 07:15:00,2026-03-27 10:33:00,low,high,1.15018,1.15476,UP,198,45.80000000000028,204598,2026-03-27 08:54:00,2026-03-27 08:50:00,1.1525,1.1515914415584414,1.1525686565199509,DOWN,False
413,204697,205128,2026-03-27 10:33:00,2026-03-29 18:58:00,high,low,1.15476,1.14877,DOWN,431,59.899999999999395,204912,2026-03-27 14:08:00,2026-03-27 14:05:00,1.15116,1.1515620779220779,1.15215872274784,DOWN,True
414,205128,205397,2026-03-29 18:58:00,2026-03-30 00:27:00,low,high,1.14877,1.15211,UP,269,33.39999999999898,205262,2026-03-29 22:12:00,2026-03-29 22:10:00,1.15084,1.150255805194805,1.1510937305635545,DOWN,False
415,205397,206045,2026-03-30 00:27:00,2026-03-30 11:15:00,high,low,1.15211,1.1443,DOWN,648,78.09999999999873,205721,2026-03-30 05:51:00,2026-03-30 05:50:00,1.14934,1.1497338831168833,1.1506123294940356,DOWN,True
416,206045,206392,2026-03-30 11:15:00,2026-03-30 17:02:00,low,high,1.1443,1.14674,UP,347,24.399999999999977,206218,2026-03-30 14:08:00,2026-03-30 14:05:00,1.14619,1.1457573766233766,1.1479841818181817,DOWN,False
417,206392,206593,2026-03-30 17:02:00,2026-03-30 20:23:00,high,low,1.14674,1.14471,DOWN,201,20.300000000001983,206492,2026-03-30 18:42:00,2026-03-30 18:40:00,1.14611,1.1460656298701297,1.1467579781982722,DOWN,True
418,206593,206662,2026-03-30 20:23:00,2026-03-30 21:32:00,low,high,1.14471,1.14906,UP,69,43.50000000000076,206627,2026-03-30 20:57:00,2026-03-30 20:55:00,1.14745,1.1458662142857141,1.1463195454545456,DOWN,False
419,206662,207233,2026-03-30 21:32:00,2026-03-31 07:03:00,high,low,1.14906,1.14574,DOWN,571,33.199999999999896,206947,2026-03-31 02:17:00,2026-03-31 02:15:00,1.14639,1.1469018051948052,1.1465729173179764,UP,False
420,207233,208907,2026-03-31 07:03:00,2026-04-01 11:03:00,low,high,1.14574,1.16271,UP,1674,169.6999999999993,208070,2026-03-31 21:05:00,2026-03-31 21:05:00,1.15627,1.1565853636363634,1.1542087873303168,UP,True
421,208907,209144,2026-04-01 11:03:00,2026-04-01 15:00:00,high,low,1.16271,1.15763,DOWN,237,50.799999999999734,209025,2026-04-01 13:01:00,2026-04-01 13:00:00,1.16199,1.1612661623376623,1.1597659909502271,UP,False
422,209144,209512,2026-04-01 15:00:00,2026-04-01 21:11:00,low,high,1.15763,1.16055,UP,368,29.200000000000337,209328,2026-04-01 18:06:00,2026-04-01 18:05:00,1.15926,1.1586872467532467,1.1597089070341422,DOWN,False
423,209512,210115,2026-04-01 21:11:00,2026-04-02 07:14:00,high,low,1.16055,1.1509,DOWN,603,96.49999999999936,209813,2026-04-02 02:12:00,2026-04-02 02:10:00,1.15172,1.1535954545454545,1.156914525298231,DOWN,True
424,210115,210317,2026-04-02 07:14:00,2026-04-02 10:36:00,low,high,1.1509,1.15638,UP,202,54.799999999999294,210216,2026-04-02 08:55:00,2026-04-02 08:55:00,1.15245,1.1520545,1.1536851842863014,DOWN,False
425,210317,210703,2026-04-02 10:36:00,2026-04-02 17:04:00,high,low,1.15638,1.15315,DOWN,386,32.300000000000665,210510,2026-04-02 13:49:00,2026-04-02 13:45:00,1.15399,1.154371142857143,1.1533806960098727,UP,False
426,210703,210874,2026-04-02 17:04:00,2026-04-02 20:01:00,low,high,1.15315,1.15449,UP,171,13.400000000001189,210788,2026-04-02 18:32:00,2026-04-02 18:30:00,1.15397,1.153749272727273,1.1535124245166595,UP,True
427,210874,211186,2026-04-02 20:01:00,2026-04-03 01:23:00,high,low,1.15449,1.15293,DOWN,312,15.600000000000058,211030,2026-04-02 22:41:00,2026-04-02 22:40:00,1.1534,1.1537993961038964,1.1537650625257099,UP,False
428,211186,211513,2026-04-03 01:23:00,2026-04-03 06:54:00,low,high,1.15293,1.15489,UP,327,19.599999999999618,211349,2026-04-03 04:09:00,2026-04-03 04:05:00,1.15414,1.153905844155844,1.1538052821884008,UP,True
429,211513,212049,2026-04-03 06:54:00,2026-04-03 15:58:00,high,low,1.15489,1.15138,DOWN,536,35.09999999999902,211781,2026-04-03 11:23:00,2026-04-03 11:20:00,1.15247,1.153001818181818,1.1537018305224185,DOWN,True
430,212049,212062,2026-04-03 15:58:00,2026-04-03 16:11:00,low,high,1.15138,1.15298,UP,13,15.999999999998238,212055,2026-04-03 16:04:00,2026-04-03 16:00:00,1.15142,1.1516987597402597,1.1528489716166186,DOWN,False
431,212062,212166,2026-04-03 16:11:00,2026-04-05 18:11:00,high,low,1.15298,1.15048,DOWN,104,24.999999999999467,212114,2026-04-05 17:06:00,2026-04-05 17:05:00,1.15206,1.1515988051948056,1.152656946935417,DOWN,True
432,212166,213150,2026-04-05 18:11:00,2026-04-06 10:35:00,low,high,1.15048,1.15713,UP,984,66.50000000000045,212658,2026-04-06 02:23:00,2026-04-06 02:20:00,1.15249,1.152362409090909,1.1518391999177289,UP,True
433,213150,213840,2026-04-06 10:35:00,2026-04-06 22:07:00,high,low,1.15713,1.15239,DOWN,690,47.399999999999665,213495,2026-04-06 16:20:00,2026-04-06 16:20:00,1.15441,1.1543939935064935,1.154586280131633,DOWN,True
434,213840,215933,2026-04-06 22:07:00,2026-04-08 09:03:00,low,high,1.15239,1.17217,UP,2093,197.7999999999991,214886,2026-04-07 15:33:00,2026-04-07 15:30:00,1.15843,1.1576922272727272,1.156464350473056,UP,True
435,215933,216290,2026-04-08 09:03:00,2026-04-08 15:00:00,high,low,1.17217,1.16433,DOWN,357,78.39999999999847,216111,2026-04-08 12:01:00,2026-04-08 12:00:00,1.16826,1.1696319285714287,1.1690784693541751,UP,False
436,216290,217645,2026-04-08 15:00:00,2026-04-09 13:38:00,low,high,1.16433,1.17234,UP,1355,80.0999999999985,216967,2026-04-09 02:20:00,2026-04-09 02:20:00,1.16564,1.1663956558441557,1.1664517939119705,DOWN,False
437,217645,218507,2026-04-09 13:38:00,2026-04-10 04:04:00,high,low,1.17234,1.16773,DOWN,862,46.10000000000003,218076,2026-04-09 20:53:00,2026-04-09 20:50:00,1.16874,1.1692633116883118,1.1695325310571785,DOWN,True
438,218507,218947,2026-04-10 04:04:00,2026-04-10 11:24:00,low,high,1.16773,1.17392,UP,440,61.9000000000014,218727,2026-04-10 07:44:00,2026-04-10 07:40:00,1.17165,1.1705717597402596,1.1695376137392022,UP,True
439,218947,219427,2026-04-10 11:24:00,2026-04-12 19:24:00,high,low,1.17392,1.16638,DOWN,480,75.40000000000103,219187,2026-04-10 15:24:00,2026-04-10 15:20:00,1.17299,1.1725585844155846,1.171563092965858,UP,False
440,219427,219833,2026-04-12 19:24:00,2026-04-13 02:10:00,low,high,1.16638,1.16948,UP,406,31.000000000001027,219630,2026-04-12 22:47:00,2026-04-12 22:45:00,1.16854,1.1682892792207795,1.1700219699712053,DOWN,False
441,219833,219869,2026-04-13 02:10:00,2026-04-13 02:46:00,high,low,1.16948,1.16778,DOWN,36,17.000000000000348,219851,2026-04-13 02:28:00,2026-04-13 02:25:00,1.16886,1.168763811688312,1.1693127235705465,DOWN,True
442,219869,221796,2026-04-13 02:46:00,2026-04-14 10:56:00,low,high,1.16778,1.18111,UP,1927,133.30000000000064,220832,2026-04-13 18:52:00,2026-04-13 18:50:00,1.17606,1.1758787207792207,1.172897690662279,UP,True
443,221796,222492,2026-04-14 10:56:00,2026-04-14 22:35:00,high,low,1.18111,1.17787,DOWN,696,32.40000000000131,222144,2026-04-14 16:44:00,2026-04-14 16:40:00,1.17935,1.1793802987012991,1.179312163307281,UP,False
444,222492,222706,2026-04-14 22:35:00,2026-04-15 02:09:00,low,high,1.17787,1.17992,UP,214,20.500000000001073,222599,2026-04-15 00:22:00,2026-04-15 00:20:00,1.17877,1.1787230844155845,1.1792419876593996,DOWN,False
445,222706,222973,2026-04-15 02:09:00,2026-04-15 06:36:00,high,low,1.17992,1.17718,DOWN,267,27.400000000001867,222839,2026-04-15 04:22:00,2026-04-15 04:20:00,1.17934,1.178933506493507,1.1790674356231998,DOWN,True
446,222973,223944,2026-04-15 06:36:00,2026-04-15 23:07:00,low,high,1.17718,1.18238,UP,971,52.00000000000094,223458,2026-04-15 14:41:00,2026-04-15 14:40:00,1.17973,1.179899798701299,1.179124375976964,UP,True
447,223944,224595,2026-04-15 23:07:00,2026-04-16 09:58:00,high,low,1.18238,1.17668,DOWN,651,57.000000000000384,224269,2026-04-16 04:32:00,2026-04-16 04:30:00,1.17811,1.179636077922078,1.1802658494446732,DOWN,True
448,224595,225983,2026-04-16 09:58:00,2026-04-17 09:12:00,low,high,1.17668,1.18491,UP,1388,82.2999999999996,225289,2026-04-16 21:38:00,2026-04-16 21:35:00,1.17758,1.1780551103896104,1.1779885026737968,UP,True
449,225983,226509,2026-04-17 09:12:00,2026-04-19 18:00:00,high,low,1.18491,1.17288,DOWN,526,120.29999999999986,226246,2026-04-17 13:35:00,2026-04-17 13:35:00,1.179,1.1803517532467533,1.1799684134101192,UP,False
450,226509,228006,2026-04-19 18:00:00,2026-04-20 19:00:00,low,high,1.17288,1.17908,UP,1497,61.99999999999983,227257,2026-04-20 06:28:00,2026-04-20 06:25:00,1.1764,1.1762127792207795,1.1757803776223772,UP,True
451,228006,228824,2026-04-20 19:00:00,2026-04-21 08:38:00,high,low,1.17908,1.1754,DOWN,818,36.79999999999906,228415,2026-04-21 01:49:00,2026-04-21 01:45:00,1.17787,1.1777592467532467,1.1781509596873718,DOWN,True
452,228824,228947,2026-04-21 08:38:00,2026-04-21 10:41:00,low,high,1.1754,1.1776,UP,123,21.999999999999797,228885,2026-04-21 09:39:00,2026-04-21 09:35:00,1.17675,1.1762470389610389,1.176962395721925,DOWN,False
453,228947,229248,2026-04-21 10:41:00,2026-04-21 15:42:00,high,low,1.1776,1.17191,DOWN,301,56.89999999999973,229097,2026-04-21 13:11:00,2026-04-21 13:10:00,1.17252,1.1751325,1.1762543698066634,DOWN,True
454,229248,229824,2026-04-21 15:42:00,2026-04-22 01:21:00,low,high,1.17191,1.17626,UP,576,43.50000000000076,229536,2026-04-21 20:32:00,2026-04-21 20:30:00,1.17498,1.1742505584415583,1.1746793109831342,DOWN,False
455,229824,230949,2026-04-22 01:21:00,2026-04-22 20:16:00,high,low,1.17626,1.16922,DOWN,1125,70.40000000000157,230386,2026-04-22 10:43:00,2026-04-22 10:40:00,1.17288,1.1734511818181816,1.1743037157548328,DOWN,True
456,230949,230964,2026-04-22 20:16:00,2026-04-22 20:31:00,low,high,1.16922,1.17136,UP,15,21.400000000000308,230956,2026-04-22 20:23:00,2026-04-22 20:20:00,1.17053,1.1705854935064937,1.1715874767585355,DOWN,False
457,230964,231626,2026-04-22 20:31:00,2026-04-23 07:33:00,high,low,1.17136,1.1679,DOWN,662,34.600000000000186,231295,2026-04-23 02:02:00,2026-04-23 02:00:00,1.1706,1.1700780909090909,1.1706239633895517,DOWN,True
458,231626,231827,2026-04-23 07:33:00,2026-04-23 10:54:00,low,high,1.1679,1.17164,UP,201,37.400000000000766,231726,2026-04-23 09:13:00,2026-04-23 09:10:00,1.16849,1.1688402467532468,1.1697200744549567,DOWN,False
459,231827,231999,2026-04-23 10:54:00,2026-04-23 13:46:00,high,low,1.17164,1.16691,DOWN,172,47.30000000000123,231913,2026-04-23 12:20:00,2026-04-23 12:20:00,1.17002,1.1701846948051948,1.1697762768408064,UP,False
460,231999,232488,2026-04-23 13:46:00,2026-04-23 22:00:00,low,high,1.16691,1.16892,UP,489,20.100000000000673,232243,2026-04-23 17:53:00,2026-04-23 17:50:00,1.16837,1.1684549220779221,1.1691808358700129,DOWN,False
461,232488,232580,2026-04-23 22:00:00,2026-04-23 23:32:00,high,low,1.16892,1.16727,DOWN,92,16.499999999999293,232534,2026-04-23 22:46:00,2026-04-23 22:45:00,1.16787,1.1684338311688311,1.1687760839160837,DOWN,True
462,232580,233625,2026-04-23 23:32:00,2026-04-24 16:57:00,low,high,1.16727,1.17229,UP,1045,50.200000000000244,233102,2026-04-24 08:14:00,2026-04-24 08:10:00,1.17152,1.1701601753246753,1.1688306491155904,UP,True
463,233625,233628,2026-04-24 16:57:00,2026-04-26 17:00:00,high,low,1.17229,1.16928,DOWN,3,30.09999999999957,233626,2026-04-24 16:58:00,2026-04-24 16:55:00,1.17192,1.1717860324675322,1.1708219625668452,UP,False
464,233628,234544,2026-04-26 17:00:00,2026-04-27 08:19:00,low,high,1.16928,1.17548,UP,916,61.99999999999983,234086,2026-04-27 00:41:00,2026-04-27 00:40:00,1.17297,1.1727122142857145,1.171693858494447,UP,True
465,234544,235063,2026-04-27 08:19:00,2026-04-27 17:00:00,high,low,1.17548,1.17179,DOWN,519,36.89999999999971,234803,2026-04-27 12:38:00,2026-04-27 12:35:00,1.17302,1.173623409090909,1.1736969123817356,DOWN,True
466,235063,235253,2026-04-27 17:00:00,2026-04-27 20:12:00,low,high,1.17179,1.17269,UP,190,8.999999999999009,235158,2026-04-27 18:37:00,2026-04-27 18:35:00,1.17225,1.1721105974025976,1.1730028630193337,DOWN,False
467,235253,235972,2026-04-27 20:12:00,2026-04-28 08:11:00,high,low,1.17269,1.16774,DOWN,719,49.5000000000001,235612,2026-04-28 02:11:00,2026-04-28 02:10:00,1.1705,1.1711276103896104,1.1718187128753592,DOWN,True
468,235972,236670,2026-04-28 08:11:00,2026-04-28 20:04:00,low,high,1.16774,1.17204,UP,698,42.9999999999997,236321,2026-04-28 14:00:00,2026-04-28 14:00:00,1.17129,1.1709145454545455,1.170177089675031,UP,True
469,236670,237157,2026-04-28 20:04:00,2026-04-29 04:12:00,high,low,1.17204,1.16936,DOWN,487,26.800000000000157,236913,2026-04-29 00:07:00,2026-04-29 00:05:00,1.17057,1.1710104415584415,1.1710613693953105,DOWN,True
470,237157,237325,2026-04-29 04:12:00,2026-04-29 07:00:00,low,high,1.16936,1.17097,UP,168,16.100000000001113,237241,2026-04-29 05:36:00,2026-04-29 05:35:00,1.17007,1.1700954545454547,1.1706862040312631,DOWN,False
471,237325,237792,2026-04-29 07:00:00,2026-04-29 14:47:00,high,low,1.17097,1.16611,DOWN,467,48.60000000000086,237558,2026-04-29 10:53:00,2026-04-29 10:50:00,1.17017,1.1695011493506493,1.1701600267379682,DOWN,True
472,237792,238109,2026-04-29 14:47:00,2026-04-29 20:09:00,low,high,1.16611,1.16894,UP,317,28.300000000001102,237950,2026-04-29 17:28:00,2026-04-29 17:25:00,1.16706,1.1673617012987016,1.1687732492801317,DOWN,False
473,238109,238380,2026-04-29 20:09:00,2026-04-30 00:40:00,high,low,1.16894,1.16551,DOWN,271,34.30000000000044,238244,2026-04-29 22:24:00,2026-04-29 22:20:00,1.16724,1.1679408961038962,1.1681615857671748,DOWN,True
474,238380,239250,2026-04-30 00:40:00,2026-04-30 15:10:00,low,high,1.16551,1.17416,UP,870,86.50000000000047,238815,2026-04-30 07:55:00,2026-04-30 07:55:00,1.17047,1.1701174999999995,1.1681400481283413,UP,True
475,239250,239550,2026-04-30 15:10:00,2026-04-30 20:14:00,high,low,1.17416,1.17241,DOWN,300,17.500000000001403,239400,2026-04-30 17:43:00,2026-04-30 17:40:00,1.17302,1.1732421818181817,1.171636131633073,UP,False
476,239550,239755,2026-04-30 20:14:00,2026-04-30 23:39:00,low,high,1.17241,1.17363,UP,205,12.199999999999989,239652,2026-04-30 21:56:00,2026-04-30 21:55:00,1.17308,1.1729257792207792,1.1725619004524892,UP,True
477,239755,239928,2026-04-30 23:39:00,2026-05-01 02:33:00,high,low,1.17363,1.17187,DOWN,173,17.599999999999838,239841,2026-05-01 01:06:00,2026-05-01 01:05:00,1.17254,1.1730082532467536,1.17290099012752,UP,False
478,239928,240399,2026-05-01 02:33:00,2026-05-01 10:24:00,low,high,1.17187,1.17851,UP,471,66.39999999999979,240163,2026-05-01 06:28:00,2026-05-01 06:25:00,1.1742,1.1737676168831168,1.1732270567667629,UP,True
479,240399,242703,2026-05-01 10:24:00,2026-05-05 01:00:00,high,low,1.17851,1.16764,DOWN,2304,108.69999999999935,241551,2026-05-04 05:38:00,2026-05-04 05:35:00,1.17202,1.172147181818182,1.1726566133278487,DOWN,True
480,242703,243346,2026-05-05 01:00:00,2026-05-05 11:43:00,low,high,1.16764,1.17136,UP,643,37.199999999999456,243024,2026-05-05 06:21:00,2026-05-05 06:20:00,1.16938,1.1689021753246753,1.1687801480872066,UP,True
481,243346,243661,2026-05-05 11:43:00,2026-05-05 17:00:00,high,low,1.17136,1.16909,DOWN,315,22.699999999999942,243503,2026-05-05 14:20:00,2026-05-05 14:20:00,1.16992,1.170132512987013,1.1695005240641716,UP,False
482,243661,244476,2026-05-05 17:00:00,2026-05-06 06:54:00,low,high,1.16909,1.17966,UP,815,105.69999999999968,244068,2026-05-06 00:06:00,2026-05-06 00:05:00,1.17165,1.1719429805194805,1.170770594816948,UP,True
483,244476,244840,2026-05-06 06:54:00,2026-05-06 12:58:00,high,low,1.17966,1.17417,DOWN,364,54.89999999999995,244658,2026-05-06 09:56:00,2026-05-06 09:55:00,1.17516,1.1763050389610392,1.174554597696421,UP,False
484,244840,245356,2026-05-06 12:58:00,2026-05-06 21:45:00,low,high,1.17417,1.17633,UP,516,21.600000000001618,245098,2026-05-06 17:19:00,2026-05-06 17:15:00,1.17478,1.174837064935065,1.1752401378033739,DOWN,False
485,245356,245662,2026-05-06 21:45:00,2026-05-07 02:51:00,high,low,1.17633,1.17448,DOWN,306,18.500000000001293,245509,2026-05-07 00:18:00,2026-05-07 00:15:00,1.17512,1.1753651428571432,1.1751794134101194,UP,False
486,245662,245836,2026-05-07 02:51:00,2026-05-07 05:45:00,low,high,1.17448,1.17783,UP,174,33.499999999999645,245749,2026-05-07 04:18:00,2026-05-07 04:15:00,1.17646,1.1757531623376627,1.1753175327025913,UP,True
487,245836,246508,2026-05-07 05:45:00,2026-05-07 16:57:00,high,low,1.17783,1.17224,DOWN,672,55.899999999999835,246172,2026-05-07 11:21:00,2026-05-07 11:20:00,1.17702,1.1771406558441555,1.176475805429864,UP,False
488,246508,247942,2026-05-07 16:57:00,2026-05-08 16:54:00,low,high,1.17224,1.1788,UP,1434,65.60000000000122,247225,2026-05-08 04:57:00,2026-05-08 04:55:00,1.17637,1.174724155844156,1.1737329654463184,UP,True
489,247942,247948,2026-05-08 16:54:00,2026-05-10 17:00:00,high,low,1.1788,1.17447,DOWN,6,43.300000000001674,247945,2026-05-08 16:57:00,2026-05-08 16:55:00,1.17838,1.1781033116883117,1.1771591735911147,UP,False
490,247948,249011,2026-05-10 17:00:00,2026-05-11 10:44:00,low,high,1.17447,1.17878,UP,1063,43.100000000000364,248479,2026-05-11 01:52:00,2026-05-11 01:50:00,1.17493,1.1755109805194803,1.176503262032085,DOWN,False
491,249011,250365,2026-05-11 10:44:00,2026-05-12 11:25:00,high,low,1.17878,1.17216,DOWN,1354,66.19999999999848,249688,2026-05-11 22:08:00,2026-05-11 22:05:00,1.17628,1.1771233051948051,1.1776819547511312,DOWN,True
492,250365,250764,2026-05-12 11:25:00,2026-05-12 19:08:00,low,high,1.17216,1.17411,UP,399,19.499999999998963,250564,2026-05-12 14:44:00,2026-05-12 14:40:00,1.17385,1.1732690974025974,1.1742637906211437,DOWN,False
493,250764,250891,2026-05-12 19:08:00,2026-05-12 21:17:00,high,low,1.17411,1.17318,DOWN,127,9.300000000000974,250827,2026-05-12 20:13:00,2026-05-12 20:10:00,1.17334,1.1737734870129868,1.1738513776223767,DOWN,True
494,250891,250923,2026-05-12 21:17:00,2026-05-12 21:49:00,low,high,1.17318,1.17417,UP,32,9.900000000000464,250907,2026-05-12 21:33:00,2026-05-12 21:30:00,1.17375,1.1736608181818182,1.1737574648292883,DOWN,False
495,250923,251382,2026-05-12 21:49:00,2026-05-13 05:30:00,high,low,1.17417,1.16954,DOWN,459,46.299999999999116,251152,2026-05-13 01:40:00,2026-05-13 01:40:00,1.17333,1.173525025974026,1.1736150304401478,DOWN,True
496,251382,252158,2026-05-13 05:30:00,2026-05-13 18:30:00,low,high,1.16954,1.17185,UP,776,23.100000000000342,251770,2026-05-13 11:58:00,2026-05-13 11:55:00,1.17108,1.170900025974026,1.1715040263266145,DOWN,False
497,252158,252622,2026-05-13 18:30:00,2026-05-14 02:14:00,high,low,1.17185,1.17065,DOWN,464,12.000000000000899,252390,2026-05-13 22:22:00,2026-05-13 22:20:00,1.17128,1.171568487012987,1.1712503204442617,UP,False
498,252622,252662,2026-05-14 02:14:00,2026-05-14 02:54:00,low,high,1.17065,1.17214,UP,40,14.899999999999913,252642,2026-05-14 02:34:00,2026-05-14 02:30:00,1.17135,1.171299012987013,1.1713274895104895,DOWN,False
499,252662,254240,2026-05-14 02:54:00,2026-05-15 05:18:00,high,low,1.17214,1.1617,DOWN,1578,104.40000000000005,253451,2026-05-14 16:03:00,2026-05-14 16:00:00,1.16687,1.1675261233766232,1.1690577202797199,DOWN,True
500,254240,254337,2026-05-15 05:18:00,2026-05-15 06:55:00,low,high,1.1617,1.16554,UP,97,38.40000000000066,254288,2026-05-15 06:06:00,2026-05-15 06:05:00,1.16339,1.1631881363636365,1.1647601271081858,DOWN,False
501,254337,255169,2026-05-15 06:55:00,2026-05-17 20:54:00,high,low,1.16554,1.16082,DOWN,832,47.20000000000057,254753,2026-05-15 13:51:00,2026-05-15 13:50:00,1.16283,1.1628332272727273,1.1633083150966674,DOWN,True
502,255169,255882,2026-05-17 20:54:00,2026-05-18 08:47:00,low,high,1.16082,1.16572,UP,713,49.000000000001265,255525,2026-05-18 02:50:00,2026-05-18 02:50:00,1.16356,1.1624431623376623,1.1620886277252156,UP,True
503,255882,256254,2026-05-18 08:47:00,2026-05-18 14:59:00,high,low,1.16572,1.16287,DOWN,372,28.500000000000192,256068,2026-05-18 11:53:00,2026-05-18 11:50:00,1.16519,1.1645358636363634,1.1635987198683662,UP,False
504,256254,256434,2026-05-18 14:59:00,2026-05-18 18:00:00,low,high,1.16287,1.16616,UP,180,32.90000000000015,256344,2026-05-18 16:29:00,2026-05-18 16:25:00,1.16591,1.1649063116883118,1.1643679522830108,UP,True
505,256434,258834,2026-05-18 18:00:00,2026-05-20 10:11:00,high,low,1.16616,1.15826,DOWN,2400,79.00000000000018,257634,2026-05-19 14:04:00,2026-05-19 14:00:00,1.16132,1.1604979610389612,1.1617013011106538,DOWN,True
506,258834,258900,2026-05-20 10:11:00,2026-05-20 11:17:00,low,high,1.15826,1.1645,UP,66,62.40000000000023,258867,2026-05-20 10:44:00,2026-05-20 10:40:00,1.16169,1.1598937857142857,1.159781839160839,UP,True
507,258900,259862,2026-05-20 11:17:00,2026-05-21 03:26:00,high,low,1.1645,1.15938,DOWN,962,51.20000000000013,259381,2026-05-20 19:25:00,2026-05-20 19:25:00,1.16244,1.162556474025974,1.161777654874537,UP,False
508,259862,259912,2026-05-21 03:26:00,2026-05-21 04:16:00,low,high,1.15938,1.16353,UP,50,41.499999999998764,259887,2026-05-21 03:51:00,2026-05-21 03:50:00,1.16076,1.1615690389610387,1.162196232003291,DOWN,False
509,259912,260238,2026-05-21 04:16:00,2026-05-21 09:42:00,high,low,1.16353,1.15763,DOWN,326,59.00000000000016,260075,2026-05-21 06:59:00,2026-05-21 06:55:00,1.16071,1.1619267727272728,1.1621459086795558,DOWN,True
510,260238,260491,2026-05-21 09:42:00,2026-05-21 13:55:00,low,high,1.15763,1.163,UP,253,53.70000000000097,260364,2026-05-21 11:48:00,2026-05-21 11:45:00,1.15848,1.1590608246753245,1.1608667354997941,DOWN,False
511,260491,261475,2026-05-21 13:55:00,2026-05-22 07:30:00,high,low,1.163,1.15932,DOWN,984,36.800000000001276,260983,2026-05-21 22:16:00,2026-05-21 22:15:00,1.16108,1.1614092142857144,1.1611471147675854,UP,False
512,261475,261517,2026-05-22 07:30:00,2026-05-22 09:12:00,low,high,1.15932,1.16183,UP,42,25.100000000000122,261496,2026-05-22 07:51:00,2026-05-22 07:50:00,1.15965,1.160015694805195,1.1609171303990127,DOWN,False
513,261517,261582,2026-05-22 09:12:00,2026-05-22 10:17:00,high,low,1.16183,1.15881,DOWN,65,30.200000000000227,261549,2026-05-22 09:44:00,2026-05-22 09:40:00,1.16041,1.1602011493506492,1.1608784833401897,DOWN,True
514,261582,261979,2026-05-22 10:17:00,2026-05-24 20:54:00,low,high,1.15881,1.16488,UP,397,60.7000000000002,261780,2026-05-24 17:35:00,2026-05-24 17:35:00,1.16329,1.161181474025974,1.1607554804607156,UP,True
515,261979,262364,2026-05-24 20:54:00,2026-05-25 03:19:00,high,low,1.16488,1.16296,DOWN,385,19.199999999999218,262171,2026-05-25 00:06:00,2026-05-25 00:05:00,1.16358,1.1639195844155847,1.1626105314685315,UP,False
516,262364,262691,2026-05-25 03:19:00,2026-05-25 08:46:00,low,high,1.16296,1.16527,UP,327,23.100000000000342,262527,2026-05-25 06:02:00,2026-05-25 06:00:00,1.16426,1.1640546103896101,1.1636957684080629,UP,True
517,262691,263775,2026-05-25 08:46:00,2026-05-26 03:06:00,high,low,1.16527,1.16239,DOWN,1084,28.799999999999937,263233,2026-05-25 18:01:00,2026-05-25 18:00:00,1.16387,1.1641157272727272,1.1642155421637188,DOWN,True
518,263775,263979,2026-05-26 03:06:00,2026-05-26 06:30:00,low,high,1.16239,1.16451,UP,204,21.199999999998997,263877,2026-05-26 04:48:00,2026-05-26 04:45:00,1.1636,1.163440772727273,1.1635793977786917,DOWN,False
519,263979,264286,2026-05-26 06:30:00,2026-05-26 11:37:00,high,low,1.16451,1.16163,DOWN,307,28.799999999999937,264132,2026-05-26 09:03:00,2026-05-26 09:00:00,1.16311,1.1637237142857142,1.1636174405594404,UP,False
520,264286,265188,2026-05-26 11:37:00,2026-05-27 02:47:00,low,high,1.16163,1.16492,UP,902,32.90000000000015,264737,2026-05-26 19:12:00,2026-05-26 19:10:00,1.16337,1.1631367272727273,1.1629877248046072,UP,True
521,265188,265497,2026-05-27 02:47:00,2026-05-27 07:56:00,high,low,1.16492,1.16329,DOWN,309,16.300000000000203,265342,2026-05-27 05:21:00,2026-05-27 05:20:00,1.1645,1.164381448051948,1.1638608959276016,UP,False
522,265497,265537,2026-05-27 07:56:00,2026-05-27 08:36:00,low,high,1.16329,1.16614,UP,40,28.500000000000192,265517,2026-05-27 08:16:00,2026-05-27 08:15:00,1.16407,1.1640128116883117,1.1639872821883999,UP,True
523,265537,266461,2026-05-27 08:36:00,2026-05-28 00:05:00,high,low,1.16614,1.15861,DOWN,924,75.30000000000037,265999,2026-05-27 16:18:00,2026-05-27 16:15:00,1.16288,1.1627915324675322,1.1635674454956808,DOWN,True
524,266461,267200,2026-05-28 00:05:00,2026-05-28 12:24:00,low,high,1.15861,1.1661,UP,739,74.89999999999996,266830,2026-05-28 06:14:00,2026-05-28 06:10:00,1.16128,1.161317798701299,1.161174306046894,UP,True
525,267200,268187,2026-05-28 12:24:00,2026-05-29 04:58:00,high,low,1.1661,1.16248,DOWN,987,36.19999999999956,267693,2026-05-28 20:44:00,2026-05-28 20:40:00,1.16515,1.1651435194805195,1.164554638420403,UP,False
526,268187,268582,2026-05-29 04:58:00,2026-05-29 11:33:00,low,high,1.16248,1.16857,UP,395,60.90000000000151,268384,2026-05-29 08:15:00,2026-05-29 08:15:00,1.16465,1.16416375974026,1.1643205763060474,DOWN,False
527,268582,269304,2026-05-29 11:33:00,2026-05-31 23:43:00,high,low,1.16857,1.16415,DOWN,722,44.200000000000905,268943,2026-05-31 17:41:00,2026-05-31 17:40:00,1.16562,1.166083844155844,1.1657090061703002,UP,False
528,269304,269498,2026-05-31 23:43:00,2026-06-01 02:59:00,low,high,1.16415,1.16648,UP,194,23.299999999999432,269401,2026-06-01 01:21:00,2026-06-01 01:20:00,1.1652,1.164657097402597,1.1652957807486635,DOWN,False
529,269498,269921,2026-06-01 02:59:00,2026-06-01 10:02:00,high,low,1.16648,1.16067,DOWN,423,58.09999999999871,269709,2026-06-01 06:30:00,2026-06-01 06:30:00,1.16486,1.1653101038961038,1.165202565610859,UP,False
530,269921,271264,2026-06-01 10:02:00,2026-06-02 08:36:00,low,high,1.16067,1.16555,UP,1343,48.799999999999955,270592,2026-06-01 21:24:00,2026-06-01 21:20:00,1.16343,1.163344038961039,1.1632107515425747,UP,True
531,271264,273275,2026-06-02 08:36:00,2026-06-03 18:16:00,high,low,1.16555,1.15945,DOWN,2011,60.99999999999994,272269,2026-06-03 01:26:00,2026-06-03 01:25:00,1.16221,1.1626861233766235,1.1628561085972853,DOWN,True
532,273275,273773,2026-06-03 18:16:00,2026-06-04 02:36:00,low,high,1.15945,1.16148,UP,498,20.299999999999763,273524,2026-06-03 22:27:00,2026-06-03 22:25:00,1.16076,1.1607281688311692,1.1602992863019341,UP,True
533,273773,273839,2026-06-04 02:36:00,2026-06-04 03:42:00,high,low,1.16148,1.15984,DOWN,66,16.40000000000086,273806,2026-06-04 03:09:00,2026-06-04 03:05:00,1.16105,1.1609025584415584,1.16051170917318,UP,False
534,273839,274097,2026-06-04 03:42:00,2026-06-04 08:00:00,low,high,1.15984,1.16451,UP,258,46.69999999999952,273968,2026-06-04 05:51:00,2026-06-04 05:50:00,1.16274,1.1613345064935063,1.1607615874125872,UP,True
535,274097,274609,2026-06-04 08:00:00,2026-06-04 16:32:00,high,low,1.16451,1.16081,DOWN,512,37.00000000000037,274353,2026-06-04 12:16:00,2026-06-04 12:15:00,1.16286,1.1630494155844158,1.162339703825586,UP,False
536,274609,275372,2026-06-04 16:32:00,2026-06-05 05:22:00,low,high,1.16081,1.16442,UP,763,36.10000000000113,274990,2026-06-04 23:00:00,2026-06-04 23:00:00,1.16144,1.1613407467532466,1.1617106684491978,DOWN,False
537,275372,276116,2026-06-05 05:22:00,2026-06-07 17:49:00,high,low,1.16442,1.15081,DOWN,744,136.099999999999,275744,2026-06-05 11:34:00,2026-06-05 11:30:00,1.15419,1.1574856038961039,1.161090626491156,DOWN,True
538,276116,276567,2026-06-07 17:49:00,2026-06-08 01:21:00,low,high,1.15081,1.15397,UP,451,31.599999999998296,276341,2026-06-07 21:35:00,2026-06-07 21:35:00,1.15198,1.1522174025974026,1.1536847540106954,DOWN,False
539,276567,276818,2026-06-08 01:21:00,2026-06-08 05:32:00,high,low,1.15397,1.14999,DOWN,251,39.799999999998725,276692,2026-06-08 03:26:00,2026-06-08 03:25:00,1.15233,1.1525144220779215,1.152469075277663,UP,False
540,276818,277049,2026-06-08 05:32:00,2026-06-08 09:23:00,low,high,1.14999,1.15545,UP,231,54.60000000000021,276933,2026-06-08 07:27:00,2026-06-08 07:25:00,1.15406,1.1519104025974025,1.1521888210612918,DOWN,False
541,277049,277675,2026-06-08 09:23:00,2026-06-08 20:00:00,high,low,1.15545,1.15269,DOWN,626,27.600000000000957,277362,2026-06-08 14:36:00,2026-06-08 14:35:00,1.15385,1.1540350064935065,1.1533507918552035,UP,False
542,277675,278468,2026-06-08 20:00:00,2026-06-09 09:13:00,low,high,1.15269,1.1578,UP,793,51.09999999999948,278071,2026-06-09 02:36:00,2026-06-09 02:35:00,1.15475,1.1543847987012987,1.1537702764294526,UP,True
543,278468,278677,2026-06-09 09:13:00,2026-06-09 12:42:00,high,low,1.1578,1.15285,DOWN,209,49.5000000000001,278572,2026-06-09 10:57:00,2026-06-09 10:55:00,1.15622,1.1568646168831167,1.1555174862196629,UP,False
544,278677,279698,2026-06-09 12:42:00,2026-06-10 05:50:00,low,high,1.15285,1.15596,UP,1021,31.100000000001682,279187,2026-06-09 21:19:00,2026-06-09 21:15:00,1.15417,1.1538104025974025,1.1547022426984777,DOWN,False
545,279698,279806,2026-06-10 05:50:00,2026-06-10 07:38:00,high,low,1.15596,1.15354,DOWN,108,24.200000000000887,279752,2026-06-10 06:44:00,2026-06-10 06:40:00,1.1553,1.1554052012987013,1.154813363636364,UP,False
546,279806,279937,2026-06-10 07:38:00,2026-06-10 09:49:00,low,high,1.15354,1.15731,UP,131,37.700000000000514,279871,2026-06-10 08:43:00,2026-06-10 08:40:00,1.15592,1.1547523636363637,1.1547716046894285,DOWN,False
547,279937,280490,2026-06-10 09:49:00,2026-06-10 19:13:00,high,low,1.15731,1.15255,DOWN,553,47.600000000000975,280213,2026-06-10 14:25:00,2026-06-10 14:25:00,1.15507,1.155265558441558,1.1552232932949404,UP,False
548,280490,280638,2026-06-10 19:13:00,2026-06-10 21:41:00,low,high,1.15255,1.1556,UP,148,30.49999999999997,280564,2026-06-10 20:27:00,2026-06-10 20:25:00,1.15411,1.1534698181818184,1.1544431402714934,DOWN,False
549,280638,281578,2026-06-10 21:41:00,2026-06-11 13:21:00,high,low,1.1556,1.15028,DOWN,940,53.19999999999992,281108,2026-06-11 05:31:00,2026-06-11 05:30:00,1.1531,1.1540652142857144,1.1543321308103667,DOWN,True
550,281578,281707,2026-06-11 13:21:00,2026-06-11 15:30:00,low,high,1.15028,1.15896,UP,129,86.80000000000021,281642,2026-06-11 14:25:00,2026-06-11 14:25:00,1.15554,1.1528327727272727,1.153186673385438,DOWN,False
551,281707,282428,2026-06-11 15:30:00,2026-06-12 03:41:00,high,low,1.15896,1.15569,DOWN,721,32.69999999999884,282067,2026-06-11 21:39:00,2026-06-11 21:35:00,1.1564,1.1571514740259745,1.1556710353763882,UP,False
552,282428,282534,2026-06-12 03:41:00,2026-06-12 05:27:00,low,high,1.15569,1.15894,UP,106,32.49999999999975,282481,2026-06-12 04:34:00,2026-06-12 04:30:00,1.15781,1.1567474935064934,1.1567650662278903,DOWN,False
553,282534,283226,2026-06-12 05:27:00,2026-06-12 16:59:00,high,low,1.15894,1.15641,DOWN,692,25.300000000001432,282880,2026-06-12 11:13:00,2026-06-12 11:10:00,1.15772,1.1571428701298703,1.1571697198683664,DOWN,True
554,283226,283720,2026-06-12 16:59:00,2026-06-15 01:14:00,low,high,1.15641,1.16221,UP,494,58.00000000000027,283473,2026-06-14 21:07:00,2026-06-14 21:05:00,1.15959,1.1604253116883119,1.158501167832168,UP,True
555,283720,283935,2026-06-15 01:14:00,2026-06-15 04:49:00,high,low,1.16221,1.1597,DOWN,215,25.100000000000122,283827,2026-06-15 03:01:00,2026-06-15 03:00:00,1.16043,1.1609653116883114,1.1598365911147681,UP,False
556,283935,284226,2026-06-15 04:49:00,2026-06-15 09:40:00,low,high,1.1597,1.16204,UP,291,23.400000000000087,284080,2026-06-15 07:14:00,2026-06-15 07:10:00,1.16121,1.1608124545454546,1.1604483755656105,UP,True
557,284226,284606,2026-06-15 09:40:00,2026-06-15 16:00:00,high,low,1.16204,1.15835,DOWN,380,36.89999999999971,284416,2026-06-15 12:50:00,2026-06-15 12:50:00,1.16028,1.1605185064935066,1.1607567741670095,DOWN,True
558,284606,284903,2026-06-15 16:00:00,2026-06-15 21:04:00,low,high,1.15835,1.1595,UP,297,11.499999999999844,284754,2026-06-15 18:33:00,2026-06-15 18:30:00,1.15861,1.1589255194805193,1.1599874117647058,DOWN,False
559,284903,285198,2026-06-15 21:04:00,2026-06-16 02:00:00,high,low,1.1595,1.15748,DOWN,295,20.199999999999108,285050,2026-06-15 23:32:00,2026-06-15 23:30:00,1.15868,1.1588171493506494,1.1593342529823116,DOWN,True
560,285198,285459,2026-06-16 02:00:00,2026-06-16 06:21:00,low,high,1.15748,1.16129,UP,261,38.09999999999869,285328,2026-06-16 04:10:00,2026-06-16 04:10:00,1.15988,1.158540441558442,1.158745286301933,DOWN,False
561,285459,285712,2026-06-16 06:21:00,2026-06-16 10:34:00,high,low,1.16129,1.15878,DOWN,253,25.100000000000122,285585,2026-06-16 08:27:00,2026-06-16 08:25:00,1.15948,1.1602775779220775,1.159301150143973,UP,False
562,285712,285820,2026-06-16 10:34:00,2026-06-16 12:22:00,low,high,1.15878,1.16196,UP,108,31.800000000001827,285766,2026-06-16 11:28:00,2026-06-16 11:25:00,1.1602,1.1598263246753244,1.1595116647470185,UP,True
563,285820,287455,2026-06-16 12:22:00,2026-06-17 15:40:00,high,low,1.16196,1.14778,DOWN,1635,141.8000000000008,286637,2026-06-17 02:02:00,2026-06-17 02:00:00,1.16125,1.1612053506493507,1.1610959810777453,UP,False
564,287455,288102,2026-06-17 15:40:00,2026-06-18 02:33:00,low,high,1.14778,1.15282,UP,647,50.39999999999934,287778,2026-06-17 21:09:00,2026-06-17 21:05:00,1.15183,1.1508349090909091,1.154084511312217,DOWN,False
565,288102,288431,2026-06-18 02:33:00,2026-06-18 08:02:00,high,low,1.15282,1.14532,DOWN,329,75.00000000000063,288266,2026-06-18 05:17:00,2026-06-18 05:15:00,1.14809,1.1504930129870132,1.1514406791443847,DOWN,True
566,288431,288609,2026-06-18 08:02:00,2026-06-18 11:00:00,low,high,1.14532,1.14875,UP,178,34.30000000000044,288520,2026-06-18 09:31:00,2026-06-18 09:30:00,1.14775,1.146658175324675,1.1493905228301116,DOWN,False
567,288609,289471,2026-06-18 11:00:00,2026-06-19 01:27:00,high,low,1.14875,1.14178,DOWN,862,69.6999999999992,289040,2026-06-18 18:14:00,2026-06-18 18:10:00,1.14618,1.145978805194805,1.1469029197860963,DOWN,True
568,289471,290275,2026-06-19 01:27:00,2026-06-19 14:51:00,low,high,1.14178,1.14806,UP,804,62.80000000000064,289873,2026-06-19 08:09:00,2026-06-19 08:05:00,1.14672,1.146143194805195,1.1452460061703003,UP,True
569,290275,291067,2026-06-19 14:51:00,2026-06-22 04:11:00,high,low,1.14806,1.14414,DOWN,792,39.20000000000145,290671,2026-06-21 21:35:00,2026-06-21 21:35:00,1.14661,1.1463773181818184,1.1466499156725622,DOWN,True
570,291067,291185,2026-06-22 04:11:00,2026-06-22 06:09:00,low,high,1.14414,1.14634,UP,118,21.999999999999797,291126,2026-06-22 05:10:00,2026-06-22 05:10:00,1.14578,1.1452074675324675,1.1459603624023038,DOWN,False
571,291185,291751,2026-06-22 06:09:00,2026-06-22 15:35:00,high,low,1.14634,1.14189,DOWN,566,44.49999999999843,291468,2026-06-22 10:52:00,2026-06-22 10:50:00,1.14472,1.1443482467532469,1.1452896593994244,DOWN,True
572,291751,292148,2026-06-22 15:35:00,2026-06-22 22:19:00,low,high,1.14189,1.14319,UP,397,12.999999999998568,291949,2026-06-22 18:59:00,2026-06-22 18:55:00,1.14272,1.142628883116883,1.143469681201152,DOWN,False
573,292148,292207,2026-06-22 22:19:00,2026-06-22 23:18:00,high,low,1.14319,1.14186,DOWN,59,13.299999999998313,292177,2026-06-22 22:48:00,2026-06-22 22:45:00,1.1428,1.1426653896103895,1.142964486219663,DOWN,True
574,292207,292449,2026-06-22 23:18:00,2026-06-23 03:20:00,low,high,1.14186,1.1439,UP,242,20.399999999998197,292328,2026-06-23 01:19:00,2026-06-23 01:15:00,1.14244,1.142550532467532,1.1427258613739202,DOWN,False
575,292449,294230,2026-06-23 03:20:00,2026-06-24 09:09:00,high,low,1.1439,1.13245,DOWN,1781,114.4999999999996,293339,2026-06-23 18:17:00,2026-06-23 18:15:00,1.13799,1.1380949545454546,1.1387135491567253,DOWN,True
576,294230,294439,2026-06-24 09:09:00,2026-06-24 12:38:00,low,high,1.13245,1.13679,UP,209,43.400000000000105,294334,2026-06-24 10:53:00,2026-06-24 10:50:00,1.13382,1.1339021233766233,1.1351659547511315,DOWN,False
577,294439,294916,2026-06-24 12:38:00,2026-06-24 20:39:00,high,low,1.13679,1.13474,DOWN,477,20.499999999998852,294677,2026-06-24 16:36:00,2026-06-24 16:35:00,1.13582,1.1355185194805195,1.1350386051007813,UP,False
578,294916,295107,2026-06-24 20:39:00,2026-06-24 23:50:00,low,high,1.13474,1.1371,UP,191,23.599999999999177,295011,2026-06-24 22:14:00,2026-06-24 22:10:00,1.13605,1.135645012987013,1.135319505141917,UP,True
579,295107,295315,2026-06-24 23:50:00,2026-06-25 03:18:00,high,low,1.1371,1.13447,DOWN,208,26.299999999999102,295211,2026-06-25 01:34:00,2026-06-25 01:30:00,1.13641,1.1366175974025974,1.1358472776635131,UP,False
580,295315,295449,2026-06-25 03:18:00,2026-06-25 05:32:00,low,high,1.13447,1.1374,UP,134,29.29999999999877,295382,2026-06-25 04:25:00,2026-06-25 04:25:00,1.13677,1.1359551948051947,1.1359469707939127,UP,True
581,295449,295594,2026-06-25 05:32:00,2026-06-25 07:57:00,high,low,1.1374,1.13333,DOWN,145,40.70000000000018,295521,2026-06-25 06:44:00,2026-06-25 06:40:00,1.13488,1.1360809999999997,1.13605542451666,UP,False
582,295594,295808,2026-06-25 07:57:00,2026-06-25 11:31:00,low,high,1.13333,1.13879,UP,214,54.60000000000021,295701,2026-06-25 09:44:00,2026-06-25 09:40:00,1.13615,1.13508274025974,1.1357244393253807,DOWN,False
583,295808,296456,2026-06-25 11:31:00,2026-06-25 22:27:00,high,low,1.13879,1.1354,DOWN,648,33.90000000000004,296132,2026-06-25 16:57:00,2026-06-25 16:55:00,1.13693,1.137356305194805,1.1368137531879878,UP,False
584,296456,297087,2026-06-25 22:27:00,2026-06-26 08:58:00,low,high,1.1354,1.14338,UP,631,79.80000000000098,296771,2026-06-26 03:42:00,2026-06-26 03:40:00,1.13856,1.1376675194805197,1.1370499148498558,UP,True
585,297087,297607,2026-06-26 08:58:00,2026-06-28 17:53:00,high,high,1.14338,1.13798,DOWN,520,54.00000000000071,297347,2026-06-26 13:18:00,2026-06-26 13:15:00,1.13903,1.1400908376623378,1.1396805824763472,UP,False
586,297607,297878,2026-06-28 17:53:00,2026-06-28 22:28:00,high,high,1.13798,1.13933,UP,271,13.499999999999623,297742,2026-06-28 20:12:00,2026-06-28 20:10:00,1.13859,1.138462707792208,1.1392555454545452,DOWN,False
587,297878,298027,2026-06-28 22:28:00,2026-06-29 00:57:00,high,low,1.13933,1.13808,DOWN,149,12.499999999999734,297952,2026-06-28 23:42:00,2026-06-28 23:40:00,1.13871,1.1387966233766234,1.1389806655697248,DOWN,True
588,298027,298743,2026-06-29 00:57:00,2026-06-29 12:53:00,low,high,1.13808,1.14306,UP,716,49.79999999999984,298385,2026-06-29 06:55:00,2026-06-29 06:55:00,1.14045,1.1401341688311688,1.139353763471822,UP,True
589,298743,299522,2026-06-29 12:53:00,2026-06-30 01:58:00,high,low,1.14306,1.13825,DOWN,779,48.09999999999981,299132,2026-06-29 19:27:00,2026-06-29 19:25:00,1.14231,1.1424149675324673,1.1419069008638425,UP,False
590,299522,300065,2026-06-30 01:58:00,2026-06-30 11:01:00,low,high,1.13825,1.14366,UP,543,54.09999999999915,299793,2026-06-30 06:29:00,2026-06-30 06:25:00,1.13952,1.139477396103896,1.1403045100781575,DOWN,False
591,300065,301394,2026-06-30 11:01:00,2026-07-01 09:14:00,high,low,1.14366,1.13617,DOWN,1329,74.89999999999996,300729,2026-06-30 22:08:00,2026-06-30 22:05:00,1.1404,1.1410453051948053,1.1414454360345536,DOWN,True
592,301394,301425,2026-07-01 09:14:00,2026-07-01 09:45:00,low,high,1.13617,1.14118,UP,31,50.10000000000181,301409,2026-07-01 09:29:00,2026-07-01 09:25:00,1.13856,1.1384143766233765,1.1397698428630199,DOWN,False
593,301425,301846,2026-07-01 09:45:00,2026-07-01 16:46:00,high,low,1.14118,1.13739,DOWN,421,37.900000000001825,301635,2026-07-01 13:15:00,2026-07-01 13:15:00,1.13833,1.1386379740259742,1.1392415689016864,DOWN,True
594,301846,302787,2026-07-01 16:46:00,2026-07-02 08:45:00,low,high,1.13739,1.14727,UP,941,98.8000000000011,302316,2026-07-02 00:54:00,2026-07-02 00:50:00,1.13869,1.1382958311688312,1.138109052241876,UP,True
595,302787,303478,2026-07-02 08:45:00,2026-07-02 20:18:00,high,low,1.14727,1.14204,DOWN,691,52.30000000000068,303132,2026-07-02 14:30:00,2026-07-02 14:30:00,1.14359,1.143627714285714,1.1423465919374745,UP,False
596,303478,303858,2026-07-02 20:18:00,2026-07-03 02:38:00,low,high,1.14204,1.14623,UP,380,41.900000000001384,303668,2026-07-02 23:28:00,2026-07-02 23:25:00,1.14388,1.14366024025974,1.143371141505553,UP,True
597,303858,304723,2026-07-03 02:38:00,2026-07-05 17:04:00,high,low,1.14623,1.1432,DOWN,865,30.300000000000882,304290,2026-07-03 09:50:00,2026-07-03 09:50:00,1.1438,1.1446514415584417,1.1445978839983542,UP,False
598,304723,304907,2026-07-05 17:04:00,2026-07-05 20:17:00,low,high,1.1432,1.1441,UP,184,8.999999999999009,304815,2026-07-05 18:44:00,2026-07-05 18:40:00,1.14376,1.1435751103896103,1.144075010695187,DOWN,False
599,304907,305727,2026-07-05 20:17:00,2026-07-06 09:57:00,high,low,1.1441,1.14083,DOWN,820,32.69999999999884,305317,2026-07-06 03:07:00,2026-07-06 03:05:00,1.14184,1.142737090909091,1.1432840736322505,DOWN,True
600,305727,306257,2026-07-06 09:57:00,2026-07-06 19:04:00,low,high,1.14083,1.14479,UP,530,39.59999999999964,305992,2026-07-06 14:22:00,2026-07-06 14:20:00,1.14366,1.1430304220779224,1.1423173216783222,UP,True
601,306257,306912,2026-07-06 19:04:00,2026-07-07 06:00:00,high,low,1.14479,1.14234,DOWN,655,24.500000000000632,306584,2026-07-07 00:32:00,2026-07-07 00:30:00,1.14373,1.143975909090909,1.143797486219663,UP,False
602,306912,307062,2026-07-07 06:00:00,2026-07-07 08:30:00,low,high,1.14234,1.14421,UP,150,18.700000000000383,306987,2026-07-07 07:15:00,2026-07-07 07:15:00,1.14359,1.14295824025974,1.1434320670505969,DOWN,False
603,307062,307854,2026-07-07 08:30:00,2026-07-07 21:44:00,high,low,1.14421,1.13983,DOWN,792,43.80000000000051,307458,2026-07-07 15:06:00,2026-07-07 15:05:00,1.14148,1.142424707792208,1.1429195656108597,DOWN,True
604,307854,308201,2026-07-07 21:44:00,2026-07-08 03:31:00,low,high,1.13983,1.14315,UP,347,33.20000000000212,308027,2026-07-08 00:37:00,2026-07-08 00:35:00,1.1415,1.1411305,1.1413234224598925,DOWN,False
605,308201,308693,2026-07-08 03:31:00,2026-07-08 11:43:00,high,low,1.14315,1.1391,DOWN,492,40.500000000001094,308447,2026-07-08 07:37:00,2026-07-08 07:35:00,1.13945,1.1408885064935066,1.1412134874537228,DOWN,True
606,308693,309573,2026-07-08 11:43:00,2026-07-09 02:33:00,low,high,1.1391,1.14491,UP,880,58.10000000000093,309133,2026-07-08 19:09:00,2026-07-08 19:05:00,1.14179,1.1418759090909092,1.1414666417112305,UP,True
607,309573,309836,2026-07-09 02:33:00,2026-07-09 06:56:00,high,low,1.14491,1.1421,DOWN,263,28.100000000002012,309704,2026-07-09 04:44:00,2026-07-09 04:40:00,1.14321,1.143616246753247,1.1427682784862199,UP,False
608,309836,310024,2026-07-09 06:56:00,2026-07-09 10:04:00,low,high,1.1421,1.14459,UP,188,24.900000000001032,309930,2026-07-09 08:30:00,2026-07-09 08:30:00,1.14328,1.1428392532467528,1.1428771122994652,DOWN,False
609,310024,310377,2026-07-09 10:04:00,2026-07-09 15:57:00,high,low,1.14459,1.14254,DOWN,353,20.500000000001073,310200,2026-07-09 13:00:00,2026-07-09 13:00:00,1.14364,1.1436436363636364,1.1432305882352944,UP,False
610,310377,310784,2026-07-09 15:57:00,2026-07-09 22:53:00,low,high,1.14254,1.14606,UP,407,35.20000000000189,310580,2026-07-09 19:27:00,2026-07-09 19:25:00,1.14319,1.143115857142857,1.1432465018510904,DOWN,False
611,310784,312129,2026-07-09 22:53:00,2026-07-12 21:24:00,high,low,1.14606,1.13843,DOWN,1345,76.30000000000025,311456,2026-07-10 10:05:00,2026-07-10 10:05:00,1.142,1.1426066038961038,1.1434963331962158,DOWN,True
612,312129,312542,2026-07-12 21:24:00,2026-07-13 04:17:00,low,high,1.13843,1.14457,UP,413,61.40000000000035,312335,2026-07-13 00:50:00,2026-07-13 00:50:00,1.1403,1.1396969740259737,1.140497989716166,DOWN,False
613,312542,313306,2026-07-13 04:17:00,2026-07-13 17:04:00,high,low,1.14457,1.13752,DOWN,764,70.5,312924,2026-07-13 10:39:00,2026-07-13 10:35:00,1.1402,1.1420887402597402,1.1416357354997955,UP,False
614,313306,313700,2026-07-13 17:04:00,2026-07-13 23:38:00,low,high,1.13752,1.13966,UP,394,21.399999999998087,313503,2026-07-13 20:21:00,2026-07-13 20:20:00,1.13796,1.1382013766233765,1.1394071053064585,DOWN,False
615,313700,313905,2026-07-13 23:38:00,2026-07-14 03:03:00,high,low,1.13966,1.1384,DOWN,205,12.599999999998168,313802,2026-07-14 01:20:00,2026-07-14 01:20:00,1.13936,1.139192883116883,1.1388857482517485,UP,False
616,313905,314232,2026-07-14 03:03:00,2026-07-14 08:30:00,low,high,1.1384,1.14623,UP,327,78.30000000000004,314068,2026-07-14 05:46:00,2026-07-14 05:45:00,1.13997,1.1396109675324673,1.1390440806252573,UP,True
617,314232,314744,2026-07-14 08:30:00,2026-07-14 17:04:00,high,low,1.14623,1.14156,DOWN,512,46.70000000000174,314488,2026-07-14 12:46:00,2026-07-14 12:45:00,1.14307,1.143949720779221,1.141506345125463,UP,False
618,314744,315300,2026-07-14 17:04:00,2026-07-15 02:26:00,low,high,1.14156,1.14437,UP,556,28.100000000002012,315022,2026-07-14 21:47:00,2026-07-14 21:45:00,1.14333,1.1428016623376624,1.1425661094199915,UP,True
619,315300,315643,2026-07-15 02:26:00,2026-07-15 08:09:00,high,low,1.14437,1.14059,DOWN,343,37.80000000000116,315471,2026-07-15 05:17:00,2026-07-15 05:15:00,1.14228,1.142777831168831,1.1430122900041133,DOWN,True
620,315643,316027,2026-07-15 08:09:00,2026-07-15 14:33:00,low,high,1.14059,1.14825,UP,384,76.6,315835,2026-07-15 11:21:00,2026-07-15 11:20:00,1.14378,1.1429881688311685,1.1427386910736326,UP,True
621,316027,317380,2026-07-15 14:33:00,2026-07-16 13:14:00,high,low,1.14825,1.1431,DOWN,1353,51.49999999999988,316703,2026-07-16 01:57:00,2026-07-16 01:55:00,1.14633,1.1465605324675325,1.1463684339777869,UP,False
622,317380,317835,2026-07-16 13:14:00,2026-07-16 21:01:00,low,high,1.1431,1.1448,UP,455,17.000000000000348,317607,2026-07-16 17:04:00,2026-07-16 17:00:00,1.14373,1.1438729025974026,1.1448200670505961,DOWN,False
623,317835,318065,2026-07-16 21:01:00,2026-07-17 00:51:00,high,low,1.1448,1.14345,DOWN,230,13.499999999999623,317950,2026-07-16 22:56:00,2026-07-16 22:55:00,1.14367,1.1441562792207791,1.1442607359111479,DOWN,True
624,318065,318191,2026-07-17 00:51:00,2026-07-17 02:57:00,low,high,1.14345,1.14521,UP,126,17.599999999999838,318128,2026-07-17 01:54:00,2026-07-17 01:50:00,1.14424,1.1438108571428571,1.1440423406005755,DOWN,False
625,318191,318440,2026-07-17 02:57:00,2026-07-17 07:06:00,high,low,1.14521,1.14243,DOWN,249,27.800000000000047,318315,2026-07-17 05:01:00,2026-07-17 05:00:00,1.14399,1.1444011363636364,1.1441636762649114,UP,False
626,318440,318696,2026-07-17 07:06:00,2026-07-17 11:22:00,low,high,1.14243,1.14443,UP,256,20.000000000000018,318568,2026-07-17 09:14:00,2026-07-17 09:10:00,1.14293,1.1431491753246756,1.1438328222953513,DOWN,False
627,318696,319033,2026-07-17 11:22:00,2026-07-19 17:00:00,high,low,1.14443,1.14234,DOWN,337,20.900000000001473,318864,2026-07-17 14:10:00,2026-07-17 14:10:00,1.14353,1.1437255389610388,1.143706101192925,UP,False
628,319033,319657,2026-07-19 17:00:00,2026-07-20 03:34:00,low,high,1.14234,1.14495,UP,624,26.100000000000012,319345,2026-07-19 22:21:00,2026-07-19 22:20:00,1.14367,1.1431911363636362,1.1433131456190866,DOWN,False
629,319657,320100,2026-07-20 03:34:00,2026-07-20 10:57:00,high,low,1.14495,1.14023,DOWN,443,47.199999999998354,319878,2026-07-20 07:15:00,2026-07-20 07:15:00,1.14312,1.143420253246753,1.1436350921431506,DOWN,True
630,320100,321210,2026-07-20 10:57:00,2026-07-21 05:38:00,low,high,1.14023,1.14286,UP,1110,26.299999999999102,320655,2026-07-20 20:23:00,2026-07-20 20:20:00,1.14121,1.141293948051948,1.1415917174002472,DOWN,False
631,321210,321892,2026-07-21 05:38:00,2026-07-21 17:00:00,high,low,1.14286,1.13942,DOWN,682,34.399999999998876,321551,2026-07-21 11:19:00,2026-07-21 11:15:00,1.14087,1.1411752272727271,1.1417084298642537,DOWN,True
632,321892,322514,2026-07-21 17:00:00,2026-07-22 03:30:00,low,high,1.13942,1.14181,UP,622,23.899999999998922,322203,2026-07-21 22:19:00,2026-07-21 22:15:00,1.14038,1.1402494545454545,1.1404375709584533,DOWN,False
633,322514,322669,2026-07-22 03:30:00,2026-07-22 06:05:00,high,low,1.14181,1.14002,DOWN,155,17.899999999999583,322591,2026-07-22 04:47:00,2026-07-22 04:45:00,1.14093,1.1409407142857146,1.140570265734266,UP,False
634,322669,322876,2026-07-22 06:05:00,2026-07-22 09:32:00,low,high,1.14002,1.14215,UP,207,21.299999999999653,322772,2026-07-22 07:48:00,2026-07-22 07:45:00,1.14052,1.1406142402597401,1.1406155791855204,DOWN,False
635,322876,323338,2026-07-22 09:32:00,2026-07-22 17:19:00,high,low,1.14215,1.14054,DOWN,462,16.099999999998893,323107,2026-07-22 13:23:00,2026-07-22 13:20:00,1.14114,1.1410825324675329,1.1409251838749483,UP,False
636,323338,323770,2026-07-22 17:19:00,2026-07-23 00:33:00,low,high,1.14054,1.14356,UP,432,30.199999999998006,323554,2026-07-22 20:57:00,2026-07-22 20:55:00,1.14172,1.1410381298701304,1.1410005306458249,UP,True
637,323770,324357,2026-07-23 00:33:00,2026-07-23 10:20:00,high,low,1.14356,1.13637,DOWN,587,71.89999999999807,324063,2026-07-23 05:26:00,2026-07-23 05:25:00,1.141,1.141929025974026,1.1419769078568491,DOWN,True
638,324357,325079,2026-07-23 10:20:00,2026-07-23 22:32:00,low,high,1.13637,1.13876,UP,722,23.899999999998922,324718,2026-07-23 16:22:00,2026-07-23 16:20:00,1.13778,1.137597837662338,1.1387028338132457,DOWN,False
639,325079,325283,2026-07-23 22:32:00,2026-07-24 01:56:00,high,low,1.13876,1.13763,DOWN,204,11.300000000000754,325181,2026-07-24 00:14:00,2026-07-24 00:10:00,1.13833,1.1382116103896103,1.1378906799670923,UP,False
640,325283,325378,2026-07-24 01:56:00,2026-07-24 03:31:00,low,high,1.13763,1.14011,UP,95,24.800000000000377,325330,2026-07-24 02:43:00,2026-07-24 02:40:00,1.13838,1.1381215714285715,1.137944051419169,UP,True
641,325378,325717,2026-07-24 03:31:00,2026-07-24 09:10:00,high,low,1.14011,1.13648,DOWN,339,36.300000000000225,325547,2026-07-24 06:20:00,2026-07-24 06:20:00,1.13914,1.138740038961039,1.1382981916906618,UP,False
642,325717,326766,2026-07-24 09:10:00,2026-07-27 02:41:00,low,high,1.13648,1.14181,UP,1049,53.300000000000566,326241,2026-07-26 17:56:00,2026-07-26 17:55:00,1.13896,1.1377844610389611,1.137784868366927,DOWN,False
643,326766,327624,2026-07-27 02:41:00,2026-07-27 17:00:00,high,low,1.14181,1.13664,DOWN,858,51.699999999998965,327195,2026-07-27 09:50:00,2026-07-27 09:50:00,1.13761,1.138585863636364,1.1396850695187162,DOWN,True
644,327624,328015,2026-07-27 17:00:00,2026-07-27 23:33:00,low,high,1.13664,1.13801,UP,391,13.699999999998713,327819,2026-07-27 20:16:00,2026-07-27 20:15:00,1.13701,1.1369332337662337,1.1374737725215962,DOWN,False
645,328015,328412,2026-07-27 23:33:00,2026-07-28 06:10:00,high,low,1.13801,1.13531,DOWN,397,26.999999999999247,328213,2026-07-28 02:51:00,2026-07-28 02:50:00,1.13714,1.1368773766233764,1.1370993994241057,DOWN,True
646,328412,328790,2026-07-28 06:10:00,2026-07-28 12:28:00,low,high,1.13531,1.14052,UP,378,52.09999999999937,328601,2026-07-28 09:19:00,2026-07-28 09:15:00,1.13682,1.1363436233766233,1.1367240604689428,DOWN,False
647,328790,329186,2026-07-28 12:28:00,2026-07-28 19:07:00,high,low,1.14052,1.13821,DOWN,396,23.100000000000342,328988,2026-07-28 15:46:00,2026-07-28 15:45:00,1.13913,1.1391420389610392,1.1379367482517482,UP,False
648,329186,329524,2026-07-28 19:07:00,2026-07-29 00:45:00,low,high,1.13821,1.14036,UP,338,21.500000000000963,329355,2026-07-28 21:56:00,2026-07-28 21:55:00,1.13914,1.1387613506493508,1.1385959308926363,UP,True
649,329524,329975,2026-07-29 00:45:00,2026-07-29 08:16:00,high,low,1.14036,1.13744,DOWN,451,29.200000000000337,329749,2026-07-29 04:30:00,2026-07-29 04:30:00,1.13934,1.1396820649350647,1.139360591114768,UP,False
650,329975,330624,2026-07-29 08:16:00,2026-07-29 19:08:00,low,high,1.13744,1.14748,UP,649,100.40000000000049,330299,2026-07-29 13:40:00,2026-07-29 13:40:00,1.13958,1.1385725454545454,1.1388810518305224,DOWN,False
651,330624,331128,2026-07-29 19:08:00,2026-07-30 03:32:00,high,low,1.14748,1.14342,DOWN,504,40.599999999999525,330876,2026-07-29 23:20:00,2026-07-29 23:20:00,1.14502,1.1455794870129872,1.1440125133689842,UP,False
652,331128,331520,2026-07-30 03:32:00,2026-07-30 10:04:00,low,high,1.14342,1.15369,UP,392,102.70000000000002,331324,2026-07-30 06:48:00,2026-07-30 06:45:00,1.14819,1.1459222012987014,1.1454621464417936,UP,True
653,331520,332403,2026-07-30 10:04:00,2026-07-31 00:49:00,high,low,1.15369,1.15042,DOWN,883,32.70000000000106,331961,2026-07-30 17:26:00,2026-07-30 17:25:00,1.15233,1.1528493116883114,1.1505109559851914,UP,False
654,332403,332652,2026-07-31 00:49:00,2026-07-31 04:58:00,low,high,1.15042,1.15261,UP,249,21.899999999999142,332527,2026-07-31 02:53:00,2026-07-31 02:50:00,1.15188,1.1511015259740263,1.1517731365693131,DOWN,False
655,332652,332934,2026-07-31 04:58:00,2026-07-31 09:40:00,high,low,1.15261,1.1455,DOWN,282,71.0999999999995,332793,2026-07-31 07:19:00,2026-07-31 07:15:00,1.14942,1.1506907142857143,1.151320904154669,DOWN,True
656,332934,333448,2026-07-31 09:40:00,2026-08-02 18:15:00,low,high,1.1455,1.15587,UP,514,103.6999999999999,333191,2026-07-31 13:57:00,2026-07-31 13:55:00,1.15332,1.1514762857142855,1.1504642443438913,UP,True
657,333448,334485,2026-08-02 18:15:00,2026-08-03 11:32:00,high,low,1.15587,1.15002,DOWN,1037,58.499999999999105,333966,2026-08-03 02:53:00,2026-08-03 02:50:00,1.15268,1.1531982337662336,1.1533623562320037,DOWN,True
658,334485,335027,2026-08-03 11:32:00,2026-08-03 20:39:00,low,high,1.15002,1.15149,UP,542,14.699999999998603,334756,2026-08-03 16:03:00,2026-08-03 16:00:00,1.15102,1.1509191558441558,1.1517075824763472,DOWN,False
659,335027,335049,2026-08-03 20:39:00,2026-08-03 21:01:00,high,low,1.15149,1.15022,DOWN,22,12.699999999998823,335038,2026-08-03 20:50:00,2026-08-03 20:50:00,1.15096,1.1509351363636362,1.1511772994652405,DOWN,True
660,335049,335432,2026-08-03 21:01:00,2026-08-04 03:24:00,low,high,1.15022,1.1517,UP,383,14.799999999999258,335240,2026-08-04 00:12:00,2026-08-04 00:10:00,1.15066,1.1509706428571427,1.1510044459070339,DOWN,False
661,335432,335535,2026-08-04 03:24:00,2026-08-04 05:07:00,high,low,1.1517,1.15032,DOWN,103,13.799999999999368,335483,2026-08-04 04:15:00,2026-08-04 04:15:00,1.15095,1.150907090909091,1.150897703414233,UP,False
662,335535,336453,2026-08-04 05:07:00,2026-08-04 20:31:00,low,high,1.15032,1.15355,UP,918,32.300000000000665,335994,2026-08-04 12:46:00,2026-08-04 12:45:00,1.15177,1.1521048636363638,1.1514895935828875,UP,True
663,336453,336508,2026-08-04 20:31:00,2026-08-04 21:26:00,high,low,1.15355,1.15266,DOWN,55,8.900000000000574,336480,2026-08-04 20:58:00,2026-08-04 20:55:00,1.15312,1.1531548116883115,1.1526118251748256,UP,False
664,336508,336844,2026-08-04 21:26:00,2026-08-05 03:02:00,low,high,1.15266,1.15466,UP,336,20.000000000000018,336676,2026-08-05 00:14:00,2026-08-05 00:10:00,1.15383,1.1534603636363636,1.1529728679555737,UP,True
665,336844,336947,2026-08-05 03:02:00,2026-08-05 04:45:00,high,low,1.15466,1.1531,DOWN,103,15.600000000000058,336895,2026-08-05 03:53:00,2026-08-05 03:50:00,1.15356,1.1537279350649348,1.1533274129987658,UP,False
666,336947,337529,2026-08-05 04:45:00,2026-08-05 14:27:00,low,high,1.1531,1.15594,UP,582,28.399999999999537,337238,2026-08-05 09:36:00,2026-08-05 09:35:00,1.15497,1.154767064935065,1.1539825746606334,UP,True
667,337529,338839,2026-08-05 14:27:00,2026-08-06 12:20:00,high,low,1.15594,1.15145,DOWN,1310,44.899999999998826,338184,2026-08-06 01:25:00,2026-08-06 01:25:00,1.15456,1.1549767012987013,1.1552037494858083,DOWN,True
668,338839,340060,2026-08-06 12:20:00,2026-08-07 08:48:00,low,high,1.15145,1.15808,UP,1221,66.29999999999913,339449,2026-08-06 22:37:00,2026-08-06 22:35:00,1.15218,1.1521726493506492,1.1523955030851503,DOWN,False
669,340060,340970,2026-08-07 08:48:00,2026-08-10 00:07:00,high,low,1.15808,1.15478,DOWN,910,33.00000000000081,340515,2026-08-07 16:23:00,2026-08-07 16:20:00,1.15569,1.1562920454545453,1.1550705915261212,UP,False
670,340970,341218,2026-08-10 00:07:00,2026-08-10 04:15:00,low,high,1.15478,1.15656,UP,248,17.80000000000115,341094,2026-08-10 02:11:00,2026-08-10 02:10:00,1.15539,1.1551389415584412,1.1555691160016452,DOWN,False
671,341218,341984,2026-08-10 04:15:00,2026-08-10 17:05:00,high,low,1.15656,1.15359,DOWN,766,29.700000000001392,341601,2026-08-10 10:38:00,2026-08-10 10:35:00,1.15538,1.1549879545454547,1.1553754450843274,DOWN,True
672,341984,342201,2026-08-10 17:05:00,2026-08-10 20:43:00,low,high,1.15359,1.15497,UP,217,13.800000000001589,342092,2026-08-10 18:53:00,2026-08-10 18:50:00,1.15433,1.1541700129870127,1.1546727935006162,DOWN,False
673,342201,342650,2026-08-10 20:43:00,2026-08-11 04:12:00,high,low,1.15497,1.15312,DOWN,449,18.500000000001293,342425,2026-08-11 00:27:00,2026-08-11 00:25:00,1.15444,1.1543712922077922,1.1544342731386257,DOWN,True
674,342650,342990,2026-08-11 04:12:00,2026-08-11 09:52:00,low,high,1.15312,1.15483,UP,340,17.100000000001003,342820,2026-08-11 07:02:00,2026-08-11 07:00:00,1.15413,1.1535473051948053,1.1539588757712875,DOWN,False
675,342990,343908,2026-08-11 09:52:00,2026-08-12 01:23:00,high,low,1.15483,1.1532,DOWN,918,16.300000000000203,343449,2026-08-11 17:37:00,2026-08-11 17:35:00,1.154,1.154040922077922,1.153935859728507,UP,False
676,343908,344373,2026-08-12 01:23:00,2026-08-12 09:08:00,low,high,1.1532,1.15628,UP,465,30.799999999999716,344140,2026-08-12 05:15:00,2026-08-12 05:15:00,1.15412,1.153719409090909,1.1537948683669275,DOWN,False
677,344373,344668,2026-08-12 09:08:00,2026-08-12 14:03:00,high,low,1.15628,1.15197,DOWN,295,43.100000000000364,344520,2026-08-12 11:35:00,2026-08-12 11:35:00,1.15398,1.1546942727272729,1.1541300201563145,UP,False
678,344668,345046,2026-08-12 14:03:00,2026-08-12 20:32:00,low,high,1.15197,1.15311,UP,378,11.400000000001409,344857,2026-08-12 17:15:00,2026-08-12 17:15:00,1.1521,1.152288025974026,1.1533601032496912,DOWN,False
679,345046,345408,2026-08-12 20:32:00,2026-08-13 02:34:00,high,low,1.15311,1.15117,DOWN,362,19.400000000000528,345227,2026-08-12 23:33:00,2026-08-12 23:30:00,1.15222,1.1524755779220777,1.1527770119292466,DOWN,True
680,345408,345873,2026-08-13 02:34:00,2026-08-13 10:19:00,low,high,1.15117,1.15454,UP,465,33.69999999999873,345640,2026-08-13 06:26:00,2026-08-13 06:25:00,1.15373,1.1528132142857141,1.1524913348416286,UP,True
681,345873,346273,2026-08-13 10:19:00,2026-08-13 17:00:00,high,low,1.15454,1.15238,DOWN,400,21.599999999999397,346073,2026-08-13 13:39:00,2026-08-13 13:35:00,1.15289,1.1531614285714287,1.1530789839572189,UP,False
682,346273,347312,2026-08-13 17:00:00,2026-08-14 10:29:00,low,high,1.15238,1.15854,UP,1039,61.59999999999943,346792,2026-08-14 01:49:00,2026-08-14 01:45:00,1.15407,1.1538313051948053,1.1534044146441798,UP,True
683,347312,347741,2026-08-14 10:29:00,2026-08-16 17:42:00,high,high,1.15854,1.15614,DOWN,429,23.999999999999577,347526,2026-08-14 14:03:00,2026-08-14 14:00:00,1.15642,1.157288948051948,1.1562808872891814,UP,False
684,347741,348383,2026-08-16 17:42:00,2026-08-17 04:30:00,high,high,1.15614,1.16141,UP,642,52.70000000000108,348062,2026-08-16 23:09:00,2026-08-16 23:05:00,1.15792,1.1580137402597401,1.1573107211024272,UP,True
685,348383,348990,2026-08-17 04:30:00,2026-08-17 14:37:00,high,low,1.16141,1.15709,DOWN,607,43.20000000000101,348686,2026-08-17 09:33:00,2026-08-17 09:30:00,1.1598,1.1593715584415585,1.1590817457836282,UP,False
686,348990,349375,2026-08-17 14:37:00,2026-08-17 21:12:00,low,high,1.15709,1.15857,UP,385,14.800000000001479,349182,2026-08-17 17:52:00,2026-08-17 17:50:00,1.15773,1.1577378506493505,1.1585777778691897,DOWN,False
687,349375,349699,2026-08-17 21:12:00,2026-08-18 02:37:00,high,low,1.15857,1.15665,DOWN,324,19.200000000001438,349537,2026-08-17 23:55:00,2026-08-17 23:55:00,1.15731,1.157772675324675,1.1580505413410118,DOWN,True
688,349699,350165,2026-08-18 02:37:00,2026-08-18 10:23:00,low,high,1.15665,1.15882,UP,466,21.700000000000053,349932,2026-08-18 06:30:00,2026-08-18 06:30:00,1.1575,1.1574858766233767,1.1575511999177295,DOWN,False
689,350165,350512,2026-08-18 10:23:00,2026-08-18 16:10:00,high,high,1.15882,1.15717,DOWN,347,16.499999999999293,350338,2026-08-18 13:16:00,2026-08-18 13:15:00,1.15766,1.1580481883116882,1.1577077992595632,UP,False
690,350512,350757,2026-08-18 16:10:00,2026-08-18 20:18:00,high,high,1.15717,1.15816,UP,245,9.900000000000464,350634,2026-08-18 18:13:00,2026-08-18 18:10:00,1.15744,1.157501233766234,1.157667051419169,DOWN,False
691,350757,350816,2026-08-18 20:18:00,2026-08-18 21:17:00,high,low,1.15816,1.157,DOWN,59,11.600000000000499,350786,2026-08-18 20:47:00,2026-08-18 20:45:00,1.15745,1.1576180649350647,1.1576754241053069,DOWN,True
692,350816,352054,2026-08-18 21:17:00,2026-08-19 18:01:00,low,high,1.157,1.16801,UP,1238,110.09999999999964,351435,2026-08-19 07:36:00,2026-08-19 07:35:00,1.16024,1.1604853116883116,1.1591149724393255,UP,True
693,352054,352239,2026-08-19 18:01:00,2026-08-19 21:06:00,high,low,1.16801,1.16698,DOWN,185,10.300000000000864,352146,2026-08-19 19:33:00,2026-08-19 19:30:00,1.16734,1.1676232012987011,1.165911809132044,UP,False
694,352239,352786,2026-08-19 21:06:00,2026-08-20 06:13:00,low,high,1.16698,1.17105,UP,547,40.70000000000018,352512,2026-08-20 01:39:00,2026-08-20 01:35:00,1.16712,1.1675887012987014,1.1673653796791446,UP,True
695,352786,353172,2026-08-20 06:13:00,2026-08-20 12:39:00,high,low,1.17105,1.16692,DOWN,386,41.29999999999967,352979,2026-08-20 09:26:00,2026-08-20 09:25:00,1.16868,1.1691131233766234,1.1686243027560677,UP,False
696,353172,353771,2026-08-20 12:39:00,2026-08-20 22:52:00,low,high,1.16692,1.17007,UP,599,31.49999999999986,353471,2026-08-20 17:45:00,2026-08-20 17:45:00,1.16769,1.1676423961038962,1.1680692879473469,DOWN,False
697,353771,354065,2026-08-20 22:52:00,2026-08-21 03:46:00,high,low,1.17007,1.16866,DOWN,294,14.099999999999113,353918,2026-08-21 01:19:00,2026-08-21 01:15:00,1.16918,1.1693273376623377,1.168519509666804,UP,False
698,354065,354149,2026-08-21 03:46:00,2026-08-21 05:10:00,low,high,1.16866,1.17115,UP,84,24.899999999998812,354107,2026-08-21 04:28:00,2026-08-21 04:25:00,1.16957,1.1693738701298702,1.1688753159193752,UP,True
699,354149,354477,2026-08-21 05:10:00,2026-08-21 10:38:00,high,low,1.17115,1.16687,DOWN,328,42.79999999999839,354313,2026-08-21 07:54:00,2026-08-21 07:50:00,1.16977,1.1702958116883118,1.1695072110242697,UP,False
700,354477,355053,2026-08-21 10:38:00,2026-08-23 20:23:00,low,high,1.16687,1.16871,UP,576,18.399999999998418,354765,2026-08-21 15:26:00,2026-08-21 15:25:00,1.16787,1.1680946883116885,1.1687661649526944,DOWN,False
701,355053,356098,2026-08-23 20:23:00,2026-08-24 13:48:00,high,low,1.16871,1.16552,DOWN,1045,31.90000000000026,355575,2026-08-24 05:05:00,2026-08-24 05:05:00,1.16635,1.1670251558441558,1.1676822846565196,DOWN,True
702,356098,356469,2026-08-24 13:48:00,2026-08-24 20:13:00,low,high,1.16552,1.16708,UP,371,15.600000000000058,356283,2026-08-24 16:54:00,2026-08-24 16:50:00,1.16637,1.1661920779220776,1.166565358700124,DOWN,False
703,356469,356871,2026-08-24 20:13:00,2026-08-25 02:56:00,high,low,1.16708,1.1651,DOWN,402,19.799999999998708,356670,2026-08-24 23:34:00,2026-08-24 23:30:00,1.16597,1.1663780000000001,1.166428862196627,DOWN,True
704,356871,357665,2026-08-25 02:56:00,2026-08-25 16:10:00,low,high,1.1651,1.16795,UP,794,28.500000000000192,357268,2026-08-25 09:33:00,2026-08-25 09:30:00,1.16703,1.1664635064935065,1.1662289740847394,UP,True
705,357665,358289,2026-08-25 16:10:00,2026-08-26 02:38:00,high,low,1.16795,1.16597,DOWN,624,19.800000000000928,357977,2026-08-25 21:26:00,2026-08-25 21:25:00,1.16701,1.1673542402597405,1.1672135022624437,UP,False
706,358289,358400,2026-08-26 02:38:00,2026-08-26 04:29:00,low,high,1.16597,1.16767,UP,111,17.000000000000348,358344,2026-08-26 03:33:00,2026-08-26 03:30:00,1.16713,1.1664984545454546,1.166926267379679,DOWN,False
707,358400,358761,2026-08-26 04:29:00,2026-08-26 10:30:00,high,low,1.16767,1.16419,DOWN,361,34.79999999999927,358580,2026-08-26 07:29:00,2026-08-26 07:25:00,1.16622,1.1666332012987013,1.166812058000823,DOWN,True
708,358761,359131,2026-08-26 10:30:00,2026-08-26 16:41:00,low,high,1.16419,1.16548,UP,370,12.900000000000134,358946,2026-08-26 13:35:00,2026-08-26 13:35:00,1.16524,1.1650890844155841,1.1659827289181413,DOWN,False
709,359131,359154,2026-08-26 16:41:00,2026-08-26 17:04:00,high,low,1.16548,1.16467,DOWN,23,8.099999999999774,359142,2026-08-26 16:52:00,2026-08-26 16:50:00,1.16531,1.1652277727272726,1.1656495976964216,DOWN,True
710,359154,359454,2026-08-26 17:04:00,2026-08-26 22:09:00,low,high,1.16467,1.16594,UP,300,12.699999999998823,359304,2026-08-26 19:36:00,2026-08-26 19:35:00,1.1656,1.16532961038961,1.1654695619086792,DOWN,False
711,359454,359775,2026-08-26 22:09:00,2026-08-27 03:30:00,high,low,1.16594,1.16516,DOWN,321,7.800000000000029,359614,2026-08-27 00:49:00,2026-08-27 00:45:00,1.16546,1.1655405259740261,1.165420632661456,UP,False
712,359775,359813,2026-08-27 03:30:00,2026-08-27 04:08:00,low,high,1.16516,1.1658,UP,38,6.399999999999739,359794,2026-08-27 03:49:00,2026-08-27 03:45:00,1.16546,1.1654296103896105,1.1654310682846565,DOWN,False
713,359813,360034,2026-08-27 04:08:00,2026-08-27 07:49:00,high,low,1.1658,1.16364,DOWN,221,21.599999999999397,359923,2026-08-27 05:58:00,2026-08-27 05:55:00,1.16408,1.1649464999999997,1.1653161501439742,DOWN,True
714,360034,360133,2026-08-27 07:49:00,2026-08-27 09:28:00,low,high,1.16364,1.16598,UP,99,23.400000000000087,360083,2026-08-27 08:38:00,2026-08-27 08:35:00,1.16415,1.1642249870129873,1.1650008839983543,DOWN,False
715,360133,361360,2026-08-27 09:28:00,2026-08-28 06:03:00,high,low,1.16598,1.16392,DOWN,1227,20.599999999999508,360746,2026-08-27 19:47:00,2026-08-27 19:45:00,1.16543,1.1652329870129867,1.1649928494446724,UP,False
716,361360,361597,2026-08-28 06:03:00,2026-08-28 10:00:00,low,high,1.16392,1.16589,UP,237,19.700000000000273,361478,2026-08-28 08:01:00,2026-08-28 08:00:00,1.16451,1.1644819805194804,1.1646684833401892,DOWN,False
717,361597,362017,2026-08-28 10:00:00,2026-08-30 17:00:00,high,low,1.16589,1.15758,DOWN,420,83.10000000000039,361807,2026-08-28 13:30:00,2026-08-28 13:30:00,1.15838,1.1596826883116884,1.1628187716988891,DOWN,True
718,362017,362297,2026-08-30 17:00:00,2026-08-30 21:43:00,low,high,1.15758,1.15944,UP,280,18.599999999999728,362157,2026-08-30 19:23:00,2026-08-30 19:20:00,1.1586,1.1582274155844152,1.1600206306046896,DOWN,False
719,362297,362611,2026-08-30 21:43:00,2026-08-31 02:57:00,high,low,1.15944,1.15846,DOWN,314,9.799999999999809,362454,2026-08-31 00:20:00,2026-08-31 00:20:00,1.15897,1.1591150974025974,1.159069768819416,UP,False
720,362611,363142,2026-08-31 02:57:00,2026-08-31 11:48:00,low,high,1.15846,1.16206,UP,531,36.000000000000476,362876,2026-08-31 07:22:00,2026-08-31 07:20:00,1.16012,1.1598418441558442,1.1592342192513372,UP,True
721,363142,363574,2026-08-31 11:48:00,2026-08-31 19:04:00,high,low,1.16206,1.16125,DOWN,432,8.100000000001994,363358,2026-08-31 15:24:00,2026-08-31 15:20:00,1.16172,1.1616120519480517,1.1605129457013577,UP,False
722,363574,363663,2026-08-31 19:04:00,2026-08-31 20:33:00,low,high,1.16125,1.16244,UP,89,11.900000000000244,363618,2026-08-31 19:48:00,2026-08-31 19:45:00,1.16164,1.1615757662337662,1.161133633895516,UP,True
723,363663,364124,2026-08-31 20:33:00,2026-09-01 04:16:00,high,low,1.16244,1.15878,DOWN,461,36.599999999999966,363893,2026-09-01 00:25:00,2026-09-01 00:25:00,1.16033,1.1608461883116887,1.161268124228713,DOWN,True
724,364124,364482,2026-09-01 04:16:00,2026-09-01 10:14:00,low,high,1.15878,1.16081,UP,358,20.299999999999763,364303,2026-09-01 07:15:00,2026-09-01 07:15:00,1.1593,1.1593572532467535,1.160365113533525,DOWN,False
725,364482,364608,2026-09-01 10:14:00,2026-09-01 12:20:00,high,low,1.16081,1.15847,DOWN,126,23.399999999997867,364545,2026-09-01 11:17:00,2026-09-01 11:15:00,1.15945,1.15969512987013,1.159923201563143,DOWN,True
726,364608,364966,2026-09-01 12:20:00,2026-09-01 18:20:00,low,high,1.15847,1.1596,UP,358,11.299999999998533,364787,2026-09-01 15:19:00,2026-09-01 15:15:00,1.15924,1.158920025974026,1.1594121781160014,DOWN,False
727,364966,365484,2026-09-01 18:20:00,2026-09-02 03:06:00,high,low,1.1596,1.15662,DOWN,518,29.799999999999827,365225,2026-09-01 22:46:00,2026-09-01 22:45:00,1.15815,1.1583410259740259,1.1588934261620734,DOWN,True
728,365484,365865,2026-09-02 03:06:00,2026-09-02 09:27:00,low,high,1.15662,1.16091,UP,381,42.90000000000127,365674,2026-09-02 06:16:00,2026-09-02 06:15:00,1.15701,1.1575144350649351,1.1580214364459076,DOWN,False
729,365865,366212,2026-09-02 09:27:00,2026-09-02 15:14:00,high,low,1.16091,1.15827,DOWN,347,26.400000000001977,366038,2026-09-02 12:20:00,2026-09-02 12:20:00,1.15907,1.1591248051948049,1.1581898161250517,UP,False
730,366212,367508,2026-09-02 15:14:00,2026-09-03 12:53:00,low,high,1.15827,1.16412,UP,1296,58.50000000000133,366860,2026-09-03 02:05:00,2026-09-03 02:05:00,1.15981,1.159642941558442,1.1590739399424101,UP,True
731,367508,368681,2026-09-03 12:53:00,2026-09-04 08:31:00,high,low,1.16412,1.15847,DOWN,1173,56.49999999999933,368094,2026-09-03 22:44:00,2026-09-03 22:40:00,1.16279,1.1627993506493508,1.1626544273961334,UP,False
